backend,profile,dataset,model,encoding,architecture,layers,v_th,alpha,run,seed,config_hash,split,cv_fold,mse,mae,r2,precision,recall,f1,spike_rate,energy,train_ms,infer_ms,param_count,macs
xtensor,meeting01_loso,audiomnist,lstm-ae,direct,lstm,1,0.000000,0.000000,1,42,3555943625641351436,val,0,0.011317,0.024989,0.988684,0.000000,0.000000,0.000000,0.000000,11842560.000000,438344.406250,2214.077148,122472,1184256
xtensor,meeting01_loso,audiomnist,lstm-ae,direct,lstm,1,0.000000,0.000000,1,42,3555943625641351436,test,0,0.014037,0.028724,0.985955,0.000000,0.000000,0.000000,0.000000,11842560.000000,0.000000,0.000000,122472,1184256
xtensor,meeting01_loso,audiomnist,gru-ae,direct,gru,1,0.000000,0.000000,1,42,3555943625641351436,val,0,0.001162,0.008693,0.998838,0.000000,0.000000,0.000000,0.000000,8893440.000000,470022.781250,3262.815430,93032,889344
xtensor,meeting01_loso,audiomnist,gru-ae,direct,gru,1,0.000000,0.000000,1,42,3555943625641351436,test,0,0.003466,0.012358,0.996530,0.000000,0.000000,0.000000,0.000000,8893440.000000,0.000000,0.000000,93032,889344
xtensor,meeting01_loso,audiomnist,transformer-ae,direct,transformer,1,0.000000,0.000000,1,42,3555943625641351436,val,0,0.001109,0.007741,0.998891,0.000000,0.000000,0.000000,0.000000,47554560.000000,125823.921875,603.899170,139176,4755456
xtensor,meeting01_loso,audiomnist,transformer-ae,direct,transformer,1,0.000000,0.000000,1,42,3555943625641351436,test,0,0.003309,0.010990,0.996688,0.000000,0.000000,0.000000,0.000000,47554560.000000,0.000000,0.000000,139176,4755456
xtensor,meeting01_loso,audiomnist,snn-ae,direct,dense,2,0.500000,0.800000,1,42,3555943625641351436,val,0,0.001180,0.006687,0.998820,0.000000,0.000000,0.000000,0.046875,372240.000000,14113.863281,11.786076,37286,36864
xtensor,meeting01_loso,audiomnist,snn-ae,direct,dense,2,0.500000,0.900000,1,42,3555943625641351436,val,0,0.001201,0.006521,0.998799,0.000000,0.000000,0.000000,0.046875,372240.000000,12883.685547,10.759192,37286,36864
xtensor,meeting01_loso,audiomnist,snn-ae,direct,dense,2,0.500000,0.990000,1,42,3555943625641351436,val,0,0.001228,0.008915,0.998772,0.000000,0.000000,0.000000,0.046875,372240.000000,13435.416992,10.923181,37286,36864
xtensor,meeting01_loso,audiomnist,snn-ae,direct,dense,2,1.000000,0.800000,1,42,3555943625641351436,val,0,0.001206,0.006928,0.998794,0.000000,0.000000,0.000000,0.046875,372240.000000,13457.297852,11.039258,37286,36864
xtensor,meeting01_loso,audiomnist,snn-ae,direct,dense,2,1.000000,0.900000,1,42,3555943625641351436,val,0,0.000887,0.009134,0.999113,0.000000,0.000000,0.000000,0.046875,372240.000000,13342.431641,11.849212,37286,36864
xtensor,meeting01_loso,audiomnist,snn-ae,direct,dense,2,1.000000,0.990000,1,42,3555943625641351436,val,0,0.000564,0.005490,0.999436,0.000000,0.000000,0.000000,0.046875,372240.000000,32467.353516,11.222941,37286,36864
xtensor,meeting01_loso,audiomnist,snn-ae,direct,dense,2,1.500000,0.800000,1,42,3555943625641351436,val,0,0.000743,0.016799,0.999257,0.000000,0.000000,0.000000,0.046875,372240.000000,34569.957031,10.403906,37286,36864
xtensor,meeting01_loso,audiomnist,snn-ae,direct,dense,2,1.500000,0.900000,1,42,3555943625641351436,val,0,0.002330,0.023515,0.997670,0.000000,0.000000,0.000000,0.046875,372240.000000,36057.578125,11.127117,37286,36864
xtensor,meeting01_loso,audiomnist,snn-ae,direct,dense,2,1.500000,0.990000,1,42,3555943625641351436,val,0,0.001200,0.006516,0.998800,0.000000,0.000000,0.000000,0.046875,372240.000000,12984.610352,12.344320,37286,36864
xtensor,meeting01_loso,audiomnist,snn-ae,direct,conv1d,2,0.500000,0.800000,1,42,3555943625641351436,val,0,0.000337,0.005723,0.999554,0.000000,0.000000,0.000000,0.074219,374340.000000,14213.265625,158.654892,37286,36864
xtensor,meeting01_loso,audiomnist,snn-ae,direct,conv1d,2,0.500000,0.900000,1,42,3555943625641351436,val,0,0.000409,0.007383,0.999458,0.000000,0.000000,0.000000,0.074219,374340.000000,14702.993164,51.540417,37286,36864
xtensor,meeting01_loso,audiomnist,snn-ae,direct,conv1d,2,0.500000,0.990000,1,42,3555943625641351436,val,0,0.000389,0.006126,0.999484,0.000000,0.000000,0.000000,0.074219,374340.000000,14696.048828,12.067397,37286,36864
xtensor,meeting01_loso,audiomnist,snn-ae,direct,conv1d,2,1.000000,0.800000,1,42,3555943625641351436,val,0,0.000333,0.005720,0.999559,0.000000,0.000000,0.000000,0.074219,374340.000000,13592.322266,12.320503,37286,36864
xtensor,meeting01_loso,audiomnist,snn-ae,direct,conv1d,2,1.000000,0.900000,1,42,3555943625641351436,val,0,0.000332,0.006006,0.999560,0.000000,0.000000,0.000000,0.074219,374340.000000,13040.226562,12.159239,37286,36864
xtensor,meeting01_loso,audiomnist,snn-ae,direct,conv1d,2,1.000000,0.990000,1,42,3555943625641351436,val,0,0.000336,0.005656,0.999555,0.000000,0.000000,0.000000,0.074219,374340.000000,13333.758789,13.323850,37286,36864
xtensor,meeting01_loso,audiomnist,snn-ae,direct,conv1d,2,1.500000,0.800000,1,42,3555943625641351436,val,0,0.000392,0.006223,0.999480,0.000000,0.000000,0.000000,0.074219,374340.000000,14712.042969,36.108952,37286,36864
xtensor,meeting01_loso,audiomnist,snn-ae,direct,conv1d,2,1.500000,0.900000,1,42,3555943625641351436,val,0,0.000339,0.006096,0.999550,0.000000,0.000000,0.000000,0.074219,374340.000000,13426.938477,12.054337,37286,36864
xtensor,meeting01_loso,audiomnist,snn-ae,direct,conv1d,2,1.500000,0.990000,1,42,3555943625641351436,val,0,0.000349,0.006298,0.999537,0.000000,0.000000,0.000000,0.074219,374340.000000,12938.712891,12.218884,37286,36864
xtensor,meeting01_loso,audiomnist,snn-ae,direct,recurrent,2,0.500000,0.800000,1,42,3555943625641351436,val,0,0.000000,0.000000,1.000000,0.000000,0.000000,0.000000,0.433594,401940.000000,50071.351562,1003.357544,37286,36864
xtensor,meeting01_loso,audiomnist,snn-ae,direct,recurrent,2,0.500000,0.900000,1,42,3555943625641351436,val,0,0.000000,0.000011,0.999999,0.000000,0.000000,0.000000,0.585925,413639.000000,174339.718750,1028.438599,37286,36864
xtensor,meeting01_loso,audiomnist,snn-ae,direct,recurrent,2,0.500000,0.990000,1,42,3555943625641351436,val,0,0.000125,0.000908,0.999300,0.000000,0.000000,0.000000,0.637578,417606.000000,102283.429688,1006.851013,37286,36864
xtensor,meeting01_loso,audiomnist,snn-ae,direct,recurrent,2,1.000000,0.800000,1,42,3555943625641351436,val,0,0.000000,0.000000,1.000000,0.000000,0.000000,0.000000,0.445312,402840.000000,70286.398438,924.853821,37286,36864
xtensor,meeting01_loso,audiomnist,snn-ae,direct,recurrent,2,1.000000,0.900000,1,42,3555943625641351436,val,0,0.000000,0.000161,0.999997,0.000000,0.000000,0.000000,0.452969,403428.000000,96657.210938,1004.422058,37286,36864
xtensor,meeting01_loso,audiomnist,snn-ae,direct,recurrent,2,1.000000,0.990000,1,42,3555943625641351436,val,0,0.000001,0.000314,0.999988,0.000000,0.000000,0.000000,0.574922,412794.000000,153491.828125,1100.552856,37286,36864
xtensor,meeting01_loso,audiomnist,snn-ae,direct,recurrent,2,1.500000,0.800000,1,42,3555943625641351436,val,0,0.000000,0.000224,0.999995,0.000000,0.000000,0.000000,0.536406,409836.000000,110417.796875,967.792297,37286,36864
xtensor,meeting01_loso,audiomnist,snn-ae,direct,recurrent,2,1.500000,0.900000,1,42,3555943625641351436,val,0,0.000013,0.000242,0.999823,0.000000,0.000000,0.000000,0.523906,408876.000000,90858.296875,995.715088,37286,36864
xtensor,meeting01_loso,audiomnist,snn-ae,direct,recurrent,2,1.500000,0.990000,1,42,3555943625641351436,val,0,0.000162,0.000357,0.998381,0.000000,0.000000,0.000000,0.382812,398040.000000,43958.148438,969.605713,37286,36864
xtensor,meeting01_loso,audiomnist,snn-ae,direct,recurrent,2,0.500000,0.800000,1,42,3555943625641351436,test,0,0.003200,0.045845,0.964903,0.000000,0.000000,0.000000,0.535156,574140.000000,58115.257812,1056.283081,37286,36864
xtensor,meeting01_loso,audiomnist,lstm-ae,direct,lstm,1,0.000000,0.000000,2,43,3555943625641351436,val,0,0.011317,0.024989,0.988684,0.000000,0.000000,0.000000,0.000000,11842560.000000,436784.875000,1957.175049,122472,1184256
xtensor,meeting01_loso,audiomnist,lstm-ae,direct,lstm,1,0.000000,0.000000,2,43,3555943625641351436,test,0,0.014037,0.028724,0.985955,0.000000,0.000000,0.000000,0.000000,11842560.000000,0.000000,0.000000,122472,1184256
xtensor,meeting01_loso,audiomnist,gru-ae,direct,gru,1,0.000000,0.000000,2,43,3555943625641351436,val,0,0.001162,0.008693,0.998838,0.000000,0.000000,0.000000,0.000000,8893440.000000,477480.437500,3660.448730,93032,889344
xtensor,meeting01_loso,audiomnist,gru-ae,direct,gru,1,0.000000,0.000000,2,43,3555943625641351436,test,0,0.003466,0.012358,0.996530,0.000000,0.000000,0.000000,0.000000,8893440.000000,0.000000,0.000000,93032,889344
xtensor,meeting01_loso,audiomnist,transformer-ae,direct,transformer,1,0.000000,0.000000,2,43,3555943625641351436,val,0,0.001109,0.007741,0.998891,0.000000,0.000000,0.000000,0.000000,47554560.000000,120894.390625,521.354065,139176,4755456
xtensor,meeting01_loso,audiomnist,transformer-ae,direct,transformer,1,0.000000,0.000000,2,43,3555943625641351436,test,0,0.003309,0.010990,0.996688,0.000000,0.000000,0.000000,0.000000,47554560.000000,0.000000,0.000000,139176,4755456
xtensor,meeting01_loso,audiomnist,snn-ae,direct,dense,2,0.500000,0.800000,2,43,3555943625641351436,val,0,0.001198,0.006453,0.998802,0.000000,0.000000,0.000000,0.046875,372240.000000,13045.814453,16.030626,37286,36864
xtensor,meeting01_loso,audiomnist,snn-ae,direct,dense,2,0.500000,0.900000,2,43,3555943625641351436,val,0,0.000888,0.006303,0.999112,0.000000,0.000000,0.000000,0.046875,372240.000000,13004.127930,11.470173,37286,36864
xtensor,meeting01_loso,audiomnist,snn-ae,direct,dense,2,0.500000,0.990000,2,43,3555943625641351436,val,0,0.001203,0.006640,0.998797,0.000000,0.000000,0.000000,0.046875,372240.000000,12926.564453,11.183054,37286,36864
xtensor,meeting01_loso,audiomnist,snn-ae,direct,dense,2,1.000000,0.800000,2,43,3555943625641351436,val,0,0.000442,0.006673,0.999558,0.000000,0.000000,0.000000,0.046875,372240.000000,40497.488281,10.967802,37286,36864
xtensor,meeting01_loso,audiomnist,snn-ae,direct,dense,2,1.000000,0.900000,2,43,3555943625641351436,val,0,0.002598,0.024096,0.997402,0.000000,0.000000,0.000000,0.046875,372240.000000,19533.591797,12.212800,37286,36864
xtensor,meeting01_loso,audiomnist,snn-ae,direct,dense,2,1.000000,0.990000,2,43,3555943625641351436,val,0,0.001205,0.008446,0.998795,0.000000,0.000000,0.000000,0.046875,372240.000000,13169.875977,72.739502,37286,36864
xtensor,meeting01_loso,audiomnist,snn-ae,direct,dense,2,1.500000,0.800000,2,43,3555943625641351436,val,0,0.001172,0.022223,0.998828,0.000000,0.000000,0.000000,0.046875,372240.000000,20966.101562,12.817979,37286,36864
xtensor,meeting01_loso,audiomnist,snn-ae,direct,dense,2,1.500000,0.900000,2,43,3555943625641351436,val,0,0.001208,0.007105,0.998792,0.000000,0.000000,0.000000,0.046875,372240.000000,13047.195312,10.934069,37286,36864
xtensor,meeting01_loso,audiomnist,snn-ae,direct,dense,2,1.500000,0.990000,2,43,3555943625641351436,val,0,0.001227,0.008839,0.998773,0.000000,0.000000,0.000000,0.046875,372240.000000,13236.473633,15.187219,37286,36864
xtensor,meeting01_loso,audiomnist,snn-ae,direct,conv1d,2,0.500000,0.800000,2,43,3555943625641351436,val,0,0.000333,0.005801,0.999559,0.000000,0.000000,0.000000,0.074219,374340.000000,13676.626953,11.983090,37286,36864
xtensor,meeting01_loso,audiomnist,snn-ae,direct,conv1d,2,0.500000,0.900000,2,43,3555943625641351436,val,0,0.000328,0.005486,0.999566,0.000000,0.000000,0.000000,0.074219,374340.000000,13254.553711,57.154892,37286,36864
xtensor,meeting01_loso,audiomnist,snn-ae,direct,conv1d,2,0.500000,0.990000,2,43,3555943625641351436,val,0,0.000354,0.005614,0.999531,0.000000,0.000000,0.000000,0.074219,374340.000000,13182.564453,13.134222,37286,36864
xtensor,meeting01_loso,audiomnist,snn-ae,direct,conv1d,2,1.000000,0.800000,2,43,3555943625641351436,val,0,0.000454,0.012145,0.999398,0.000000,0.000000,0.000000,0.074219,374340.000000,13359.078125,12.762804,37286,36864
xtensor,meeting01_loso,audiomnist,snn-ae,direct,conv1d,2,1.000000,0.900000,2,43,3555943625641351436,val,0,0.000407,0.007044,0.999460,0.000000,0.000000,0.000000,0.074219,374340.000000,15686.593750,12.223486,37286,36864
xtensor,meeting01_loso,audiomnist,snn-ae,direct,conv1d,2,1.000000,0.990000,2,43,3555943625641351436,val,0,0.000346,0.005701,0.999542,0.000000,0.000000,0.000000,0.074219,374340.000000,13421.809570,12.163004,37286,36864
xtensor,meeting01_loso,audiomnist,snn-ae,direct,conv1d,2,1.500000,0.800000,2,43,3555943625641351436,val,0,0.000342,0.005876,0.999546,0.000000,0.000000,0.000000,0.074219,374340.000000,13432.160156,12.129689,37286,36864
xtensor,meeting01_loso,audiomnist,snn-ae,direct,conv1d,2,1.500000,0.900000,2,43,3555943625641351436,val,0,0.000340,0.005665,0.999549,0.000000,0.000000,0.000000,0.074219,374340.000000,13251.776367,11.658886,37286,36864
xtensor,meeting01_loso,audiomnist,snn-ae,direct,conv1d,2,1.500000,0.990000,2,43,3555943625641351436,val,0,0.000346,0.006221,0.999542,0.000000,0.000000,0.000000,0.074219,374340.000000,13578.783203,14.617101,37286,36864
xtensor,meeting01_loso,audiomnist,snn-ae,direct,recurrent,2,0.500000,0.800000,2,43,3555943625641351436,val,0,0.000000,0.000000,1.000000,0.000000,0.000000,0.000000,0.371094,397140.000000,50561.246094,954.606079,37286,36864
xtensor,meeting01_loso,audiomnist,snn-ae,direct,recurrent,2,0.500000,0.900000,2,43,3555943625641351436,val,0,0.000016,0.000131,0.999851,0.000000,0.000000,0.000000,0.390625,398640.000000,70129.406250,999.019531,37286,36864
xtensor,meeting01_loso,audiomnist,snn-ae,direct,recurrent,2,0.500000,0.990000,2,43,3555943625641351436,val,0,0.000001,0.000637,0.999995,0.000000,0.000000,0.000000,0.615391,415902.000000,100606.179688,1057.016235,37286,36864
xtensor,meeting01_loso,audiomnist,snn-ae,direct,recurrent,2,1.000000,0.800000,2,43,3555943625641351436,val,0,0.000000,0.000001,1.000000,0.000000,0.000000,0.000000,0.207031,384540.000000,57370.371094,962.121704,37286,36864
xtensor,meeting01_loso,audiomnist,snn-ae,direct,recurrent,2,1.000000,0.900000,2,43,3555943625641351436,val,0,0.000055,0.000107,0.999393,0.000000,0.000000,0.000000,0.232500,386496.000000,127021.906250,1073.267212,37286,36864
xtensor,meeting01_loso,audiomnist,snn-ae,direct,recurrent,2,1.000000,0.990000,2,43,3555943625641351436,val,0,0.000354,0.000363,0.997257,0.000000,0.000000,0.000000,0.527344,409140.000000,69635.109375,1172.659302,37286,36864
xtensor,meeting01_loso,audiomnist,snn-ae,direct,recurrent,2,1.500000,0.800000,2,43,3555943625641351436,val,0,0.000479,0.017337,0.992506,0.000000,0.000000,0.000000,0.574219,412740.000000,124927.296875,956.305603,37286,36864
xtensor,meeting01_loso,audiomnist,snn-ae,direct,recurrent,2,1.500000,0.900000,2,43,3555943625641351436,val,0,0.000001,0.000297,0.999990,0.000000,0.000000,0.000000,0.539180,410049.000000,124330.914062,1026.345703,37286,36864
xtensor,meeting01_loso,audiomnist,snn-ae,direct,recurrent,2,1.500000,0.990000,2,43,3555943625641351436,val,0,0.000169,0.000170,0.998313,0.000000,0.000000,0.000000,0.316406,392940.000000,75728.906250,1005.604736,37286,36864
xtensor,meeting01_loso,audiomnist,snn-ae,direct,recurrent,2,0.500000,0.800000,2,43,3555943625641351436,test,0,0.000000,0.000000,1.000000,0.000000,0.000000,0.000000,0.414062,527640.000000,44762.136719,981.494324,37286,36864
xtensor,meeting01_loso,audiomnist,lstm-ae,direct,lstm,1,0.000000,0.000000,3,44,3555943625641351436,val,0,0.011317,0.024989,0.988684,0.000000,0.000000,0.000000,0.000000,11842560.000000,435845.000000,2018.218994,122472,1184256
xtensor,meeting01_loso,audiomnist,lstm-ae,direct,lstm,1,0.000000,0.000000,3,44,3555943625641351436,test,0,0.014037,0.028724,0.985955,0.000000,0.000000,0.000000,0.000000,11842560.000000,0.000000,0.000000,122472,1184256
xtensor,meeting01_loso,audiomnist,gru-ae,direct,gru,1,0.000000,0.000000,3,44,3555943625641351436,val,0,0.001162,0.008693,0.998838,0.000000,0.000000,0.000000,0.000000,8893440.000000,469136.187500,3568.126465,93032,889344
xtensor,meeting01_loso,audiomnist,gru-ae,direct,gru,1,0.000000,0.000000,3,44,3555943625641351436,test,0,0.003466,0.012358,0.996530,0.000000,0.000000,0.000000,0.000000,8893440.000000,0.000000,0.000000,93032,889344
xtensor,meeting01_loso,audiomnist,transformer-ae,direct,transformer,1,0.000000,0.000000,3,44,3555943625641351436,val,0,0.001109,0.007741,0.998891,0.000000,0.000000,0.000000,0.000000,47554560.000000,123474.320312,562.796570,139176,4755456
xtensor,meeting01_loso,audiomnist,transformer-ae,direct,transformer,1,0.000000,0.000000,3,44,3555943625641351436,test,0,0.003309,0.010990,0.996688,0.000000,0.000000,0.000000,0.000000,47554560.000000,0.000000,0.000000,139176,4755456
xtensor,meeting01_loso,audiomnist,snn-ae,direct,dense,2,0.500000,0.800000,3,44,3555943625641351436,val,0,0.001202,0.006517,0.998798,0.000000,0.000000,0.000000,0.046875,372240.000000,12848.401367,11.014313,37286,36864
xtensor,meeting01_loso,audiomnist,snn-ae,direct,dense,2,0.500000,0.900000,3,44,3555943625641351436,val,0,0.001230,0.009101,0.998770,0.000000,0.000000,0.000000,0.046875,372240.000000,12887.555664,11.319871,37286,36864
xtensor,meeting01_loso,audiomnist,snn-ae,direct,dense,2,0.500000,0.990000,3,44,3555943625641351436,val,0,0.001652,0.007437,0.998348,0.000000,0.000000,0.000000,0.046875,372240.000000,21256.869141,10.787398,37286,36864
xtensor,meeting01_loso,audiomnist,snn-ae,direct,dense,2,1.000000,0.800000,3,44,3555943625641351436,val,0,0.001183,0.007337,0.998817,0.000000,0.000000,0.000000,0.046875,372240.000000,13181.873047,12.115298,37286,36864
xtensor,meeting01_loso,audiomnist,snn-ae,direct,dense,2,1.000000,0.900000,3,44,3555943625641351436,val,0,0.001212,0.007928,0.998788,0.000000,0.000000,0.000000,0.046875,372240.000000,12852.027344,10.739277,37286,36864
xtensor,meeting01_loso,audiomnist,snn-ae,direct,dense,2,1.000000,0.990000,3,44,3555943625641351436,val,0,0.001181,0.006579,0.998819,0.000000,0.000000,0.000000,0.046875,372240.000000,12546.453125,10.967030,37286,36864
xtensor,meeting01_loso,audiomnist,snn-ae,direct,dense,2,1.500000,0.800000,3,44,3555943625641351436,val,0,0.001194,0.006421,0.998806,0.000000,0.000000,0.000000,0.046875,372240.000000,12921.579102,11.398443,37286,36864
xtensor,meeting01_loso,audiomnist,snn-ae,direct,dense,2,1.500000,0.900000,3,44,3555943625641351436,val,0,0.001678,0.008085,0.998322,0.000000,0.000000,0.000000,0.046875,372240.000000,15666.688477,12.160905,37286,36864
xtensor,meeting01_loso,audiomnist,snn-ae,direct,dense,2,1.500000,0.990000,3,44,3555943625641351436,val,0,0.001205,0.007529,0.998795,0.000000,0.000000,0.000000,0.046875,372240.000000,13332.496094,10.764072,37286,36864
xtensor,meeting01_loso,audiomnist,snn-ae,direct,conv1d,2,0.500000,0.800000,3,44,3555943625641351436,val,0,0.000397,0.006687,0.999473,0.000000,0.000000,0.000000,0.074219,374340.000000,14211.200195,11.292144,37286,36864
xtensor,meeting01_loso,audiomnist,snn-ae,direct,conv1d,2,0.500000,0.900000,3,44,3555943625641351436,val,0,0.000396,0.006394,0.999476,0.000000,0.000000,0.000000,0.074219,374340.000000,14490.579102,11.373230,37286,36864
xtensor,meeting01_loso,audiomnist,snn-ae,direct,conv1d,2,0.500000,0.990000,3,44,3555943625641351436,val,0,0.000357,0.005602,0.999527,0.000000,0.000000,0.000000,0.074219,374340.000000,14170.680664,12.881741,37286,36864
xtensor,meeting01_loso,audiomnist,snn-ae,direct,conv1d,2,1.000000,0.800000,3,44,3555943625641351436,val,0,0.000336,0.005797,0.999555,0.000000,0.000000,0.000000,0.074219,374340.000000,13106.168945,12.545663,37286,36864
xtensor,meeting01_loso,audiomnist,snn-ae,direct,conv1d,2,1.000000,0.900000,3,44,3555943625641351436,val,0,0.000412,0.007057,0.999453,0.000000,0.000000,0.000000,0.074219,374340.000000,14937.779297,13.458424,37286,36864
xtensor,meeting01_loso,audiomnist,snn-ae,direct,conv1d,2,1.000000,0.990000,3,44,3555943625641351436,val,0,0.000411,0.007334,0.999455,0.000000,0.000000,0.000000,0.074219,374340.000000,14129.503906,11.379866,37286,36864
xtensor,meeting01_loso,audiomnist,snn-ae,direct,conv1d,2,1.500000,0.800000,3,44,3555943625641351436,val,0,0.000332,0.005956,0.999560,0.000000,0.000000,0.000000,0.074219,374340.000000,13741.086914,14.137355,37286,36864
xtensor,meeting01_loso,audiomnist,snn-ae,direct,conv1d,2,1.500000,0.900000,3,44,3555943625641351436,val,0,0.000330,0.005651,0.999562,0.000000,0.000000,0.000000,0.074219,374340.000000,13765.960938,12.216709,37286,36864
xtensor,meeting01_loso,audiomnist,snn-ae,direct,conv1d,2,1.500000,0.990000,3,44,3555943625641351436,val,0,0.000336,0.005670,0.999555,0.000000,0.000000,0.000000,0.074219,374340.000000,13083.136719,59.202217,37286,36864
xtensor,meeting01_loso,audiomnist,snn-ae,direct,recurrent,2,0.500000,0.800000,3,44,3555943625641351436,val,0,0.040415,0.140168,0.556816,0.000000,0.000000,0.000000,0.535156,409740.000000,64424.332031,1064.101196,37286,36864
xtensor,meeting01_loso,audiomnist,snn-ae,direct,recurrent,2,0.500000,0.900000,3,44,3555943625641351436,val,0,0.000013,0.000020,0.999878,0.000000,0.000000,0.000000,0.359375,396240.000000,57934.960938,1009.052917,37286,36864
xtensor,meeting01_loso,audiomnist,snn-ae,direct,recurrent,2,0.500000,0.990000,3,44,3555943625641351436,val,0,0.000023,0.001212,0.999872,0.000000,0.000000,0.000000,0.596992,414489.000000,90393.039062,1019.266174,37286,36864
xtensor,meeting01_loso,audiomnist,snn-ae,direct,recurrent,2,1.000000,0.800000,3,44,3555943625641351436,val,0,0.012743,0.086483,0.830923,0.000000,0.000000,0.000000,0.558594,411540.000000,49901.769531,932.058899,37286,36864
xtensor,meeting01_loso,audiomnist,snn-ae,direct,recurrent,2,1.000000,0.900000,3,44,3555943625641351436,val,0,0.000002,0.000307,0.999980,0.000000,0.000000,0.000000,0.562240,411820.000000,121118.757812,926.042786,37286,36864
xtensor,meeting01_loso,audiomnist,snn-ae,direct,recurrent,2,1.000000,0.990000,3,44,3555943625641351436,val,0,0.000353,0.000361,0.997259,0.000000,0.000000,0.000000,0.308594,392340.000000,83394.562500,1013.650757,37286,36864
xtensor,meeting01_loso,audiomnist,snn-ae,direct,recurrent,2,1.500000,0.800000,3,44,3555943625641351436,val,0,0.000000,0.000000,1.000000,0.000000,0.000000,0.000000,0.333776,394274.000000,83571.031250,951.195007,37286,36864
xtensor,meeting01_loso,audiomnist,snn-ae,direct,recurrent,2,1.500000,0.900000,3,44,3555943625641351436,val,0,0.000009,0.000226,0.999886,0.000000,0.000000,0.000000,0.291641,391038.000000,101379.109375,1047.899658,37286,36864
xtensor,meeting01_loso,audiomnist,snn-ae,direct,recurrent,2,1.500000,0.990000,3,44,3555943625641351436,val,0,0.000168,0.000314,0.998323,0.000000,0.000000,0.000000,0.539062,410040.000000,76429.867188,1038.499023,37286,36864
xtensor,meeting01_loso,audiomnist,snn-ae,direct,recurrent,2,1.500000,0.800000,3,44,3555943625641351436,test,0,0.000000,0.000070,0.999995,0.000000,0.000000,0.000000,0.210370,449422.000000,108133.757812,973.807312,37286,36864
xtensor,meeting01_loso,audiomnist,lstm-ae,direct,lstm,1,0.000000,0.000000,4,45,3555943625641351436,val,0,0.011317,0.024989,0.988684,0.000000,0.000000,0.000000,0.000000,11842560.000000,436928.625000,2100.676025,122472,1184256
xtensor,meeting01_loso,audiomnist,lstm-ae,direct,lstm,1,0.000000,0.000000,4,45,3555943625641351436,test,0,0.014037,0.028724,0.985955,0.000000,0.000000,0.000000,0.000000,11842560.000000,0.000000,0.000000,122472,1184256
xtensor,meeting01_loso,audiomnist,gru-ae,direct,gru,1,0.000000,0.000000,4,45,3555943625641351436,val,0,0.001162,0.008693,0.998838,0.000000,0.000000,0.000000,0.000000,8893440.000000,468061.156250,3147.304199,93032,889344
xtensor,meeting01_loso,audiomnist,gru-ae,direct,gru,1,0.000000,0.000000,4,45,3555943625641351436,test,0,0.003466,0.012358,0.996530,0.000000,0.000000,0.000000,0.000000,8893440.000000,0.000000,0.000000,93032,889344
xtensor,meeting01_loso,audiomnist,transformer-ae,direct,transformer,1,0.000000,0.000000,4,45,3555943625641351436,val,0,0.001109,0.007741,0.998891,0.000000,0.000000,0.000000,0.000000,47554560.000000,125227.578125,838.770691,139176,4755456
xtensor,meeting01_loso,audiomnist,transformer-ae,direct,transformer,1,0.000000,0.000000,4,45,3555943625641351436,test,0,0.003309,0.010990,0.996688,0.000000,0.000000,0.000000,0.000000,47554560.000000,0.000000,0.000000,139176,4755456
xtensor,meeting01_loso,audiomnist,snn-ae,direct,dense,2,0.500000,0.800000,4,45,3555943625641351436,val,0,0.001202,0.006527,0.998798,0.000000,0.000000,0.000000,0.046875,372240.000000,12879.322266,64.530693,37286,36864
xtensor,meeting01_loso,audiomnist,snn-ae,direct,dense,2,0.500000,0.900000,4,45,3555943625641351436,val,0,0.001253,0.010001,0.998747,0.000000,0.000000,0.000000,0.046875,372240.000000,13336.039062,10.640644,37286,36864
xtensor,meeting01_loso,audiomnist,snn-ae,direct,dense,2,0.500000,0.990000,4,45,3555943625641351436,val,0,0.001566,0.019273,0.998434,0.000000,0.000000,0.000000,0.046875,372240.000000,12930.866211,14.732897,37286,36864
xtensor,meeting01_loso,audiomnist,snn-ae,direct,dense,2,1.000000,0.800000,4,45,3555943625641351436,val,0,0.000764,0.014827,0.999236,0.000000,0.000000,0.000000,0.046875,372240.000000,13423.782227,11.739326,37286,36864
xtensor,meeting01_loso,audiomnist,snn-ae,direct,dense,2,1.000000,0.900000,4,45,3555943625641351436,val,0,0.000467,0.004932,0.999533,0.000000,0.000000,0.000000,0.046875,372240.000000,37849.941406,11.649715,37286,36864
xtensor,meeting01_loso,audiomnist,snn-ae,direct,dense,2,1.000000,0.990000,4,45,3555943625641351436,val,0,0.001235,0.011733,0.998765,0.000000,0.000000,0.000000,0.046875,372240.000000,13065.074219,11.610463,37286,36864
xtensor,meeting01_loso,audiomnist,snn-ae,direct,dense,2,1.500000,0.800000,4,45,3555943625641351436,val,0,0.000671,0.015011,0.999329,0.000000,0.000000,0.000000,0.046875,372240.000000,13948.979492,11.209290,37286,36864
xtensor,meeting01_loso,audiomnist,snn-ae,direct,dense,2,1.500000,0.900000,4,45,3555943625641351436,val,0,0.000939,0.012674,0.999061,0.000000,0.000000,0.000000,0.046875,372240.000000,12750.054688,73.417267,37286,36864
xtensor,meeting01_loso,audiomnist,snn-ae,direct,dense,2,1.500000,0.990000,4,45,3555943625641351436,val,0,0.001195,0.006514,0.998805,0.000000,0.000000,0.000000,0.046875,372240.000000,13250.931641,11.302806,37286,36864
xtensor,meeting01_loso,audiomnist,snn-ae,direct,conv1d,2,0.500000,0.800000,4,45,3555943625641351436,val,0,0.000339,0.005276,0.999551,0.000000,0.000000,0.000000,0.074219,374340.000000,13156.739258,13.861326,37286,36864
xtensor,meeting01_loso,audiomnist,snn-ae,direct,conv1d,2,0.500000,0.900000,4,45,3555943625641351436,val,0,0.000343,0.005758,0.999545,0.000000,0.000000,0.000000,0.074219,374340.000000,13713.300781,13.586986,37286,36864
xtensor,meeting01_loso,audiomnist,snn-ae,direct,conv1d,2,0.500000,0.990000,4,45,3555943625641351436,val,0,0.000355,0.005702,0.999530,0.000000,0.000000,0.000000,0.074219,374340.000000,13286.417969,21.274208,37286,36864
xtensor,meeting01_loso,audiomnist,snn-ae,direct,conv1d,2,1.000000,0.800000,4,45,3555943625641351436,val,0,0.000342,0.005915,0.999546,0.000000,0.000000,0.000000,0.074219,374340.000000,12995.072266,12.700200,37286,36864
xtensor,meeting01_loso,audiomnist,snn-ae,direct,conv1d,2,1.000000,0.900000,4,45,3555943625641351436,val,0,0.000343,0.005711,0.999546,0.000000,0.000000,0.000000,0.074219,374340.000000,12686.095703,11.930052,37286,36864
xtensor,meeting01_loso,audiomnist,snn-ae,direct,conv1d,2,1.000000,0.990000,4,45,3555943625641351436,val,0,0.000403,0.007274,0.999465,0.000000,0.000000,0.000000,0.074219,374340.000000,14429.730469,11.988718,37286,36864
xtensor,meeting01_loso,audiomnist,snn-ae,direct,conv1d,2,1.500000,0.800000,4,45,3555943625641351436,val,0,0.000413,0.007084,0.999453,0.000000,0.000000,0.000000,0.074219,374340.000000,14921.569336,12.382347,37286,36864
xtensor,meeting01_loso,audiomnist,snn-ae,direct,conv1d,2,1.500000,0.900000,4,45,3555943625641351436,val,0,0.000328,0.005718,0.999565,0.000000,0.000000,0.000000,0.074219,374340.000000,13383.223633,12.939405,37286,36864
xtensor,meeting01_loso,audiomnist,snn-ae,direct,conv1d,2,1.500000,0.990000,4,45,3555943625641351436,val,0,0.000343,0.005735,0.999545,0.000000,0.000000,0.000000,0.074219,374340.000000,13227.432617,12.354618,37286,36864
xtensor,meeting01_loso,audiomnist,snn-ae,direct,recurrent,2,0.500000,0.800000,4,45,3555943625641351436,val,0,0.000000,0.000000,1.000000,0.000000,0.000000,0.000000,0.343750,395040.000000,52444.183594,1135.149170,37286,36864
xtensor,meeting01_loso,audiomnist,snn-ae,direct,recurrent,2,0.500000,0.900000,4,45,3555943625641351436,val,0,0.000362,0.015613,0.996599,0.000000,0.000000,0.000000,0.601562,414840.000000,57332.707031,971.089783,37286,36864
xtensor,meeting01_loso,audiomnist,snn-ae,direct,recurrent,2,0.500000,0.990000,4,45,3555943625641351436,val,0,0.000135,0.002405,0.999241,0.000000,0.000000,0.000000,0.635859,417474.000000,75929.851562,1050.457520,37286,36864
xtensor,meeting01_loso,audiomnist,snn-ae,direct,recurrent,2,1.000000,0.800000,4,45,3555943625641351436,val,0,0.002929,0.042082,0.961145,0.000000,0.000000,0.000000,0.582031,413340.000000,57285.753906,1065.988770,37286,36864
xtensor,meeting01_loso,audiomnist,snn-ae,direct,recurrent,2,1.000000,0.900000,4,45,3555943625641351436,val,0,0.000000,0.000029,0.999996,0.000000,0.000000,0.000000,0.259844,388596.000000,116315.617188,1106.835205,37286,36864
xtensor,meeting01_loso,audiomnist,snn-ae,direct,recurrent,2,1.000000,0.990000,4,45,3555943625641351436,val,0,0.000436,0.007422,0.996620,0.000000,0.000000,0.000000,0.566406,412140.000000,69728.343750,1111.191284,37286,36864
xtensor,meeting01_loso,audiomnist,snn-ae,direct,recurrent,2,1.500000,0.800000,4,45,3555943625641351436,val,0,0.000000,0.000000,1.000000,0.000000,0.000000,0.000000,0.200469,384036.000000,176638.703125,919.974487,37286,36864
xtensor,meeting01_loso,audiomnist,snn-ae,direct,recurrent,2,1.500000,0.900000,4,45,3555943625641351436,val,0,0.000000,0.000003,1.000000,0.000000,0.000000,0.000000,0.472930,404961.000000,95445.570312,1003.633667,37286,36864
xtensor,meeting01_loso,audiomnist,snn-ae,direct,recurrent,2,1.500000,0.990000,4,45,3555943625641351436,val,0,0.000169,0.000174,0.998312,0.000000,0.000000,0.000000,0.480469,405540.000000,63527.355469,954.270996,37286,36864
xtensor,meeting01_loso,audiomnist,snn-ae,direct,recurrent,2,0.500000,0.800000,4,45,3555943625641351436,test,0,0.000000,0.000000,1.000000,0.000000,0.000000,0.000000,0.355469,505140.000000,50957.378906,912.939697,37286,36864
xtensor,meeting01_loso,audiomnist,lstm-ae,direct,lstm,1,0.000000,0.000000,5,46,3555943625641351436,val,0,0.011317,0.024989,0.988684,0.000000,0.000000,0.000000,0.000000,11842560.000000,442105.000000,1971.170410,122472,1184256
xtensor,meeting01_loso,audiomnist,lstm-ae,direct,lstm,1,0.000000,0.000000,5,46,3555943625641351436,test,0,0.014037,0.028724,0.985955,0.000000,0.000000,0.000000,0.000000,11842560.000000,0.000000,0.000000,122472,1184256
xtensor,meeting01_loso,audiomnist,gru-ae,direct,gru,1,0.000000,0.000000,5,46,3555943625641351436,val,0,0.001162,0.008693,0.998838,0.000000,0.000000,0.000000,0.000000,8893440.000000,481193.625000,3372.350830,93032,889344
xtensor,meeting01_loso,audiomnist,gru-ae,direct,gru,1,0.000000,0.000000,5,46,3555943625641351436,test,0,0.003466,0.012358,0.996530,0.000000,0.000000,0.000000,0.000000,8893440.000000,0.000000,0.000000,93032,889344
xtensor,meeting01_loso,audiomnist,transformer-ae,direct,transformer,1,0.000000,0.000000,5,46,3555943625641351436,val,0,0.001109,0.007741,0.998891,0.000000,0.000000,0.000000,0.000000,47554560.000000,121356.781250,569.621033,139176,4755456
xtensor,meeting01_loso,audiomnist,transformer-ae,direct,transformer,1,0.000000,0.000000,5,46,3555943625641351436,test,0,0.003309,0.010990,0.996688,0.000000,0.000000,0.000000,0.000000,47554560.000000,0.000000,0.000000,139176,4755456
xtensor,meeting01_loso,audiomnist,snn-ae,direct,dense,2,0.500000,0.800000,5,46,3555943625641351436,val,0,0.001191,0.006447,0.998809,0.000000,0.000000,0.000000,0.046875,372240.000000,13821.595703,10.811571,37286,36864
xtensor,meeting01_loso,audiomnist,snn-ae,direct,dense,2,0.500000,0.900000,5,46,3555943625641351436,val,0,0.001195,0.006505,0.998805,0.000000,0.000000,0.000000,0.046875,372240.000000,13329.951172,11.998462,37286,36864
xtensor,meeting01_loso,audiomnist,snn-ae,direct,dense,2,0.500000,0.990000,5,46,3555943625641351436,val,0,0.001228,0.008915,0.998772,0.000000,0.000000,0.000000,0.046875,372240.000000,13627.237305,10.493303,37286,36864
xtensor,meeting01_loso,audiomnist,snn-ae,direct,dense,2,1.000000,0.800000,5,46,3555943625641351436,val,0,0.001196,0.007473,0.998804,0.000000,0.000000,0.000000,0.046875,372240.000000,13421.916016,70.391464,37286,36864
xtensor,meeting01_loso,audiomnist,snn-ae,direct,dense,2,1.000000,0.900000,5,46,3555943625641351436,val,0,0.001206,0.007550,0.998793,0.000000,0.000000,0.000000,0.046875,372240.000000,13267.482422,11.326934,37286,36864
xtensor,meeting01_loso,audiomnist,snn-ae,direct,dense,2,1.000000,0.990000,5,46,3555943625641351436,val,0,0.001209,0.007875,0.998791,0.000000,0.000000,0.000000,0.046875,372240.000000,13084.228516,10.979471,37286,36864
xtensor,meeting01_loso,audiomnist,snn-ae,direct,dense,2,1.500000,0.800000,5,46,3555943625641351436,val,0,0.000518,0.006881,0.999482,0.000000,0.000000,0.000000,0.046875,372240.000000,28328.982422,12.597285,37286,36864
xtensor,meeting01_loso,audiomnist,snn-ae,direct,dense,2,1.500000,0.900000,5,46,3555943625641351436,val,0,0.000538,0.012197,0.999462,0.000000,0.000000,0.000000,0.046875,372240.000000,21188.541016,12.612860,37286,36864
xtensor,meeting01_loso,audiomnist,snn-ae,direct,dense,2,1.500000,0.990000,5,46,3555943625641351436,val,0,0.001199,0.006275,0.998801,0.000000,0.000000,0.000000,0.046875,372240.000000,13240.669922,10.481989,37286,36864
xtensor,meeting01_loso,audiomnist,snn-ae,direct,conv1d,2,0.500000,0.800000,5,46,3555943625641351436,val,0,0.000363,0.008298,0.999519,0.000000,0.000000,0.000000,0.074219,374340.000000,13211.412109,12.407805,37286,36864
xtensor,meeting01_loso,audiomnist,snn-ae,direct,conv1d,2,0.500000,0.900000,5,46,3555943625641351436,val,0,0.000352,0.005932,0.999534,0.000000,0.000000,0.000000,0.074219,374340.000000,13079.748047,12.822804,37286,36864
xtensor,meeting01_loso,audiomnist,snn-ae,direct,conv1d,2,0.500000,0.990000,5,46,3555943625641351436,val,0,0.000340,0.005637,0.999549,0.000000,0.000000,0.000000,0.074219,374340.000000,13161.671875,12.618308,37286,36864
xtensor,meeting01_loso,audiomnist,snn-ae,direct,conv1d,2,1.000000,0.800000,5,46,3555943625641351436,val,0,0.000405,0.006518,0.999463,0.000000,0.000000,0.000000,0.074219,374340.000000,14023.888672,13.150362,37286,36864
xtensor,meeting01_loso,audiomnist,snn-ae,direct,conv1d,2,1.000000,0.900000,5,46,3555943625641351436,val,0,0.007834,0.044131,0.989617,0.000000,0.000000,0.000000,0.110469,377124.000000,14498.484375,11.443988,37286,36864
xtensor,meeting01_loso,audiomnist,snn-ae,direct,conv1d,2,1.000000,0.990000,5,46,3555943625641351436,val,0,0.000396,0.006300,0.999474,0.000000,0.000000,0.000000,0.074219,374340.000000,14909.652344,11.635215,37286,36864
xtensor,meeting01_loso,audiomnist,snn-ae,direct,conv1d,2,1.500000,0.800000,5,46,3555943625641351436,val,0,0.000336,0.005649,0.999555,0.000000,0.000000,0.000000,0.074219,374340.000000,13318.356445,13.190451,37286,36864
xtensor,meeting01_loso,audiomnist,snn-ae,direct,conv1d,2,1.500000,0.900000,5,46,3555943625641351436,val,0,0.000338,0.005875,0.999552,0.000000,0.000000,0.000000,0.074219,374340.000000,13165.753906,13.527228,37286,36864
xtensor,meeting01_loso,audiomnist,snn-ae,direct,conv1d,2,1.500000,0.990000,5,46,3555943625641351436,val,0,0.000393,0.006228,0.999480,0.000000,0.000000,0.000000,0.074219,374340.000000,14387.878906,12.144850,37286,36864
xtensor,meeting01_loso,audiomnist,snn-ae,direct,recurrent,2,0.500000,0.800000,5,46,3555943625641351436,val,0,0.000000,0.000000,1.000000,0.000000,0.000000,0.000000,0.152344,380340.000000,50410.347656,1112.885498,37286,36864
xtensor,meeting01_loso,audiomnist,snn-ae,direct,recurrent,2,0.500000,0.900000,5,46,3555943625641351436,val,0,0.000015,0.000128,0.999855,0.000000,0.000000,0.000000,0.593750,414240.000000,96351.757812,904.032898,37286,36864
xtensor,meeting01_loso,audiomnist,snn-ae,direct,recurrent,2,0.500000,0.990000,5,46,3555943625641351436,val,0,0.000002,0.000216,0.999988,0.000000,0.000000,0.000000,0.616523,415989.000000,80448.070312,917.192383,37286,36864
xtensor,meeting01_loso,audiomnist,snn-ae,direct,recurrent,2,1.000000,0.800000,5,46,3555943625641351436,val,0,0.001655,0.031541,0.978044,0.000000,0.000000,0.000000,0.539062,410040.000000,57427.464844,1137.628906,37286,36864
xtensor,meeting01_loso,audiomnist,snn-ae,direct,recurrent,2,1.000000,0.900000,5,46,3555943625641351436,val,0,0.000037,0.003199,0.999598,0.000000,0.000000,0.000000,0.488307,406142.000000,44398.621094,1130.188965,37286,36864
xtensor,meeting01_loso,audiomnist,snn-ae,direct,recurrent,2,1.000000,0.990000,5,46,3555943625641351436,val,0,0.000001,0.000072,0.999991,0.000000,0.000000,0.000000,0.575938,412872.000000,192955.250000,943.959473,37286,36864
xtensor,meeting01_loso,audiomnist,snn-ae,direct,recurrent,2,1.500000,0.800000,5,46,3555943625641351436,val,0,0.000000,0.000003,1.000000,0.000000,0.000000,0.000000,0.267031,389148.000000,107981.031250,1038.123657,37286,36864
xtensor,meeting01_loso,audiomnist,snn-ae,direct,recurrent,2,1.500000,0.900000,5,46,3555943625641351436,val,0,0.000000,0.000000,1.000000,0.000000,0.000000,0.000000,0.372070,397215.000000,96823.515625,958.633789,37286,36864
xtensor,meeting01_loso,audiomnist,snn-ae,direct,recurrent,2,1.500000,0.990000,5,46,3555943625641351436,val,0,0.000169,0.000173,0.998313,0.000000,0.000000,0.000000,0.550781,410940.000000,77054.171875,910.118835,37286,36864
xtensor,meeting01_loso,audiomnist,snn-ae,direct,recurrent,2,0.500000,0.800000,5,46,3555943625641351436,test,0,0.000000,0.000000,1.000000,0.000000,0.000000,0.000000,0.445312,539640.000000,65840.492188,978.637146,37286,36864
xtensor,meeting01_loso,audiomnist,lstm-ae,poisson,lstm,1,0.000000,0.000000,1,42,3555943625641351436,val,0,0.009180,0.020928,0.661187,0.000000,0.000000,0.000000,0.000000,11842560.000000,662292.875000,1978.380493,122472,1184256
xtensor,meeting01_loso,audiomnist,lstm-ae,poisson,lstm,1,0.000000,0.000000,1,42,3555943625641351436,test,0,0.009182,0.020930,0.656904,0.000000,0.000000,0.000000,0.000000,11842560.000000,0.000000,0.000000,122472,1184256
xtensor,meeting01_loso,audiomnist,gru-ae,poisson,gru,1,0.000000,0.000000,1,42,3555943625641351436,val,0,0.007816,0.017580,0.711516,0.000000,0.000000,0.000000,0.000000,8893440.000000,990526.312500,3168.426758,93032,889344
xtensor,meeting01_loso,audiomnist,gru-ae,poisson,gru,1,0.000000,0.000000,1,42,3555943625641351436,test,0,0.007818,0.017596,0.707865,0.000000,0.000000,0.000000,0.000000,8893440.000000,0.000000,0.000000,93032,889344
xtensor,meeting01_loso,audiomnist,transformer-ae,poisson,transformer,1,0.000000,0.000000,1,42,3555943625641351436,val,0,0.000522,0.001604,0.980744,0.000000,0.000000,0.000000,0.000000,47554560.000000,372255.875000,541.617676,139176,4755456
xtensor,meeting01_loso,audiomnist,transformer-ae,poisson,transformer,1,0.000000,0.000000,1,42,3555943625641351436,test,0,0.000522,0.001598,0.980496,0.000000,0.000000,0.000000,0.000000,47554560.000000,0.000000,0.000000,139176,4755456
xtensor,meeting01_loso,audiomnist,snn-ae,poisson,dense,2,0.500000,0.800000,1,42,3555943625641351436,val,0,0.043100,0.143868,-0.590882,0.000000,0.000000,0.000000,0.501328,407142.000000,18817.083984,21.937756,37286,36864
xtensor,meeting01_loso,audiomnist,snn-ae,poisson,dense,2,0.500000,0.900000,1,42,3555943625641351436,val,0,0.085779,0.210754,-2.166219,0.000000,0.000000,0.000000,0.508789,407715.000000,17401.109375,14.072747,37286,36864
xtensor,meeting01_loso,audiomnist,snn-ae,poisson,dense,2,0.500000,0.990000,1,42,3555943625641351436,val,0,0.174538,0.323608,-5.442534,0.000000,0.000000,0.000000,0.516641,408318.000000,16045.919922,12.872798,37286,36864
xtensor,meeting01_loso,audiomnist,snn-ae,poisson,dense,2,1.000000,0.800000,1,42,3555943625641351436,val,0,0.016441,0.082642,0.393172,0.000000,0.000000,0.000000,0.508867,407721.000000,18266.724609,12.305195,37286,36864
xtensor,meeting01_loso,audiomnist,snn-ae,poisson,dense,2,1.000000,0.900000,1,42,3555943625641351436,val,0,0.048700,0.153823,-0.797569,0.000000,0.000000,0.000000,0.518268,408443.000000,19663.646484,12.738073,37286,36864
xtensor,meeting01_loso,audiomnist,snn-ae,poisson,dense,2,1.000000,0.990000,1,42,3555943625641351436,val,0,0.110301,0.251155,-3.071395,0.000000,0.000000,0.000000,0.513177,408052.000000,19313.050781,12.288781,37286,36864
xtensor,meeting01_loso,audiomnist,snn-ae,poisson,dense,2,1.500000,0.800000,1,42,3555943625641351436,val,0,0.008026,0.053412,0.703745,0.000000,0.000000,0.000000,0.540182,410126.000000,21070.480469,12.966455,37286,36864
xtensor,meeting01_loso,audiomnist,snn-ae,poisson,dense,2,1.500000,0.900000,1,42,3555943625641351436,val,0,0.034092,0.129715,-0.258374,0.000000,0.000000,0.000000,0.512812,408024.000000,20218.023438,54.893879,37286,36864
xtensor,meeting01_loso,audiomnist,snn-ae,poisson,dense,2,1.500000,0.990000,1,42,3555943625641351436,val,0,0.081076,0.205943,-1.992646,0.000000,0.000000,0.000000,0.517747,408403.000000,16294.136719,12.966386,37286,36864
xtensor,meeting01_loso,audiomnist,snn-ae,poisson,conv1d,2,0.500000,0.800000,1,42,3555943625641351436,val,0,0.071379,0.183414,-3.106668,0.000000,0.000000,0.000000,0.528451,409225.000000,22892.359375,13.123390,37286,36864
xtensor,meeting01_loso,audiomnist,snn-ae,poisson,conv1d,2,0.500000,0.900000,1,42,3555943625641351436,val,0,0.109267,0.242591,-5.286593,0.000000,0.000000,0.000000,0.516146,408280.000000,23063.818359,14.637208,37286,36864
xtensor,meeting01_loso,audiomnist,snn-ae,poisson,conv1d,2,0.500000,0.990000,1,42,3555943625641351436,val,0,0.090897,0.227222,-4.229686,0.000000,0.000000,0.000000,0.511445,407919.000000,17332.369141,15.870123,37286,36864
xtensor,meeting01_loso,audiomnist,snn-ae,poisson,conv1d,2,1.000000,0.800000,1,42,3555943625641351436,val,0,0.018735,0.077475,-0.077856,0.000000,0.000000,0.000000,0.523620,408854.000000,26830.679688,14.188197,37286,36864
xtensor,meeting01_loso,audiomnist,snn-ae,poisson,conv1d,2,1.000000,0.900000,1,42,3555943625641351436,val,0,0.047946,0.147811,-1.758488,0.000000,0.000000,0.000000,0.523503,408845.000000,22528.982422,13.494110,37286,36864
xtensor,meeting01_loso,audiomnist,snn-ae,poisson,conv1d,2,1.000000,0.990000,1,42,3555943625641351436,val,0,0.079271,0.208297,-3.560773,0.000000,0.000000,0.000000,0.521380,408682.000000,19823.765625,14.516173,37286,36864
xtensor,meeting01_loso,audiomnist,snn-ae,poisson,conv1d,2,1.500000,0.800000,1,42,3555943625641351436,val,0,0.009707,0.054280,0.441517,0.000000,0.000000,0.000000,0.530755,409402.000000,32244.109375,13.624714,37286,36864
xtensor,meeting01_loso,audiomnist,snn-ae,poisson,conv1d,2,1.500000,0.900000,1,42,3555943625641351436,val,0,0.039206,0.133184,-1.255613,0.000000,0.000000,0.000000,0.515872,408259.000000,21070.753906,13.520231,37286,36864
xtensor,meeting01_loso,audiomnist,snn-ae,poisson,conv1d,2,1.500000,0.990000,1,42,3555943625641351436,val,0,0.056277,0.175031,-2.237826,0.000000,0.000000,0.000000,0.528359,409218.000000,19705.156250,14.962881,37286,36864
xtensor,meeting01_loso,audiomnist,snn-ae,poisson,recurrent,2,0.500000,0.800000,1,42,3555943625641351436,val,0,0.041895,0.137210,-0.177946,0.000000,0.000000,0.000000,0.495664,406707.000000,78866.554688,978.683044,37286,36864
xtensor,meeting01_loso,audiomnist,snn-ae,poisson,recurrent,2,0.500000,0.900000,1,42,3555943625641351436,val,0,0.057348,0.166335,-0.418333,0.000000,0.000000,0.000000,0.527930,409185.000000,64614.308594,981.020386,37286,36864
xtensor,meeting01_loso,audiomnist,snn-ae,poisson,recurrent,2,0.500000,0.990000,1,42,3555943625641351436,val,0,0.091641,0.221990,-0.863420,0.000000,0.000000,0.000000,0.525117,408969.000000,63175.613281,1046.354736,37286,36864
xtensor,meeting01_loso,audiomnist,snn-ae,poisson,recurrent,2,1.000000,0.800000,1,42,3555943625641351436,val,0,0.022155,0.098055,-0.215688,0.000000,0.000000,0.000000,0.511432,407918.000000,70794.218750,968.847900,37286,36864
xtensor,meeting01_loso,audiomnist,snn-ae,poisson,recurrent,2,1.000000,0.900000,1,42,3555943625641351436,val,0,0.030204,0.103667,-0.466496,0.000000,0.000000,0.000000,0.511393,407915.000000,70849.914062,1019.545959,37286,36864
xtensor,meeting01_loso,audiomnist,snn-ae,poisson,recurrent,2,1.000000,0.990000,1,42,3555943625641351436,val,0,0.151304,0.282350,-5.457554,0.000000,0.000000,0.000000,0.522201,408745.000000,108664.445312,1026.517944,37286,36864
xtensor,meeting01_loso,audiomnist,snn-ae,poisson,recurrent,2,1.500000,0.800000,1,42,3555943625641351436,val,0,0.015245,0.073079,-0.432096,0.000000,0.000000,0.000000,0.492083,406432.000000,100877.000000,943.097778,37286,36864
xtensor,meeting01_loso,audiomnist,snn-ae,poisson,recurrent,2,1.500000,0.900000,1,42,3555943625641351436,val,0,0.014842,0.058011,-0.191575,0.000000,0.000000,0.000000,0.505404,407455.000000,191641.765625,1447.815430,37286,36864
xtensor,meeting01_loso,audiomnist,snn-ae,poisson,recurrent,2,1.500000,0.990000,1,42,3555943625641351436,val,0,0.074230,0.188486,-3.720329,0.000000,0.000000,0.000000,0.502227,407211.000000,62883.398438,1067.677002,37286,36864
xtensor,meeting01_loso,audiomnist,snn-ae,poisson,dense,2,1.500000,0.800000,1,42,3555943625641351436,test,0,0.010534,0.059460,0.606423,0.000000,0.000000,0.000000,0.522818,569402.000000,33732.023438,12.519708,37286,36864
xtensor,meeting01_loso,audiomnist,lstm-ae,poisson,lstm,1,0.000000,0.000000,2,43,3555943625641351436,val,0,0.009190,0.021574,0.660426,0.000000,0.000000,0.000000,0.000000,11842560.000000,444141.906250,2032.914917,122472,1184256
xtensor,meeting01_loso,audiomnist,lstm-ae,poisson,lstm,1,0.000000,0.000000,2,43,3555943625641351436,test,0,0.009240,0.021678,0.654973,0.000000,0.000000,0.000000,0.000000,11842560.000000,0.000000,0.000000,122472,1184256
xtensor,meeting01_loso,audiomnist,gru-ae,poisson,gru,1,0.000000,0.000000,2,43,3555943625641351436,val,0,0.007809,0.017004,0.711409,0.000000,0.000000,0.000000,0.000000,8893440.000000,1033280.500000,3377.596436,93032,889344
xtensor,meeting01_loso,audiomnist,gru-ae,poisson,gru,1,0.000000,0.000000,2,43,3555943625641351436,test,0,0.008021,0.017229,0.700416,0.000000,0.000000,0.000000,0.000000,8893440.000000,0.000000,0.000000,93032,889344
xtensor,meeting01_loso,audiomnist,transformer-ae,poisson,transformer,1,0.000000,0.000000,2,43,3555943625641351436,val,0,0.001772,0.004715,0.934509,0.000000,0.000000,0.000000,0.000000,47554560.000000,217972.781250,579.243225,139176,4755456
xtensor,meeting01_loso,audiomnist,transformer-ae,poisson,transformer,1,0.000000,0.000000,2,43,3555943625641351436,test,0,0.001977,0.004909,0.926180,0.000000,0.000000,0.000000,0.000000,47554560.000000,0.000000,0.000000,139176,4755456
xtensor,meeting01_loso,audiomnist,snn-ae,poisson,dense,2,0.500000,0.800000,2,43,3555943625641351436,val,0,0.035929,0.129798,-0.327875,0.000000,0.000000,0.000000,0.528099,409198.000000,19302.990234,12.527749,37286,36864
xtensor,meeting01_loso,audiomnist,snn-ae,poisson,dense,2,0.500000,0.900000,2,43,3555943625641351436,val,0,0.096331,0.230442,-2.560260,0.000000,0.000000,0.000000,0.510443,407842.000000,20488.740234,14.376175,37286,36864
xtensor,meeting01_loso,audiomnist,snn-ae,poisson,dense,2,0.500000,0.990000,2,43,3555943625641351436,val,0,0.174209,0.327203,-5.438583,0.000000,0.000000,0.000000,0.491341,406375.000000,16185.273438,22.046379,37286,36864
xtensor,meeting01_loso,audiomnist,snn-ae,poisson,dense,2,1.000000,0.800000,2,43,3555943625641351436,val,0,0.019231,0.087516,0.289268,0.000000,0.000000,0.000000,0.519909,408569.000000,17242.404297,15.462283,37286,36864
xtensor,meeting01_loso,audiomnist,snn-ae,poisson,dense,2,1.000000,0.900000,2,43,3555943625641351436,val,0,0.047842,0.155612,-0.768186,0.000000,0.000000,0.000000,0.515013,408193.000000,18084.199219,13.052192,37286,36864
xtensor,meeting01_loso,audiomnist,snn-ae,poisson,dense,2,1.000000,0.990000,2,43,3555943625641351436,val,0,0.069976,0.198228,-1.586233,0.000000,0.000000,0.000000,0.502565,407237.000000,17584.074219,12.591519,37286,36864
xtensor,meeting01_loso,audiomnist,snn-ae,poisson,dense,2,1.500000,0.800000,2,43,3555943625641351436,val,0,0.012788,0.064249,0.527373,0.000000,0.000000,0.000000,0.498047,406890.000000,26058.984375,50.967556,37286,36864
xtensor,meeting01_loso,audiomnist,snn-ae,poisson,dense,2,1.500000,0.900000,2,43,3555943625641351436,val,0,0.036184,0.126462,-0.337276,0.000000,0.000000,0.000000,0.522773,408789.000000,16937.861328,14.474100,37286,36864
xtensor,meeting01_loso,audiomnist,snn-ae,poisson,dense,2,1.500000,0.990000,2,43,3555943625641351436,val,0,0.126818,0.267456,-3.687069,0.000000,0.000000,0.000000,0.518216,408439.000000,17471.218750,13.237207,37286,36864
xtensor,meeting01_loso,audiomnist,snn-ae,poisson,conv1d,2,0.500000,0.800000,2,43,3555943625641351436,val,0,0.049448,0.153471,-1.849618,0.000000,0.000000,0.000000,0.519661,408550.000000,24268.539062,13.640752,37286,36864
xtensor,meeting01_loso,audiomnist,snn-ae,poisson,conv1d,2,0.500000,0.900000,2,43,3555943625641351436,val,0,0.072938,0.197603,-3.203315,0.000000,0.000000,0.000000,0.522448,408764.000000,20776.750000,12.895335,37286,36864
xtensor,meeting01_loso,audiomnist,snn-ae,poisson,conv1d,2,0.500000,0.990000,2,43,3555943625641351436,val,0,0.087078,0.218976,-4.018164,0.000000,0.000000,0.000000,0.540716,410167.000000,21561.294922,14.622377,37286,36864
xtensor,meeting01_loso,audiomnist,snn-ae,poisson,conv1d,2,1.000000,0.800000,2,43,3555943625641351436,val,0,0.027681,0.106749,-0.595201,0.000000,0.000000,0.000000,0.533971,409649.000000,25131.882812,82.533165,37286,36864
xtensor,meeting01_loso,audiomnist,snn-ae,poisson,conv1d,2,1.000000,0.900000,2,43,3555943625641351436,val,0,0.037032,0.128365,-1.134043,0.000000,0.000000,0.000000,0.533281,409596.000000,22434.181641,50.417229,37286,36864
xtensor,meeting01_loso,audiomnist,snn-ae,poisson,conv1d,2,1.000000,0.990000,2,43,3555943625641351436,val,0,0.059544,0.165436,-2.431347,0.000000,0.000000,0.000000,0.525781,409020.000000,18811.097656,13.617010,37286,36864
xtensor,meeting01_loso,audiomnist,snn-ae,poisson,conv1d,2,1.500000,0.800000,2,43,3555943625641351436,val,0,0.025178,0.101833,-0.450893,0.000000,0.000000,0.000000,0.526992,409113.000000,30550.273438,14.170925,37286,36864
xtensor,meeting01_loso,audiomnist,snn-ae,poisson,conv1d,2,1.500000,0.900000,2,43,3555943625641351436,val,0,0.036135,0.133807,-1.082348,0.000000,0.000000,0.000000,0.534271,409672.000000,23922.470703,14.361174,37286,36864
xtensor,meeting01_loso,audiomnist,snn-ae,poisson,conv1d,2,1.500000,0.990000,2,43,3555943625641351436,val,0,0.116995,0.242000,-5.742132,0.000000,0.000000,0.000000,0.514935,408187.000000,21709.341797,15.772953,37286,36864
xtensor,meeting01_loso,audiomnist,snn-ae,poisson,recurrent,2,0.500000,0.800000,2,43,3555943625641351436,val,0,0.048660,0.149768,-0.369015,0.000000,0.000000,0.000000,0.518490,408460.000000,76744.531250,948.429871,37286,36864
xtensor,meeting01_loso,audiomnist,snn-ae,poisson,recurrent,2,0.500000,0.900000,2,43,3555943625641351436,val,0,0.075167,0.197442,-0.859597,0.000000,0.000000,0.000000,0.531081,409427.000000,63299.433594,989.959595,37286,36864
xtensor,meeting01_loso,audiomnist,snn-ae,poisson,recurrent,2,0.500000,0.990000,2,43,3555943625641351436,val,0,0.173183,0.310418,-2.525820,0.000000,0.000000,0.000000,0.529063,409272.000000,71538.835938,1068.336914,37286,36864
xtensor,meeting01_loso,audiomnist,snn-ae,poisson,recurrent,2,1.000000,0.800000,2,43,3555943625641351436,val,0,0.020482,0.094008,-0.125487,0.000000,0.000000,0.000000,0.500378,407069.000000,79559.625000,1069.318848,37286,36864
xtensor,meeting01_loso,audiomnist,snn-ae,poisson,recurrent,2,1.000000,0.900000,2,43,3555943625641351436,val,0,0.034737,0.122792,-0.690529,0.000000,0.000000,0.000000,0.503138,407281.000000,82940.453125,985.107788,37286,36864
xtensor,meeting01_loso,audiomnist,snn-ae,poisson,recurrent,2,1.000000,0.990000,2,43,3555943625641351436,val,0,0.132504,0.255227,-4.664069,0.000000,0.000000,0.000000,0.511380,407914.000000,90430.867188,990.076721,37286,36864
xtensor,meeting01_loso,audiomnist,snn-ae,poisson,recurrent,2,1.500000,0.800000,2,43,3555943625641351436,val,0,0.005851,0.034355,0.448467,0.000000,0.000000,0.000000,0.499076,406969.000000,197060.859375,1116.546143,37286,36864
xtensor,meeting01_loso,audiomnist,snn-ae,poisson,recurrent,2,1.500000,0.900000,2,43,3555943625641351436,val,0,0.010477,0.053036,0.155391,0.000000,0.000000,0.000000,0.484818,405874.000000,186059.265625,1019.684326,37286,36864
xtensor,meeting01_loso,audiomnist,snn-ae,poisson,recurrent,2,1.500000,0.990000,2,43,3555943625641351436,val,0,0.125748,0.278005,-7.015018,0.000000,0.000000,0.000000,0.528125,409200.000000,73240.906250,1089.568481,37286,36864
xtensor,meeting01_loso,audiomnist,snn-ae,poisson,recurrent,2,1.500000,0.800000,2,43,3555943625641351436,test,0,0.004608,0.043053,0.551852,0.000000,0.000000,0.000000,0.513219,565716.000000,139970.718750,961.146851,37286,36864
xtensor,meeting01_loso,audiomnist,lstm-ae,poisson,lstm,1,0.000000,0.000000,3,44,3555943625641351436,val,0,0.008847,0.020214,0.674069,0.000000,0.000000,0.000000,0.000000,11842560.000000,401069.062500,2203.497314,122472,1184256
xtensor,meeting01_loso,audiomnist,lstm-ae,poisson,lstm,1,0.000000,0.000000,3,44,3555943625641351436,test,0,0.008855,0.020223,0.668676,0.000000,0.000000,0.000000,0.000000,11842560.000000,0.000000,0.000000,122472,1184256
xtensor,meeting01_loso,audiomnist,gru-ae,poisson,gru,1,0.000000,0.000000,3,44,3555943625641351436,val,0,0.008899,0.020726,0.672188,0.000000,0.000000,0.000000,0.000000,8893440.000000,439396.218750,3387.821289,93032,889344
xtensor,meeting01_loso,audiomnist,gru-ae,poisson,gru,1,0.000000,0.000000,3,44,3555943625641351436,test,0,0.008886,0.020712,0.667687,0.000000,0.000000,0.000000,0.000000,8893440.000000,0.000000,0.000000,93032,889344
xtensor,meeting01_loso,audiomnist,transformer-ae,poisson,transformer,1,0.000000,0.000000,3,44,3555943625641351436,val,0,0.000524,0.001917,0.980678,0.000000,0.000000,0.000000,0.000000,47554560.000000,299699.156250,541.790466,139176,4755456
xtensor,meeting01_loso,audiomnist,transformer-ae,poisson,transformer,1,0.000000,0.000000,3,44,3555943625641351436,test,0,0.000522,0.001893,0.980477,0.000000,0.000000,0.000000,0.000000,47554560.000000,0.000000,0.000000,139176,4755456
xtensor,meeting01_loso,audiomnist,snn-ae,poisson,dense,2,0.500000,0.800000,3,44,3555943625641351436,val,0,0.048034,0.158849,-0.769641,0.000000,0.000000,0.000000,0.502982,407269.000000,18028.962891,13.112150,37286,36864
xtensor,meeting01_loso,audiomnist,snn-ae,poisson,dense,2,0.500000,0.900000,3,44,3555943625641351436,val,0,0.076587,0.201849,-1.821618,0.000000,0.000000,0.000000,0.519310,408523.000000,23300.937500,12.807082,37286,36864
xtensor,meeting01_loso,audiomnist,snn-ae,poisson,dense,2,0.500000,0.990000,3,44,3555943625641351436,val,0,0.102387,0.240901,-2.772177,0.000000,0.000000,0.000000,0.520208,408592.000000,15853.720703,12.646096,37286,36864
xtensor,meeting01_loso,audiomnist,snn-ae,poisson,dense,2,1.000000,0.800000,3,44,3555943625641351436,val,0,0.022318,0.095297,0.177767,0.000000,0.000000,0.000000,0.527786,409174.000000,18260.250000,11.932104,37286,36864
xtensor,meeting01_loso,audiomnist,snn-ae,poisson,dense,2,1.000000,0.900000,3,44,3555943625641351436,val,0,0.059678,0.174464,-1.198606,0.000000,0.000000,0.000000,0.519010,408500.000000,19395.552734,13.417986,37286,36864
xtensor,meeting01_loso,audiomnist,snn-ae,poisson,dense,2,1.000000,0.990000,3,44,3555943625641351436,val,0,0.150308,0.292851,-4.537570,0.000000,0.000000,0.000000,0.503255,407290.000000,17234.560547,12.473098,37286,36864
xtensor,meeting01_loso,audiomnist,snn-ae,poisson,dense,2,1.500000,0.800000,3,44,3555943625641351436,val,0,0.005590,0.035992,0.794053,0.000000,0.000000,0.000000,0.509674,407783.000000,32372.361328,12.273141,37286,36864
xtensor,meeting01_loso,audiomnist,snn-ae,poisson,dense,2,1.500000,0.900000,3,44,3555943625641351436,val,0,0.041745,0.140378,-0.537954,0.000000,0.000000,0.000000,0.501263,407137.000000,18315.482422,17.558552,37286,36864
xtensor,meeting01_loso,audiomnist,snn-ae,poisson,dense,2,1.500000,0.990000,3,44,3555943625641351436,val,0,0.062296,0.176106,-1.295082,0.000000,0.000000,0.000000,0.517682,408398.000000,16200.693359,12.832992,37286,36864
xtensor,meeting01_loso,audiomnist,snn-ae,poisson,conv1d,2,0.500000,0.800000,3,44,3555943625641351436,val,0,0.048663,0.146562,-1.793688,0.000000,0.000000,0.000000,0.525312,408984.000000,24961.615234,49.758785,37286,36864
xtensor,meeting01_loso,audiomnist,snn-ae,poisson,conv1d,2,0.500000,0.900000,3,44,3555943625641351436,val,0,0.056611,0.176996,-2.250113,0.000000,0.000000,0.000000,0.522057,408734.000000,22823.597656,14.730242,37286,36864
xtensor,meeting01_loso,audiomnist,snn-ae,poisson,conv1d,2,0.500000,0.990000,3,44,3555943625641351436,val,0,0.075439,0.204835,-3.331029,0.000000,0.000000,0.000000,0.513958,408112.000000,17149.957031,14.979228,37286,36864
xtensor,meeting01_loso,audiomnist,snn-ae,poisson,conv1d,2,1.000000,0.800000,3,44,3555943625641351436,val,0,0.028046,0.114554,-0.610142,0.000000,0.000000,0.000000,0.527279,409135.000000,25495.607422,12.655105,37286,36864
xtensor,meeting01_loso,audiomnist,snn-ae,poisson,conv1d,2,1.000000,0.900000,3,44,3555943625641351436,val,0,0.052004,0.157803,-1.985544,0.000000,0.000000,0.000000,0.534219,409668.000000,20807.982422,13.087914,37286,36864
xtensor,meeting01_loso,audiomnist,snn-ae,poisson,conv1d,2,1.000000,0.990000,3,44,3555943625641351436,val,0,0.077292,0.202661,-3.437365,0.000000,0.000000,0.000000,0.525273,408981.000000,22035.744141,13.773131,37286,36864
xtensor,meeting01_loso,audiomnist,snn-ae,poisson,conv1d,2,1.500000,0.800000,3,44,3555943625641351436,val,0,0.013487,0.062916,0.225716,0.000000,0.000000,0.000000,0.519753,408557.000000,31775.335938,15.675479,37286,36864
xtensor,meeting01_loso,audiomnist,snn-ae,poisson,conv1d,2,1.500000,0.900000,3,44,3555943625641351436,val,0,0.035029,0.126803,-1.011000,0.000000,0.000000,0.000000,0.515182,408206.000000,25673.937500,14.295756,37286,36864
xtensor,meeting01_loso,audiomnist,snn-ae,poisson,conv1d,2,1.500000,0.990000,3,44,3555943625641351436,val,0,0.077047,0.204365,-3.423317,0.000000,0.000000,0.000000,0.519245,408518.000000,17841.806641,15.050466,37286,36864
xtensor,meeting01_loso,audiomnist,snn-ae,poisson,recurrent,2,0.500000,0.800000,3,44,3555943625641351436,val,0,0.056229,0.157041,-0.578402,0.000000,0.000000,0.000000,0.506029,407503.000000,95852.914062,926.433899,37286,36864
xtensor,meeting01_loso,audiomnist,snn-ae,poisson,recurrent,2,0.500000,0.900000,3,44,3555943625641351436,val,0,0.072961,0.187400,-0.799018,0.000000,0.000000,0.000000,0.528451,409225.000000,71585.875000,1220.080566,37286,36864
xtensor,meeting01_loso,audiomnist,snn-ae,poisson,recurrent,2,0.500000,0.990000,3,44,3555943625641351436,val,0,0.155409,0.284584,-2.154534,0.000000,0.000000,0.000000,0.523490,408844.000000,78239.101562,1024.805786,37286,36864
xtensor,meeting01_loso,audiomnist,snn-ae,poisson,recurrent,2,1.000000,0.800000,3,44,3555943625641351436,val,0,0.029591,0.114209,-0.620572,0.000000,0.000000,0.000000,0.508138,407665.000000,71691.976562,1115.418457,37286,36864
xtensor,meeting01_loso,audiomnist,snn-ae,poisson,recurrent,2,1.000000,0.900000,3,44,3555943625641351436,val,0,0.051805,0.151965,-1.511810,0.000000,0.000000,0.000000,0.506641,407550.000000,71316.039062,934.215271,37286,36864
xtensor,meeting01_loso,audiomnist,snn-ae,poisson,recurrent,2,1.000000,0.990000,3,44,3555943625641351436,val,0,0.096466,0.231243,-3.108844,0.000000,0.000000,0.000000,0.509518,407771.000000,77912.664062,965.993591,37286,36864
xtensor,meeting01_loso,audiomnist,snn-ae,poisson,recurrent,2,1.500000,0.800000,3,44,3555943625641351436,val,0,0.012007,0.056341,-0.126552,0.000000,0.000000,0.000000,0.502786,407254.000000,194650.312500,1022.545044,37286,36864
xtensor,meeting01_loso,audiomnist,snn-ae,poisson,recurrent,2,1.500000,0.900000,3,44,3555943625641351436,val,0,0.021919,0.090645,-0.759820,0.000000,0.000000,0.000000,0.494063,406584.000000,83528.617188,1270.085571,37286,36864
xtensor,meeting01_loso,audiomnist,snn-ae,poisson,recurrent,2,1.500000,0.990000,3,44,3555943625641351436,val,0,0.094075,0.227315,-4.963632,0.000000,0.000000,0.000000,0.515729,408248.000000,78741.093750,971.915710,37286,36864
xtensor,meeting01_loso,audiomnist,snn-ae,poisson,dense,2,1.500000,0.800000,3,44,3555943625641351436,test,0,0.013899,0.069414,0.480139,0.000000,0.000000,0.000000,0.508404,563867.000000,21647.953125,13.081241,37286,36864
xtensor,meeting01_loso,audiomnist,lstm-ae,poisson,lstm,1,0.000000,0.000000,4,45,3555943625641351436,val,0,0.008761,0.018964,0.676384,0.000000,0.000000,0.000000,0.000000,11842560.000000,485104.906250,2171.429443,122472,1184256
xtensor,meeting01_loso,audiomnist,lstm-ae,poisson,lstm,1,0.000000,0.000000,4,45,3555943625641351436,test,0,0.008776,0.018979,0.671987,0.000000,0.000000,0.000000,0.000000,11842560.000000,0.000000,0.000000,122472,1184256
xtensor,meeting01_loso,audiomnist,gru-ae,poisson,gru,1,0.000000,0.000000,4,45,3555943625641351436,val,0,0.008844,0.020481,0.673308,0.000000,0.000000,0.000000,0.000000,8893440.000000,429197.625000,3157.544434,93032,889344
xtensor,meeting01_loso,audiomnist,gru-ae,poisson,gru,1,0.000000,0.000000,4,45,3555943625641351436,test,0,0.008896,0.020534,0.667497,0.000000,0.000000,0.000000,0.000000,8893440.000000,0.000000,0.000000,93032,889344
xtensor,meeting01_loso,audiomnist,transformer-ae,poisson,transformer,1,0.000000,0.000000,4,45,3555943625641351436,val,0,0.001289,0.003207,0.952376,0.000000,0.000000,0.000000,0.000000,47554560.000000,220913.703125,548.690186,139176,4755456
xtensor,meeting01_loso,audiomnist,transformer-ae,poisson,transformer,1,0.000000,0.000000,4,45,3555943625641351436,test,0,0.001261,0.003177,0.952864,0.000000,0.000000,0.000000,0.000000,47554560.000000,0.000000,0.000000,139176,4755456
xtensor,meeting01_loso,audiomnist,snn-ae,poisson,dense,2,0.500000,0.800000,4,45,3555943625641351436,val,0,0.073039,0.201536,-1.698155,0.000000,0.000000,0.000000,0.509987,407807.000000,17398.718750,13.408011,37286,36864
xtensor,meeting01_loso,audiomnist,snn-ae,poisson,dense,2,0.500000,0.900000,4,45,3555943625641351436,val,0,0.066765,0.179378,-1.466393,0.000000,0.000000,0.000000,0.507721,407633.000000,17409.513672,46.651920,37286,36864
xtensor,meeting01_loso,audiomnist,snn-ae,poisson,dense,2,0.500000,0.990000,4,45,3555943625641351436,val,0,0.154908,0.294815,-4.722627,0.000000,0.000000,0.000000,0.515286,408214.000000,18486.480469,11.757231,37286,36864
xtensor,meeting01_loso,audiomnist,snn-ae,poisson,dense,2,1.000000,0.800000,4,45,3555943625641351436,val,0,0.014798,0.070170,0.453339,0.000000,0.000000,0.000000,0.505547,407466.000000,23393.552734,13.538685,37286,36864
xtensor,meeting01_loso,audiomnist,snn-ae,poisson,dense,2,1.000000,0.900000,4,45,3555943625641351436,val,0,0.058862,0.165766,-1.174418,0.000000,0.000000,0.000000,0.517760,408404.000000,18871.019531,11.755624,37286,36864
xtensor,meeting01_loso,audiomnist,snn-ae,poisson,dense,2,1.000000,0.990000,4,45,3555943625641351436,val,0,0.125477,0.266480,-3.635371,0.000000,0.000000,0.000000,0.505208,407440.000000,15581.205078,11.944127,37286,36864
xtensor,meeting01_loso,audiomnist,snn-ae,poisson,dense,2,1.500000,0.800000,4,45,3555943625641351436,val,0,0.005103,0.036335,0.811479,0.000000,0.000000,0.000000,0.514023,408117.000000,29914.011719,72.704224,37286,36864
xtensor,meeting01_loso,audiomnist,snn-ae,poisson,dense,2,1.500000,0.900000,4,45,3555943625641351436,val,0,0.035342,0.115667,-0.305510,0.000000,0.000000,0.000000,0.511693,407938.000000,24124.490234,12.387483,37286,36864
xtensor,meeting01_loso,audiomnist,snn-ae,poisson,dense,2,1.500000,0.990000,4,45,3555943625641351436,val,0,0.102464,0.245316,-2.785197,0.000000,0.000000,0.000000,0.522539,408771.000000,15043.166992,53.245121,37286,36864
xtensor,meeting01_loso,audiomnist,snn-ae,poisson,conv1d,2,0.500000,0.800000,4,45,3555943625641351436,val,0,0.033991,0.127045,-0.960428,0.000000,0.000000,0.000000,0.521458,408688.000000,20396.093750,14.305058,37286,36864
xtensor,meeting01_loso,audiomnist,snn-ae,poisson,conv1d,2,0.500000,0.900000,4,45,3555943625641351436,val,0,0.064013,0.181457,-2.692034,0.000000,0.000000,0.000000,0.535885,409796.000000,21631.947266,92.968323,37286,36864
xtensor,meeting01_loso,audiomnist,snn-ae,poisson,conv1d,2,0.500000,0.990000,4,45,3555943625641351436,val,0,0.068599,0.183576,-2.956595,0.000000,0.000000,0.000000,0.517370,408374.000000,20236.261719,13.384614,37286,36864
xtensor,meeting01_loso,audiomnist,snn-ae,poisson,conv1d,2,1.000000,0.800000,4,45,3555943625641351436,val,0,0.028402,0.111478,-0.638096,0.000000,0.000000,0.000000,0.513620,408086.000000,29574.308594,12.623268,37286,36864
xtensor,meeting01_loso,audiomnist,snn-ae,poisson,conv1d,2,1.000000,0.900000,4,45,3555943625641351436,val,0,0.060736,0.168509,-2.503060,0.000000,0.000000,0.000000,0.532839,409562.000000,22659.755859,17.392761,37286,36864
xtensor,meeting01_loso,audiomnist,snn-ae,poisson,conv1d,2,1.000000,0.990000,4,45,3555943625641351436,val,0,0.066603,0.170794,-2.841308,0.000000,0.000000,0.000000,0.524792,408944.000000,20048.875000,14.470024,37286,36864
xtensor,meeting01_loso,audiomnist,snn-ae,poisson,conv1d,2,1.500000,0.800000,4,45,3555943625641351436,val,0,0.008385,0.052860,0.516403,0.000000,0.000000,0.000000,0.522305,408753.000000,29737.550781,14.455916,37286,36864
xtensor,meeting01_loso,audiomnist,snn-ae,poisson,conv1d,2,1.500000,0.900000,4,45,3555943625641351436,val,0,0.033896,0.133377,-0.954997,0.000000,0.000000,0.000000,0.511003,407885.000000,20666.726562,14.039659,37286,36864
xtensor,meeting01_loso,audiomnist,snn-ae,poisson,conv1d,2,1.500000,0.990000,4,45,3555943625641351436,val,0,0.120282,0.258087,-5.937526,0.000000,0.000000,0.000000,0.500859,407106.000000,20120.640625,47.259193,37286,36864
xtensor,meeting01_loso,audiomnist,snn-ae,poisson,recurrent,2,0.500000,0.800000,4,45,3555943625641351436,val,0,0.043898,0.147198,-0.235785,0.000000,0.000000,0.000000,0.520247,408595.000000,87639.937500,1061.660767,37286,36864
xtensor,meeting01_loso,audiomnist,snn-ae,poisson,recurrent,2,0.500000,0.900000,4,45,3555943625641351436,val,0,0.059951,0.172558,-0.483482,0.000000,0.000000,0.000000,0.522227,408747.000000,65022.562500,966.638855,37286,36864
xtensor,meeting01_loso,audiomnist,snn-ae,poisson,recurrent,2,0.500000,0.990000,4,45,3555943625641351436,val,0,0.094769,0.234815,-0.928725,0.000000,0.000000,0.000000,0.541237,410207.000000,63858.753906,985.175232,37286,36864
xtensor,meeting01_loso,audiomnist,snn-ae,poisson,recurrent,2,1.000000,0.800000,4,45,3555943625641351436,val,0,0.017671,0.082813,0.029669,0.000000,0.000000,0.000000,0.503581,407315.000000,83609.476562,961.227112,37286,36864
xtensor,meeting01_loso,audiomnist,snn-ae,poisson,recurrent,2,1.000000,0.900000,4,45,3555943625641351436,val,0,0.070191,0.186170,-2.415994,0.000000,0.000000,0.000000,0.512734,408018.000000,62669.207031,1001.809937,37286,36864
xtensor,meeting01_loso,audiomnist,snn-ae,poisson,recurrent,2,1.000000,0.990000,4,45,3555943625641351436,val,0,0.129926,0.240233,-4.553795,0.000000,0.000000,0.000000,0.504310,407371.000000,97440.820312,1076.909790,37286,36864
xtensor,meeting01_loso,audiomnist,snn-ae,poisson,recurrent,2,1.500000,0.800000,4,45,3555943625641351436,val,0,0.009500,0.046848,0.104398,0.000000,0.000000,0.000000,0.504648,407397.000000,82573.171875,999.235901,37286,36864
xtensor,meeting01_loso,audiomnist,snn-ae,poisson,recurrent,2,1.500000,0.900000,4,45,3555943625641351436,val,0,0.012058,0.052239,0.026042,0.000000,0.000000,0.000000,0.514375,408144.000000,122729.507812,963.234619,37286,36864
xtensor,meeting01_loso,audiomnist,snn-ae,poisson,recurrent,2,1.500000,0.990000,4,45,3555943625641351436,val,0,0.122526,0.251486,-6.803686,0.000000,0.000000,0.000000,0.502591,407239.000000,63959.480469,1015.462463,37286,36864
xtensor,meeting01_loso,audiomnist,snn-ae,poisson,dense,2,1.500000,0.800000,4,45,3555943625641351436,test,0,0.003651,0.029524,0.863591,0.000000,0.000000,0.000000,0.512609,565482.000000,39807.636719,13.390619,37286,36864
xtensor,meeting01_loso,audiomnist,lstm-ae,poisson,lstm,1,0.000000,0.000000,5,46,3555943625641351436,val,0,0.008699,0.018943,0.677385,0.000000,0.000000,0.000000,0.000000,11842560.000000,793542.000000,2293.985596,122472,1184256
xtensor,meeting01_loso,audiomnist,lstm-ae,poisson,lstm,1,0.000000,0.000000,5,46,3555943625641351436,test,0,0.008776,0.019020,0.671826,0.000000,0.000000,0.000000,0.000000,11842560.000000,0.000000,0.000000,122472,1184256
xtensor,meeting01_loso,audiomnist,gru-ae,poisson,gru,1,0.000000,0.000000,5,46,3555943625641351436,val,0,0.008656,0.017712,0.678983,0.000000,0.000000,0.000000,0.000000,8893440.000000,1003035.625000,3271.755127,93032,889344
xtensor,meeting01_loso,audiomnist,gru-ae,poisson,gru,1,0.000000,0.000000,5,46,3555943625641351436,test,0,0.008743,0.017799,0.673072,0.000000,0.000000,0.000000,0.000000,8893440.000000,0.000000,0.000000,93032,889344
xtensor,meeting01_loso,audiomnist,transformer-ae,poisson,transformer,1,0.000000,0.000000,5,46,3555943625641351436,val,0,0.002380,0.006743,0.911745,0.000000,0.000000,0.000000,0.000000,47554560.000000,155663.593750,564.762634,139176,4755456
xtensor,meeting01_loso,audiomnist,transformer-ae,poisson,transformer,1,0.000000,0.000000,5,46,3555943625641351436,test,0,0.002507,0.006852,0.906285,0.000000,0.000000,0.000000,0.000000,47554560.000000,0.000000,0.000000,139176,4755456
xtensor,meeting01_loso,audiomnist,snn-ae,poisson,dense,2,0.500000,0.800000,5,46,3555943625641351436,val,0,0.058311,0.179476,-1.162551,0.000000,0.000000,0.000000,0.502943,407266.000000,23315.958984,12.853299,37286,36864
xtensor,meeting01_loso,audiomnist,snn-ae,poisson,dense,2,0.500000,0.900000,5,46,3555943625641351436,val,0,0.063836,0.189935,-1.367459,0.000000,0.000000,0.000000,0.524622,408931.000000,22972.722656,11.827326,37286,36864
xtensor,meeting01_loso,audiomnist,snn-ae,poisson,dense,2,0.500000,0.990000,5,46,3555943625641351436,val,0,0.148821,0.298148,-4.519309,0.000000,0.000000,0.000000,0.522422,408762.000000,21403.419922,13.138044,37286,36864
xtensor,meeting01_loso,audiomnist,snn-ae,poisson,dense,2,1.000000,0.800000,5,46,3555943625641351436,val,0,0.017600,0.078399,0.347303,0.000000,0.000000,0.000000,0.522057,408734.000000,20123.074219,13.483341,37286,36864
xtensor,meeting01_loso,audiomnist,snn-ae,poisson,dense,2,1.000000,0.900000,5,46,3555943625641351436,val,0,0.052818,0.166889,-0.958806,0.000000,0.000000,0.000000,0.511654,407935.000000,19899.828125,13.110248,37286,36864
xtensor,meeting01_loso,audiomnist,snn-ae,poisson,dense,2,1.000000,0.990000,5,46,3555943625641351436,val,0,0.089037,0.220599,-2.302078,0.000000,0.000000,0.000000,0.510117,407817.000000,19792.609375,14.754460,37286,36864
xtensor,meeting01_loso,audiomnist,snn-ae,poisson,dense,2,1.500000,0.800000,5,46,3555943625641351436,val,0,0.012305,0.055904,0.543663,0.000000,0.000000,0.000000,0.519219,408516.000000,28962.523438,12.400728,37286,36864
xtensor,meeting01_loso,audiomnist,snn-ae,poisson,dense,2,1.500000,0.900000,5,46,3555943625641351436,val,0,0.043491,0.148514,-0.612907,0.000000,0.000000,0.000000,0.509440,407765.000000,23621.199219,12.027216,37286,36864
xtensor,meeting01_loso,audiomnist,snn-ae,poisson,dense,2,1.500000,0.990000,5,46,3555943625641351436,val,0,0.094210,0.228833,-2.493944,0.000000,0.000000,0.000000,0.532904,409567.000000,20970.335938,13.544106,37286,36864
xtensor,meeting01_loso,audiomnist,snn-ae,poisson,conv1d,2,0.500000,0.800000,5,46,3555943625641351436,val,0,0.065290,0.170094,-2.780951,0.000000,0.000000,0.000000,0.526523,409077.000000,25160.507812,13.229260,37286,36864
xtensor,meeting01_loso,audiomnist,snn-ae,poisson,conv1d,2,0.500000,0.900000,5,46,3555943625641351436,val,0,0.053828,0.162069,-2.117242,0.000000,0.000000,0.000000,0.522995,408806.000000,22926.857422,14.207253,37286,36864
xtensor,meeting01_loso,audiomnist,snn-ae,poisson,conv1d,2,0.500000,0.990000,5,46,3555943625641351436,val,0,0.115551,0.256420,-5.691772,0.000000,0.000000,0.000000,0.514766,408174.000000,27429.810547,13.796166,37286,36864
xtensor,meeting01_loso,audiomnist,snn-ae,poisson,conv1d,2,1.000000,0.800000,5,46,3555943625641351436,val,0,0.020424,0.088992,-0.182737,0.000000,0.000000,0.000000,0.524245,408902.000000,71573.804688,32.929352,37286,36864
xtensor,meeting01_loso,audiomnist,snn-ae,poisson,conv1d,2,1.000000,0.900000,5,46,3555943625641351436,val,0,0.070178,0.187693,-3.064046,0.000000,0.000000,0.000000,0.518997,408499.000000,230897.890625,21.000824,37286,36864
xtensor,meeting01_loso,audiomnist,snn-ae,poisson,conv1d,2,1.000000,0.990000,5,46,3555943625641351436,val,0,0.080112,0.193583,-3.639427,0.000000,0.000000,0.000000,0.536068,409810.000000,78166.335938,18.003639,37286,36864
xtensor,meeting01_loso,audiomnist,snn-ae,poisson,conv1d,2,1.500000,0.800000,5,46,3555943625641351436,val,0,0.018307,0.079151,-0.060181,0.000000,0.000000,0.000000,0.545169,410509.000000,129974.898438,21.199804,37286,36864
xtensor,meeting01_loso,audiomnist,snn-ae,poisson,conv1d,2,1.500000,0.900000,5,46,3555943625641351436,val,0,0.048820,0.149171,-1.827186,0.000000,0.000000,0.000000,0.518932,408494.000000,31510.134766,21.895708,37286,36864
xtensor,meeting01_loso,audiomnist,snn-ae,poisson,conv1d,2,1.500000,0.990000,5,46,3555943625641351436,val,0,0.028366,0.121434,-0.642709,0.000000,0.000000,0.000000,0.524466,408919.000000,31746.548828,52.822292,37286,36864
xtensor,meeting01_loso,audiomnist,snn-ae,poisson,recurrent,2,0.500000,0.800000,5,46,3555943625641351436,val,0,0.045019,0.148941,-0.271486,0.000000,0.000000,0.000000,0.518516,408462.000000,173837.812500,1565.585693,37286,36864
xtensor,meeting01_loso,audiomnist,snn-ae,poisson,recurrent,2,0.500000,0.900000,5,46,3555943625641351436,val,0,0.073689,0.199957,-0.830712,0.000000,0.000000,0.000000,0.507305,407601.000000,268252.125000,3734.488281,37286,36864
xtensor,meeting01_loso,audiomnist,snn-ae,poisson,recurrent,2,0.500000,0.990000,5,46,3555943625641351436,val,0,0.139800,0.286428,-1.856186,0.000000,0.000000,0.000000,0.521146,408664.000000,312748.750000,1241.094604,37286,36864
xtensor,meeting01_loso,audiomnist,snn-ae,poisson,recurrent,2,1.000000,0.800000,5,46,3555943625641351436,val,0,0.023774,0.099588,-0.309910,0.000000,0.000000,0.000000,0.504427,407380.000000,155921.250000,3594.741699,37286,36864
xtensor,meeting01_loso,audiomnist,snn-ae,poisson,recurrent,2,1.000000,0.900000,5,46,3555943625641351436,val,0,0.042092,0.142717,-1.056988,0.000000,0.000000,0.000000,0.492461,406461.000000,94645.101562,1694.823608,37286,36864
xtensor,meeting01_loso,audiomnist,snn-ae,poisson,recurrent,2,1.000000,0.990000,5,46,3555943625641351436,val,0,0.133684,0.265851,-4.737709,0.000000,0.000000,0.000000,0.496667,406784.000000,174006.000000,1464.015625,37286,36864
xtensor,meeting01_loso,audiomnist,snn-ae,poisson,recurrent,2,1.500000,0.800000,5,46,3555943625641351436,val,0,0.005464,0.039948,0.480493,0.000000,0.000000,0.000000,0.505534,407465.000000,216574.953125,2028.752808,37286,36864
xtensor,meeting01_loso,audiomnist,snn-ae,poisson,recurrent,2,1.500000,0.900000,5,46,3555943625641351436,val,0,0.015090,0.074584,-0.223808,0.000000,0.000000,0.000000,0.514336,408141.000000,247210.234375,2208.204346,37286,36864
xtensor,meeting01_loso,audiomnist,snn-ae,poisson,recurrent,2,1.500000,0.990000,5,46,3555943625641351436,val,0,0.073392,0.178427,-3.707763,0.000000,0.000000,0.000000,0.516836,408333.000000,154961.421875,1969.481689,37286,36864
xtensor,meeting01_loso,audiomnist,snn-ae,poisson,recurrent,2,1.500000,0.800000,5,46,3555943625641351436,test,0,0.006403,0.036198,0.376450,0.000000,0.000000,0.000000,0.487458,555824.000000,263059.968750,1439.718628,37286,36864
xtensor,meeting01_loso,audiomnist,lstm-ae,latency,lstm,1,0.000000,0.000000,1,42,3555943625641351436,val,0,0.000043,0.001787,0.994409,0.000000,0.000000,0.000000,0.000000,11842560.000000,608271.125000,4502.164551,122472,1184256
xtensor,meeting01_loso,audiomnist,lstm-ae,latency,lstm,1,0.000000,0.000000,1,42,3555943625641351436,test,0,0.000046,0.001806,0.994129,0.000000,0.000000,0.000000,0.000000,11842560.000000,0.000000,0.000000,122472,1184256
xtensor,meeting01_loso,audiomnist,gru-ae,latency,gru,1,0.000000,0.000000,1,42,3555943625641351436,val,0,0.000007,0.001732,0.999081,0.000000,0.000000,0.000000,0.000000,8893440.000000,1415307.625000,6346.536133,93032,889344
xtensor,meeting01_loso,audiomnist,gru-ae,latency,gru,1,0.000000,0.000000,1,42,3555943625641351436,test,0,0.000008,0.001752,0.999004,0.000000,0.000000,0.000000,0.000000,8893440.000000,0.000000,0.000000,93032,889344
xtensor,meeting01_loso,audiomnist,transformer-ae,latency,transformer,1,0.000000,0.000000,1,42,3555943625641351436,val,0,0.000020,0.000539,0.997478,0.000000,0.000000,0.000000,0.000000,47554560.000000,411083.875000,665.664246,139176,4755456
xtensor,meeting01_loso,audiomnist,transformer-ae,latency,transformer,1,0.000000,0.000000,1,42,3555943625641351436,test,0,0.000068,0.000587,0.991348,0.000000,0.000000,0.000000,0.000000,47554560.000000,0.000000,0.000000,139176,4755456
xtensor,meeting01_loso,audiomnist,snn-ae,latency,dense,2,0.500000,0.800000,1,42,3555943625641351436,val,0,0.000073,0.000454,0.990662,0.000000,0.000000,0.000000,0.480560,405547.000000,32407.552734,123.733734,37286,36864
xtensor,meeting01_loso,audiomnist,snn-ae,latency,dense,2,0.500000,0.900000,1,42,3555943625641351436,val,0,0.000399,0.001107,0.948634,0.000000,0.000000,0.000000,0.511654,407935.000000,21645.890625,11.241834,37286,36864
xtensor,meeting01_loso,audiomnist,snn-ae,latency,dense,2,0.500000,0.990000,1,42,3555943625641351436,val,0,0.000014,0.000116,0.998221,0.000000,0.000000,0.000000,0.507812,407640.000000,19418.250000,11.599214,37286,36864
xtensor,meeting01_loso,audiomnist,snn-ae,latency,dense,2,1.000000,0.800000,1,42,3555943625641351436,val,0,0.000014,0.000709,0.998234,0.000000,0.000000,0.000000,0.582031,413340.000000,20570.810547,12.502758,37286,36864
xtensor,meeting01_loso,audiomnist,snn-ae,latency,dense,2,1.000000,0.900000,1,42,3555943625641351436,val,0,0.000013,0.000158,0.998276,0.000000,0.000000,0.000000,0.496094,406740.000000,47526.050781,12.915870,37286,36864
xtensor,meeting01_loso,audiomnist,snn-ae,latency,dense,2,1.000000,0.990000,1,42,3555943625641351436,val,0,0.000215,0.006229,0.972263,0.000000,0.000000,0.000000,0.472747,404947.000000,23131.492188,11.998216,37286,36864
xtensor,meeting01_loso,audiomnist,snn-ae,latency,dense,2,1.500000,0.800000,1,42,3555943625641351436,val,0,0.000013,0.000074,0.998321,0.000000,0.000000,0.000000,0.488281,406140.000000,28401.718750,43.232990,37286,36864
xtensor,meeting01_loso,audiomnist,snn-ae,latency,dense,2,1.500000,0.900000,1,42,3555943625641351436,val,0,0.000009,0.000180,0.998805,0.000000,0.000000,0.000000,0.531146,409432.000000,37092.613281,43.696945,37286,36864
xtensor,meeting01_loso,audiomnist,snn-ae,latency,dense,2,1.500000,0.990000,1,42,3555943625641351436,val,0,0.000014,0.000180,0.998208,0.000000,0.000000,0.000000,0.476562,405240.000000,12308.504883,11.888909,37286,36864
xtensor,meeting01_loso,audiomnist,snn-ae,latency,conv1d,2,0.500000,0.800000,1,42,3555943625641351436,val,0,0.000005,0.000137,0.998731,0.000000,0.000000,0.000000,0.527344,409140.000000,15219.153320,12.542838,37286,36864
xtensor,meeting01_loso,audiomnist,snn-ae,latency,conv1d,2,0.500000,0.900000,1,42,3555943625641351436,val,0,0.000003,0.000178,0.999172,0.000000,0.000000,0.000000,0.558255,411514.000000,28488.644531,12.418867,37286,36864
xtensor,meeting01_loso,audiomnist,snn-ae,latency,conv1d,2,0.500000,0.990000,1,42,3555943625641351436,val,0,0.000011,0.000276,0.997115,0.000000,0.000000,0.000000,0.527344,409140.000000,28149.878906,13.125107,37286,36864
xtensor,meeting01_loso,audiomnist,snn-ae,latency,conv1d,2,1.000000,0.800000,1,42,3555943625641351436,val,0,0.000006,0.000503,0.998574,0.000000,0.000000,0.000000,0.539062,410040.000000,18872.519531,14.435340,37286,36864
xtensor,meeting01_loso,audiomnist,snn-ae,latency,conv1d,2,1.000000,0.900000,1,42,3555943625641351436,val,0,0.000051,0.005872,0.986847,0.000000,0.000000,0.000000,0.453125,403440.000000,12030.817383,15.329595,37286,36864
xtensor,meeting01_loso,audiomnist,snn-ae,latency,conv1d,2,1.000000,0.990000,1,42,3555943625641351436,val,0,0.000011,0.000444,0.997168,0.000000,0.000000,0.000000,0.531250,409440.000000,10710.221680,12.631183,37286,36864
xtensor,meeting01_loso,audiomnist,snn-ae,latency,conv1d,2,1.500000,0.800000,1,42,3555943625641351436,val,0,0.000005,0.000126,0.998698,0.000000,0.000000,0.000000,0.519531,408540.000000,28468.583984,12.814238,37286,36864
xtensor,meeting01_loso,audiomnist,snn-ae,latency,conv1d,2,1.500000,0.900000,1,42,3555943625641351436,val,0,0.000018,0.003188,0.995411,0.000000,0.000000,0.000000,0.554688,411240.000000,18986.716797,12.628667,37286,36864
xtensor,meeting01_loso,audiomnist,snn-ae,latency,conv1d,2,1.500000,0.990000,1,42,3555943625641351436,val,0,0.000007,0.000343,0.998214,0.000000,0.000000,0.000000,0.511719,407940.000000,23004.978516,14.767783,37286,36864
xtensor,meeting01_loso,audiomnist,snn-ae,latency,recurrent,2,0.500000,0.800000,1,42,3555943625641351436,val,0,0.000013,0.000031,0.998328,0.000000,0.000000,0.000000,0.582031,413340.000000,121709.320312,1193.244629,37286,36864
xtensor,meeting01_loso,audiomnist,snn-ae,latency,recurrent,2,0.500000,0.900000,1,42,3555943625641351436,val,0,0.000588,0.001115,0.924278,0.000000,0.000000,0.000000,0.515638,408241.000000,130877.281250,1204.234131,37286,36864
xtensor,meeting01_loso,audiomnist,snn-ae,latency,recurrent,2,0.500000,0.990000,1,42,3555943625641351436,val,0,0.000299,0.001164,0.961511,0.000000,0.000000,0.000000,0.484414,405843.000000,67214.171875,1084.629883,37286,36864
xtensor,meeting01_loso,audiomnist,snn-ae,latency,recurrent,2,1.000000,0.800000,1,42,3555943625641351436,val,0,0.000171,0.000628,0.977965,0.000000,0.000000,0.000000,0.476471,405233.000000,129804.257812,1003.152954,37286,36864
xtensor,meeting01_loso,audiomnist,snn-ae,latency,recurrent,2,1.000000,0.900000,1,42,3555943625641351436,val,0,0.000453,0.000972,0.941624,0.000000,0.000000,0.000000,0.511836,407949.000000,119356.640625,916.450684,37286,36864
xtensor,meeting01_loso,audiomnist,snn-ae,latency,recurrent,2,1.000000,0.990000,1,42,3555943625641351436,val,0,0.000109,0.000758,0.972031,0.000000,0.000000,0.000000,0.468919,404653.000000,72030.773438,998.943848,37286,36864
xtensor,meeting01_loso,audiomnist,snn-ae,latency,recurrent,2,1.500000,0.800000,1,42,3555943625641351436,val,0,0.000086,0.006746,-5.574805,0.000000,0.000000,0.000000,0.496094,406740.000000,46780.847656,1030.750977,37286,36864
xtensor,meeting01_loso,audiomnist,snn-ae,latency,recurrent,2,1.500000,0.900000,1,42,3555943625641351436,val,0,0.000072,0.006070,-4.565680,0.000000,0.000000,0.000000,0.492188,406440.000000,46484.843750,979.952332,37286,36864
xtensor,meeting01_loso,audiomnist,snn-ae,latency,recurrent,2,1.500000,0.990000,1,42,3555943625641351436,val,0,0.000026,0.000437,-1.023124,0.000000,0.000000,0.000000,0.511719,407940.000000,52909.750000,985.891541,37286,36864
xtensor,meeting01_loso,audiomnist,snn-ae,latency,conv1d,2,0.500000,0.900000,1,42,3555943625641351436,test,0,0.000028,0.000285,0.992945,0.000000,0.000000,0.000000,0.523438,569640.000000,10867.351562,13.086115,37286,36864
xtensor,meeting01_loso,audiomnist,lstm-ae,latency,lstm,1,0.000000,0.000000,2,43,3555943625641351436,val,0,0.000043,0.001787,0.994409,0.000000,0.000000,0.000000,0.000000,11842560.000000,621903.500000,5109.572266,122472,1184256
xtensor,meeting01_loso,audiomnist,lstm-ae,latency,lstm,1,0.000000,0.000000,2,43,3555943625641351436,test,0,0.000046,0.001806,0.994129,0.000000,0.000000,0.000000,0.000000,11842560.000000,0.000000,0.000000,122472,1184256
xtensor,meeting01_loso,audiomnist,gru-ae,latency,gru,1,0.000000,0.000000,2,43,3555943625641351436,val,0,0.000007,0.001732,0.999081,0.000000,0.000000,0.000000,0.000000,8893440.000000,983625.687500,4758.453613,93032,889344
xtensor,meeting01_loso,audiomnist,gru-ae,latency,gru,1,0.000000,0.000000,2,43,3555943625641351436,test,0,0.000008,0.001752,0.999004,0.000000,0.000000,0.000000,0.000000,8893440.000000,0.000000,0.000000,93032,889344
xtensor,meeting01_loso,audiomnist,transformer-ae,latency,transformer,1,0.000000,0.000000,2,43,3555943625641351436,val,0,0.000020,0.000539,0.997478,0.000000,0.000000,0.000000,0.000000,47554560.000000,287520.156250,779.168518,139176,4755456
xtensor,meeting01_loso,audiomnist,transformer-ae,latency,transformer,1,0.000000,0.000000,2,43,3555943625641351436,test,0,0.000068,0.000587,0.991348,0.000000,0.000000,0.000000,0.000000,47554560.000000,0.000000,0.000000,139176,4755456
xtensor,meeting01_loso,audiomnist,snn-ae,latency,dense,2,0.500000,0.800000,2,43,3555943625641351436,val,0,0.000440,0.001022,0.943265,0.000000,0.000000,0.000000,0.542721,410321.000000,59476.992188,13.370919,37286,36864
xtensor,meeting01_loso,audiomnist,snn-ae,latency,dense,2,0.500000,0.900000,2,43,3555943625641351436,val,0,0.000012,0.000053,0.998440,0.000000,0.000000,0.000000,0.511667,407936.000000,43768.660156,17.381468,37286,36864
xtensor,meeting01_loso,audiomnist,snn-ae,latency,dense,2,0.500000,0.990000,2,43,3555943625641351436,val,0,0.000217,0.000692,0.971998,0.000000,0.000000,0.000000,0.464805,404337.000000,57348.996094,14.263291,37286,36864
xtensor,meeting01_loso,audiomnist,snn-ae,latency,dense,2,1.000000,0.800000,2,43,3555943625641351436,val,0,0.000013,0.000079,0.998322,0.000000,0.000000,0.000000,0.503906,407340.000000,41646.128906,20.041887,37286,36864
xtensor,meeting01_loso,audiomnist,snn-ae,latency,dense,2,1.000000,0.900000,2,43,3555943625641351436,val,0,0.000015,0.000176,0.998104,0.000000,0.000000,0.000000,0.519323,408524.000000,62477.875000,18.284748,37286,36864
xtensor,meeting01_loso,audiomnist,snn-ae,latency,dense,2,1.000000,0.990000,2,43,3555943625641351436,val,0,0.000077,0.000387,0.990049,0.000000,0.000000,0.000000,0.496068,406738.000000,55962.527344,19.305496,37286,36864
xtensor,meeting01_loso,audiomnist,snn-ae,latency,dense,2,1.500000,0.800000,2,43,3555943625641351436,val,0,0.000074,0.006560,0.990531,0.000000,0.000000,0.000000,0.476562,405240.000000,38538.039062,17.302422,37286,36864
xtensor,meeting01_loso,audiomnist,snn-ae,latency,dense,2,1.500000,0.900000,2,43,3555943625641351436,val,0,0.000000,0.000236,0.999968,0.000000,0.000000,0.000000,0.511654,407935.000000,49757.667969,73.837761,37286,36864
xtensor,meeting01_loso,audiomnist,snn-ae,latency,dense,2,1.500000,0.990000,2,43,3555943625641351436,val,0,0.000593,0.001091,0.923597,0.000000,0.000000,0.000000,0.495977,406731.000000,57186.164062,19.517254,37286,36864
xtensor,meeting01_loso,audiomnist,snn-ae,latency,conv1d,2,0.500000,0.800000,2,43,3555943625641351436,val,0,0.000005,0.000043,0.998736,0.000000,0.000000,0.000000,0.519531,408540.000000,44791.554688,22.756275,37286,36864
xtensor,meeting01_loso,audiomnist,snn-ae,latency,conv1d,2,0.500000,0.900000,2,43,3555943625641351436,val,0,0.000006,0.000271,0.998449,0.000000,0.000000,0.000000,0.507969,407652.000000,52166.742188,24.023420,37286,36864
xtensor,meeting01_loso,audiomnist,snn-ae,latency,conv1d,2,0.500000,0.990000,2,43,3555943625641351436,val,0,0.000010,0.000274,0.997354,0.000000,0.000000,0.000000,0.511719,407940.000000,30813.628906,71.075966,37286,36864
xtensor,meeting01_loso,audiomnist,snn-ae,latency,conv1d,2,1.000000,0.800000,2,43,3555943625641351436,val,0,0.000001,0.000085,0.999758,0.000000,0.000000,0.000000,0.476784,405257.000000,52054.292969,19.144646,37286,36864
xtensor,meeting01_loso,audiomnist,snn-ae,latency,conv1d,2,1.000000,0.900000,2,43,3555943625641351436,val,0,0.000005,0.000047,0.998737,0.000000,0.000000,0.000000,0.496094,406740.000000,41828.894531,17.898556,37286,36864
xtensor,meeting01_loso,audiomnist,snn-ae,latency,conv1d,2,1.000000,0.990000,2,43,3555943625641351436,val,0,0.000005,0.000123,0.998609,0.000000,0.000000,0.000000,0.515625,408240.000000,37011.984375,18.137911,37286,36864
xtensor,meeting01_loso,audiomnist,snn-ae,latency,conv1d,2,1.500000,0.800000,2,43,3555943625641351436,val,0,0.000005,0.000082,0.998663,0.000000,0.000000,0.000000,0.546875,410640.000000,47238.941406,16.257591,37286,36864
xtensor,meeting01_loso,audiomnist,snn-ae,latency,conv1d,2,1.500000,0.900000,2,43,3555943625641351436,val,0,0.000005,0.000170,0.998719,0.000000,0.000000,0.000000,0.519531,408540.000000,68633.804688,46.223331,37286,36864
xtensor,meeting01_loso,audiomnist,snn-ae,latency,conv1d,2,1.500000,0.990000,2,43,3555943625641351436,val,0,0.000023,0.002838,0.994022,0.000000,0.000000,0.000000,0.492188,406440.000000,85782.242188,19.564665,37286,36864
xtensor,meeting01_loso,audiomnist,snn-ae,latency,recurrent,2,0.500000,0.800000,2,43,3555943625641351436,val,0,0.000195,0.002030,0.974854,0.000000,0.000000,0.000000,0.484414,405843.000000,495960.500000,1755.246216,37286,36864
xtensor,meeting01_loso,audiomnist,snn-ae,latency,recurrent,2,0.500000,0.900000,2,43,3555943625641351436,val,0,0.000316,0.000848,0.959325,0.000000,0.000000,0.000000,0.500013,407041.000000,853155.062500,5195.960449,37286,36864
xtensor,meeting01_loso,audiomnist,snn-ae,latency,recurrent,2,0.500000,0.990000,2,43,3555943625641351436,val,0,0.000036,0.000412,0.995413,0.000000,0.000000,0.000000,0.507812,407640.000000,357275.875000,3941.178711,37286,36864
xtensor,meeting01_loso,audiomnist,snn-ae,latency,recurrent,2,1.000000,0.800000,2,43,3555943625641351436,val,0,0.000004,0.000109,0.999470,0.000000,0.000000,0.000000,0.562253,411821.000000,892904.187500,4480.671875,37286,36864
xtensor,meeting01_loso,audiomnist,snn-ae,latency,recurrent,2,1.000000,0.900000,2,43,3555943625641351436,val,0,0.000231,0.000713,0.970167,0.000000,0.000000,0.000000,0.542708,410320.000000,626694.312500,2289.568604,37286,36864
xtensor,meeting01_loso,audiomnist,snn-ae,latency,recurrent,2,1.000000,0.990000,2,43,3555943625641351436,val,0,0.000280,0.000877,0.928283,0.000000,0.000000,0.000000,0.492253,406445.000000,390497.062500,1975.744141,37286,36864
xtensor,meeting01_loso,audiomnist,snn-ae,latency,recurrent,2,1.500000,0.800000,2,43,3555943625641351436,val,0,0.000061,0.004916,-3.700394,0.000000,0.000000,0.000000,0.558594,411540.000000,124978.257812,2524.166504,37286,36864
xtensor,meeting01_loso,audiomnist,snn-ae,latency,recurrent,2,1.500000,0.900000,2,43,3555943625641351436,val,0,0.000057,0.005155,-3.391752,0.000000,0.000000,0.000000,0.507812,407640.000000,125306.218750,3041.601074,37286,36864
xtensor,meeting01_loso,audiomnist,snn-ae,latency,recurrent,2,1.500000,0.990000,2,43,3555943625641351436,val,0,0.000028,0.000274,-1.126684,0.000000,0.000000,0.000000,0.523438,408840.000000,193688.828125,2545.232666,37286,36864
xtensor,meeting01_loso,audiomnist,snn-ae,latency,dense,2,1.500000,0.900000,2,43,3555943625641351436,test,0,0.000059,0.000172,0.992401,0.000000,0.000000,0.000000,0.472667,550144.000000,28615.224609,11.424492,37286,36864
xtensor,meeting01_loso,audiomnist,lstm-ae,latency,lstm,1,0.000000,0.000000,3,44,3555943625641351436,val,0,0.000043,0.001787,0.994409,0.000000,0.000000,0.000000,0.000000,11842560.000000,804021.125000,3563.630615,122472,1184256
xtensor,meeting01_loso,audiomnist,lstm-ae,latency,lstm,1,0.000000,0.000000,3,44,3555943625641351436,test,0,0.000046,0.001806,0.994129,0.000000,0.000000,0.000000,0.000000,11842560.000000,0.000000,0.000000,122472,1184256
xtensor,meeting01_loso,audiomnist,gru-ae,latency,gru,1,0.000000,0.000000,3,44,3555943625641351436,val,0,0.000007,0.001732,0.999081,0.000000,0.000000,0.000000,0.000000,8893440.000000,1508215.000000,9586.858398,93032,889344
xtensor,meeting01_loso,audiomnist,gru-ae,latency,gru,1,0.000000,0.000000,3,44,3555943625641351436,test,0,0.000008,0.001752,0.999004,0.000000,0.000000,0.000000,0.000000,8893440.000000,0.000000,0.000000,93032,889344
xtensor,meeting01_loso,audiomnist,transformer-ae,latency,transformer,1,0.000000,0.000000,3,44,3555943625641351436,val,0,0.000020,0.000539,0.997478,0.000000,0.000000,0.000000,0.000000,47554560.000000,462232.093750,702.824524,139176,4755456
xtensor,meeting01_loso,audiomnist,transformer-ae,latency,transformer,1,0.000000,0.000000,3,44,3555943625641351436,test,0,0.000068,0.000587,0.991348,0.000000,0.000000,0.000000,0.000000,47554560.000000,0.000000,0.000000,139176,4755456
xtensor,meeting01_loso,audiomnist,snn-ae,latency,dense,2,0.500000,0.800000,3,44,3555943625641351436,val,0,0.000344,0.000949,0.955630,0.000000,0.000000,0.000000,0.492240,406444.000000,60870.394531,38.784668,37286,36864
xtensor,meeting01_loso,audiomnist,snn-ae,latency,dense,2,0.500000,0.900000,3,44,3555943625641351436,val,0,0.000908,0.001348,0.883030,0.000000,0.000000,0.000000,0.519388,408529.000000,104707.429688,19.064484,37286,36864
xtensor,meeting01_loso,audiomnist,snn-ae,latency,dense,2,0.500000,0.990000,3,44,3555943625641351436,val,0,0.000340,0.000949,0.956251,0.000000,0.000000,0.000000,0.472786,404950.000000,105747.304688,14.489824,37286,36864
xtensor,meeting01_loso,audiomnist,snn-ae,latency,dense,2,1.000000,0.800000,3,44,3555943625641351436,val,0,0.000064,0.006560,0.991711,0.000000,0.000000,0.000000,0.542904,410335.000000,103940.328125,13.621611,37286,36864
xtensor,meeting01_loso,audiomnist,snn-ae,latency,dense,2,1.000000,0.900000,3,44,3555943625641351436,val,0,0.000115,0.000678,0.985177,0.000000,0.000000,0.000000,0.480456,405539.000000,58361.000000,13.598769,37286,36864
xtensor,meeting01_loso,audiomnist,snn-ae,latency,dense,2,1.000000,0.990000,3,44,3555943625641351436,val,0,0.000207,0.000732,0.973392,0.000000,0.000000,0.000000,0.569922,412410.000000,36004.601562,16.416187,37286,36864
xtensor,meeting01_loso,audiomnist,snn-ae,latency,dense,2,1.500000,0.800000,3,44,3555943625641351436,val,0,0.000013,0.000121,0.998324,0.000000,0.000000,0.000000,0.507812,407640.000000,87132.445312,45.151207,37286,36864
xtensor,meeting01_loso,audiomnist,snn-ae,latency,dense,2,1.500000,0.900000,3,44,3555943625641351436,val,0,0.000046,0.004882,0.994072,0.000000,0.000000,0.000000,0.496094,406740.000000,24058.839844,21.711449,37286,36864
xtensor,meeting01_loso,audiomnist,snn-ae,latency,dense,2,1.500000,0.990000,3,44,3555943625641351436,val,0,0.000024,0.002144,0.996971,0.000000,0.000000,0.000000,0.472656,404940.000000,19406.990234,15.672854,37286,36864
xtensor,meeting01_loso,audiomnist,snn-ae,latency,conv1d,2,0.500000,0.800000,3,44,3555943625641351436,val,0,0.000107,0.008617,0.972148,0.000000,0.000000,0.000000,0.511719,407940.000000,32391.611328,18.064304,37286,36864
xtensor,meeting01_loso,audiomnist,snn-ae,latency,conv1d,2,0.500000,0.900000,3,44,3555943625641351436,val,0,0.000136,0.001955,0.964774,0.000000,0.000000,0.000000,0.523477,408843.000000,62485.164062,14.616143,37286,36864
xtensor,meeting01_loso,audiomnist,snn-ae,latency,conv1d,2,0.500000,0.990000,3,44,3555943625641351436,val,0,0.000011,0.000282,0.997052,0.000000,0.000000,0.000000,0.531250,409440.000000,29414.115234,19.730516,37286,36864
xtensor,meeting01_loso,audiomnist,snn-ae,latency,conv1d,2,1.000000,0.800000,3,44,3555943625641351436,val,0,0.000006,0.000651,0.998443,0.000000,0.000000,0.000000,0.531250,409440.000000,27510.283203,26.271828,37286,36864
xtensor,meeting01_loso,audiomnist,snn-ae,latency,conv1d,2,1.000000,0.900000,3,44,3555943625641351436,val,0,0.000005,0.000228,0.998694,0.000000,0.000000,0.000000,0.460938,404040.000000,21218.664062,13.608394,37286,36864
xtensor,meeting01_loso,audiomnist,snn-ae,latency,conv1d,2,1.000000,0.990000,3,44,3555943625641351436,val,0,0.000010,0.000243,0.997521,0.000000,0.000000,0.000000,0.468750,404640.000000,60914.492188,13.565648,37286,36864
xtensor,meeting01_loso,audiomnist,snn-ae,latency,conv1d,2,1.500000,0.800000,3,44,3555943625641351436,val,0,0.000005,0.000033,0.998736,0.000000,0.000000,0.000000,0.562500,411840.000000,73839.851562,181.876358,37286,36864
xtensor,meeting01_loso,audiomnist,snn-ae,latency,conv1d,2,1.500000,0.900000,3,44,3555943625641351436,val,0,0.000034,0.004389,0.991175,0.000000,0.000000,0.000000,0.578125,413040.000000,32639.757812,212.879669,37286,36864
xtensor,meeting01_loso,audiomnist,snn-ae,latency,conv1d,2,1.500000,0.990000,3,44,3555943625641351436,val,0,0.000005,0.000050,0.998678,0.000000,0.000000,0.000000,0.484375,405840.000000,35343.144531,13.195554,37286,36864
xtensor,meeting01_loso,audiomnist,snn-ae,latency,recurrent,2,0.500000,0.800000,3,44,3555943625641351436,val,0,0.000158,0.001001,0.979700,0.000000,0.000000,0.000000,0.492214,406442.000000,234279.609375,1824.972412,37286,36864
xtensor,meeting01_loso,audiomnist,snn-ae,latency,recurrent,2,0.500000,0.900000,3,44,3555943625641351436,val,0,0.000323,0.000834,0.958369,0.000000,0.000000,0.000000,0.480612,405551.000000,225671.515625,1530.514526,37286,36864
xtensor,meeting01_loso,audiomnist,snn-ae,latency,recurrent,2,0.500000,0.990000,3,44,3555943625641351436,val,0,0.000013,0.000300,0.998328,0.000000,0.000000,0.000000,0.507825,407641.000000,138363.453125,2708.917725,37286,36864
xtensor,meeting01_loso,audiomnist,snn-ae,latency,recurrent,2,1.000000,0.800000,3,44,3555943625641351436,val,0,0.000128,0.000593,0.983549,0.000000,0.000000,0.000000,0.507839,407642.000000,466835.281250,4390.299316,37286,36864
xtensor,meeting01_loso,audiomnist,snn-ae,latency,recurrent,2,1.000000,0.900000,3,44,3555943625641351436,val,0,0.001732,0.001862,0.776554,0.000000,0.000000,0.000000,0.453203,403446.000000,445097.031250,1534.610596,37286,36864
xtensor,meeting01_loso,audiomnist,snn-ae,latency,recurrent,2,1.000000,0.990000,3,44,3555943625641351436,val,0,0.000532,0.001267,0.863709,0.000000,0.000000,0.000000,0.496276,406754.000000,155509.093750,1633.137573,37286,36864
xtensor,meeting01_loso,audiomnist,snn-ae,latency,recurrent,2,1.500000,0.800000,3,44,3555943625641351436,val,0,0.000064,0.005307,-3.901286,0.000000,0.000000,0.000000,0.507812,407640.000000,103638.531250,1492.715576,37286,36864
xtensor,meeting01_loso,audiomnist,snn-ae,latency,recurrent,2,1.500000,0.900000,3,44,3555943625641351436,val,0,0.000058,0.005323,-3.477294,0.000000,0.000000,0.000000,0.558594,411540.000000,185479.187500,2222.496826,37286,36864
xtensor,meeting01_loso,audiomnist,snn-ae,latency,recurrent,2,1.500000,0.990000,3,44,3555943625641351436,val,0,0.000029,0.000272,-1.201807,0.000000,0.000000,0.000000,0.535156,409740.000000,173970.515625,5532.560547,37286,36864
xtensor,meeting01_loso,audiomnist,snn-ae,latency,conv1d,2,1.500000,0.800000,3,44,3555943625641351436,test,0,0.000027,0.000094,0.993043,0.000000,0.000000,0.000000,0.550781,580140.000000,154071.140625,27.803217,37286,36864
xtensor,meeting01_loso,audiomnist,lstm-ae,latency,lstm,1,0.000000,0.000000,4,45,3555943625641351436,val,0,0.000043,0.001787,0.994409,0.000000,0.000000,0.000000,0.000000,11842560.000000,1529758.625000,3222.970947,122472,1184256
xtensor,meeting01_loso,audiomnist,lstm-ae,latency,lstm,1,0.000000,0.000000,4,45,3555943625641351436,test,0,0.000046,0.001806,0.994129,0.000000,0.000000,0.000000,0.000000,11842560.000000,0.000000,0.000000,122472,1184256
xtensor,meeting01_loso,audiomnist,gru-ae,latency,gru,1,0.000000,0.000000,4,45,3555943625641351436,val,0,0.000007,0.001732,0.999081,0.000000,0.000000,0.000000,0.000000,8893440.000000,2878122.750000,6653.270020,93032,889344
xtensor,meeting01_loso,audiomnist,gru-ae,latency,gru,1,0.000000,0.000000,4,45,3555943625641351436,test,0,0.000008,0.001752,0.999004,0.000000,0.000000,0.000000,0.000000,8893440.000000,0.000000,0.000000,93032,889344
xtensor,meeting01_loso,audiomnist,transformer-ae,latency,transformer,1,0.000000,0.000000,4,45,3555943625641351436,val,0,0.000020,0.000539,0.997478,0.000000,0.000000,0.000000,0.000000,47554560.000000,316561.312500,1890.816895,139176,4755456
xtensor,meeting01_loso,audiomnist,transformer-ae,latency,transformer,1,0.000000,0.000000,4,45,3555943625641351436,test,0,0.000068,0.000587,0.991348,0.000000,0.000000,0.000000,0.000000,47554560.000000,0.000000,0.000000,139176,4755456
xtensor,meeting01_loso,audiomnist,snn-ae,latency,dense,2,0.500000,0.800000,4,45,3555943625641351436,val,0,0.000021,0.002053,0.997270,0.000000,0.000000,0.000000,0.476562,405240.000000,59083.910156,385.077637,37286,36864
xtensor,meeting01_loso,audiomnist,snn-ae,latency,dense,2,0.500000,0.900000,4,45,3555943625641351436,val,0,0.000545,0.001076,0.929799,0.000000,0.000000,0.000000,0.542917,410336.000000,194682.703125,61.128536,37286,36864
xtensor,meeting01_loso,audiomnist,snn-ae,latency,dense,2,0.500000,0.990000,4,45,3555943625641351436,val,0,0.000013,0.000051,0.998318,0.000000,0.000000,0.000000,0.535156,409740.000000,54399.695312,87.358337,37286,36864
xtensor,meeting01_loso,audiomnist,snn-ae,latency,dense,2,1.000000,0.800000,4,45,3555943625641351436,val,0,0.000000,0.000017,0.999997,0.000000,0.000000,0.000000,0.519297,408522.000000,184074.703125,89.928543,37286,36864
xtensor,meeting01_loso,audiomnist,snn-ae,latency,dense,2,1.000000,0.900000,4,45,3555943625641351436,val,0,0.000027,0.000642,0.996577,0.000000,0.000000,0.000000,0.523359,408834.000000,164286.609375,81.657349,37286,36864
xtensor,meeting01_loso,audiomnist,snn-ae,latency,dense,2,1.000000,0.990000,4,45,3555943625641351436,val,0,0.000455,0.001548,0.941386,0.000000,0.000000,0.000000,0.523542,408848.000000,145900.093750,39.753048,37286,36864
xtensor,meeting01_loso,audiomnist,snn-ae,latency,dense,2,1.500000,0.800000,4,45,3555943625641351436,val,0,0.000002,0.000242,0.999744,0.000000,0.000000,0.000000,0.449414,403155.000000,310144.187500,98.839485,37286,36864
xtensor,meeting01_loso,audiomnist,snn-ae,latency,dense,2,1.500000,0.900000,4,45,3555943625641351436,val,0,0.000921,0.001973,0.881428,0.000000,0.000000,0.000000,0.484414,405843.000000,161438.750000,89.252258,37286,36864
xtensor,meeting01_loso,audiomnist,snn-ae,latency,dense,2,1.500000,0.990000,4,45,3555943625641351436,val,0,0.000112,0.000805,0.985614,0.000000,0.000000,0.000000,0.496003,406733.000000,103626.914062,32.251991,37286,36864
xtensor,meeting01_loso,audiomnist,snn-ae,latency,conv1d,2,0.500000,0.800000,4,45,3555943625641351436,val,0,0.000010,0.001145,0.997381,0.000000,0.000000,0.000000,0.480469,405540.000000,86139.015625,83.920403,37286,36864
xtensor,meeting01_loso,audiomnist,snn-ae,latency,conv1d,2,0.500000,0.900000,4,45,3555943625641351436,val,0,0.000005,0.000132,0.998614,0.000000,0.000000,0.000000,0.460938,404040.000000,100326.515625,39.509174,37286,36864
xtensor,meeting01_loso,audiomnist,snn-ae,latency,conv1d,2,0.500000,0.990000,4,45,3555943625641351436,val,0,0.000013,0.001652,0.996584,0.000000,0.000000,0.000000,0.507812,407640.000000,115174.375000,24.549082,37286,36864
xtensor,meeting01_loso,audiomnist,snn-ae,latency,conv1d,2,1.000000,0.800000,4,45,3555943625641351436,val,0,0.000011,0.001267,0.997089,0.000000,0.000000,0.000000,0.476562,405240.000000,87206.859375,14.968196,37286,36864
xtensor,meeting01_loso,audiomnist,snn-ae,latency,conv1d,2,1.000000,0.900000,4,45,3555943625641351436,val,0,0.000006,0.000538,0.998416,0.000000,0.000000,0.000000,0.523438,408840.000000,30163.802734,15.943590,37286,36864
xtensor,meeting01_loso,audiomnist,snn-ae,latency,conv1d,2,1.000000,0.990000,4,45,3555943625641351436,val,0,0.000007,0.000185,0.998056,0.000000,0.000000,0.000000,0.511719,407940.000000,23412.105469,16.045979,37286,36864
xtensor,meeting01_loso,audiomnist,snn-ae,latency,conv1d,2,1.500000,0.800000,4,45,3555943625641351436,val,0,0.000005,0.000636,0.998581,0.000000,0.000000,0.000000,0.535156,409740.000000,46224.894531,13.364689,37286,36864
xtensor,meeting01_loso,audiomnist,snn-ae,latency,conv1d,2,1.500000,0.900000,4,45,3555943625641351436,val,0,0.000013,0.001979,0.996752,0.000000,0.000000,0.000000,0.523438,408840.000000,24974.796875,16.234901,37286,36864
xtensor,meeting01_loso,audiomnist,snn-ae,latency,conv1d,2,1.500000,0.990000,4,45,3555943625641351436,val,0,0.000010,0.000245,0.997494,0.000000,0.000000,0.000000,0.484375,405840.000000,51608.968750,15.790291,37286,36864
xtensor,meeting01_loso,audiomnist,snn-ae,latency,recurrent,2,0.500000,0.800000,4,45,3555943625641351436,val,0,0.001494,0.001790,0.807547,0.000000,0.000000,0.000000,0.523281,408828.000000,383625.687500,2260.246338,37286,36864
xtensor,meeting01_loso,audiomnist,snn-ae,latency,recurrent,2,0.500000,0.900000,4,45,3555943625641351436,val,0,0.000048,0.000520,0.993872,0.000000,0.000000,0.000000,0.558294,411517.000000,130704.140625,1451.136475,37286,36864
xtensor,meeting01_loso,audiomnist,snn-ae,latency,recurrent,2,0.500000,0.990000,4,45,3555943625641351436,val,0,0.000302,0.000818,0.961153,0.000000,0.000000,0.000000,0.519570,408543.000000,286795.187500,1772.078613,37286,36864
xtensor,meeting01_loso,audiomnist,snn-ae,latency,recurrent,2,1.000000,0.800000,4,45,3555943625641351436,val,0,0.000109,0.000645,0.985884,0.000000,0.000000,0.000000,0.488555,406161.000000,549616.312500,1162.340210,37286,36864
xtensor,meeting01_loso,audiomnist,snn-ae,latency,recurrent,2,1.000000,0.900000,4,45,3555943625641351436,val,0,0.001117,0.001455,0.855877,0.000000,0.000000,0.000000,0.535065,409733.000000,227453.140625,1288.081299,37286,36864
xtensor,meeting01_loso,audiomnist,snn-ae,latency,recurrent,2,1.000000,0.990000,4,45,3555943625641351436,val,0,0.000013,0.000133,0.996663,0.000000,0.000000,0.000000,0.515625,408240.000000,134622.937500,2652.829834,37286,36864
xtensor,meeting01_loso,audiomnist,snn-ae,latency,recurrent,2,1.500000,0.800000,4,45,3555943625641351436,val,0,0.000089,0.007031,-5.837067,0.000000,0.000000,0.000000,0.507812,407640.000000,67273.000000,3559.425293,37286,36864
xtensor,meeting01_loso,audiomnist,snn-ae,latency,recurrent,2,1.500000,0.900000,4,45,3555943625641351436,val,0,0.000060,0.005224,-3.606380,0.000000,0.000000,0.000000,0.519531,408540.000000,74533.421875,2671.614014,37286,36864
xtensor,meeting01_loso,audiomnist,snn-ae,latency,recurrent,2,1.500000,0.990000,4,45,3555943625641351436,val,0,0.000072,0.005986,-4.565391,0.000000,0.000000,0.000000,0.492188,406440.000000,74793.390625,1234.731812,37286,36864
xtensor,meeting01_loso,audiomnist,snn-ae,latency,dense,2,1.000000,0.800000,4,45,3555943625641351436,test,0,0.001069,0.003421,0.863191,0.000000,0.000000,0.000000,0.511612,565099.000000,105100.585938,12.919304,37286,36864
xtensor,meeting01_loso,audiomnist,lstm-ae,latency,lstm,1,0.000000,0.000000,5,46,3555943625641351436,val,0,0.000043,0.001787,0.994409,0.000000,0.000000,0.000000,0.000000,11842560.000000,798406.750000,1966.383301,122472,1184256
xtensor,meeting01_loso,audiomnist,lstm-ae,latency,lstm,1,0.000000,0.000000,5,46,3555943625641351436,test,0,0.000046,0.001806,0.994129,0.000000,0.000000,0.000000,0.000000,11842560.000000,0.000000,0.000000,122472,1184256
xtensor,meeting01_loso,audiomnist,gru-ae,latency,gru,1,0.000000,0.000000,5,46,3555943625641351436,val,0,0.000007,0.001732,0.999081,0.000000,0.000000,0.000000,0.000000,8893440.000000,1061947.750000,4026.837402,93032,889344
xtensor,meeting01_loso,audiomnist,gru-ae,latency,gru,1,0.000000,0.000000,5,46,3555943625641351436,test,0,0.000008,0.001752,0.999004,0.000000,0.000000,0.000000,0.000000,8893440.000000,0.000000,0.000000,93032,889344
xtensor,meeting01_loso,audiomnist,transformer-ae,latency,transformer,1,0.000000,0.000000,5,46,3555943625641351436,val,0,0.000020,0.000539,0.997478,0.000000,0.000000,0.000000,0.000000,47554560.000000,205702.671875,464.302917,139176,4755456
xtensor,meeting01_loso,audiomnist,transformer-ae,latency,transformer,1,0.000000,0.000000,5,46,3555943625641351436,test,0,0.000068,0.000587,0.991348,0.000000,0.000000,0.000000,0.000000,47554560.000000,0.000000,0.000000,139176,4755456
xtensor,meeting01_loso,audiomnist,snn-ae,latency,dense,2,0.500000,0.800000,5,46,3555943625641351436,val,0,0.000233,0.000781,0.969978,0.000000,0.000000,0.000000,0.472630,404938.000000,32027.021484,10.788306,37286,36864
xtensor,meeting01_loso,audiomnist,snn-ae,latency,dense,2,0.500000,0.900000,5,46,3555943625641351436,val,0,0.000453,0.000985,0.941642,0.000000,0.000000,0.000000,0.527266,409134.000000,29713.250000,11.479669,37286,36864
xtensor,meeting01_loso,audiomnist,snn-ae,latency,dense,2,0.500000,0.990000,5,46,3555943625641351436,val,0,0.000967,0.001417,0.875399,0.000000,0.000000,0.000000,0.550508,410919.000000,31666.279297,11.404380,37286,36864
xtensor,meeting01_loso,audiomnist,snn-ae,latency,dense,2,1.000000,0.800000,5,46,3555943625641351436,val,0,0.000145,0.000568,0.981334,0.000000,0.000000,0.000000,0.457122,403747.000000,34475.343750,11.721462,37286,36864
xtensor,meeting01_loso,audiomnist,snn-ae,latency,dense,2,1.000000,0.900000,5,46,3555943625641351436,val,0,0.000058,0.000706,0.992544,0.000000,0.000000,0.000000,0.523372,408835.000000,28332.505859,11.934269,37286,36864
xtensor,meeting01_loso,audiomnist,snn-ae,latency,dense,2,1.000000,0.990000,5,46,3555943625641351436,val,0,0.000065,0.006178,0.991625,0.000000,0.000000,0.000000,0.523438,408840.000000,10169.761719,61.301872,37286,36864
xtensor,meeting01_loso,audiomnist,snn-ae,latency,dense,2,1.500000,0.800000,5,46,3555943625641351436,val,0,0.000013,0.000021,0.998321,0.000000,0.000000,0.000000,0.453125,403440.000000,85720.484375,13.494044,37286,36864
xtensor,meeting01_loso,audiomnist,snn-ae,latency,dense,2,1.500000,0.900000,5,46,3555943625641351436,val,0,0.000008,0.002247,0.998955,0.000000,0.000000,0.000000,0.496055,406737.000000,53607.535156,24.395494,37286,36864
xtensor,meeting01_loso,audiomnist,snn-ae,latency,dense,2,1.500000,0.990000,5,46,3555943625641351436,val,0,0.000434,0.000967,0.944147,0.000000,0.000000,0.000000,0.527487,409151.000000,83530.132812,26.691120,37286,36864
xtensor,meeting01_loso,audiomnist,snn-ae,latency,conv1d,2,0.500000,0.800000,5,46,3555943625641351436,val,0,0.000005,0.000055,0.998736,0.000000,0.000000,0.000000,0.507812,407640.000000,23995.201172,14.112771,37286,36864
xtensor,meeting01_loso,audiomnist,snn-ae,latency,conv1d,2,0.500000,0.900000,5,46,3555943625641351436,val,0,0.000003,0.000279,0.999343,0.000000,0.000000,0.000000,0.546823,410636.000000,30732.355469,14.005983,37286,36864
xtensor,meeting01_loso,audiomnist,snn-ae,latency,conv1d,2,0.500000,0.990000,5,46,3555943625641351436,val,0,0.000000,0.000012,0.999909,0.000000,0.000000,0.000000,0.472799,404951.000000,42349.031250,55.534138,37286,36864
xtensor,meeting01_loso,audiomnist,snn-ae,latency,conv1d,2,1.000000,0.800000,5,46,3555943625641351436,val,0,0.000006,0.000627,0.998405,0.000000,0.000000,0.000000,0.484375,405840.000000,24694.130859,12.773766,37286,36864
xtensor,meeting01_loso,audiomnist,snn-ae,latency,conv1d,2,1.000000,0.900000,5,46,3555943625641351436,val,0,0.000005,0.000100,0.998717,0.000000,0.000000,0.000000,0.515625,408240.000000,23877.105469,12.817557,37286,36864
xtensor,meeting01_loso,audiomnist,snn-ae,latency,conv1d,2,1.000000,0.990000,5,46,3555943625641351436,val,0,0.000008,0.000360,0.997876,0.000000,0.000000,0.000000,0.562500,411840.000000,47384.511719,90.642853,37286,36864
xtensor,meeting01_loso,audiomnist,snn-ae,latency,conv1d,2,1.500000,0.800000,5,46,3555943625641351436,val,0,0.000005,0.000034,0.998734,0.000000,0.000000,0.000000,0.527344,409140.000000,57519.031250,18.340010,37286,36864
xtensor,meeting01_loso,audiomnist,snn-ae,latency,conv1d,2,1.500000,0.900000,5,46,3555943625641351436,val,0,0.000007,0.000953,0.998177,0.000000,0.000000,0.000000,0.468750,404640.000000,32933.402344,23.951019,37286,36864
xtensor,meeting01_loso,audiomnist,snn-ae,latency,conv1d,2,1.500000,0.990000,5,46,3555943625641351436,val,0,0.000018,0.000409,0.995358,0.000000,0.000000,0.000000,0.539062,410040.000000,51184.597656,19.199949,37286,36864
xtensor,meeting01_loso,audiomnist,snn-ae,latency,recurrent,2,0.500000,0.800000,5,46,3555943625641351436,val,0,0.000141,0.000586,0.981856,0.000000,0.000000,0.000000,0.515573,408236.000000,280996.093750,2052.211426,37286,36864
xtensor,meeting01_loso,audiomnist,snn-ae,latency,recurrent,2,0.500000,0.900000,5,46,3555943625641351436,val,0,0.000514,0.001007,0.933829,0.000000,0.000000,0.000000,0.449453,403158.000000,326580.562500,1387.575317,37286,36864
xtensor,meeting01_loso,audiomnist,snn-ae,latency,recurrent,2,0.500000,0.990000,5,46,3555943625641351436,val,0,0.000209,0.000657,0.973116,0.000000,0.000000,0.000000,0.433685,401947.000000,268447.781250,1377.395508,37286,36864
xtensor,meeting01_loso,audiomnist,snn-ae,latency,recurrent,2,1.000000,0.800000,5,46,3555943625641351436,val,0,0.000041,0.000483,0.994705,0.000000,0.000000,0.000000,0.538945,410031.000000,179925.578125,1415.465942,37286,36864
xtensor,meeting01_loso,audiomnist,snn-ae,latency,recurrent,2,1.000000,0.900000,5,46,3555943625641351436,val,0,0.000781,0.001323,0.899196,0.000000,0.000000,0.000000,0.492279,406447.000000,196955.781250,1928.655273,37286,36864
xtensor,meeting01_loso,audiomnist,snn-ae,latency,recurrent,2,1.000000,0.990000,5,46,3555943625641351436,val,0,0.000919,0.001361,0.764674,0.000000,0.000000,0.000000,0.464857,404341.000000,613876.687500,4338.433594,37286,36864
xtensor,meeting01_loso,audiomnist,snn-ae,latency,recurrent,2,1.500000,0.800000,5,46,3555943625641351436,val,0,0.000138,0.008849,-9.602549,0.000000,0.000000,0.000000,0.464844,404340.000000,134611.281250,1134.154053,37286,36864
xtensor,meeting01_loso,audiomnist,snn-ae,latency,recurrent,2,1.500000,0.900000,5,46,3555943625641351436,val,0,0.000080,0.006596,-5.168705,0.000000,0.000000,0.000000,0.503906,407340.000000,153312.281250,1257.896973,37286,36864
xtensor,meeting01_loso,audiomnist,snn-ae,latency,recurrent,2,1.500000,0.990000,5,46,3555943625641351436,val,0,0.000029,0.000274,-1.197928,0.000000,0.000000,0.000000,0.531250,409440.000000,232310.453125,3484.222900,37286,36864
xtensor,meeting01_loso,audiomnist,snn-ae,latency,conv1d,2,0.500000,0.990000,5,46,3555943625641351436,test,0,0.000027,0.000207,0.993046,0.000000,0.000000,0.000000,0.535156,574140.000000,1558516.750000,104.875999,37286,36864
