backend,profile,dataset,model,encoding,architecture,layers,v_th,alpha,run,seed,config_hash,split,cv_fold,mse,mae,r2,precision,recall,f1,spike_rate,energy,train_ms,infer_ms,param_count,macs
xtensor,meeting01_loso,fsdd,lstm-ae,direct,lstm,1,0.000000,0.000000,1,42,1327769346908022152,val,3,0.013795,0.060463,0.986206,0.000000,0.000000,0.000000,0.000000,11842560.000000,832071.125000,1629.494873,122472,1184256
xtensor,meeting01_loso,fsdd,lstm-ae,direct,lstm,1,0.000000,0.000000,1,42,1327769346908022152,test,3,1.280855,0.684370,-0.280755,0.000000,0.000000,0.000000,0.000000,11842560.000000,0.000000,0.000000,122472,1184256
xtensor,meeting01_loso,fsdd,gru-ae,direct,gru,1,0.000000,0.000000,1,42,1327769346908022152,val,3,0.012556,0.056844,0.987444,0.000000,0.000000,0.000000,0.000000,8893440.000000,597615.187500,2891.489746,93032,889344
xtensor,meeting01_loso,fsdd,gru-ae,direct,gru,1,0.000000,0.000000,1,42,1327769346908022152,test,3,1.326848,0.691100,-0.326773,0.000000,0.000000,0.000000,0.000000,8893440.000000,0.000000,0.000000,93032,889344
xtensor,meeting01_loso,fsdd,transformer-ae,direct,transformer,1,0.000000,0.000000,1,42,1327769346908022152,val,3,0.012748,0.055913,0.987252,0.000000,0.000000,0.000000,0.000000,47554560.000000,149432.687500,440.823608,139176,4755456
xtensor,meeting01_loso,fsdd,transformer-ae,direct,transformer,1,0.000000,0.000000,1,42,1327769346908022152,test,3,1.016620,0.648877,-0.016520,0.000000,0.000000,0.000000,0.000000,47554560.000000,0.000000,0.000000,139176,4755456
xtensor,meeting01_loso,fsdd,snn-ae,direct,dense,2,0.500000,0.800000,1,42,1327769346908022152,val,3,0.010666,0.062477,0.989334,0.000000,0.000000,0.000000,0.051784,372617.000000,8948.641602,10.953950,37286,36864
xtensor,meeting01_loso,fsdd,snn-ae,direct,dense,2,0.500000,0.900000,1,42,1327769346908022152,val,3,0.011815,0.058117,0.988185,0.000000,0.000000,0.000000,0.050781,372540.000000,8897.597656,11.753985,37286,36864
xtensor,meeting01_loso,fsdd,snn-ae,direct,dense,2,0.500000,0.990000,1,42,1327769346908022152,val,3,0.015266,0.067364,0.984734,0.000000,0.000000,0.000000,0.060195,373263.000000,7700.172363,11.199652,37286,36864
xtensor,meeting01_loso,fsdd,snn-ae,direct,dense,2,1.000000,0.800000,1,42,1327769346908022152,val,3,0.010673,0.054683,0.989327,0.000000,0.000000,0.000000,0.054505,372826.000000,7678.971191,25.069906,37286,36864
xtensor,meeting01_loso,fsdd,snn-ae,direct,dense,2,1.000000,0.900000,1,42,1327769346908022152,val,3,0.013339,0.073062,0.986661,0.000000,0.000000,0.000000,0.061966,373399.000000,8973.454102,11.042159,37286,36864
xtensor,meeting01_loso,fsdd,snn-ae,direct,dense,2,1.000000,0.990000,1,42,1327769346908022152,val,3,0.013302,0.064257,0.986698,0.000000,0.000000,0.000000,0.053555,372753.000000,9005.929688,11.118915,37286,36864
xtensor,meeting01_loso,fsdd,snn-ae,direct,dense,2,1.500000,0.800000,1,42,1327769346908022152,val,3,0.014534,0.069943,0.985466,0.000000,0.000000,0.000000,0.060182,373262.000000,8129.311035,11.909871,37286,36864
xtensor,meeting01_loso,fsdd,snn-ae,direct,dense,2,1.500000,0.900000,1,42,1327769346908022152,val,3,0.014757,0.075978,0.985243,0.000000,0.000000,0.000000,0.064740,373612.000000,9302.449219,24.397680,37286,36864
xtensor,meeting01_loso,fsdd,snn-ae,direct,dense,2,1.500000,0.990000,1,42,1327769346908022152,val,3,0.013526,0.060500,0.986474,0.000000,0.000000,0.000000,0.056146,372952.000000,7886.717285,11.703349,37286,36864
xtensor,meeting01_loso,fsdd,snn-ae,direct,conv1d,2,0.500000,0.800000,1,42,1327769346908022152,val,3,0.007783,0.051972,0.989372,0.000000,0.000000,0.000000,0.081042,374864.000000,9096.082031,13.765212,37286,36864
xtensor,meeting01_loso,fsdd,snn-ae,direct,conv1d,2,0.500000,0.900000,1,42,1327769346908022152,val,3,0.006561,0.038801,0.991041,0.000000,0.000000,0.000000,0.076927,374548.000000,34390.343750,28.000248,37286,36864
xtensor,meeting01_loso,fsdd,snn-ae,direct,conv1d,2,0.500000,0.990000,1,42,1327769346908022152,val,3,0.012926,0.073879,0.982349,0.000000,0.000000,0.000000,0.096979,376088.000000,9348.036133,12.288552,37286,36864
xtensor,meeting01_loso,fsdd,snn-ae,direct,conv1d,2,1.000000,0.800000,1,42,1327769346908022152,val,3,0.009888,0.055262,0.986497,0.000000,0.000000,0.000000,0.082253,374957.000000,9164.184570,12.483270,37286,36864
xtensor,meeting01_loso,fsdd,snn-ae,direct,conv1d,2,1.000000,0.900000,1,42,1327769346908022152,val,3,0.009161,0.060464,0.987490,0.000000,0.000000,0.000000,0.081628,374909.000000,9232.351562,16.239979,37286,36864
xtensor,meeting01_loso,fsdd,snn-ae,direct,conv1d,2,1.000000,0.990000,1,42,1327769346908022152,val,3,0.008235,0.050307,0.988755,0.000000,0.000000,0.000000,0.077266,374574.000000,15095.289062,12.509949,37286,36864
xtensor,meeting01_loso,fsdd,snn-ae,direct,conv1d,2,1.500000,0.800000,1,42,1327769346908022152,val,3,0.008736,0.048533,0.988070,0.000000,0.000000,0.000000,0.083464,375050.000000,8115.793457,12.231072,37286,36864
xtensor,meeting01_loso,fsdd,snn-ae,direct,conv1d,2,1.500000,0.900000,1,42,1327769346908022152,val,3,0.008740,0.050631,0.988065,0.000000,0.000000,0.000000,0.082617,374985.000000,19465.376953,11.849528,37286,36864
xtensor,meeting01_loso,fsdd,snn-ae,direct,conv1d,2,1.500000,0.990000,1,42,1327769346908022152,val,3,0.011448,0.068895,0.984367,0.000000,0.000000,0.000000,0.091341,375655.000000,9192.835938,12.339536,37286,36864
xtensor,meeting01_loso,fsdd,snn-ae,direct,recurrent,2,0.500000,0.800000,1,42,1327769346908022152,val,3,0.001503,0.008772,0.983644,0.000000,0.000000,0.000000,0.597422,414522.000000,65086.175781,902.364380,37286,36864
xtensor,meeting01_loso,fsdd,snn-ae,direct,recurrent,2,0.500000,0.900000,1,42,1327769346908022152,val,3,0.001031,0.010622,0.990336,0.000000,0.000000,0.000000,0.566758,412167.000000,45129.445312,885.972778,37286,36864
xtensor,meeting01_loso,fsdd,snn-ae,direct,recurrent,2,0.500000,0.990000,1,42,1327769346908022152,val,3,0.000304,0.003318,0.998273,0.000000,0.000000,0.000000,0.615547,415914.000000,70501.671875,876.899048,37286,36864
xtensor,meeting01_loso,fsdd,snn-ae,direct,recurrent,2,1.000000,0.800000,1,42,1327769346908022152,val,3,0.001341,0.014337,0.982278,0.000000,0.000000,0.000000,0.482148,405669.000000,59406.960938,828.303772,37286,36864
xtensor,meeting01_loso,fsdd,snn-ae,direct,recurrent,2,1.000000,0.900000,1,42,1327769346908022152,val,3,0.001203,0.013796,0.986826,0.000000,0.000000,0.000000,0.531706,409475.000000,70035.218750,815.864563,37286,36864
xtensor,meeting01_loso,fsdd,snn-ae,direct,recurrent,2,1.000000,0.990000,1,42,1327769346908022152,val,3,0.001749,0.008031,0.986115,0.000000,0.000000,0.000000,0.518516,408462.000000,112277.125000,824.330200,37286,36864
xtensor,meeting01_loso,fsdd,snn-ae,direct,recurrent,2,1.500000,0.800000,1,42,1327769346908022152,val,3,0.001555,0.007073,0.976141,0.000000,0.000000,0.000000,0.413763,400417.000000,79910.992188,867.128784,37286,36864
xtensor,meeting01_loso,fsdd,snn-ae,direct,recurrent,2,1.500000,0.900000,1,42,1327769346908022152,val,3,0.000802,0.002352,0.989371,0.000000,0.000000,0.000000,0.492461,406461.000000,69495.789062,994.684875,37286,36864
xtensor,meeting01_loso,fsdd,snn-ae,direct,recurrent,2,1.500000,0.990000,1,42,1327769346908022152,val,3,0.002974,0.018126,0.969504,0.000000,0.000000,0.000000,0.537057,409886.000000,91192.617188,861.947021,37286,36864
xtensor,meeting01_loso,fsdd,snn-ae,direct,recurrent,2,0.500000,0.990000,1,42,1327769346908022152,test,3,0.143681,0.194655,-0.056472,0.000000,0.000000,0.000000,0.629164,610239.000000,78983.648438,906.448425,37286,36864
xtensor,meeting01_loso,fsdd,lstm-ae,direct,lstm,1,0.000000,0.000000,2,43,1327769346908022152,val,3,0.013795,0.060463,0.986206,0.000000,0.000000,0.000000,0.000000,11842560.000000,539516.375000,1834.239380,122472,1184256
xtensor,meeting01_loso,fsdd,lstm-ae,direct,lstm,1,0.000000,0.000000,2,43,1327769346908022152,test,3,1.280855,0.684370,-0.280755,0.000000,0.000000,0.000000,0.000000,11842560.000000,0.000000,0.000000,122472,1184256
xtensor,meeting01_loso,fsdd,gru-ae,direct,gru,1,0.000000,0.000000,2,43,1327769346908022152,val,3,0.012556,0.056844,0.987444,0.000000,0.000000,0.000000,0.000000,8893440.000000,510269.125000,2796.137695,93032,889344
xtensor,meeting01_loso,fsdd,gru-ae,direct,gru,1,0.000000,0.000000,2,43,1327769346908022152,test,3,1.326848,0.691100,-0.326773,0.000000,0.000000,0.000000,0.000000,8893440.000000,0.000000,0.000000,93032,889344
xtensor,meeting01_loso,fsdd,transformer-ae,direct,transformer,1,0.000000,0.000000,2,43,1327769346908022152,val,3,0.012748,0.055913,0.987252,0.000000,0.000000,0.000000,0.000000,47554560.000000,150868.281250,445.962616,139176,4755456
xtensor,meeting01_loso,fsdd,transformer-ae,direct,transformer,1,0.000000,0.000000,2,43,1327769346908022152,test,3,1.016620,0.648877,-0.016520,0.000000,0.000000,0.000000,0.000000,47554560.000000,0.000000,0.000000,139176,4755456
xtensor,meeting01_loso,fsdd,snn-ae,direct,dense,2,0.500000,0.800000,2,43,1327769346908022152,val,3,0.020390,0.089755,0.979610,0.000000,0.000000,0.000000,0.082148,374949.000000,8828.535156,11.507863,37286,36864
xtensor,meeting01_loso,fsdd,snn-ae,direct,dense,2,0.500000,0.900000,2,43,1327769346908022152,val,3,0.012118,0.059742,0.987882,0.000000,0.000000,0.000000,0.055013,372865.000000,9066.662109,11.042298,37286,36864
xtensor,meeting01_loso,fsdd,snn-ae,direct,dense,2,0.500000,0.990000,2,43,1327769346908022152,val,3,0.016119,0.080116,0.983881,0.000000,0.000000,0.000000,0.059466,373207.000000,9295.101562,11.244351,37286,36864
xtensor,meeting01_loso,fsdd,snn-ae,direct,dense,2,1.000000,0.800000,2,43,1327769346908022152,val,3,0.014291,0.069888,0.985709,0.000000,0.000000,0.000000,0.062656,373452.000000,7783.086914,11.132046,37286,36864
xtensor,meeting01_loso,fsdd,snn-ae,direct,dense,2,1.000000,0.900000,2,43,1327769346908022152,val,3,0.012397,0.057812,0.987603,0.000000,0.000000,0.000000,0.050221,372497.000000,7906.760742,11.239601,37286,36864
xtensor,meeting01_loso,fsdd,snn-ae,direct,dense,2,1.000000,0.990000,2,43,1327769346908022152,val,3,0.011965,0.053833,0.988034,0.000000,0.000000,0.000000,0.049206,372419.000000,17096.998047,11.190852,37286,36864
xtensor,meeting01_loso,fsdd,snn-ae,direct,dense,2,1.500000,0.800000,2,43,1327769346908022152,val,3,0.021288,0.097375,0.978712,0.000000,0.000000,0.000000,0.098398,376197.000000,7521.547852,11.226611,37286,36864
xtensor,meeting01_loso,fsdd,snn-ae,direct,dense,2,1.500000,0.900000,2,43,1327769346908022152,val,3,0.015865,0.084466,0.984135,0.000000,0.000000,0.000000,0.070521,374056.000000,9070.148438,10.955975,37286,36864
xtensor,meeting01_loso,fsdd,snn-ae,direct,dense,2,1.500000,0.990000,2,43,1327769346908022152,val,3,0.021129,0.101759,0.978871,0.000000,0.000000,0.000000,0.090039,375555.000000,8081.079590,11.011359,37286,36864
xtensor,meeting01_loso,fsdd,snn-ae,direct,conv1d,2,0.500000,0.800000,2,43,1327769346908022152,val,3,0.011273,0.044604,0.984605,0.000000,0.000000,0.000000,0.087148,375333.000000,31434.066406,12.652426,37286,36864
xtensor,meeting01_loso,fsdd,snn-ae,direct,conv1d,2,0.500000,0.900000,2,43,1327769346908022152,val,3,0.007537,0.046749,0.989707,0.000000,0.000000,0.000000,0.080599,374830.000000,8982.838867,12.845328,37286,36864
xtensor,meeting01_loso,fsdd,snn-ae,direct,conv1d,2,0.500000,0.990000,2,43,1327769346908022152,val,3,0.006681,0.040874,0.990876,0.000000,0.000000,0.000000,0.075013,374401.000000,34339.574219,12.427466,37286,36864
xtensor,meeting01_loso,fsdd,snn-ae,direct,conv1d,2,1.000000,0.800000,2,43,1327769346908022152,val,3,0.009710,0.053339,0.986740,0.000000,0.000000,0.000000,0.083281,375036.000000,8860.726562,12.396177,37286,36864
xtensor,meeting01_loso,fsdd,snn-ae,direct,conv1d,2,1.000000,0.900000,2,43,1327769346908022152,val,3,0.007317,0.045585,0.990008,0.000000,0.000000,0.000000,0.078216,374647.000000,9162.899414,12.226881,37286,36864
xtensor,meeting01_loso,fsdd,snn-ae,direct,conv1d,2,1.000000,0.990000,2,43,1327769346908022152,val,3,0.007657,0.046967,0.989544,0.000000,0.000000,0.000000,0.078737,374687.000000,8919.827148,11.779267,37286,36864
xtensor,meeting01_loso,fsdd,snn-ae,direct,conv1d,2,1.500000,0.800000,2,43,1327769346908022152,val,3,0.012149,0.046866,0.983410,0.000000,0.000000,0.000000,0.086966,375319.000000,34094.480469,11.910429,37286,36864
xtensor,meeting01_loso,fsdd,snn-ae,direct,conv1d,2,1.500000,0.900000,2,43,1327769346908022152,val,3,0.013150,0.048403,0.982043,0.000000,0.000000,0.000000,0.087292,375344.000000,34358.109375,25.717615,37286,36864
xtensor,meeting01_loso,fsdd,snn-ae,direct,conv1d,2,1.500000,0.990000,2,43,1327769346908022152,val,3,0.008579,0.055748,0.988284,0.000000,0.000000,0.000000,0.076159,374489.000000,16532.357422,12.721220,37286,36864
xtensor,meeting01_loso,fsdd,snn-ae,direct,recurrent,2,0.500000,0.800000,2,43,1327769346908022152,val,3,0.001893,0.008835,0.979393,0.000000,0.000000,0.000000,0.549648,410853.000000,97474.085938,882.866211,37286,36864
xtensor,meeting01_loso,fsdd,snn-ae,direct,recurrent,2,0.500000,0.900000,2,43,1327769346908022152,val,3,0.001336,0.011619,0.987476,0.000000,0.000000,0.000000,0.370352,397083.000000,65101.527344,825.217834,37286,36864
xtensor,meeting01_loso,fsdd,snn-ae,direct,recurrent,2,0.500000,0.990000,2,43,1327769346908022152,val,3,0.000314,0.005532,0.998212,0.000000,0.000000,0.000000,0.569128,412349.000000,65532.621094,968.717224,37286,36864
xtensor,meeting01_loso,fsdd,snn-ae,direct,recurrent,2,1.000000,0.800000,2,43,1327769346908022152,val,3,0.001403,0.008415,0.981464,0.000000,0.000000,0.000000,0.518190,408437.000000,97076.476562,908.745178,37286,36864
xtensor,meeting01_loso,fsdd,snn-ae,direct,recurrent,2,1.000000,0.900000,2,43,1327769346908022152,val,3,0.000745,0.006273,0.991845,0.000000,0.000000,0.000000,0.504128,407357.000000,43311.996094,846.048401,37286,36864
xtensor,meeting01_loso,fsdd,snn-ae,direct,recurrent,2,1.000000,0.990000,2,43,1327769346908022152,val,3,0.002415,0.008836,0.980826,0.000000,0.000000,0.000000,0.567148,412197.000000,107456.140625,893.088684,37286,36864
xtensor,meeting01_loso,fsdd,snn-ae,direct,recurrent,2,1.500000,0.800000,2,43,1327769346908022152,val,3,0.000870,0.004871,0.986649,0.000000,0.000000,0.000000,0.474635,405092.000000,71426.835938,844.853333,37286,36864
xtensor,meeting01_loso,fsdd,snn-ae,direct,recurrent,2,1.500000,0.900000,2,43,1327769346908022152,val,3,0.000269,0.001961,0.996434,0.000000,0.000000,0.000000,0.418646,400792.000000,59529.511719,868.162476,37286,36864
xtensor,meeting01_loso,fsdd,snn-ae,direct,recurrent,2,1.500000,0.990000,2,43,1327769346908022152,val,3,0.001556,0.009860,0.984042,0.000000,0.000000,0.000000,0.594362,414287.000000,85536.820312,927.466248,37286,36864
xtensor,meeting01_loso,fsdd,snn-ae,direct,recurrent,2,1.500000,0.900000,2,43,1327769346908022152,test,3,0.238265,0.279685,-1.631035,0.000000,0.000000,0.000000,0.568435,586919.000000,139474.937500,917.341675,37286,36864
xtensor,meeting01_loso,fsdd,lstm-ae,direct,lstm,1,0.000000,0.000000,3,44,1327769346908022152,val,3,0.013795,0.060463,0.986206,0.000000,0.000000,0.000000,0.000000,11842560.000000,547708.000000,1737.921509,122472,1184256
xtensor,meeting01_loso,fsdd,lstm-ae,direct,lstm,1,0.000000,0.000000,3,44,1327769346908022152,test,3,1.280855,0.684370,-0.280755,0.000000,0.000000,0.000000,0.000000,11842560.000000,0.000000,0.000000,122472,1184256
xtensor,meeting01_loso,fsdd,gru-ae,direct,gru,1,0.000000,0.000000,3,44,1327769346908022152,val,3,0.012556,0.056844,0.987444,0.000000,0.000000,0.000000,0.000000,8893440.000000,504064.406250,2807.266846,93032,889344
xtensor,meeting01_loso,fsdd,gru-ae,direct,gru,1,0.000000,0.000000,3,44,1327769346908022152,test,3,1.326848,0.691100,-0.326773,0.000000,0.000000,0.000000,0.000000,8893440.000000,0.000000,0.000000,93032,889344
xtensor,meeting01_loso,fsdd,transformer-ae,direct,transformer,1,0.000000,0.000000,3,44,1327769346908022152,val,3,0.012748,0.055913,0.987252,0.000000,0.000000,0.000000,0.000000,47554560.000000,153703.296875,461.196594,139176,4755456
xtensor,meeting01_loso,fsdd,transformer-ae,direct,transformer,1,0.000000,0.000000,3,44,1327769346908022152,test,3,1.016620,0.648877,-0.016520,0.000000,0.000000,0.000000,0.000000,47554560.000000,0.000000,0.000000,139176,4755456
xtensor,meeting01_loso,fsdd,snn-ae,direct,dense,2,0.500000,0.800000,3,44,1327769346908022152,val,3,0.017788,0.088907,0.982212,0.000000,0.000000,0.000000,0.067422,373818.000000,9109.351562,11.865173,37286,36864
xtensor,meeting01_loso,fsdd,snn-ae,direct,dense,2,0.500000,0.900000,3,44,1327769346908022152,val,3,0.018597,0.090820,0.981403,0.000000,0.000000,0.000000,0.076706,374531.000000,7838.844727,28.908537,37286,36864
xtensor,meeting01_loso,fsdd,snn-ae,direct,dense,2,0.500000,0.990000,3,44,1327769346908022152,val,3,0.013149,0.058843,0.986851,0.000000,0.000000,0.000000,0.056836,373005.000000,9156.961914,11.945490,37286,36864
xtensor,meeting01_loso,fsdd,snn-ae,direct,dense,2,1.000000,0.800000,3,44,1327769346908022152,val,3,0.013972,0.072510,0.986028,0.000000,0.000000,0.000000,0.061888,373393.000000,9075.154297,11.431876,37286,36864
xtensor,meeting01_loso,fsdd,snn-ae,direct,dense,2,1.000000,0.900000,3,44,1327769346908022152,val,3,0.016501,0.086690,0.983499,0.000000,0.000000,0.000000,0.075794,374461.000000,7808.747070,11.737432,37286,36864
xtensor,meeting01_loso,fsdd,snn-ae,direct,dense,2,1.000000,0.990000,3,44,1327769346908022152,val,3,0.011823,0.052059,0.988177,0.000000,0.000000,0.000000,0.049440,372437.000000,16735.460938,10.975531,37286,36864
xtensor,meeting01_loso,fsdd,snn-ae,direct,dense,2,1.500000,0.800000,3,44,1327769346908022152,val,3,0.020088,0.094281,0.979911,0.000000,0.000000,0.000000,0.094128,375869.000000,7687.311035,10.873981,37286,36864
xtensor,meeting01_loso,fsdd,snn-ae,direct,dense,2,1.500000,0.900000,3,44,1327769346908022152,val,3,0.014477,0.075890,0.985523,0.000000,0.000000,0.000000,0.063841,373543.000000,7801.725586,10.754273,37286,36864
xtensor,meeting01_loso,fsdd,snn-ae,direct,dense,2,1.500000,0.990000,3,44,1327769346908022152,val,3,0.019165,0.084670,0.980835,0.000000,0.000000,0.000000,0.053906,372780.000000,12263.788086,10.890883,37286,36864
xtensor,meeting01_loso,fsdd,snn-ae,direct,conv1d,2,0.500000,0.800000,3,44,1327769346908022152,val,3,0.007974,0.044635,0.989110,0.000000,0.000000,0.000000,0.081810,374923.000000,22787.230469,12.589010,37286,36864
xtensor,meeting01_loso,fsdd,snn-ae,direct,conv1d,2,0.500000,0.900000,3,44,1327769346908022152,val,3,0.014407,0.080980,0.980325,0.000000,0.000000,0.000000,0.098659,376217.000000,9100.568359,13.119945,37286,36864
xtensor,meeting01_loso,fsdd,snn-ae,direct,conv1d,2,0.500000,0.990000,3,44,1327769346908022152,val,3,0.008052,0.049606,0.989004,0.000000,0.000000,0.000000,0.077240,374572.000000,17329.789062,12.245808,37286,36864
xtensor,meeting01_loso,fsdd,snn-ae,direct,conv1d,2,1.000000,0.800000,3,44,1327769346908022152,val,3,0.012155,0.073040,0.983402,0.000000,0.000000,0.000000,0.097786,376150.000000,9000.333008,12.437734,37286,36864
xtensor,meeting01_loso,fsdd,snn-ae,direct,conv1d,2,1.000000,0.900000,3,44,1327769346908022152,val,3,0.008217,0.047005,0.988779,0.000000,0.000000,0.000000,0.086107,375253.000000,9003.670898,12.001502,37286,36864
xtensor,meeting01_loso,fsdd,snn-ae,direct,conv1d,2,1.000000,0.990000,3,44,1327769346908022152,val,3,0.007495,0.046376,0.989765,0.000000,0.000000,0.000000,0.076497,374515.000000,9221.439453,12.171637,37286,36864
xtensor,meeting01_loso,fsdd,snn-ae,direct,conv1d,2,1.500000,0.800000,3,44,1327769346908022152,val,3,0.018655,0.091130,0.974524,0.000000,0.000000,0.000000,0.111276,377186.000000,9019.485352,12.285130,37286,36864
xtensor,meeting01_loso,fsdd,snn-ae,direct,conv1d,2,1.500000,0.900000,3,44,1327769346908022152,val,3,0.010032,0.059269,0.986301,0.000000,0.000000,0.000000,0.095156,375948.000000,7846.244629,12.086221,37286,36864
xtensor,meeting01_loso,fsdd,snn-ae,direct,conv1d,2,1.500000,0.990000,3,44,1327769346908022152,val,3,0.008498,0.054550,0.988396,0.000000,0.000000,0.000000,0.079544,374749.000000,9063.303711,29.353636,37286,36864
xtensor,meeting01_loso,fsdd,snn-ae,direct,recurrent,2,0.500000,0.800000,3,44,1327769346908022152,val,3,0.001452,0.009906,0.984194,0.000000,0.000000,0.000000,0.504896,407416.000000,65559.406250,898.119202,37286,36864
xtensor,meeting01_loso,fsdd,snn-ae,direct,recurrent,2,0.500000,0.900000,3,44,1327769346908022152,val,3,0.001250,0.007777,0.988279,0.000000,0.000000,0.000000,0.513763,408097.000000,60282.117188,863.159607,37286,36864
xtensor,meeting01_loso,fsdd,snn-ae,direct,recurrent,2,0.500000,0.990000,3,44,1327769346908022152,val,3,0.000560,0.004240,0.996813,0.000000,0.000000,0.000000,0.627214,416810.000000,70481.781250,913.546387,37286,36864
xtensor,meeting01_loso,fsdd,snn-ae,direct,recurrent,2,1.000000,0.800000,3,44,1327769346908022152,val,3,0.001078,0.008511,0.985755,0.000000,0.000000,0.000000,0.370612,397103.000000,65032.574219,838.259888,37286,36864
xtensor,meeting01_loso,fsdd,snn-ae,direct,recurrent,2,1.000000,0.900000,3,44,1327769346908022152,val,3,0.000493,0.001837,0.994605,0.000000,0.000000,0.000000,0.554844,411252.000000,109278.789062,905.288330,37286,36864
xtensor,meeting01_loso,fsdd,snn-ae,direct,recurrent,2,1.000000,0.990000,3,44,1327769346908022152,val,3,0.003986,0.024484,0.968344,0.000000,0.000000,0.000000,0.555326,411289.000000,129304.914062,847.253174,37286,36864
xtensor,meeting01_loso,fsdd,snn-ae,direct,recurrent,2,1.500000,0.800000,3,44,1327769346908022152,val,3,0.001595,0.006720,0.975534,0.000000,0.000000,0.000000,0.419870,400886.000000,129878.585938,1102.524658,37286,36864
xtensor,meeting01_loso,fsdd,snn-ae,direct,recurrent,2,1.500000,0.900000,3,44,1327769346908022152,val,3,0.000284,0.002890,0.996232,0.000000,0.000000,0.000000,0.469557,404702.000000,65404.722656,844.967773,37286,36864
xtensor,meeting01_loso,fsdd,snn-ae,direct,recurrent,2,1.500000,0.990000,3,44,1327769346908022152,val,3,0.001495,0.009003,0.984669,0.000000,0.000000,0.000000,0.586784,413705.000000,148154.765625,884.194763,37286,36864
xtensor,meeting01_loso,fsdd,snn-ae,direct,recurrent,2,1.500000,0.900000,3,44,1327769346908022152,test,3,0.122573,0.171132,-0.353225,0.000000,0.000000,0.000000,0.585773,593577.000000,69494.429688,875.310364,37286,36864
xtensor,meeting01_loso,fsdd,lstm-ae,direct,lstm,1,0.000000,0.000000,4,45,1327769346908022152,val,3,0.013795,0.060463,0.986206,0.000000,0.000000,0.000000,0.000000,11842560.000000,547257.937500,1770.765747,122472,1184256
xtensor,meeting01_loso,fsdd,lstm-ae,direct,lstm,1,0.000000,0.000000,4,45,1327769346908022152,test,3,1.280855,0.684370,-0.280755,0.000000,0.000000,0.000000,0.000000,11842560.000000,0.000000,0.000000,122472,1184256
xtensor,meeting01_loso,fsdd,gru-ae,direct,gru,1,0.000000,0.000000,4,45,1327769346908022152,val,3,0.012556,0.056844,0.987444,0.000000,0.000000,0.000000,0.000000,8893440.000000,852611.500000,11291.674805,93032,889344
xtensor,meeting01_loso,fsdd,gru-ae,direct,gru,1,0.000000,0.000000,4,45,1327769346908022152,test,3,1.326848,0.691100,-0.326773,0.000000,0.000000,0.000000,0.000000,8893440.000000,0.000000,0.000000,93032,889344
xtensor,meeting01_loso,fsdd,transformer-ae,direct,transformer,1,0.000000,0.000000,4,45,1327769346908022152,val,3,0.012748,0.055913,0.987252,0.000000,0.000000,0.000000,0.000000,47554560.000000,297070.625000,580.858887,139176,4755456
xtensor,meeting01_loso,fsdd,transformer-ae,direct,transformer,1,0.000000,0.000000,4,45,1327769346908022152,test,3,1.016620,0.648877,-0.016520,0.000000,0.000000,0.000000,0.000000,47554560.000000,0.000000,0.000000,139176,4755456
xtensor,meeting01_loso,fsdd,snn-ae,direct,dense,2,0.500000,0.800000,4,45,1327769346908022152,val,3,0.012185,0.065185,0.987815,0.000000,0.000000,0.000000,0.053893,372779.000000,17788.236328,31.082636,37286,36864
xtensor,meeting01_loso,fsdd,snn-ae,direct,dense,2,0.500000,0.900000,4,45,1327769346908022152,val,3,0.011232,0.055548,0.988768,0.000000,0.000000,0.000000,0.051315,372581.000000,17084.814453,11.961414,37286,36864
xtensor,meeting01_loso,fsdd,snn-ae,direct,dense,2,0.500000,0.990000,4,45,1327769346908022152,val,3,0.011446,0.053706,0.988554,0.000000,0.000000,0.000000,0.051276,372578.000000,17146.699219,11.199093,37286,36864
xtensor,meeting01_loso,fsdd,snn-ae,direct,dense,2,1.000000,0.800000,4,45,1327769346908022152,val,3,0.015696,0.074249,0.984304,0.000000,0.000000,0.000000,0.068438,373896.000000,10686.061523,13.468944,37286,36864
xtensor,meeting01_loso,fsdd,snn-ae,direct,dense,2,1.000000,0.900000,4,45,1327769346908022152,val,3,0.013027,0.060916,0.986973,0.000000,0.000000,0.000000,0.054115,372796.000000,11499.805664,11.616048,37286,36864
xtensor,meeting01_loso,fsdd,snn-ae,direct,dense,2,1.000000,0.990000,4,45,1327769346908022152,val,3,0.011619,0.050492,0.988381,0.000000,0.000000,0.000000,0.051237,372575.000000,13145.875000,22.623634,37286,36864
xtensor,meeting01_loso,fsdd,snn-ae,direct,dense,2,1.500000,0.800000,4,45,1327769346908022152,val,3,0.013433,0.062684,0.986567,0.000000,0.000000,0.000000,0.059492,373209.000000,9654.879883,11.987045,37286,36864
xtensor,meeting01_loso,fsdd,snn-ae,direct,dense,2,1.500000,0.900000,4,45,1327769346908022152,val,3,0.016177,0.074393,0.983822,0.000000,0.000000,0.000000,0.064115,373564.000000,17821.482422,24.303951,37286,36864
xtensor,meeting01_loso,fsdd,snn-ae,direct,dense,2,1.500000,0.990000,4,45,1327769346908022152,val,3,0.013014,0.070134,0.986986,0.000000,0.000000,0.000000,0.057031,373020.000000,48888.757812,11.538663,37286,36864
xtensor,meeting01_loso,fsdd,snn-ae,direct,conv1d,2,0.500000,0.800000,4,45,1327769346908022152,val,3,0.008476,0.053182,0.988425,0.000000,0.000000,0.000000,0.081276,374882.000000,11418.119141,12.374247,37286,36864
xtensor,meeting01_loso,fsdd,snn-ae,direct,conv1d,2,0.500000,0.900000,4,45,1327769346908022152,val,3,0.008221,0.051419,0.988774,0.000000,0.000000,0.000000,0.077747,374611.000000,10889.992188,12.152081,37286,36864
xtensor,meeting01_loso,fsdd,snn-ae,direct,conv1d,2,0.500000,0.990000,4,45,1327769346908022152,val,3,0.008946,0.059258,0.987783,0.000000,0.000000,0.000000,0.081016,374862.000000,10861.064453,13.103951,37286,36864
xtensor,meeting01_loso,fsdd,snn-ae,direct,conv1d,2,1.000000,0.800000,4,45,1327769346908022152,val,3,0.016381,0.049552,0.977630,0.000000,0.000000,0.000000,0.089740,375532.000000,38268.539062,17.848221,37286,36864
xtensor,meeting01_loso,fsdd,snn-ae,direct,conv1d,2,1.000000,0.900000,4,45,1327769346908022152,val,3,0.010203,0.062513,0.986066,0.000000,0.000000,0.000000,0.086419,375277.000000,11885.679688,15.779931,37286,36864
xtensor,meeting01_loso,fsdd,snn-ae,direct,conv1d,2,1.000000,0.990000,4,45,1327769346908022152,val,3,0.006921,0.043493,0.990549,0.000000,0.000000,0.000000,0.078138,374641.000000,26073.923828,11.920207,37286,36864
xtensor,meeting01_loso,fsdd,snn-ae,direct,conv1d,2,1.500000,0.800000,4,45,1327769346908022152,val,3,0.009694,0.051529,0.986761,0.000000,0.000000,0.000000,0.085195,375183.000000,9982.858398,12.363003,37286,36864
xtensor,meeting01_loso,fsdd,snn-ae,direct,conv1d,2,1.500000,0.900000,4,45,1327769346908022152,val,3,0.009067,0.056507,0.987618,0.000000,0.000000,0.000000,0.080560,374827.000000,21004.230469,12.471467,37286,36864
xtensor,meeting01_loso,fsdd,snn-ae,direct,conv1d,2,1.500000,0.990000,4,45,1327769346908022152,val,3,0.008497,0.053372,0.988396,0.000000,0.000000,0.000000,0.081562,374904.000000,10854.888672,12.517981,37286,36864
xtensor,meeting01_loso,fsdd,snn-ae,direct,recurrent,2,0.500000,0.800000,4,45,1327769346908022152,val,3,0.002142,0.008229,0.976689,0.000000,0.000000,0.000000,0.517669,408397.000000,201856.609375,861.767822,37286,36864
xtensor,meeting01_loso,fsdd,snn-ae,direct,recurrent,2,0.500000,0.900000,4,45,1327769346908022152,val,3,0.001674,0.007351,0.984304,0.000000,0.000000,0.000000,0.516797,408330.000000,125309.039062,894.773926,37286,36864
xtensor,meeting01_loso,fsdd,snn-ae,direct,recurrent,2,0.500000,0.990000,4,45,1327769346908022152,val,3,0.000448,0.003417,0.997453,0.000000,0.000000,0.000000,0.607396,415288.000000,122539.882812,939.784546,37286,36864
xtensor,meeting01_loso,fsdd,snn-ae,direct,recurrent,2,1.000000,0.800000,4,45,1327769346908022152,val,3,0.001274,0.008533,0.983167,0.000000,0.000000,0.000000,0.639089,417722.000000,140898.437500,1416.027466,37286,36864
xtensor,meeting01_loso,fsdd,snn-ae,direct,recurrent,2,1.000000,0.900000,4,45,1327769346908022152,val,3,0.000478,0.003984,0.994770,0.000000,0.000000,0.000000,0.447227,402987.000000,95598.101562,1200.249146,37286,36864
xtensor,meeting01_loso,fsdd,snn-ae,direct,recurrent,2,1.000000,0.990000,4,45,1327769346908022152,val,3,0.001038,0.002713,0.991755,0.000000,0.000000,0.000000,0.551719,411012.000000,105885.789062,1225.854492,37286,36864
xtensor,meeting01_loso,fsdd,snn-ae,direct,recurrent,2,1.500000,0.800000,4,45,1327769346908022152,val,3,0.001891,0.008251,0.970979,0.000000,0.000000,0.000000,0.533307,409598.000000,671053.687500,2639.666748,37286,36864
xtensor,meeting01_loso,fsdd,snn-ae,direct,recurrent,2,1.500000,0.900000,4,45,1327769346908022152,val,3,0.000225,0.003137,0.997017,0.000000,0.000000,0.000000,0.473633,405015.000000,655862.687500,2396.896484,37286,36864
xtensor,meeting01_loso,fsdd,snn-ae,direct,recurrent,2,1.500000,0.990000,4,45,1327769346908022152,val,3,0.001581,0.009987,0.983789,0.000000,0.000000,0.000000,0.572422,412602.000000,197783.812500,964.238647,37286,36864
xtensor,meeting01_loso,fsdd,snn-ae,direct,recurrent,2,1.500000,0.900000,4,45,1327769346908022152,test,3,0.382760,0.383871,-3.226837,0.000000,0.000000,0.000000,0.501479,561208.000000,295151.500000,1795.127563,37286,36864
xtensor,meeting01_loso,fsdd,lstm-ae,direct,lstm,1,0.000000,0.000000,5,46,1327769346908022152,val,3,0.013795,0.060463,0.986206,0.000000,0.000000,0.000000,0.000000,11842560.000000,1275375.625000,2535.678223,122472,1184256
xtensor,meeting01_loso,fsdd,lstm-ae,direct,lstm,1,0.000000,0.000000,5,46,1327769346908022152,test,3,1.280855,0.684370,-0.280755,0.000000,0.000000,0.000000,0.000000,11842560.000000,0.000000,0.000000,122472,1184256
xtensor,meeting01_loso,fsdd,gru-ae,direct,gru,1,0.000000,0.000000,5,46,1327769346908022152,val,3,0.012556,0.056844,0.987444,0.000000,0.000000,0.000000,0.000000,8893440.000000,1200297.000000,5195.555176,93032,889344
xtensor,meeting01_loso,fsdd,gru-ae,direct,gru,1,0.000000,0.000000,5,46,1327769346908022152,test,3,1.326848,0.691100,-0.326773,0.000000,0.000000,0.000000,0.000000,8893440.000000,0.000000,0.000000,93032,889344
xtensor,meeting01_loso,fsdd,transformer-ae,direct,transformer,1,0.000000,0.000000,5,46,1327769346908022152,val,3,0.012748,0.055913,0.987252,0.000000,0.000000,0.000000,0.000000,47554560.000000,340011.781250,603.096436,139176,4755456
xtensor,meeting01_loso,fsdd,transformer-ae,direct,transformer,1,0.000000,0.000000,5,46,1327769346908022152,test,3,1.016620,0.648877,-0.016520,0.000000,0.000000,0.000000,0.000000,47554560.000000,0.000000,0.000000,139176,4755456
xtensor,meeting01_loso,fsdd,snn-ae,direct,dense,2,0.500000,0.800000,5,46,1327769346908022152,val,3,0.017130,0.083446,0.982870,0.000000,0.000000,0.000000,0.073685,374299.000000,13241.748047,18.310783,37286,36864
xtensor,meeting01_loso,fsdd,snn-ae,direct,dense,2,0.500000,0.900000,5,46,1327769346908022152,val,3,0.011117,0.050338,0.988883,0.000000,0.000000,0.000000,0.051536,372598.000000,49577.468750,14.759611,37286,36864
xtensor,meeting01_loso,fsdd,snn-ae,direct,dense,2,0.500000,0.990000,5,46,1327769346908022152,val,3,0.043940,0.141282,0.956060,0.000000,0.000000,0.000000,0.164141,381246.000000,16570.546875,26.771788,37286,36864
xtensor,meeting01_loso,fsdd,snn-ae,direct,dense,2,1.000000,0.800000,5,46,1327769346908022152,val,3,0.013420,0.072334,0.986580,0.000000,0.000000,0.000000,0.055430,372897.000000,47260.308594,27.093365,37286,36864
xtensor,meeting01_loso,fsdd,snn-ae,direct,dense,2,1.000000,0.900000,5,46,1327769346908022152,val,3,0.011114,0.058804,0.988886,0.000000,0.000000,0.000000,0.051562,372600.000000,14457.127930,10.591704,37286,36864
xtensor,meeting01_loso,fsdd,snn-ae,direct,dense,2,1.000000,0.990000,5,46,1327769346908022152,val,3,0.015615,0.073388,0.984385,0.000000,0.000000,0.000000,0.050234,372498.000000,18829.453125,24.219109,37286,36864
xtensor,meeting01_loso,fsdd,snn-ae,direct,dense,2,1.500000,0.800000,5,46,1327769346908022152,val,3,0.012793,0.058610,0.987207,0.000000,0.000000,0.000000,0.061042,373328.000000,71510.781250,21.006058,37286,36864
xtensor,meeting01_loso,fsdd,snn-ae,direct,dense,2,1.500000,0.900000,5,46,1327769346908022152,val,3,0.011193,0.060272,0.988807,0.000000,0.000000,0.000000,0.056771,373000.000000,13884.054688,11.708629,37286,36864
xtensor,meeting01_loso,fsdd,snn-ae,direct,dense,2,1.500000,0.990000,5,46,1327769346908022152,val,3,0.015912,0.077273,0.984088,0.000000,0.000000,0.000000,0.051589,372602.000000,12493.050781,11.374516,37286,36864
xtensor,meeting01_loso,fsdd,snn-ae,direct,conv1d,2,0.500000,0.800000,5,46,1327769346908022152,val,3,0.014806,0.054686,0.979782,0.000000,0.000000,0.000000,0.089935,375547.000000,74191.281250,49.085827,37286,36864
xtensor,meeting01_loso,fsdd,snn-ae,direct,conv1d,2,0.500000,0.900000,5,46,1327769346908022152,val,3,0.007106,0.046042,0.990296,0.000000,0.000000,0.000000,0.077279,374575.000000,19610.296875,13.015104,37286,36864
xtensor,meeting01_loso,fsdd,snn-ae,direct,conv1d,2,0.500000,0.990000,5,46,1327769346908022152,val,3,0.007239,0.045637,0.990114,0.000000,0.000000,0.000000,0.076745,374534.000000,14174.756836,12.841484,37286,36864
xtensor,meeting01_loso,fsdd,snn-ae,direct,conv1d,2,1.000000,0.800000,5,46,1327769346908022152,val,3,0.011155,0.047090,0.984766,0.000000,0.000000,0.000000,0.089544,375517.000000,78720.335938,17.654661,37286,36864
xtensor,meeting01_loso,fsdd,snn-ae,direct,conv1d,2,1.000000,0.900000,5,46,1327769346908022152,val,3,0.007444,0.046555,0.989834,0.000000,0.000000,0.000000,0.078919,374701.000000,19934.431641,175.319946,37286,36864
xtensor,meeting01_loso,fsdd,snn-ae,direct,conv1d,2,1.000000,0.990000,5,46,1327769346908022152,val,3,0.008258,0.050331,0.988723,0.000000,0.000000,0.000000,0.080677,374836.000000,19055.714844,11.861775,37286,36864
xtensor,meeting01_loso,fsdd,snn-ae,direct,conv1d,2,1.500000,0.800000,5,46,1327769346908022152,val,3,0.009038,0.046999,0.987657,0.000000,0.000000,0.000000,0.082435,374971.000000,16758.458984,16.883984,37286,36864
xtensor,meeting01_loso,fsdd,snn-ae,direct,conv1d,2,1.500000,0.900000,5,46,1327769346908022152,val,3,0.009735,0.056639,0.986706,0.000000,0.000000,0.000000,0.083529,375055.000000,23515.140625,16.539118,37286,36864
xtensor,meeting01_loso,fsdd,snn-ae,direct,conv1d,2,1.500000,0.990000,5,46,1327769346908022152,val,3,0.007017,0.045299,0.990418,0.000000,0.000000,0.000000,0.077552,374596.000000,64547.191406,15.160351,37286,36864
xtensor,meeting01_loso,fsdd,snn-ae,direct,recurrent,2,0.500000,0.800000,5,46,1327769346908022152,val,3,0.002203,0.009788,0.976023,0.000000,0.000000,0.000000,0.558438,411528.000000,280313.687500,1215.432739,37286,36864
xtensor,meeting01_loso,fsdd,snn-ae,direct,recurrent,2,0.500000,0.900000,5,46,1327769346908022152,val,3,0.001133,0.011089,0.989379,0.000000,0.000000,0.000000,0.535260,409748.000000,179238.687500,3763.449463,37286,36864
xtensor,meeting01_loso,fsdd,snn-ae,direct,recurrent,2,0.500000,0.990000,5,46,1327769346908022152,val,3,0.001824,0.010715,0.989626,0.000000,0.000000,0.000000,0.579648,413157.000000,238843.609375,1340.521240,37286,36864
xtensor,meeting01_loso,fsdd,snn-ae,direct,recurrent,2,1.000000,0.800000,5,46,1327769346908022152,val,3,0.001903,0.007359,0.974854,0.000000,0.000000,0.000000,0.403333,399616.000000,306144.531250,1318.897461,37286,36864
xtensor,meeting01_loso,fsdd,snn-ae,direct,recurrent,2,1.000000,0.900000,5,46,1327769346908022152,val,3,0.000436,0.005193,0.995224,0.000000,0.000000,0.000000,0.450833,403264.000000,114390.859375,3557.716797,37286,36864
xtensor,meeting01_loso,fsdd,snn-ae,direct,recurrent,2,1.000000,0.990000,5,46,1327769346908022152,val,3,0.001717,0.011141,0.986370,0.000000,0.000000,0.000000,0.576745,412934.000000,131364.640625,1026.478760,37286,36864
xtensor,meeting01_loso,fsdd,snn-ae,direct,recurrent,2,1.500000,0.800000,5,46,1327769346908022152,val,3,0.001348,0.004789,0.979312,0.000000,0.000000,0.000000,0.465208,404368.000000,117359.023438,1498.039551,37286,36864
xtensor,meeting01_loso,fsdd,snn-ae,direct,recurrent,2,1.500000,0.900000,5,46,1327769346908022152,val,3,0.000342,0.003172,0.995472,0.000000,0.000000,0.000000,0.550573,410924.000000,146421.593750,3149.466797,37286,36864
xtensor,meeting01_loso,fsdd,snn-ae,direct,recurrent,2,1.500000,0.990000,5,46,1327769346908022152,val,3,0.000867,0.004564,0.991104,0.000000,0.000000,0.000000,0.513971,408113.000000,264903.031250,2380.820801,37286,36864
xtensor,meeting01_loso,fsdd,snn-ae,direct,recurrent,2,1.500000,0.900000,5,46,1327769346908022152,test,3,0.284707,0.323784,-2.143928,0.000000,0.000000,0.000000,0.553151,581050.000000,376545.031250,1881.656250,37286,36864
xtensor,meeting01_loso,fsdd,lstm-ae,poisson,lstm,1,0.000000,0.000000,1,42,1327769346908022152,val,3,0.004657,0.013955,0.821602,0.000000,0.000000,0.000000,0.000000,11842560.000000,1691712.375000,2668.885254,122472,1184256
xtensor,meeting01_loso,fsdd,lstm-ae,poisson,lstm,1,0.000000,0.000000,1,42,1327769346908022152,test,3,0.120403,0.130542,-0.106860,0.000000,0.000000,0.000000,0.000000,11842560.000000,0.000000,0.000000,122472,1184256
xtensor,meeting01_loso,fsdd,gru-ae,poisson,gru,1,0.000000,0.000000,1,42,1327769346908022152,val,3,0.003486,0.021076,0.866472,0.000000,0.000000,0.000000,0.000000,8893440.000000,1960874.250000,3369.245605,93032,889344
xtensor,meeting01_loso,fsdd,gru-ae,poisson,gru,1,0.000000,0.000000,1,42,1327769346908022152,test,3,0.119331,0.137694,-0.096418,0.000000,0.000000,0.000000,0.000000,8893440.000000,0.000000,0.000000,93032,889344
xtensor,meeting01_loso,fsdd,transformer-ae,poisson,transformer,1,0.000000,0.000000,1,42,1327769346908022152,val,3,0.004109,0.018191,0.842592,0.000000,0.000000,0.000000,0.000000,47554560.000000,206124.437500,520.096619,139176,4755456
xtensor,meeting01_loso,fsdd,transformer-ae,poisson,transformer,1,0.000000,0.000000,1,42,1327769346908022152,test,3,0.118660,0.132409,-0.090237,0.000000,0.000000,0.000000,0.000000,47554560.000000,0.000000,0.000000,139176,4755456
xtensor,meeting01_loso,fsdd,snn-ae,poisson,dense,2,0.500000,0.800000,1,42,1327769346908022152,val,3,0.028146,0.116162,-0.078223,1.000000,0.060000,0.113208,0.519622,408547.000000,25107.587891,16.134464,37286,36864
xtensor,meeting01_loso,fsdd,snn-ae,poisson,dense,2,0.500000,0.900000,1,42,1327769346908022152,val,3,0.069426,0.187674,-1.659600,0.560000,0.280000,0.373333,0.503151,407282.000000,23802.326172,22.657625,37286,36864
xtensor,meeting01_loso,fsdd,snn-ae,poisson,dense,2,0.500000,0.990000,1,42,1327769346908022152,val,3,0.081683,0.212297,-2.129187,0.545455,0.360000,0.433735,0.538841,410023.000000,22381.578125,27.349112,37286,36864
xtensor,meeting01_loso,fsdd,snn-ae,poisson,dense,2,1.000000,0.800000,1,42,1327769346908022152,val,3,0.017553,0.084520,0.327594,0.000000,0.000000,0.000000,0.522669,408781.000000,24181.365234,14.952102,37286,36864
xtensor,meeting01_loso,fsdd,snn-ae,poisson,dense,2,1.000000,0.900000,1,42,1327769346908022152,val,3,0.057195,0.165606,-1.191058,0.529412,0.180000,0.268657,0.520716,408631.000000,23032.548828,16.425413,37286,36864
xtensor,meeting01_loso,fsdd,snn-ae,poisson,dense,2,1.000000,0.990000,1,42,1327769346908022152,val,3,0.116236,0.254245,-3.452824,0.519231,0.540000,0.529412,0.525508,408999.000000,17110.085938,26.787292,37286,36864
xtensor,meeting01_loso,fsdd,snn-ae,poisson,dense,2,1.500000,0.800000,1,42,1327769346908022152,val,3,0.005992,0.041257,0.770459,0.000000,0.000000,0.000000,0.490977,406347.000000,38999.601562,14.711559,37286,36864
xtensor,meeting01_loso,fsdd,snn-ae,poisson,dense,2,1.500000,0.900000,1,42,1327769346908022152,val,3,0.034145,0.124050,-0.308050,0.400000,0.040000,0.072727,0.519948,408572.000000,21538.437500,12.245441,37286,36864
xtensor,meeting01_loso,fsdd,snn-ae,poisson,dense,2,1.500000,0.990000,1,42,1327769346908022152,val,3,0.088094,0.218402,-2.374794,0.486486,0.360000,0.413793,0.533060,409579.000000,21158.714844,17.743809,37286,36864
xtensor,meeting01_loso,fsdd,snn-ae,poisson,conv1d,2,0.500000,0.800000,1,42,1327769346908022152,val,3,0.041388,0.146627,-1.541208,0.400000,0.040000,0.072727,0.560026,411650.000000,21454.089844,15.642406,37286,36864
xtensor,meeting01_loso,fsdd,snn-ae,poisson,conv1d,2,0.500000,0.900000,1,42,1327769346908022152,val,3,0.055748,0.170592,-2.422818,0.705882,0.240000,0.358209,0.527122,409123.000000,18682.595703,32.323708,37286,36864
xtensor,meeting01_loso,fsdd,snn-ae,poisson,conv1d,2,0.500000,0.990000,1,42,1327769346908022152,val,3,0.031265,0.103822,-0.919555,0.333333,0.040000,0.071429,0.574219,412740.000000,22397.687500,14.794244,37286,36864
xtensor,meeting01_loso,fsdd,snn-ae,poisson,conv1d,2,1.000000,0.800000,1,42,1327769346908022152,val,3,0.024043,0.093914,-0.476206,0.600000,0.060000,0.109091,0.499792,407024.000000,28585.050781,22.708015,37286,36864
xtensor,meeting01_loso,fsdd,snn-ae,poisson,conv1d,2,1.000000,0.900000,1,42,1327769346908022152,val,3,0.040238,0.135515,-1.470554,0.545455,0.120000,0.196721,0.537292,409904.000000,27478.572266,16.578838,37286,36864
xtensor,meeting01_loso,fsdd,snn-ae,poisson,conv1d,2,1.000000,0.990000,1,42,1327769346908022152,val,3,0.069208,0.181846,-3.249277,0.555556,0.300000,0.389610,0.553594,411156.000000,44352.777344,17.961981,37286,36864
xtensor,meeting01_loso,fsdd,snn-ae,poisson,conv1d,2,1.500000,0.800000,1,42,1327769346908022152,val,3,0.009711,0.056520,0.403775,0.000000,0.000000,0.000000,0.523490,408844.000000,34243.507812,23.430941,37286,36864
xtensor,meeting01_loso,fsdd,snn-ae,poisson,conv1d,2,1.500000,0.900000,1,42,1327769346908022152,val,3,0.045894,0.131401,-1.817751,0.555556,0.200000,0.294118,0.526328,409062.000000,30819.132812,540.031921,37286,36864
xtensor,meeting01_loso,fsdd,snn-ae,poisson,conv1d,2,1.500000,0.990000,1,42,1327769346908022152,val,3,0.056084,0.166359,-2.443408,0.458333,0.220000,0.297297,0.539050,410039.000000,32991.679688,35.355370,37286,36864
xtensor,meeting01_loso,fsdd,snn-ae,poisson,recurrent,2,0.500000,0.800000,1,42,1327769346908022152,val,3,0.043733,0.138098,-0.273031,0.583333,0.140000,0.225806,0.566615,412156.000000,147772.640625,1143.222778,37286,36864
xtensor,meeting01_loso,fsdd,snn-ae,poisson,recurrent,2,0.500000,0.900000,1,42,1327769346908022152,val,3,0.063586,0.150938,-0.641563,0.500000,0.200000,0.285714,0.549427,410836.000000,188121.640625,1089.860840,37286,36864
xtensor,meeting01_loso,fsdd,snn-ae,poisson,recurrent,2,0.500000,0.990000,1,42,1327769346908022152,val,3,0.081705,0.204398,-0.732319,0.421053,0.320000,0.363636,0.559740,411628.000000,68319.429688,1037.561523,37286,36864
xtensor,meeting01_loso,fsdd,snn-ae,poisson,recurrent,2,1.000000,0.800000,1,42,1327769346908022152,val,3,0.016675,0.079451,0.045177,0.000000,0.000000,0.000000,0.508854,407720.000000,121625.328125,1108.892822,37286,36864
xtensor,meeting01_loso,fsdd,snn-ae,poisson,recurrent,2,1.000000,0.900000,1,42,1327769346908022152,val,3,0.039749,0.138111,-1.004559,0.857143,0.120000,0.210526,0.500755,407098.000000,113648.953125,1130.629761,37286,36864
xtensor,meeting01_loso,fsdd,snn-ae,poisson,recurrent,2,1.000000,0.990000,1,42,1327769346908022152,val,3,0.249460,0.359395,-10.144340,0.513889,0.740000,0.606557,0.511797,407946.000000,123181.492188,1094.021362,37286,36864
xtensor,meeting01_loso,fsdd,snn-ae,poisson,recurrent,2,1.500000,0.800000,1,42,1327769346908022152,val,3,0.007490,0.032469,0.260729,0.000000,0.000000,0.000000,0.486719,406020.000000,121711.179688,1154.454224,37286,36864
xtensor,meeting01_loso,fsdd,snn-ae,poisson,recurrent,2,1.500000,0.900000,1,42,1327769346908022152,val,3,0.010751,0.048501,0.081462,0.000000,0.000000,0.000000,0.503646,407320.000000,212662.500000,1181.729004,37286,36864
xtensor,meeting01_loso,fsdd,snn-ae,poisson,recurrent,2,1.500000,0.990000,1,42,1327769346908022152,val,3,0.079483,0.207526,-4.303525,0.548387,0.340000,0.419753,0.495677,406708.000000,81484.968750,1072.024780,37286,36864
xtensor,meeting01_loso,fsdd,snn-ae,poisson,dense,2,1.500000,0.800000,1,42,1327769346908022152,test,3,0.134409,0.181479,-0.235238,0.000000,0.000000,0.000000,0.503802,562100.000000,32179.378906,17.834316,37286,36864
xtensor,meeting01_loso,fsdd,lstm-ae,poisson,lstm,1,0.000000,0.000000,2,43,1327769346908022152,val,3,0.004082,0.016775,0.843207,0.000000,0.000000,0.000000,0.000000,11842560.000000,1306560.750000,1714.765625,122472,1184256
xtensor,meeting01_loso,fsdd,lstm-ae,poisson,lstm,1,0.000000,0.000000,2,43,1327769346908022152,test,3,0.120415,0.133595,-0.098344,0.000000,0.000000,0.000000,0.000000,11842560.000000,0.000000,0.000000,122472,1184256
xtensor,meeting01_loso,fsdd,gru-ae,poisson,gru,1,0.000000,0.000000,2,43,1327769346908022152,val,3,0.001764,0.016376,0.932223,0.000000,0.000000,0.000000,0.000000,8893440.000000,1229838.500000,2836.805420,93032,889344
xtensor,meeting01_loso,fsdd,gru-ae,poisson,gru,1,0.000000,0.000000,2,43,1327769346908022152,test,3,0.119001,0.133419,-0.085307,0.000000,0.000000,0.000000,0.000000,8893440.000000,0.000000,0.000000,93032,889344
xtensor,meeting01_loso,fsdd,transformer-ae,poisson,transformer,1,0.000000,0.000000,2,43,1327769346908022152,val,3,0.003362,0.015308,0.870854,0.000000,0.000000,0.000000,0.000000,47554560.000000,158842.984375,511.249969,139176,4755456
xtensor,meeting01_loso,fsdd,transformer-ae,poisson,transformer,1,0.000000,0.000000,2,43,1327769346908022152,test,3,0.119505,0.131184,-0.090050,0.000000,0.000000,0.000000,0.000000,47554560.000000,0.000000,0.000000,139176,4755456
xtensor,meeting01_loso,fsdd,snn-ae,poisson,dense,2,0.500000,0.800000,2,43,1327769346908022152,val,3,0.056853,0.167232,-1.184161,0.437500,0.140000,0.212121,0.504310,407371.000000,18167.531250,35.607662,37286,36864
xtensor,meeting01_loso,fsdd,snn-ae,poisson,dense,2,0.500000,0.900000,2,43,1327769346908022152,val,3,0.056606,0.167542,-1.174682,0.391304,0.180000,0.246575,0.516302,408292.000000,13703.394531,11.757871,37286,36864
xtensor,meeting01_loso,fsdd,snn-ae,poisson,dense,2,0.500000,0.990000,2,43,1327769346908022152,val,3,0.114293,0.245929,-3.390888,0.538462,0.420000,0.471910,0.522240,408748.000000,18420.123047,12.433032,37286,36864
xtensor,meeting01_loso,fsdd,snn-ae,poisson,dense,2,1.000000,0.800000,2,43,1327769346908022152,val,3,0.016520,0.081663,0.365343,0.000000,0.000000,0.000000,0.482656,405708.000000,18381.781250,13.111963,37286,36864
xtensor,meeting01_loso,fsdd,snn-ae,poisson,dense,2,1.000000,0.900000,2,43,1327769346908022152,val,3,0.041173,0.136733,-0.581736,0.625000,0.100000,0.172414,0.502773,407253.000000,18511.992188,12.235098,37286,36864
xtensor,meeting01_loso,fsdd,snn-ae,poisson,dense,2,1.000000,0.990000,2,43,1327769346908022152,val,3,0.097639,0.228836,-2.751079,0.476190,0.400000,0.434783,0.508151,407666.000000,19510.648438,32.733952,37286,36864
xtensor,meeting01_loso,fsdd,snn-ae,poisson,dense,2,1.500000,0.800000,2,43,1327769346908022152,val,3,0.009113,0.054063,0.649917,0.000000,0.000000,0.000000,0.528346,409217.000000,26312.857422,12.346077,37286,36864
xtensor,meeting01_loso,fsdd,snn-ae,poisson,dense,2,1.500000,0.900000,2,43,1327769346908022152,val,3,0.049219,0.151161,-0.890850,0.285714,0.080000,0.125000,0.510208,407824.000000,18636.263672,11.908238,37286,36864
xtensor,meeting01_loso,fsdd,snn-ae,poisson,dense,2,1.500000,0.990000,2,43,1327769346908022152,val,3,0.077259,0.204700,-1.968118,0.520000,0.260000,0.346667,0.507708,407632.000000,13800.267578,12.421924,37286,36864
xtensor,meeting01_loso,fsdd,snn-ae,poisson,conv1d,2,0.500000,0.800000,2,43,1327769346908022152,val,3,0.061426,0.179945,-2.780038,0.562500,0.360000,0.439024,0.525417,408992.000000,17469.775391,13.232090,37286,36864
xtensor,meeting01_loso,fsdd,snn-ae,poisson,conv1d,2,0.500000,0.900000,2,43,1327769346908022152,val,3,0.075210,0.193384,-3.628249,0.478261,0.220000,0.301370,0.542344,410292.000000,18249.412109,13.912419,37286,36864
xtensor,meeting01_loso,fsdd,snn-ae,poisson,conv1d,2,0.500000,0.990000,2,43,1327769346908022152,val,3,0.089313,0.211023,-4.496111,0.603774,0.640000,0.621359,0.564870,412022.000000,14975.405273,14.279367,37286,36864
xtensor,meeting01_loso,fsdd,snn-ae,poisson,conv1d,2,1.000000,0.800000,2,43,1327769346908022152,val,3,0.022304,0.087681,-0.372524,1.000000,0.060000,0.113208,0.549557,410846.000000,20920.333984,162.332809,37286,36864
xtensor,meeting01_loso,fsdd,snn-ae,poisson,conv1d,2,1.000000,0.900000,2,43,1327769346908022152,val,3,0.088275,0.210784,-4.432303,0.473684,0.360000,0.409091,0.535117,409737.000000,17128.605469,38.759617,37286,36864
xtensor,meeting01_loso,fsdd,snn-ae,poisson,conv1d,2,1.000000,0.990000,2,43,1327769346908022152,val,3,0.075133,0.183149,-3.623494,0.437500,0.280000,0.341463,0.580117,413193.000000,15128.560547,14.671598,37286,36864
xtensor,meeting01_loso,fsdd,snn-ae,poisson,conv1d,2,1.500000,0.800000,2,43,1327769346908022152,val,3,0.015147,0.065689,0.067927,0.000000,0.000000,0.000000,0.526289,409059.000000,27926.824219,12.994137,37286,36864
xtensor,meeting01_loso,fsdd,snn-ae,poisson,conv1d,2,1.500000,0.900000,2,43,1327769346908022152,val,3,0.049998,0.153175,-2.076796,0.571429,0.160000,0.250000,0.550260,410900.000000,17001.345703,13.106094,37286,36864
xtensor,meeting01_loso,fsdd,snn-ae,poisson,conv1d,2,1.500000,0.990000,2,43,1327769346908022152,val,3,0.046581,0.137790,-1.866432,0.416667,0.100000,0.161290,0.589792,413936.000000,17129.699219,12.757513,37286,36864
xtensor,meeting01_loso,fsdd,snn-ae,poisson,recurrent,2,0.500000,0.800000,2,43,1327769346908022152,val,3,0.046275,0.142699,-0.350630,0.500000,0.120000,0.193548,0.504622,407395.000000,89062.703125,844.768860,37286,36864
xtensor,meeting01_loso,fsdd,snn-ae,poisson,recurrent,2,0.500000,0.900000,2,43,1327769346908022152,val,3,0.049861,0.140143,-0.289387,0.454545,0.100000,0.163934,0.554297,411210.000000,72291.101562,898.377930,37286,36864
xtensor,meeting01_loso,fsdd,snn-ae,poisson,recurrent,2,0.500000,0.990000,2,43,1327769346908022152,val,3,0.199133,0.326769,-3.231762,0.506024,0.840000,0.631579,0.547500,410688.000000,165858.750000,883.078430,37286,36864
xtensor,meeting01_loso,fsdd,snn-ae,poisson,recurrent,2,1.000000,0.800000,2,43,1327769346908022152,val,3,0.012294,0.063192,0.296021,0.000000,0.000000,0.000000,0.500339,407066.000000,72810.007812,945.673279,37286,36864
xtensor,meeting01_loso,fsdd,snn-ae,poisson,recurrent,2,1.000000,0.900000,2,43,1327769346908022152,val,3,0.054689,0.170462,-1.768116,0.692308,0.180000,0.285714,0.496315,406757.000000,54862.085938,1050.737549,37286,36864
xtensor,meeting01_loso,fsdd,snn-ae,poisson,recurrent,2,1.000000,0.990000,2,43,1327769346908022152,val,3,0.185106,0.286914,-7.296051,0.553571,0.620000,0.584906,0.524128,408893.000000,83942.421875,835.598083,37286,36864
xtensor,meeting01_loso,fsdd,snn-ae,poisson,recurrent,2,1.500000,0.800000,2,43,1327769346908022152,val,3,0.002710,0.025893,0.732183,0.000000,0.000000,0.000000,0.514544,408157.000000,150315.281250,853.194641,37286,36864
xtensor,meeting01_loso,fsdd,snn-ae,poisson,recurrent,2,1.500000,0.900000,2,43,1327769346908022152,val,3,0.009198,0.043463,0.209953,0.000000,0.000000,0.000000,0.508555,407697.000000,104261.546875,978.145508,37286,36864
xtensor,meeting01_loso,fsdd,snn-ae,poisson,recurrent,2,1.500000,0.990000,2,43,1327769346908022152,val,3,0.050959,0.152530,-2.424019,0.300000,0.060000,0.100000,0.509297,407754.000000,55373.996094,920.646484,37286,36864
xtensor,meeting01_loso,fsdd,snn-ae,poisson,recurrent,2,1.500000,0.800000,2,43,1327769346908022152,test,3,0.048617,0.079975,-0.095063,0.000000,0.000000,0.000000,0.500396,560792.000000,167770.343750,864.108643,37286,36864
xtensor,meeting01_loso,fsdd,lstm-ae,poisson,lstm,1,0.000000,0.000000,3,44,1327769346908022152,val,3,0.004217,0.019795,0.837762,0.000000,0.000000,0.000000,0.000000,11842560.000000,1340821.000000,2121.424805,122472,1184256
xtensor,meeting01_loso,fsdd,lstm-ae,poisson,lstm,1,0.000000,0.000000,3,44,1327769346908022152,test,3,0.118879,0.134506,-0.086997,0.000000,0.000000,0.000000,0.000000,11842560.000000,0.000000,0.000000,122472,1184256
xtensor,meeting01_loso,fsdd,gru-ae,poisson,gru,1,0.000000,0.000000,3,44,1327769346908022152,val,3,0.008463,0.020855,0.674474,0.000000,0.000000,0.000000,0.000000,8893440.000000,652551.875000,4528.298828,93032,889344
xtensor,meeting01_loso,fsdd,gru-ae,poisson,gru,1,0.000000,0.000000,3,44,1327769346908022152,test,3,0.125435,0.137530,-0.147564,0.000000,0.000000,0.000000,0.000000,8893440.000000,0.000000,0.000000,93032,889344
xtensor,meeting01_loso,fsdd,transformer-ae,poisson,transformer,1,0.000000,0.000000,3,44,1327769346908022152,val,3,0.001097,0.006792,0.957797,0.000000,0.000000,0.000000,0.000000,47554560.000000,277094.093750,559.831055,139176,4755456
xtensor,meeting01_loso,fsdd,transformer-ae,poisson,transformer,1,0.000000,0.000000,3,44,1327769346908022152,test,3,0.120123,0.125896,-0.099009,0.000000,0.000000,0.000000,0.000000,47554560.000000,0.000000,0.000000,139176,4755456
xtensor,meeting01_loso,fsdd,snn-ae,poisson,dense,2,0.500000,0.800000,3,44,1327769346908022152,val,3,0.024641,0.102880,0.052077,0.000000,0.000000,0.000000,0.508490,407692.000000,29796.830078,14.277655,37286,36864
xtensor,meeting01_loso,fsdd,snn-ae,poisson,dense,2,0.500000,0.900000,3,44,1327769346908022152,val,3,0.059094,0.170758,-1.273275,0.478261,0.220000,0.301370,0.518242,408441.000000,25558.056641,24.228481,37286,36864
xtensor,meeting01_loso,fsdd,snn-ae,poisson,dense,2,0.500000,0.990000,3,44,1327769346908022152,val,3,0.071041,0.193912,-1.732893,0.450000,0.180000,0.257143,0.520156,408588.000000,20695.068359,15.652348,37286,36864
xtensor,meeting01_loso,fsdd,snn-ae,poisson,dense,2,1.000000,0.800000,3,44,1327769346908022152,val,3,0.013960,0.063864,0.462992,0.500000,0.020000,0.038462,0.505859,407490.000000,26277.371094,16.107367,37286,36864
xtensor,meeting01_loso,fsdd,snn-ae,poisson,dense,2,1.000000,0.900000,3,44,1327769346908022152,val,3,0.054428,0.163098,-1.093764,0.611111,0.220000,0.323529,0.512747,408019.000000,26474.494141,19.838308,37286,36864
xtensor,meeting01_loso,fsdd,snn-ae,poisson,dense,2,1.000000,0.990000,3,44,1327769346908022152,val,3,0.087942,0.224301,-2.383068,0.523810,0.440000,0.478261,0.520885,408644.000000,31407.126953,23.973841,37286,36864
xtensor,meeting01_loso,fsdd,snn-ae,poisson,dense,2,1.500000,0.800000,3,44,1327769346908022152,val,3,0.011962,0.057531,0.539862,1.000000,0.040000,0.076923,0.510951,407881.000000,33399.851562,13.196368,37286,36864
xtensor,meeting01_loso,fsdd,snn-ae,poisson,dense,2,1.500000,0.900000,3,44,1327769346908022152,val,3,0.031024,0.111530,-0.193449,0.200000,0.020000,0.036364,0.490755,406330.000000,33834.511719,17.503431,37286,36864
xtensor,meeting01_loso,fsdd,snn-ae,poisson,dense,2,1.500000,0.990000,3,44,1327769346908022152,val,3,0.109631,0.244935,-3.217433,0.530612,0.520000,0.525253,0.523841,408871.000000,27007.679688,15.877169,37286,36864
xtensor,meeting01_loso,fsdd,snn-ae,poisson,conv1d,2,0.500000,0.800000,3,44,1327769346908022152,val,3,0.058057,0.169821,-2.586238,0.550000,0.220000,0.314286,0.510260,407828.000000,54325.929688,15.962306,37286,36864
xtensor,meeting01_loso,fsdd,snn-ae,poisson,conv1d,2,0.500000,0.900000,3,44,1327769346908022152,val,3,0.076310,0.204756,-3.713638,0.488372,0.420000,0.451613,0.553906,411180.000000,34874.859375,16.222397,37286,36864
xtensor,meeting01_loso,fsdd,snn-ae,poisson,conv1d,2,0.500000,0.990000,3,44,1327769346908022152,val,3,0.063103,0.166509,-2.897817,0.571429,0.400000,0.470588,0.575807,412862.000000,37313.738281,27.946571,37286,36864
xtensor,meeting01_loso,fsdd,snn-ae,poisson,conv1d,2,1.000000,0.800000,3,44,1327769346908022152,val,3,0.017032,0.077128,-0.052044,0.333333,0.020000,0.037736,0.518503,408461.000000,35153.511719,17.914171,37286,36864
xtensor,meeting01_loso,fsdd,snn-ae,poisson,conv1d,2,1.000000,0.900000,3,44,1327769346908022152,val,3,0.039583,0.129318,-1.445007,0.363636,0.080000,0.131148,0.530794,409405.000000,33432.164062,16.404823,37286,36864
xtensor,meeting01_loso,fsdd,snn-ae,poisson,conv1d,2,1.000000,0.990000,3,44,1327769346908022152,val,3,0.042864,0.139055,-1.647662,0.500000,0.140000,0.218750,0.600482,414757.000000,23278.066406,15.658914,37286,36864
xtensor,meeting01_loso,fsdd,snn-ae,poisson,conv1d,2,1.500000,0.800000,3,44,1327769346908022152,val,3,0.010697,0.058107,0.339245,0.000000,0.000000,0.000000,0.493984,406578.000000,49211.867188,15.716463,37286,36864
xtensor,meeting01_loso,fsdd,snn-ae,poisson,conv1d,2,1.500000,0.900000,3,44,1327769346908022152,val,3,0.038118,0.126342,-1.354537,0.538462,0.140000,0.222222,0.512630,408010.000000,21781.941406,15.917956,37286,36864
xtensor,meeting01_loso,fsdd,snn-ae,poisson,conv1d,2,1.500000,0.990000,3,44,1327769346908022152,val,3,0.080433,0.202689,-3.968390,0.500000,0.320000,0.390244,0.555326,411289.000000,18086.494141,15.858381,37286,36864
xtensor,meeting01_loso,fsdd,snn-ae,poisson,recurrent,2,0.500000,0.800000,3,44,1327769346908022152,val,3,0.038928,0.136574,-0.137687,0.714286,0.100000,0.175439,0.536354,409832.000000,94310.929688,1744.848633,37286,36864
xtensor,meeting01_loso,fsdd,snn-ae,poisson,recurrent,2,0.500000,0.900000,3,44,1327769346908022152,val,3,0.050304,0.144453,-0.302391,0.533333,0.160000,0.246154,0.515651,408242.000000,78251.601562,1030.196533,37286,36864
xtensor,meeting01_loso,fsdd,snn-ae,poisson,recurrent,2,0.500000,0.990000,3,44,1327769346908022152,val,3,0.114980,0.238223,-1.446095,0.482143,0.540000,0.509434,0.562539,411843.000000,131700.968750,1797.907837,37286,36864
xtensor,meeting01_loso,fsdd,snn-ae,poisson,recurrent,2,1.000000,0.800000,3,44,1327769346908022152,val,3,0.018658,0.083223,-0.070571,0.500000,0.020000,0.038462,0.497344,406836.000000,90375.085938,1141.286499,37286,36864
xtensor,meeting01_loso,fsdd,snn-ae,poisson,recurrent,2,1.000000,0.900000,3,44,1327769346908022152,val,3,0.038217,0.131811,-0.936759,0.750000,0.120000,0.206897,0.512500,408000.000000,84484.304688,959.137878,37286,36864
xtensor,meeting01_loso,fsdd,snn-ae,poisson,recurrent,2,1.000000,0.990000,3,44,1327769346908022152,val,3,0.190581,0.310825,-7.555009,0.513514,0.760000,0.612903,0.519440,408533.000000,84638.203125,917.856262,37286,36864
xtensor,meeting01_loso,fsdd,snn-ae,poisson,recurrent,2,1.500000,0.800000,3,44,1327769346908022152,val,3,0.005751,0.034304,0.438523,1.000000,0.020000,0.039216,0.475078,405126.000000,203069.500000,915.537109,37286,36864
xtensor,meeting01_loso,fsdd,snn-ae,poisson,recurrent,2,1.500000,0.900000,3,44,1327769346908022152,val,3,0.018221,0.069634,-0.558457,1.000000,0.040000,0.076923,0.503411,407302.000000,116583.414062,1033.717651,37286,36864
xtensor,meeting01_loso,fsdd,snn-ae,poisson,recurrent,2,1.500000,0.990000,3,44,1327769346908022152,val,3,0.125186,0.258084,-7.405047,0.544118,0.740000,0.627119,0.497695,406863.000000,65652.187500,992.095154,37286,36864
xtensor,meeting01_loso,fsdd,snn-ae,poisson,recurrent,2,1.500000,0.800000,3,44,1327769346908022152,test,3,0.083244,0.149566,-0.879173,0.000000,0.000000,0.000000,0.480898,553305.000000,180949.609375,925.134460,37286,36864
xtensor,meeting01_loso,fsdd,lstm-ae,poisson,lstm,1,0.000000,0.000000,4,45,1327769346908022152,val,3,0.003122,0.015499,0.879618,0.000000,0.000000,0.000000,0.000000,11842560.000000,1867362.875000,4812.833984,122472,1184256
xtensor,meeting01_loso,fsdd,lstm-ae,poisson,lstm,1,0.000000,0.000000,4,45,1327769346908022152,test,3,0.117349,0.130569,-0.075099,0.000000,0.000000,0.000000,0.000000,11842560.000000,0.000000,0.000000,122472,1184256
xtensor,meeting01_loso,fsdd,gru-ae,poisson,gru,1,0.000000,0.000000,4,45,1327769346908022152,val,3,0.006665,0.026759,0.743036,0.000000,0.000000,0.000000,0.000000,8893440.000000,1317332.500000,6628.218750,93032,889344
xtensor,meeting01_loso,fsdd,gru-ae,poisson,gru,1,0.000000,0.000000,4,45,1327769346908022152,test,3,0.109447,0.160921,-0.002719,0.000000,0.000000,0.000000,0.000000,8893440.000000,0.000000,0.000000,93032,889344
xtensor,meeting01_loso,fsdd,transformer-ae,poisson,transformer,1,0.000000,0.000000,4,45,1327769346908022152,val,3,0.001513,0.005502,0.941658,0.000000,0.000000,0.000000,0.000000,47554560.000000,333070.343750,560.193420,139176,4755456
xtensor,meeting01_loso,fsdd,transformer-ae,poisson,transformer,1,0.000000,0.000000,4,45,1327769346908022152,test,3,0.120446,0.124855,-0.104094,0.000000,0.000000,0.000000,0.000000,47554560.000000,0.000000,0.000000,139176,4755456
xtensor,meeting01_loso,fsdd,snn-ae,poisson,dense,2,0.500000,0.800000,4,45,1327769346908022152,val,3,0.074341,0.180300,-1.866346,0.518519,0.280000,0.363636,0.505911,407494.000000,19361.916016,14.255532,37286,36864
xtensor,meeting01_loso,fsdd,snn-ae,poisson,dense,2,0.500000,0.900000,4,45,1327769346908022152,val,3,0.062314,0.181372,-1.402637,0.608696,0.280000,0.383562,0.507057,407582.000000,14117.735352,12.643814,37286,36864
xtensor,meeting01_loso,fsdd,snn-ae,poisson,dense,2,0.500000,0.990000,4,45,1327769346908022152,val,3,0.132095,0.274722,-4.093273,0.492537,0.660000,0.564103,0.528750,409248.000000,14523.720703,42.846935,37286,36864
xtensor,meeting01_loso,fsdd,snn-ae,poisson,dense,2,1.000000,0.800000,4,45,1327769346908022152,val,3,0.019672,0.081278,0.241532,0.000000,0.000000,0.000000,0.463763,404257.000000,19474.427734,12.460280,37286,36864
xtensor,meeting01_loso,fsdd,snn-ae,poisson,dense,2,1.000000,0.900000,4,45,1327769346908022152,val,3,0.039302,0.136919,-0.515360,0.500000,0.060000,0.107143,0.515078,408198.000000,14532.080078,12.815565,37286,36864
xtensor,meeting01_loso,fsdd,snn-ae,poisson,dense,2,1.000000,0.990000,4,45,1327769346908022152,val,3,0.111764,0.242862,-3.309320,0.488889,0.440000,0.463158,0.511328,407910.000000,15236.674805,12.401061,37286,36864
xtensor,meeting01_loso,fsdd,snn-ae,poisson,dense,2,1.500000,0.800000,4,45,1327769346908022152,val,3,0.011150,0.055055,0.570099,0.000000,0.000000,0.000000,0.473086,404973.000000,29492.900391,14.555386,37286,36864
xtensor,meeting01_loso,fsdd,snn-ae,poisson,dense,2,1.500000,0.900000,4,45,1327769346908022152,val,3,0.030632,0.121664,-0.181095,0.400000,0.040000,0.072727,0.526901,409106.000000,18123.060547,14.050020,37286,36864
xtensor,meeting01_loso,fsdd,snn-ae,poisson,dense,2,1.500000,0.990000,4,45,1327769346908022152,val,3,0.071763,0.185520,-1.766941,0.653846,0.340000,0.447368,0.515352,408219.000000,14713.308594,15.390834,37286,36864
xtensor,meeting01_loso,fsdd,snn-ae,poisson,conv1d,2,0.500000,0.800000,4,45,1327769346908022152,val,3,0.028046,0.111441,-0.732428,0.666667,0.040000,0.075472,0.563216,411895.000000,23446.097656,15.722863,37286,36864
xtensor,meeting01_loso,fsdd,snn-ae,poisson,conv1d,2,0.500000,0.900000,4,45,1327769346908022152,val,3,0.046213,0.141005,-1.854560,0.500000,0.180000,0.264706,0.560299,411671.000000,16705.498047,20.222944,37286,36864
xtensor,meeting01_loso,fsdd,snn-ae,poisson,conv1d,2,0.500000,0.990000,4,45,1327769346908022152,val,3,0.056710,0.152166,-2.502978,0.620690,0.360000,0.455696,0.602487,414911.000000,15754.013672,15.854519,37286,36864
xtensor,meeting01_loso,fsdd,snn-ae,poisson,conv1d,2,1.000000,0.800000,4,45,1327769346908022152,val,3,0.027505,0.100517,-0.699030,0.625000,0.100000,0.172414,0.565456,412067.000000,18612.925781,14.116383,37286,36864
xtensor,meeting01_loso,fsdd,snn-ae,poisson,conv1d,2,1.000000,0.900000,4,45,1327769346908022152,val,3,0.046949,0.141224,-1.900105,0.500000,0.140000,0.218750,0.504466,407383.000000,20928.474609,72.121651,37286,36864
xtensor,meeting01_loso,fsdd,snn-ae,poisson,conv1d,2,1.000000,0.990000,4,45,1327769346908022152,val,3,0.048873,0.130104,-2.018840,0.606061,0.400000,0.481928,0.549492,410841.000000,28993.535156,16.433023,37286,36864
xtensor,meeting01_loso,fsdd,snn-ae,poisson,conv1d,2,1.500000,0.800000,4,45,1327769346908022152,val,3,0.008232,0.052099,0.491510,0.000000,0.000000,0.000000,0.523776,408866.000000,34826.964844,14.611218,37286,36864
xtensor,meeting01_loso,fsdd,snn-ae,poisson,conv1d,2,1.500000,0.900000,4,45,1327769346908022152,val,3,0.045772,0.150906,-1.827390,0.500000,0.080000,0.137931,0.512448,407996.000000,19264.876953,15.286515,37286,36864
xtensor,meeting01_loso,fsdd,snn-ae,poisson,conv1d,2,1.500000,0.990000,4,45,1327769346908022152,val,3,0.065746,0.178567,-3.061222,0.518519,0.280000,0.363636,0.549076,410809.000000,17101.470703,34.450554,37286,36864
xtensor,meeting01_loso,fsdd,snn-ae,poisson,recurrent,2,0.500000,0.800000,4,45,1327769346908022152,val,3,0.059074,0.171327,-0.729914,0.529412,0.180000,0.268657,0.508906,407724.000000,92299.500000,898.661743,37286,36864
xtensor,meeting01_loso,fsdd,snn-ae,poisson,recurrent,2,0.500000,0.900000,4,45,1327769346908022152,val,3,0.082396,0.180508,-1.139272,0.407407,0.220000,0.285714,0.529349,409294.000000,70581.429688,935.075012,37286,36864
xtensor,meeting01_loso,fsdd,snn-ae,poisson,recurrent,2,0.500000,0.990000,4,45,1327769346908022152,val,3,0.096804,0.207369,-1.064034,0.521739,0.480000,0.500000,0.525039,408963.000000,163469.078125,980.118652,37286,36864
xtensor,meeting01_loso,fsdd,snn-ae,poisson,recurrent,2,1.000000,0.800000,4,45,1327769346908022152,val,3,0.017301,0.079743,0.002264,0.333333,0.020000,0.037736,0.512109,407970.000000,70130.625000,880.395447,37286,36864
xtensor,meeting01_loso,fsdd,snn-ae,poisson,recurrent,2,1.000000,0.900000,4,45,1327769346908022152,val,3,0.039522,0.114929,-1.009097,0.642857,0.180000,0.281250,0.494779,406639.000000,93521.585938,860.761230,37286,36864
xtensor,meeting01_loso,fsdd,snn-ae,poisson,recurrent,2,1.000000,0.990000,4,45,1327769346908022152,val,3,0.119749,0.232425,-4.394092,0.512821,0.400000,0.449438,0.522057,408734.000000,83855.546875,1026.580811,37286,36864
xtensor,meeting01_loso,fsdd,snn-ae,poisson,recurrent,2,1.500000,0.800000,4,45,1327769346908022152,val,3,0.004426,0.027617,0.559888,0.000000,0.000000,0.000000,0.523073,408812.000000,186296.265625,983.085876,37286,36864
xtensor,meeting01_loso,fsdd,snn-ae,poisson,recurrent,2,1.500000,0.900000,4,45,1327769346908022152,val,3,0.007305,0.041966,0.368666,0.000000,0.000000,0.000000,0.495547,406698.000000,119674.414062,964.562012,37286,36864
xtensor,meeting01_loso,fsdd,snn-ae,poisson,recurrent,2,1.500000,0.990000,4,45,1327769346908022152,val,3,0.076480,0.194999,-4.143250,0.527778,0.380000,0.441860,0.502565,407237.000000,143849.546875,1202.041992,37286,36864
xtensor,meeting01_loso,fsdd,snn-ae,poisson,recurrent,2,1.500000,0.800000,4,45,1327769346908022152,test,3,0.063871,0.126246,-0.446448,0.000000,0.000000,0.000000,0.522068,569114.000000,184447.406250,910.123657,37286,36864
xtensor,meeting01_loso,fsdd,lstm-ae,poisson,lstm,1,0.000000,0.000000,5,46,1327769346908022152,val,3,0.008293,0.022418,0.679971,0.000000,0.000000,0.000000,0.000000,11842560.000000,482027.187500,1950.843384,122472,1184256
xtensor,meeting01_loso,fsdd,lstm-ae,poisson,lstm,1,0.000000,0.000000,5,46,1327769346908022152,test,3,0.125080,0.138955,-0.144063,0.000000,0.000000,0.000000,0.000000,11842560.000000,0.000000,0.000000,122472,1184256
xtensor,meeting01_loso,fsdd,gru-ae,poisson,gru,1,0.000000,0.000000,5,46,1327769346908022152,val,3,0.004652,0.018331,0.820477,0.000000,0.000000,0.000000,0.000000,8893440.000000,1534966.500000,4799.650391,93032,889344
xtensor,meeting01_loso,fsdd,gru-ae,poisson,gru,1,0.000000,0.000000,5,46,1327769346908022152,test,3,0.121877,0.136105,-0.114603,0.000000,0.000000,0.000000,0.000000,8893440.000000,0.000000,0.000000,93032,889344
xtensor,meeting01_loso,fsdd,transformer-ae,poisson,transformer,1,0.000000,0.000000,5,46,1327769346908022152,val,3,0.004856,0.014364,0.812601,0.000000,0.000000,0.000000,0.000000,47554560.000000,209658.843750,456.486603,139176,4755456
xtensor,meeting01_loso,fsdd,transformer-ae,poisson,transformer,1,0.000000,0.000000,5,46,1327769346908022152,test,3,0.120411,0.129692,-0.101483,0.000000,0.000000,0.000000,0.000000,47554560.000000,0.000000,0.000000,139176,4755456
xtensor,meeting01_loso,fsdd,snn-ae,poisson,dense,2,0.500000,0.800000,5,46,1327769346908022152,val,3,0.045799,0.147977,-0.767500,0.307692,0.080000,0.126984,0.522187,408744.000000,19983.306641,14.340221,37286,36864
xtensor,meeting01_loso,fsdd,snn-ae,poisson,dense,2,0.500000,0.900000,5,46,1327769346908022152,val,3,0.081538,0.205702,-2.146769,0.517241,0.300000,0.379747,0.508424,407687.000000,16519.861328,15.253189,37286,36864
xtensor,meeting01_loso,fsdd,snn-ae,poisson,dense,2,0.500000,0.990000,5,46,1327769346908022152,val,3,0.118773,0.253048,-3.583762,0.509434,0.540000,0.524272,0.536927,409876.000000,33311.343750,14.928077,37286,36864
xtensor,meeting01_loso,fsdd,snn-ae,poisson,dense,2,1.000000,0.800000,5,46,1327769346908022152,val,3,0.021571,0.096145,0.167544,0.500000,0.020000,0.038462,0.515911,408262.000000,34746.175781,37.058006,37286,36864
xtensor,meeting01_loso,fsdd,snn-ae,poisson,dense,2,1.000000,0.900000,5,46,1327769346908022152,val,3,0.046768,0.151258,-0.804889,0.437500,0.140000,0.212121,0.519440,408533.000000,25283.873047,17.106226,37286,36864
xtensor,meeting01_loso,fsdd,snn-ae,poisson,dense,2,1.000000,0.990000,5,46,1327769346908022152,val,3,0.108692,0.236672,-3.194729,0.510204,0.500000,0.505050,0.512969,408036.000000,26350.410156,15.056096,37286,36864
xtensor,meeting01_loso,fsdd,snn-ae,poisson,dense,2,1.500000,0.800000,5,46,1327769346908022152,val,3,0.012088,0.059547,0.533501,0.000000,0.000000,0.000000,0.514479,408152.000000,38674.875000,14.066720,37286,36864
xtensor,meeting01_loso,fsdd,snn-ae,poisson,dense,2,1.500000,0.900000,5,46,1327769346908022152,val,3,0.034242,0.128141,-0.321501,0.500000,0.020000,0.038462,0.518971,408497.000000,26694.271484,13.740420,37286,36864
xtensor,meeting01_loso,fsdd,snn-ae,poisson,dense,2,1.500000,0.990000,5,46,1327769346908022152,val,3,0.118582,0.255766,-3.576426,0.491803,0.600000,0.540541,0.532201,409513.000000,22345.869141,14.394067,37286,36864
xtensor,meeting01_loso,fsdd,snn-ae,poisson,conv1d,2,0.500000,0.800000,5,46,1327769346908022152,val,3,0.057998,0.178179,-2.581952,0.526316,0.200000,0.289855,0.529349,409294.000000,42215.386719,18.571432,37286,36864
xtensor,meeting01_loso,fsdd,snn-ae,poisson,conv1d,2,0.500000,0.900000,5,46,1327769346908022152,val,3,0.100223,0.228336,-5.189754,0.521739,0.480000,0.500000,0.525260,408980.000000,31893.701172,25.273428,37286,36864
xtensor,meeting01_loso,fsdd,snn-ae,poisson,conv1d,2,0.500000,0.990000,5,46,1327769346908022152,val,3,0.073444,0.204481,-3.535856,0.459459,0.340000,0.390805,0.522786,408790.000000,26147.337891,17.032331,37286,36864
xtensor,meeting01_loso,fsdd,snn-ae,poisson,conv1d,2,1.000000,0.800000,5,46,1327769346908022152,val,3,0.029481,0.113039,-0.820745,0.200000,0.020000,0.036364,0.526055,409041.000000,41448.496094,15.210516,37286,36864
xtensor,meeting01_loso,fsdd,snn-ae,poisson,conv1d,2,1.000000,0.900000,5,46,1327769346908022152,val,3,0.024718,0.107325,-0.526558,0.000000,0.000000,0.000000,0.541211,410205.000000,25348.216797,13.324933,37286,36864
xtensor,meeting01_loso,fsdd,snn-ae,poisson,conv1d,2,1.000000,0.990000,5,46,1327769346908022152,val,3,0.054336,0.152783,-2.355695,0.625000,0.300000,0.405405,0.587240,413740.000000,33090.078125,21.266268,37286,36864
xtensor,meeting01_loso,fsdd,snn-ae,poisson,conv1d,2,1.500000,0.800000,5,46,1327769346908022152,val,3,0.009745,0.054963,0.398179,0.000000,0.000000,0.000000,0.507643,407627.000000,39492.148438,15.190262,37286,36864
xtensor,meeting01_loso,fsdd,snn-ae,poisson,conv1d,2,1.500000,0.900000,5,46,1327769346908022152,val,3,0.043060,0.147908,-1.659345,0.444444,0.080000,0.135593,0.500091,407047.000000,46010.285156,18.786264,37286,36864
xtensor,meeting01_loso,fsdd,snn-ae,poisson,conv1d,2,1.500000,0.990000,5,46,1327769346908022152,val,3,0.079451,0.213804,-3.906883,0.571429,0.480000,0.521739,0.547331,410675.000000,30776.242188,20.445419,37286,36864
xtensor,meeting01_loso,fsdd,snn-ae,poisson,recurrent,2,0.500000,0.800000,5,46,1327769346908022152,val,3,0.040850,0.142188,-0.196681,0.000000,0.000000,0.000000,0.527878,409181.000000,98452.507812,1263.760376,37286,36864
xtensor,meeting01_loso,fsdd,snn-ae,poisson,recurrent,2,0.500000,0.900000,5,46,1327769346908022152,val,3,0.066304,0.186689,-0.721546,0.608696,0.280000,0.383562,0.513698,408092.000000,88729.351562,1089.281372,37286,36864
xtensor,meeting01_loso,fsdd,snn-ae,poisson,recurrent,2,0.500000,0.990000,5,46,1327769346908022152,val,3,0.082258,0.211303,-0.755541,0.542857,0.380000,0.447059,0.548190,410741.000000,76189.804688,985.757019,37286,36864
xtensor,meeting01_loso,fsdd,snn-ae,poisson,recurrent,2,1.000000,0.800000,5,46,1327769346908022152,val,3,0.006911,0.045741,0.601178,0.000000,0.000000,0.000000,0.503568,407314.000000,162891.921875,1052.372437,37286,36864
xtensor,meeting01_loso,fsdd,snn-ae,poisson,recurrent,2,1.000000,0.900000,5,46,1327769346908022152,val,3,0.027916,0.109688,-0.419132,0.500000,0.020000,0.038462,0.521107,408661.000000,106115.664062,954.700989,37286,36864
xtensor,meeting01_loso,fsdd,snn-ae,poisson,recurrent,2,1.000000,0.990000,5,46,1327769346908022152,val,3,0.132520,0.256484,-4.976086,0.537037,0.580000,0.557692,0.524557,408926.000000,145428.671875,1079.442505,37286,36864
xtensor,meeting01_loso,fsdd,snn-ae,poisson,recurrent,2,1.500000,0.800000,5,46,1327769346908022152,val,3,0.007598,0.036721,0.249163,0.000000,0.000000,0.000000,0.503164,407283.000000,208648.031250,1030.289429,37286,36864
xtensor,meeting01_loso,fsdd,snn-ae,poisson,recurrent,2,1.500000,0.900000,5,46,1327769346908022152,val,3,0.009877,0.052988,0.148883,0.000000,0.000000,0.000000,0.491810,406411.000000,118618.000000,1006.827942,37286,36864
xtensor,meeting01_loso,fsdd,snn-ae,poisson,recurrent,2,1.500000,0.990000,5,46,1327769346908022152,val,3,0.081512,0.204102,-4.486133,0.533333,0.320000,0.400000,0.498503,406925.000000,63540.324219,1120.261719,37286,36864
xtensor,meeting01_loso,fsdd,snn-ae,poisson,recurrent,2,1.000000,0.800000,5,46,1327769346908022152,test,3,0.107963,0.178256,-0.400853,0.000000,0.000000,0.000000,0.503576,562013.000000,77405.093750,947.792664,37286,36864
xtensor,meeting01_loso,fsdd,lstm-ae,latency,lstm,1,0.000000,0.000000,1,42,1327769346908022152,val,3,0.002812,0.009666,0.887589,0.000000,0.000000,0.000000,0.000000,11842560.000000,1619527.000000,1794.443359,122472,1184256
xtensor,meeting01_loso,fsdd,lstm-ae,latency,lstm,1,0.000000,0.000000,1,42,1327769346908022152,test,3,0.144999,0.195333,0.393989,0.000000,0.000000,0.000000,0.000000,11842560.000000,0.000000,0.000000,122472,1184256
xtensor,meeting01_loso,fsdd,gru-ae,latency,gru,1,0.000000,0.000000,1,42,1327769346908022152,val,3,0.004467,0.015994,0.821431,0.000000,0.000000,0.000000,0.000000,8893440.000000,645010.000000,2932.885010,93032,889344
xtensor,meeting01_loso,fsdd,gru-ae,latency,gru,1,0.000000,0.000000,1,42,1327769346908022152,test,3,0.136352,0.202423,0.430142,0.000000,0.000000,0.000000,0.000000,8893440.000000,0.000000,0.000000,93032,889344
xtensor,meeting01_loso,fsdd,transformer-ae,latency,transformer,1,0.000000,0.000000,1,42,1327769346908022152,val,3,0.002491,0.007541,0.900418,0.000000,0.000000,0.000000,0.000000,47554560.000000,424148.250000,562.046082,139176,4755456
xtensor,meeting01_loso,fsdd,transformer-ae,latency,transformer,1,0.000000,0.000000,1,42,1327769346908022152,test,3,0.129211,0.183739,0.460049,0.000000,0.000000,0.000000,0.000000,47554560.000000,0.000000,0.000000,139176,4755456
xtensor,meeting01_loso,fsdd,snn-ae,latency,dense,2,0.500000,0.800000,1,42,1327769346908022152,val,3,0.009392,0.031820,0.624574,0.000000,0.000000,0.000000,0.590846,414017.000000,30098.728516,13.533116,37286,36864
xtensor,meeting01_loso,fsdd,snn-ae,latency,dense,2,0.500000,0.900000,1,42,1327769346908022152,val,3,0.010300,0.028743,0.588242,0.000000,0.000000,0.000000,0.610573,415532.000000,11436.069336,14.302742,37286,36864
xtensor,meeting01_loso,fsdd,snn-ae,latency,dense,2,0.500000,0.990000,1,42,1327769346908022152,val,3,0.023230,0.049982,0.071344,0.000000,0.000000,0.000000,0.674792,420464.000000,22556.941406,13.977419,37286,36864
xtensor,meeting01_loso,fsdd,snn-ae,latency,dense,2,1.000000,0.800000,1,42,1327769346908022152,val,3,0.006672,0.024246,0.733264,0.000000,0.000000,0.000000,0.578555,413073.000000,32971.902344,12.837147,37286,36864
xtensor,meeting01_loso,fsdd,snn-ae,latency,dense,2,1.000000,0.900000,1,42,1327769346908022152,val,3,0.019738,0.066217,0.210955,0.000000,0.000000,0.000000,0.576211,412893.000000,38121.636719,12.779532,37286,36864
xtensor,meeting01_loso,fsdd,snn-ae,latency,dense,2,1.000000,0.990000,1,42,1327769346908022152,val,3,0.016018,0.036901,0.359635,0.000000,0.000000,0.000000,0.653229,418808.000000,9310.559570,41.534683,37286,36864
xtensor,meeting01_loso,fsdd,snn-ae,latency,dense,2,1.500000,0.800000,1,42,1327769346908022152,val,3,0.010926,0.037039,0.563242,0.000000,0.000000,0.000000,0.472813,404952.000000,37805.757812,13.907880,37286,36864
xtensor,meeting01_loso,fsdd,snn-ae,latency,dense,2,1.500000,0.900000,1,42,1327769346908022152,val,3,0.015350,0.061198,0.386387,0.000000,0.000000,0.000000,0.567474,412222.000000,33974.546875,17.843960,37286,36864
xtensor,meeting01_loso,fsdd,snn-ae,latency,dense,2,1.500000,0.990000,1,42,1327769346908022152,val,3,0.011951,0.039006,0.522268,0.000000,0.000000,0.000000,0.603581,414995.000000,12403.537109,12.682862,37286,36864
xtensor,meeting01_loso,fsdd,snn-ae,latency,conv1d,2,0.500000,0.800000,1,42,1327769346908022152,val,3,0.006171,0.022453,0.695906,0.000000,0.000000,0.000000,0.509727,407787.000000,12460.709961,15.068210,37286,36864
xtensor,meeting01_loso,fsdd,snn-ae,latency,conv1d,2,0.500000,0.900000,1,42,1327769346908022152,val,3,0.005999,0.018379,0.704392,0.000000,0.000000,0.000000,0.530260,409364.000000,46125.015625,13.438302,37286,36864
xtensor,meeting01_loso,fsdd,snn-ae,latency,conv1d,2,0.500000,0.990000,1,42,1327769346908022152,val,3,0.010057,0.026418,0.504406,0.000000,0.000000,0.000000,0.631107,417109.000000,13704.046875,16.634134,37286,36864
xtensor,meeting01_loso,fsdd,snn-ae,latency,conv1d,2,1.000000,0.800000,1,42,1327769346908022152,val,3,0.004066,0.017382,0.799620,0.000000,0.000000,0.000000,0.392669,398797.000000,28600.494141,13.394994,37286,36864
xtensor,meeting01_loso,fsdd,snn-ae,latency,conv1d,2,1.000000,0.900000,1,42,1327769346908022152,val,3,0.005563,0.018760,0.725870,0.000000,0.000000,0.000000,0.495273,406677.000000,29570.822266,15.384463,37286,36864
xtensor,meeting01_loso,fsdd,snn-ae,latency,conv1d,2,1.000000,0.990000,1,42,1327769346908022152,val,3,0.011403,0.031840,0.438032,0.000000,0.000000,0.000000,0.578411,413062.000000,24313.761719,13.998168,37286,36864
xtensor,meeting01_loso,fsdd,snn-ae,latency,conv1d,2,1.500000,0.800000,1,42,1327769346908022152,val,3,0.006482,0.036685,0.680577,0.000000,0.000000,0.000000,0.503893,407339.000000,16672.509766,14.161970,37286,36864
xtensor,meeting01_loso,fsdd,snn-ae,latency,conv1d,2,1.500000,0.900000,1,42,1327769346908022152,val,3,0.006439,0.027615,0.682664,0.000000,0.000000,0.000000,0.504870,407414.000000,23238.644531,19.523436,37286,36864
xtensor,meeting01_loso,fsdd,snn-ae,latency,conv1d,2,1.500000,0.990000,1,42,1327769346908022152,val,3,0.010759,0.027841,0.469801,0.000000,0.000000,0.000000,0.529049,409271.000000,31819.130859,14.522334,37286,36864
xtensor,meeting01_loso,fsdd,snn-ae,latency,recurrent,2,0.500000,0.800000,1,42,1327769346908022152,val,3,0.006780,0.022531,0.737768,0.000000,0.000000,0.000000,0.455755,403642.000000,165675.437500,1208.516846,37286,36864
xtensor,meeting01_loso,fsdd,snn-ae,latency,recurrent,2,0.500000,0.900000,1,42,1327769346908022152,val,3,0.009576,0.031589,0.638718,0.000000,0.000000,0.000000,0.480964,405578.000000,50186.660156,1070.656738,37286,36864
xtensor,meeting01_loso,fsdd,snn-ae,latency,recurrent,2,0.500000,0.990000,1,42,1327769346908022152,val,3,0.024251,0.043023,0.123509,0.000000,0.000000,0.000000,0.529180,409281.000000,263289.906250,1099.199585,37286,36864
xtensor,meeting01_loso,fsdd,snn-ae,latency,recurrent,2,1.000000,0.800000,1,42,1327769346908022152,val,3,0.008977,0.042440,0.528592,0.000000,0.000000,0.000000,0.515573,408236.000000,139737.593750,980.135620,37286,36864
xtensor,meeting01_loso,fsdd,snn-ae,latency,recurrent,2,1.000000,0.900000,1,42,1327769346908022152,val,3,0.008441,0.022022,0.589385,0.000000,0.000000,0.000000,0.550313,410904.000000,204212.578125,1041.953125,37286,36864
xtensor,meeting01_loso,fsdd,snn-ae,latency,recurrent,2,1.000000,0.990000,1,42,1327769346908022152,val,3,0.011490,0.032135,0.460766,0.000000,0.000000,0.000000,0.715117,423561.000000,37687.335938,1016.473511,37286,36864
xtensor,meeting01_loso,fsdd,snn-ae,latency,recurrent,2,1.500000,0.800000,1,42,1327769346908022152,val,3,0.005446,0.029328,0.434934,0.000000,0.000000,0.000000,0.513424,408071.000000,54274.082031,1020.478210,37286,36864
xtensor,meeting01_loso,fsdd,snn-ae,latency,recurrent,2,1.500000,0.900000,1,42,1327769346908022152,val,3,0.014798,0.065629,-0.434402,0.000000,0.000000,0.000000,0.508385,407684.000000,214466.390625,986.481384,37286,36864
xtensor,meeting01_loso,fsdd,snn-ae,latency,recurrent,2,1.500000,0.990000,1,42,1327769346908022152,val,3,0.013318,0.035923,-0.035651,0.000000,0.000000,0.000000,0.565156,412044.000000,52251.523438,1502.673462,37286,36864
xtensor,meeting01_loso,fsdd,snn-ae,latency,conv1d,2,1.000000,0.800000,1,42,1327769346908022152,test,3,0.132508,0.201320,0.385287,0.000000,0.000000,0.000000,0.694948,635500.000000,34582.011719,30.664309,37286,36864
xtensor,meeting01_loso,fsdd,lstm-ae,latency,lstm,1,0.000000,0.000000,2,43,1327769346908022152,val,3,0.002812,0.009666,0.887589,0.000000,0.000000,0.000000,0.000000,11842560.000000,2089102.000000,30008.193359,122472,1184256
xtensor,meeting01_loso,fsdd,lstm-ae,latency,lstm,1,0.000000,0.000000,2,43,1327769346908022152,test,3,0.144999,0.195333,0.393989,0.000000,0.000000,0.000000,0.000000,11842560.000000,0.000000,0.000000,122472,1184256
xtensor,meeting01_loso,fsdd,gru-ae,latency,gru,1,0.000000,0.000000,2,43,1327769346908022152,val,3,0.004467,0.015994,0.821431,0.000000,0.000000,0.000000,0.000000,8893440.000000,680243.375000,3159.004639,93032,889344
xtensor,meeting01_loso,fsdd,gru-ae,latency,gru,1,0.000000,0.000000,2,43,1327769346908022152,test,3,0.136352,0.202423,0.430142,0.000000,0.000000,0.000000,0.000000,8893440.000000,0.000000,0.000000,93032,889344
xtensor,meeting01_loso,fsdd,transformer-ae,latency,transformer,1,0.000000,0.000000,2,43,1327769346908022152,val,3,0.002491,0.007541,0.900418,0.000000,0.000000,0.000000,0.000000,47554560.000000,319371.125000,489.902527,139176,4755456
xtensor,meeting01_loso,fsdd,transformer-ae,latency,transformer,1,0.000000,0.000000,2,43,1327769346908022152,test,3,0.129211,0.183739,0.460049,0.000000,0.000000,0.000000,0.000000,47554560.000000,0.000000,0.000000,139176,4755456
xtensor,meeting01_loso,fsdd,snn-ae,latency,dense,2,0.500000,0.800000,2,43,1327769346908022152,val,3,0.008708,0.023614,0.651913,0.000000,0.000000,0.000000,0.628802,416932.000000,9898.694336,15.432104,37286,36864
xtensor,meeting01_loso,fsdd,snn-ae,latency,dense,2,0.500000,0.900000,2,43,1327769346908022152,val,3,0.009135,0.024917,0.634801,0.000000,0.000000,0.000000,0.649727,418539.000000,15765.297852,12.988069,37286,36864
xtensor,meeting01_loso,fsdd,snn-ae,latency,dense,2,0.500000,0.990000,2,43,1327769346908022152,val,3,0.013067,0.033039,0.477615,0.000000,0.000000,0.000000,0.638255,417658.000000,16520.392578,14.459348,37286,36864
xtensor,meeting01_loso,fsdd,snn-ae,latency,dense,2,1.000000,0.800000,2,43,1327769346908022152,val,3,0.007324,0.032391,0.707223,0.000000,0.000000,0.000000,0.525521,409000.000000,36751.839844,13.081304,37286,36864
xtensor,meeting01_loso,fsdd,snn-ae,latency,dense,2,1.000000,0.900000,2,43,1327769346908022152,val,3,0.007983,0.021749,0.680875,0.000000,0.000000,0.000000,0.529622,409315.000000,16507.521484,21.476452,37286,36864
xtensor,meeting01_loso,fsdd,snn-ae,latency,dense,2,1.000000,0.990000,2,43,1327769346908022152,val,3,0.015419,0.028773,0.383595,0.000000,0.000000,0.000000,0.644414,418131.000000,34091.468750,12.426396,37286,36864
xtensor,meeting01_loso,fsdd,snn-ae,latency,dense,2,1.500000,0.800000,2,43,1327769346908022152,val,3,0.008942,0.048096,0.642556,0.000000,0.000000,0.000000,0.508854,407720.000000,31674.335938,14.323986,37286,36864
xtensor,meeting01_loso,fsdd,snn-ae,latency,dense,2,1.500000,0.900000,2,43,1327769346908022152,val,3,0.022530,0.077984,0.099372,0.000000,0.000000,0.000000,0.537708,409936.000000,16251.168945,13.041836,37286,36864
xtensor,meeting01_loso,fsdd,snn-ae,latency,dense,2,1.500000,0.990000,2,43,1327769346908022152,val,3,0.015611,0.029972,0.375906,0.000000,0.000000,0.000000,0.510638,407857.000000,40545.726562,13.233967,37286,36864
xtensor,meeting01_loso,fsdd,snn-ae,latency,conv1d,2,0.500000,0.800000,2,43,1327769346908022152,val,3,0.011045,0.049203,0.455686,0.000000,0.000000,0.000000,0.585234,413586.000000,11663.590820,14.034838,37286,36864
xtensor,meeting01_loso,fsdd,snn-ae,latency,conv1d,2,0.500000,0.900000,2,43,1327769346908022152,val,3,0.007902,0.023124,0.610557,0.000000,0.000000,0.000000,0.673698,420380.000000,15639.911133,14.550335,37286,36864
xtensor,meeting01_loso,fsdd,snn-ae,latency,conv1d,2,0.500000,0.990000,2,43,1327769346908022152,val,3,0.013899,0.032412,0.315049,0.000000,0.000000,0.000000,0.689401,421586.000000,16416.697266,14.557877,37286,36864
xtensor,meeting01_loso,fsdd,snn-ae,latency,conv1d,2,1.000000,0.800000,2,43,1327769346908022152,val,3,0.006397,0.024805,0.684762,0.000000,0.000000,0.000000,0.535182,409742.000000,24483.001953,16.419847,37286,36864
xtensor,meeting01_loso,fsdd,snn-ae,latency,conv1d,2,1.000000,0.900000,2,43,1327769346908022152,val,3,0.007064,0.027470,0.651886,0.000000,0.000000,0.000000,0.568372,412291.000000,21790.865234,14.337944,37286,36864
xtensor,meeting01_loso,fsdd,snn-ae,latency,conv1d,2,1.000000,0.990000,2,43,1327769346908022152,val,3,0.015769,0.035344,0.222859,0.000000,0.000000,0.000000,0.719115,423868.000000,19358.769531,20.898701,37286,36864
xtensor,meeting01_loso,fsdd,snn-ae,latency,conv1d,2,1.500000,0.800000,2,43,1327769346908022152,val,3,0.003338,0.021956,0.835522,0.000000,0.000000,0.000000,0.460586,404013.000000,30249.648438,14.185827,37286,36864
xtensor,meeting01_loso,fsdd,snn-ae,latency,conv1d,2,1.500000,0.900000,2,43,1327769346908022152,val,3,0.015433,0.071572,0.239429,0.000000,0.000000,0.000000,0.511706,407939.000000,29733.019531,16.798241,37286,36864
xtensor,meeting01_loso,fsdd,snn-ae,latency,conv1d,2,1.500000,0.990000,2,43,1327769346908022152,val,3,0.008890,0.030902,0.561894,0.000000,0.000000,0.000000,0.716224,423646.000000,12896.937500,64.544853,37286,36864
xtensor,meeting01_loso,fsdd,snn-ae,latency,recurrent,2,0.500000,0.800000,2,43,1327769346908022152,val,3,0.006211,0.016887,0.759735,0.000000,0.000000,0.000000,0.500469,407076.000000,228773.000000,970.594727,37286,36864
xtensor,meeting01_loso,fsdd,snn-ae,latency,recurrent,2,0.500000,0.900000,2,43,1327769346908022152,val,3,0.007939,0.020753,0.700486,0.000000,0.000000,0.000000,0.498411,406918.000000,142366.359375,1395.056396,37286,36864
xtensor,meeting01_loso,fsdd,snn-ae,latency,recurrent,2,0.500000,0.990000,2,43,1327769346908022152,val,3,0.025747,0.038596,0.069374,0.000000,0.000000,0.000000,0.640065,417797.000000,174963.765625,1125.126099,37286,36864
xtensor,meeting01_loso,fsdd,snn-ae,latency,recurrent,2,1.000000,0.800000,2,43,1327769346908022152,val,3,0.016741,0.062328,0.120870,0.000000,0.000000,0.000000,0.517839,408410.000000,180087.390625,1488.598511,37286,36864
xtensor,meeting01_loso,fsdd,snn-ae,latency,recurrent,2,1.000000,0.900000,2,43,1327769346908022152,val,3,0.014193,0.050935,0.309613,0.000000,0.000000,0.000000,0.450039,403203.000000,120961.320312,1163.343506,37286,36864
xtensor,meeting01_loso,fsdd,snn-ae,latency,recurrent,2,1.000000,0.990000,2,43,1327769346908022152,val,3,0.012659,0.026109,0.405900,0.000000,0.000000,0.000000,0.549284,410825.000000,161002.531250,1082.057739,37286,36864
xtensor,meeting01_loso,fsdd,snn-ae,latency,recurrent,2,1.500000,0.800000,2,43,1327769346908022152,val,3,0.008855,0.046026,0.081279,0.000000,0.000000,0.000000,0.524154,408895.000000,105792.343750,1294.034790,37286,36864
xtensor,meeting01_loso,fsdd,snn-ae,latency,recurrent,2,1.500000,0.900000,2,43,1327769346908022152,val,3,0.008305,0.039011,0.195023,0.000000,0.000000,0.000000,0.543490,410380.000000,188930.250000,1601.167847,37286,36864
xtensor,meeting01_loso,fsdd,snn-ae,latency,recurrent,2,1.500000,0.990000,2,43,1327769346908022152,val,3,0.010476,0.033355,0.185432,0.000000,0.000000,0.000000,0.637487,417599.000000,122839.351562,1571.682861,37286,36864
xtensor,meeting01_loso,fsdd,snn-ae,latency,conv1d,2,1.500000,0.800000,2,43,1327769346908022152,test,3,0.127298,0.202465,0.409456,0.000000,0.000000,0.000000,0.729622,648815.000000,28629.880859,55.256683,37286,36864
xtensor,meeting01_loso,fsdd,lstm-ae,latency,lstm,1,0.000000,0.000000,3,44,1327769346908022152,val,3,0.002812,0.009666,0.887589,0.000000,0.000000,0.000000,0.000000,11842560.000000,1511859.000000,2161.632812,122472,1184256
xtensor,meeting01_loso,fsdd,lstm-ae,latency,lstm,1,0.000000,0.000000,3,44,1327769346908022152,test,3,0.144999,0.195333,0.393989,0.000000,0.000000,0.000000,0.000000,11842560.000000,0.000000,0.000000,122472,1184256
xtensor,meeting01_loso,fsdd,gru-ae,latency,gru,1,0.000000,0.000000,3,44,1327769346908022152,val,3,0.004467,0.015994,0.821431,0.000000,0.000000,0.000000,0.000000,8893440.000000,676625.937500,3752.610352,93032,889344
xtensor,meeting01_loso,fsdd,gru-ae,latency,gru,1,0.000000,0.000000,3,44,1327769346908022152,test,3,0.136352,0.202423,0.430142,0.000000,0.000000,0.000000,0.000000,8893440.000000,0.000000,0.000000,93032,889344
xtensor,meeting01_loso,fsdd,transformer-ae,latency,transformer,1,0.000000,0.000000,3,44,1327769346908022152,val,3,0.002491,0.007541,0.900418,0.000000,0.000000,0.000000,0.000000,47554560.000000,411240.062500,715.236877,139176,4755456
xtensor,meeting01_loso,fsdd,transformer-ae,latency,transformer,1,0.000000,0.000000,3,44,1327769346908022152,test,3,0.129211,0.183739,0.460049,0.000000,0.000000,0.000000,0.000000,47554560.000000,0.000000,0.000000,139176,4755456
xtensor,meeting01_loso,fsdd,snn-ae,latency,dense,2,0.500000,0.800000,3,44,1327769346908022152,val,3,0.009421,0.024845,0.623392,0.000000,0.000000,0.000000,0.591458,414064.000000,82989.992188,13.490764,37286,36864
xtensor,meeting01_loso,fsdd,snn-ae,latency,dense,2,0.500000,0.900000,3,44,1327769346908022152,val,3,0.009729,0.025085,0.611092,0.000000,0.000000,0.000000,0.584453,413526.000000,14663.935547,14.057390,37286,36864
xtensor,meeting01_loso,fsdd,snn-ae,latency,dense,2,0.500000,0.990000,3,44,1327769346908022152,val,3,0.012602,0.028548,0.496213,0.000000,0.000000,0.000000,0.579896,413176.000000,29098.601562,12.314770,37286,36864
xtensor,meeting01_loso,fsdd,snn-ae,latency,dense,2,1.000000,0.800000,3,44,1327769346908022152,val,3,0.009143,0.039808,0.634501,0.000000,0.000000,0.000000,0.516367,408297.000000,37404.406250,15.855186,37286,36864
xtensor,meeting01_loso,fsdd,snn-ae,latency,dense,2,1.000000,0.900000,3,44,1327769346908022152,val,3,0.007684,0.023259,0.692848,0.000000,0.000000,0.000000,0.605521,415144.000000,13304.532227,13.563400,37286,36864
xtensor,meeting01_loso,fsdd,snn-ae,latency,dense,2,1.000000,0.990000,3,44,1327769346908022152,val,3,0.011519,0.026816,0.539487,0.000000,0.000000,0.000000,0.371771,397192.000000,121185.382812,49.356705,37286,36864
xtensor,meeting01_loso,fsdd,snn-ae,latency,dense,2,1.500000,0.800000,3,44,1327769346908022152,val,3,0.006456,0.028579,0.741904,0.000000,0.000000,0.000000,0.592904,414175.000000,117946.242188,12.705847,37286,36864
xtensor,meeting01_loso,fsdd,snn-ae,latency,dense,2,1.500000,0.900000,3,44,1327769346908022152,val,3,0.009439,0.030932,0.622691,0.000000,0.000000,0.000000,0.587656,413772.000000,49070.453125,15.991184,37286,36864
xtensor,meeting01_loso,fsdd,snn-ae,latency,dense,2,1.500000,0.990000,3,44,1327769346908022152,val,3,0.012804,0.030379,0.488136,0.000000,0.000000,0.000000,0.616875,416016.000000,24728.613281,11.826488,37286,36864
xtensor,meeting01_loso,fsdd,snn-ae,latency,conv1d,2,0.500000,0.800000,3,44,1327769346908022152,val,3,0.034688,0.128833,-0.709466,0.000000,0.000000,0.000000,0.510846,407873.000000,13797.500977,16.464296,37286,36864
xtensor,meeting01_loso,fsdd,snn-ae,latency,conv1d,2,0.500000,0.900000,3,44,1327769346908022152,val,3,0.007301,0.026284,0.640222,0.000000,0.000000,0.000000,0.564609,412002.000000,9803.023438,20.259329,37286,36864
xtensor,meeting01_loso,fsdd,snn-ae,latency,conv1d,2,0.500000,0.990000,3,44,1327769346908022152,val,3,0.019835,0.034788,0.022488,0.000000,0.000000,0.000000,0.503841,407335.000000,63461.222656,15.827496,37286,36864
xtensor,meeting01_loso,fsdd,snn-ae,latency,conv1d,2,1.000000,0.800000,3,44,1327769346908022152,val,3,0.005535,0.030497,0.727218,0.000000,0.000000,0.000000,0.466914,404499.000000,426040.000000,13.409597,37286,36864
xtensor,meeting01_loso,fsdd,snn-ae,latency,conv1d,2,1.000000,0.900000,3,44,1327769346908022152,val,3,0.008289,0.029234,0.591518,0.000000,0.000000,0.000000,0.522279,408751.000000,13023.852539,16.577574,37286,36864
xtensor,meeting01_loso,fsdd,snn-ae,latency,conv1d,2,1.000000,0.990000,3,44,1327769346908022152,val,3,0.010706,0.031609,0.472417,0.000000,0.000000,0.000000,0.694883,422007.000000,8270.358398,15.121544,37286,36864
xtensor,meeting01_loso,fsdd,snn-ae,latency,conv1d,2,1.500000,0.800000,3,44,1327769346908022152,val,3,0.003902,0.019921,0.807689,0.000000,0.000000,0.000000,0.517318,408370.000000,28836.359375,15.115934,37286,36864
xtensor,meeting01_loso,fsdd,snn-ae,latency,conv1d,2,1.500000,0.900000,3,44,1327769346908022152,val,3,0.005769,0.026774,0.715725,0.000000,0.000000,0.000000,0.522096,408737.000000,27244.093750,14.871436,37286,36864
xtensor,meeting01_loso,fsdd,snn-ae,latency,conv1d,2,1.500000,0.990000,3,44,1327769346908022152,val,3,0.013535,0.036406,0.332956,0.000000,0.000000,0.000000,0.509909,407801.000000,30666.554688,28.386635,37286,36864
xtensor,meeting01_loso,fsdd,snn-ae,latency,recurrent,2,0.500000,0.800000,3,44,1327769346908022152,val,3,0.008529,0.024254,0.670082,0.000000,0.000000,0.000000,0.631419,417133.000000,193502.937500,1066.839600,37286,36864
xtensor,meeting01_loso,fsdd,snn-ae,latency,recurrent,2,0.500000,0.900000,3,44,1327769346908022152,val,3,0.008886,0.025957,0.664746,0.000000,0.000000,0.000000,0.526549,409079.000000,130559.218750,1218.611206,37286,36864
xtensor,meeting01_loso,fsdd,snn-ae,latency,recurrent,2,0.500000,0.990000,3,44,1327769346908022152,val,3,0.027028,0.044577,0.023071,0.000000,0.000000,0.000000,0.692266,421806.000000,73949.125000,1068.160034,37286,36864
xtensor,meeting01_loso,fsdd,snn-ae,latency,recurrent,2,1.000000,0.800000,3,44,1327769346908022152,val,3,0.008311,0.038340,0.563548,0.000000,0.000000,0.000000,0.500924,407111.000000,157031.937500,1031.050781,37286,36864
xtensor,meeting01_loso,fsdd,snn-ae,latency,recurrent,2,1.000000,0.900000,3,44,1327769346908022152,val,3,0.009512,0.028106,0.537319,1.000000,0.020000,0.039216,0.546315,410597.000000,95456.468750,892.897949,37286,36864
xtensor,meeting01_loso,fsdd,snn-ae,latency,recurrent,2,1.000000,0.990000,3,44,1327769346908022152,val,3,0.011661,0.031709,0.452724,0.000000,0.000000,0.000000,0.656810,419083.000000,37923.675781,1127.992065,37286,36864
xtensor,meeting01_loso,fsdd,snn-ae,latency,recurrent,2,1.500000,0.800000,3,44,1327769346908022152,val,3,0.003684,0.021580,0.617810,0.000000,0.000000,0.000000,0.522891,408798.000000,205358.468750,933.964783,37286,36864
xtensor,meeting01_loso,fsdd,snn-ae,latency,recurrent,2,1.500000,0.900000,3,44,1327769346908022152,val,3,0.010259,0.039728,0.005643,0.000000,0.000000,0.000000,0.556081,411347.000000,40643.507812,895.385742,37286,36864
xtensor,meeting01_loso,fsdd,snn-ae,latency,recurrent,2,1.500000,0.990000,3,44,1327769346908022152,val,3,0.008563,0.025797,0.334225,0.000000,0.000000,0.000000,0.644401,418130.000000,46571.968750,1969.592407,37286,36864
xtensor,meeting01_loso,fsdd,snn-ae,latency,recurrent,2,1.500000,0.800000,3,44,1327769346908022152,test,3,0.120256,0.182694,0.231343,0.000000,0.000000,0.000000,0.618656,606204.000000,257965.781250,2906.417969,37286,36864
xtensor,meeting01_loso,fsdd,lstm-ae,latency,lstm,1,0.000000,0.000000,4,45,1327769346908022152,val,3,0.002812,0.009666,0.887589,0.000000,0.000000,0.000000,0.000000,11842560.000000,2070125.125000,2257.261475,122472,1184256
xtensor,meeting01_loso,fsdd,lstm-ae,latency,lstm,1,0.000000,0.000000,4,45,1327769346908022152,test,3,0.144999,0.195333,0.393989,0.000000,0.000000,0.000000,0.000000,11842560.000000,0.000000,0.000000,122472,1184256
xtensor,meeting01_loso,fsdd,gru-ae,latency,gru,1,0.000000,0.000000,4,45,1327769346908022152,val,3,0.004467,0.015994,0.821431,0.000000,0.000000,0.000000,0.000000,8893440.000000,721748.937500,3319.645508,93032,889344
xtensor,meeting01_loso,fsdd,gru-ae,latency,gru,1,0.000000,0.000000,4,45,1327769346908022152,test,3,0.136352,0.202423,0.430142,0.000000,0.000000,0.000000,0.000000,8893440.000000,0.000000,0.000000,93032,889344
xtensor,meeting01_loso,fsdd,transformer-ae,latency,transformer,1,0.000000,0.000000,4,45,1327769346908022152,val,3,0.002491,0.007541,0.900418,0.000000,0.000000,0.000000,0.000000,47554560.000000,475328.125000,687.781433,139176,4755456
xtensor,meeting01_loso,fsdd,transformer-ae,latency,transformer,1,0.000000,0.000000,4,45,1327769346908022152,test,3,0.129211,0.183739,0.460049,0.000000,0.000000,0.000000,0.000000,47554560.000000,0.000000,0.000000,139176,4755456
xtensor,meeting01_loso,fsdd,snn-ae,latency,dense,2,0.500000,0.800000,4,45,1327769346908022152,val,3,0.007514,0.025984,0.699637,0.000000,0.000000,0.000000,0.618958,416176.000000,13229.278320,14.431184,37286,36864
xtensor,meeting01_loso,fsdd,snn-ae,latency,dense,2,0.500000,0.900000,4,45,1327769346908022152,val,3,0.010078,0.029902,0.597122,0.000000,0.000000,0.000000,0.679883,420855.000000,12654.650391,15.794303,37286,36864
xtensor,meeting01_loso,fsdd,snn-ae,latency,dense,2,0.500000,0.990000,4,45,1327769346908022152,val,3,0.015968,0.032294,0.361671,0.000000,0.000000,0.000000,0.651563,418680.000000,28703.691406,14.614519,37286,36864
xtensor,meeting01_loso,fsdd,snn-ae,latency,dense,2,1.000000,0.800000,4,45,1327769346908022152,val,3,0.006277,0.023932,0.749094,0.000000,0.000000,0.000000,0.576289,412899.000000,34237.718750,14.451927,37286,36864
xtensor,meeting01_loso,fsdd,snn-ae,latency,dense,2,1.000000,0.900000,4,45,1327769346908022152,val,3,0.009218,0.030607,0.631497,0.000000,0.000000,0.000000,0.641823,417932.000000,11061.436523,13.869075,37286,36864
xtensor,meeting01_loso,fsdd,snn-ae,latency,dense,2,1.000000,0.990000,4,45,1327769346908022152,val,3,0.014456,0.033978,0.422082,0.000000,0.000000,0.000000,0.658333,419200.000000,21486.474609,12.731228,37286,36864
xtensor,meeting01_loso,fsdd,snn-ae,latency,dense,2,1.500000,0.800000,4,45,1327769346908022152,val,3,0.013367,0.068020,0.465631,0.000000,0.000000,0.000000,0.499193,406978.000000,30933.744141,12.408266,37286,36864
xtensor,meeting01_loso,fsdd,snn-ae,latency,dense,2,1.500000,0.900000,4,45,1327769346908022152,val,3,0.007475,0.025340,0.701215,0.000000,0.000000,0.000000,0.513008,408039.000000,11811.048828,53.488930,37286,36864
xtensor,meeting01_loso,fsdd,snn-ae,latency,dense,2,1.500000,0.990000,4,45,1327769346908022152,val,3,0.010717,0.026079,0.571575,0.000000,0.000000,0.000000,0.607344,415284.000000,30431.464844,18.637411,37286,36864
xtensor,meeting01_loso,fsdd,snn-ae,latency,conv1d,2,0.500000,0.800000,4,45,1327769346908022152,val,3,0.004722,0.018037,0.767321,0.000000,0.000000,0.000000,0.512018,407963.000000,16111.038086,20.014387,37286,36864
xtensor,meeting01_loso,fsdd,snn-ae,latency,conv1d,2,0.500000,0.900000,4,45,1327769346908022152,val,3,0.008048,0.023893,0.603417,0.000000,0.000000,0.000000,0.699622,422371.000000,16294.982422,18.877575,37286,36864
xtensor,meeting01_loso,fsdd,snn-ae,latency,conv1d,2,0.500000,0.990000,4,45,1327769346908022152,val,3,0.013397,0.035773,0.339759,0.000000,0.000000,0.000000,0.687227,421419.000000,46871.437500,15.612648,37286,36864
xtensor,meeting01_loso,fsdd,snn-ae,latency,conv1d,2,1.000000,0.800000,4,45,1327769346908022152,val,3,0.003898,0.017593,0.807912,0.000000,0.000000,0.000000,0.455208,403600.000000,38993.726562,29.544765,37286,36864
xtensor,meeting01_loso,fsdd,snn-ae,latency,conv1d,2,1.000000,0.900000,4,45,1327769346908022152,val,3,0.006284,0.021549,0.690353,0.000000,0.000000,0.000000,0.451901,403346.000000,12733.383789,17.721527,37286,36864
xtensor,meeting01_loso,fsdd,snn-ae,latency,conv1d,2,1.000000,0.990000,4,45,1327769346908022152,val,3,0.012375,0.031791,0.390124,0.000000,0.000000,0.000000,0.640378,417821.000000,11776.874023,18.299400,37286,36864
xtensor,meeting01_loso,fsdd,snn-ae,latency,conv1d,2,1.500000,0.800000,4,45,1327769346908022152,val,3,0.003346,0.020771,0.835089,0.000000,0.000000,0.000000,0.533411,409606.000000,48444.031250,15.244511,37286,36864
xtensor,meeting01_loso,fsdd,snn-ae,latency,conv1d,2,1.500000,0.900000,4,45,1327769346908022152,val,3,0.004567,0.016854,0.774929,0.000000,0.000000,0.000000,0.555833,411328.000000,41433.285156,14.279705,37286,36864
xtensor,meeting01_loso,fsdd,snn-ae,latency,conv1d,2,1.500000,0.990000,4,45,1327769346908022152,val,3,0.010125,0.025437,0.501020,0.000000,0.000000,0.000000,0.674258,420423.000000,18434.666016,15.910078,37286,36864
xtensor,meeting01_loso,fsdd,snn-ae,latency,recurrent,2,0.500000,0.800000,4,45,1327769346908022152,val,3,0.017603,0.063387,0.319107,0.000000,0.000000,0.000000,0.517591,408391.000000,60749.894531,1467.736694,37286,36864
xtensor,meeting01_loso,fsdd,snn-ae,latency,recurrent,2,0.500000,0.900000,4,45,1327769346908022152,val,3,0.008764,0.030778,0.669327,0.000000,0.000000,0.000000,0.636016,417486.000000,59914.738281,1231.285645,37286,36864
xtensor,meeting01_loso,fsdd,snn-ae,latency,recurrent,2,0.500000,0.990000,4,45,1327769346908022152,val,3,0.026471,0.045162,0.043179,0.000000,0.000000,0.000000,0.483099,405742.000000,95761.265625,1340.015259,37286,36864
xtensor,meeting01_loso,fsdd,snn-ae,latency,recurrent,2,1.000000,0.800000,4,45,1327769346908022152,val,3,0.020653,0.091907,-0.084545,0.000000,0.000000,0.000000,0.480260,405524.000000,125733.273438,1389.815063,37286,36864
xtensor,meeting01_loso,fsdd,snn-ae,latency,recurrent,2,1.000000,0.900000,4,45,1327769346908022152,val,3,0.008114,0.022463,0.605317,0.000000,0.000000,0.000000,0.487878,406109.000000,58216.789062,979.268555,37286,36864
xtensor,meeting01_loso,fsdd,snn-ae,latency,recurrent,2,1.000000,0.990000,4,45,1327769346908022152,val,3,0.008783,0.026066,0.587809,0.000000,0.000000,0.000000,0.590208,413968.000000,93240.281250,979.427307,37286,36864
xtensor,meeting01_loso,fsdd,snn-ae,latency,recurrent,2,1.500000,0.800000,4,45,1327769346908022152,val,3,0.007872,0.039777,0.183291,0.000000,0.000000,0.000000,0.483164,405747.000000,158152.984375,931.044678,37286,36864
xtensor,meeting01_loso,fsdd,snn-ae,latency,recurrent,2,1.500000,0.900000,4,45,1327769346908022152,val,3,0.009938,0.042743,0.036735,0.000000,0.000000,0.000000,0.495247,406675.000000,62639.734375,928.416870,37286,36864
xtensor,meeting01_loso,fsdd,snn-ae,latency,recurrent,2,1.500000,0.990000,4,45,1327769346908022152,val,3,0.009769,0.026673,0.240347,0.000000,0.000000,0.000000,0.640755,417850.000000,36625.875000,952.764343,37286,36864
xtensor,meeting01_loso,fsdd,snn-ae,latency,conv1d,2,1.500000,0.800000,4,45,1327769346908022152,test,3,0.136484,0.209012,0.366791,0.000000,0.000000,0.000000,0.722961,646257.000000,14968.078125,13.769935,37286,36864
xtensor,meeting01_loso,fsdd,lstm-ae,latency,lstm,1,0.000000,0.000000,5,46,1327769346908022152,val,3,0.002812,0.009666,0.887589,0.000000,0.000000,0.000000,0.000000,11842560.000000,1297870.000000,2055.311768,122472,1184256
xtensor,meeting01_loso,fsdd,lstm-ae,latency,lstm,1,0.000000,0.000000,5,46,1327769346908022152,test,3,0.144999,0.195333,0.393989,0.000000,0.000000,0.000000,0.000000,11842560.000000,0.000000,0.000000,122472,1184256
xtensor,meeting01_loso,fsdd,gru-ae,latency,gru,1,0.000000,0.000000,5,46,1327769346908022152,val,3,0.004467,0.015994,0.821431,0.000000,0.000000,0.000000,0.000000,8893440.000000,691248.000000,3369.869629,93032,889344
xtensor,meeting01_loso,fsdd,gru-ae,latency,gru,1,0.000000,0.000000,5,46,1327769346908022152,test,3,0.136352,0.202423,0.430142,0.000000,0.000000,0.000000,0.000000,8893440.000000,0.000000,0.000000,93032,889344
xtensor,meeting01_loso,fsdd,transformer-ae,latency,transformer,1,0.000000,0.000000,5,46,1327769346908022152,val,3,0.002491,0.007541,0.900418,0.000000,0.000000,0.000000,0.000000,47554560.000000,343849.875000,558.109375,139176,4755456
xtensor,meeting01_loso,fsdd,transformer-ae,latency,transformer,1,0.000000,0.000000,5,46,1327769346908022152,test,3,0.129211,0.183739,0.460049,0.000000,0.000000,0.000000,0.000000,47554560.000000,0.000000,0.000000,139176,4755456
xtensor,meeting01_loso,fsdd,snn-ae,latency,dense,2,0.500000,0.800000,5,46,1327769346908022152,val,3,0.007876,0.029641,0.685162,0.000000,0.000000,0.000000,0.548398,410757.000000,9235.064453,12.556905,37286,36864
xtensor,meeting01_loso,fsdd,snn-ae,latency,dense,2,0.500000,0.900000,5,46,1327769346908022152,val,3,0.008189,0.022816,0.672655,0.000000,0.000000,0.000000,0.621940,416405.000000,29987.316406,13.997608,37286,36864
xtensor,meeting01_loso,fsdd,snn-ae,latency,dense,2,0.500000,0.990000,5,46,1327769346908022152,val,3,0.020972,0.036768,0.161626,0.000000,0.000000,0.000000,0.644883,418167.000000,18724.771484,12.300027,37286,36864
xtensor,meeting01_loso,fsdd,snn-ae,latency,dense,2,1.000000,0.800000,5,46,1327769346908022152,val,3,0.005994,0.024662,0.760401,0.000000,0.000000,0.000000,0.518698,408476.000000,25305.488281,44.182095,37286,36864
xtensor,meeting01_loso,fsdd,snn-ae,latency,dense,2,1.000000,0.900000,5,46,1327769346908022152,val,3,0.009169,0.029514,0.633484,0.000000,0.000000,0.000000,0.545911,410566.000000,34277.175781,13.062704,37286,36864
xtensor,meeting01_loso,fsdd,snn-ae,latency,dense,2,1.000000,0.990000,5,46,1327769346908022152,val,3,0.013390,0.037217,0.464734,0.000000,0.000000,0.000000,0.706159,422873.000000,8207.282227,11.838652,37286,36864
xtensor,meeting01_loso,fsdd,snn-ae,latency,dense,2,1.500000,0.800000,5,46,1327769346908022152,val,3,0.005266,0.022833,0.789469,0.000000,0.000000,0.000000,0.555599,411310.000000,16099.451172,12.891173,37286,36864
xtensor,meeting01_loso,fsdd,snn-ae,latency,dense,2,1.500000,0.900000,5,46,1327769346908022152,val,3,0.010412,0.039992,0.583795,0.000000,0.000000,0.000000,0.571784,412553.000000,20885.521484,12.746041,37286,36864
xtensor,meeting01_loso,fsdd,snn-ae,latency,dense,2,1.500000,0.990000,5,46,1327769346908022152,val,3,0.012539,0.028991,0.498742,0.000000,0.000000,0.000000,0.613997,415795.000000,15515.226562,12.868545,37286,36864
xtensor,meeting01_loso,fsdd,snn-ae,latency,conv1d,2,0.500000,0.800000,5,46,1327769346908022152,val,3,0.004870,0.019104,0.759996,0.000000,0.000000,0.000000,0.548633,410775.000000,9250.799805,13.855462,37286,36864
xtensor,meeting01_loso,fsdd,snn-ae,latency,conv1d,2,0.500000,0.900000,5,46,1327769346908022152,val,3,0.005901,0.022227,0.709212,0.000000,0.000000,0.000000,0.529583,409312.000000,26640.160156,13.728234,37286,36864
xtensor,meeting01_loso,fsdd,snn-ae,latency,conv1d,2,0.500000,0.990000,5,46,1327769346908022152,val,3,0.013905,0.030786,0.314743,0.000000,0.000000,0.000000,0.691172,421722.000000,18453.990234,13.583608,37286,36864
xtensor,meeting01_loso,fsdd,snn-ae,latency,conv1d,2,1.000000,0.800000,5,46,1327769346908022152,val,3,0.005106,0.023443,0.748358,0.000000,0.000000,0.000000,0.511563,407928.000000,29655.302734,12.996623,37286,36864
xtensor,meeting01_loso,fsdd,snn-ae,latency,conv1d,2,1.000000,0.900000,5,46,1327769346908022152,val,3,0.017755,0.060343,0.125073,0.000000,0.000000,0.000000,0.611185,415579.000000,8580.989258,13.703411,37286,36864
xtensor,meeting01_loso,fsdd,snn-ae,latency,conv1d,2,1.000000,0.990000,5,46,1327769346908022152,val,3,0.012578,0.027840,0.380130,0.000000,0.000000,0.000000,0.482396,405688.000000,22694.357422,13.978806,37286,36864
xtensor,meeting01_loso,fsdd,snn-ae,latency,conv1d,2,1.500000,0.800000,5,46,1327769346908022152,val,3,0.004286,0.030371,0.788792,0.000000,0.000000,0.000000,0.557982,411493.000000,25238.201172,57.961960,37286,36864
xtensor,meeting01_loso,fsdd,snn-ae,latency,conv1d,2,1.500000,0.900000,5,46,1327769346908022152,val,3,0.021926,0.099143,-0.080524,0.000000,0.000000,0.000000,0.580273,413205.000000,9245.388672,13.492110,37286,36864
xtensor,meeting01_loso,fsdd,snn-ae,latency,conv1d,2,1.500000,0.990000,5,46,1327769346908022152,val,3,0.010150,0.023440,0.499801,0.000000,0.000000,0.000000,0.606302,415204.000000,25241.707031,13.204521,37286,36864
xtensor,meeting01_loso,fsdd,snn-ae,latency,recurrent,2,0.500000,0.800000,5,46,1327769346908022152,val,3,0.007501,0.028043,0.709833,0.000000,0.000000,0.000000,0.574362,412751.000000,125104.570312,980.190063,37286,36864
xtensor,meeting01_loso,fsdd,snn-ae,latency,recurrent,2,0.500000,0.900000,5,46,1327769346908022152,val,3,0.009393,0.030039,0.645615,0.000000,0.000000,0.000000,0.532370,409526.000000,44754.367188,1145.736694,37286,36864
xtensor,meeting01_loso,fsdd,snn-ae,latency,recurrent,2,0.500000,0.990000,5,46,1327769346908022152,val,3,0.015278,0.032998,0.447764,0.000000,0.000000,0.000000,0.423060,401131.000000,121136.398438,1008.313416,37286,36864
xtensor,meeting01_loso,fsdd,snn-ae,latency,recurrent,2,1.000000,0.800000,5,46,1327769346908022152,val,3,0.010294,0.052512,0.459394,0.000000,0.000000,0.000000,0.493880,406570.000000,93633.125000,986.490845,37286,36864
xtensor,meeting01_loso,fsdd,snn-ae,latency,recurrent,2,1.000000,0.900000,5,46,1327769346908022152,val,3,0.009073,0.023468,0.558698,0.000000,0.000000,0.000000,0.477005,405274.000000,107180.351562,916.835144,37286,36864
xtensor,meeting01_loso,fsdd,snn-ae,latency,recurrent,2,1.000000,0.990000,5,46,1327769346908022152,val,3,0.012437,0.038658,0.416311,0.000000,0.000000,0.000000,0.667526,419906.000000,44616.597656,1004.230225,37286,36864
xtensor,meeting01_loso,fsdd,snn-ae,latency,recurrent,2,1.500000,0.800000,5,46,1327769346908022152,val,3,0.003504,0.021185,0.636431,0.000000,0.000000,0.000000,0.538229,409976.000000,138133.312500,1011.279663,37286,36864
xtensor,meeting01_loso,fsdd,snn-ae,latency,recurrent,2,1.500000,0.900000,5,46,1327769346908022152,val,3,0.014235,0.074238,-0.379922,0.000000,0.000000,0.000000,0.514310,408139.000000,188963.125000,942.055298,37286,36864
xtensor,meeting01_loso,fsdd,snn-ae,latency,recurrent,2,1.500000,0.990000,5,46,1327769346908022152,val,3,0.009472,0.028183,0.263463,0.000000,0.000000,0.000000,0.634349,417358.000000,43374.070312,1098.101318,37286,36864
xtensor,meeting01_loso,fsdd,snn-ae,latency,recurrent,2,1.500000,0.800000,5,46,1327769346908022152,test,3,0.125270,0.196536,0.199193,0.000000,0.000000,0.000000,0.585068,593306.000000,156284.671875,920.568787,37286,36864
