backend,profile,dataset,model,encoding,architecture,layers,v_th,alpha,run,seed,config_hash,split,cv_fold,mse,mae,r2,precision,recall,f1,spike_rate,energy,train_ms,infer_ms,param_count,macs
xtensor,meeting01_loso,fsdd,lstm-ae,direct,lstm,1,0.000000,0.000000,1,42,13921951549467209506,val,2,0.102384,0.191737,0.897611,0.000000,0.000000,0.000000,0.000000,11842560.000000,463673.437500,1761.619507,122472,1184256
xtensor,meeting01_loso,fsdd,lstm-ae,direct,lstm,1,0.000000,0.000000,1,42,13921951549467209506,test,2,1.250830,0.616782,-0.251196,0.000000,0.000000,0.000000,0.000000,11842560.000000,0.000000,0.000000,122472,1184256
xtensor,meeting01_loso,fsdd,gru-ae,direct,gru,1,0.000000,0.000000,1,42,13921951549467209506,val,2,0.105073,0.196427,0.894922,0.000000,0.000000,0.000000,0.000000,8893440.000000,280846.406250,2727.720947,93032,889344
xtensor,meeting01_loso,fsdd,gru-ae,direct,gru,1,0.000000,0.000000,1,42,13921951549467209506,test,2,1.119345,0.606171,-0.119575,0.000000,0.000000,0.000000,0.000000,8893440.000000,0.000000,0.000000,93032,889344
xtensor,meeting01_loso,fsdd,transformer-ae,direct,transformer,1,0.000000,0.000000,1,42,13921951549467209506,val,2,0.096694,0.185418,0.903302,0.000000,0.000000,0.000000,0.000000,47554560.000000,148304.593750,483.395721,139176,4755456
xtensor,meeting01_loso,fsdd,transformer-ae,direct,transformer,1,0.000000,0.000000,1,42,13921951549467209506,test,2,0.885253,0.562481,0.114442,0.000000,0.000000,0.000000,0.000000,47554560.000000,0.000000,0.000000,139176,4755456
xtensor,meeting01_loso,fsdd,snn-ae,direct,dense,2,0.500000,0.800000,1,42,13921951549467209506,val,2,0.112229,0.206330,0.887766,1.000000,0.060000,0.113208,0.133229,378872.000000,16616.345703,10.268131,37286,36864
xtensor,meeting01_loso,fsdd,snn-ae,direct,dense,2,0.500000,0.900000,1,42,13921951549467209506,val,2,0.102753,0.200597,0.897243,0.000000,0.000000,0.000000,0.105417,376736.000000,15751.976562,10.200105,37286,36864
xtensor,meeting01_loso,fsdd,snn-ae,direct,dense,2,0.500000,0.990000,1,42,13921951549467209506,val,2,0.096353,0.190495,0.903642,0.000000,0.000000,0.000000,0.081706,374915.000000,13840.616211,10.078441,37286,36864
xtensor,meeting01_loso,fsdd,snn-ae,direct,dense,2,1.000000,0.800000,1,42,13921951549467209506,val,2,0.127086,0.222156,0.872908,1.000000,0.060000,0.113208,0.173932,381998.000000,17001.785156,10.200454,37286,36864
xtensor,meeting01_loso,fsdd,snn-ae,direct,dense,2,1.000000,0.900000,1,42,13921951549467209506,val,2,0.112460,0.205802,0.887535,1.000000,0.020000,0.039216,0.129206,378563.000000,24979.730469,10.195216,37286,36864
xtensor,meeting01_loso,fsdd,snn-ae,direct,dense,2,1.000000,0.990000,1,42,13921951549467209506,val,2,0.102873,0.198962,0.897122,0.000000,0.000000,0.000000,0.094245,375878.000000,20307.166016,10.714141,37286,36864
xtensor,meeting01_loso,fsdd,snn-ae,direct,dense,2,1.500000,0.800000,1,42,13921951549467209506,val,2,0.119613,0.217963,0.880382,0.750000,0.060000,0.111111,0.168047,381546.000000,17120.285156,11.196398,37286,36864
xtensor,meeting01_loso,fsdd,snn-ae,direct,dense,2,1.500000,0.900000,1,42,13921951549467209506,val,2,0.113224,0.209037,0.886771,1.000000,0.080000,0.148148,0.152578,380358.000000,16870.675781,10.876732,37286,36864
xtensor,meeting01_loso,fsdd,snn-ae,direct,dense,2,1.500000,0.990000,1,42,13921951549467209506,val,2,0.096270,0.189081,0.903725,0.000000,0.000000,0.000000,0.076107,374485.000000,22462.392578,10.198359,37286,36864
xtensor,meeting01_loso,fsdd,snn-ae,direct,conv1d,2,0.500000,0.800000,1,42,13921951549467209506,val,2,0.090365,0.181812,0.879598,0.000000,0.000000,0.000000,0.137461,379197.000000,15810.345703,11.189902,37286,36864
xtensor,meeting01_loso,fsdd,snn-ae,direct,conv1d,2,0.500000,0.900000,1,42,13921951549467209506,val,2,0.087334,0.174456,0.883637,0.000000,0.000000,0.000000,0.134036,378934.000000,16636.955078,12.175997,37286,36864
xtensor,meeting01_loso,fsdd,snn-ae,direct,conv1d,2,0.500000,0.990000,1,42,13921951549467209506,val,2,0.085262,0.178234,0.886398,0.000000,0.000000,0.000000,0.096081,376019.000000,15914.321289,29.919779,37286,36864
xtensor,meeting01_loso,fsdd,snn-ae,direct,conv1d,2,1.000000,0.800000,1,42,13921951549467209506,val,2,0.142622,0.226399,0.809973,0.700000,0.140000,0.233333,0.206341,384487.000000,16773.685547,12.472336,37286,36864
xtensor,meeting01_loso,fsdd,snn-ae,direct,conv1d,2,1.000000,0.900000,1,42,13921951549467209506,val,2,0.095080,0.186447,0.873316,1.000000,0.040000,0.076923,0.156927,380692.000000,18078.800781,12.328532,37286,36864
xtensor,meeting01_loso,fsdd,snn-ae,direct,conv1d,2,1.000000,0.990000,1,42,13921951549467209506,val,2,0.085139,0.173422,0.886562,0.000000,0.000000,0.000000,0.107982,376933.000000,15592.745117,11.615099,37286,36864
xtensor,meeting01_loso,fsdd,snn-ae,direct,conv1d,2,1.500000,0.800000,1,42,13921951549467209506,val,2,0.105110,0.200781,0.859952,0.750000,0.060000,0.111111,0.197539,383811.000000,16029.352539,12.396767,37286,36864
xtensor,meeting01_loso,fsdd,snn-ae,direct,conv1d,2,1.500000,0.900000,1,42,13921951549467209506,val,2,0.110828,0.202170,0.852333,1.000000,0.040000,0.076923,0.177435,382267.000000,16253.387695,11.137311,37286,36864
xtensor,meeting01_loso,fsdd,snn-ae,direct,conv1d,2,1.500000,0.990000,1,42,13921951549467209506,val,2,0.086707,0.174321,0.884472,0.000000,0.000000,0.000000,0.124505,378202.000000,21613.662109,32.057911,37286,36864
xtensor,meeting01_loso,fsdd,snn-ae,direct,recurrent,2,0.500000,0.800000,1,42,13921951549467209506,val,2,0.071062,0.109760,0.367720,0.000000,0.000000,0.000000,0.562578,411846.000000,95948.148438,872.562195,37286,36864
xtensor,meeting01_loso,fsdd,snn-ae,direct,recurrent,2,0.500000,0.900000,1,42,13921951549467209506,val,2,0.027956,0.059215,0.767861,0.000000,0.000000,0.000000,0.641953,417942.000000,61741.761719,788.433960,37286,36864
xtensor,meeting01_loso,fsdd,snn-ae,direct,recurrent,2,0.500000,0.990000,1,42,13921951549467209506,val,2,0.019961,0.078815,0.885535,0.000000,0.000000,0.000000,0.598359,414594.000000,96069.351562,845.515442,37286,36864
xtensor,meeting01_loso,fsdd,snn-ae,direct,recurrent,2,1.000000,0.800000,1,42,13921951549467209506,val,2,0.027007,0.049289,0.677390,0.000000,0.000000,0.000000,0.631979,417176.000000,72433.781250,787.208008,37286,36864
xtensor,meeting01_loso,fsdd,snn-ae,direct,recurrent,2,1.000000,0.900000,1,42,13921951549467209506,val,2,0.012475,0.026341,0.872184,0.000000,0.000000,0.000000,0.585859,413634.000000,81583.703125,795.777161,37286,36864
xtensor,meeting01_loso,fsdd,snn-ae,direct,recurrent,2,1.000000,0.990000,1,42,13921951549467209506,val,2,0.004283,0.018848,0.965306,0.000000,0.000000,0.000000,0.552409,411065.000000,101982.984375,758.435059,37286,36864
xtensor,meeting01_loso,fsdd,snn-ae,direct,recurrent,2,1.500000,0.800000,1,42,13921951549467209506,val,2,0.012390,0.041818,0.818042,0.000000,0.000000,0.000000,0.401393,399467.000000,60831.632812,750.860535,37286,36864
xtensor,meeting01_loso,fsdd,snn-ae,direct,recurrent,2,1.500000,0.900000,1,42,13921951549467209506,val,2,0.008128,0.021052,0.896081,0.000000,0.000000,0.000000,0.408724,400030.000000,75331.898438,799.098755,37286,36864
xtensor,meeting01_loso,fsdd,snn-ae,direct,recurrent,2,1.500000,0.990000,1,42,13921951549467209506,val,2,0.013989,0.067396,0.852758,0.000000,0.000000,0.000000,0.554714,411242.000000,66580.375000,904.178894,37286,36864
xtensor,meeting01_loso,fsdd,snn-ae,direct,recurrent,2,1.000000,0.990000,1,42,13921951549467209506,test,2,0.121853,0.134039,-0.197478,0.000000,0.000000,0.000000,0.586190,593737.000000,91987.531250,826.798889,37286,36864
xtensor,meeting01_loso,fsdd,lstm-ae,direct,lstm,1,0.000000,0.000000,2,43,13921951549467209506,val,2,0.102384,0.191737,0.897611,0.000000,0.000000,0.000000,0.000000,11842560.000000,463190.750000,1715.130127,122472,1184256
xtensor,meeting01_loso,fsdd,lstm-ae,direct,lstm,1,0.000000,0.000000,2,43,13921951549467209506,test,2,1.250830,0.616782,-0.251196,0.000000,0.000000,0.000000,0.000000,11842560.000000,0.000000,0.000000,122472,1184256
xtensor,meeting01_loso,fsdd,gru-ae,direct,gru,1,0.000000,0.000000,2,43,13921951549467209506,val,2,0.105073,0.196427,0.894922,0.000000,0.000000,0.000000,0.000000,8893440.000000,268298.593750,2773.979492,93032,889344
xtensor,meeting01_loso,fsdd,gru-ae,direct,gru,1,0.000000,0.000000,2,43,13921951549467209506,test,2,1.119345,0.606171,-0.119575,0.000000,0.000000,0.000000,0.000000,8893440.000000,0.000000,0.000000,93032,889344
xtensor,meeting01_loso,fsdd,transformer-ae,direct,transformer,1,0.000000,0.000000,2,43,13921951549467209506,val,2,0.096694,0.185418,0.903302,0.000000,0.000000,0.000000,0.000000,47554560.000000,148808.953125,506.934998,139176,4755456
xtensor,meeting01_loso,fsdd,transformer-ae,direct,transformer,1,0.000000,0.000000,2,43,13921951549467209506,test,2,0.885253,0.562481,0.114442,0.000000,0.000000,0.000000,0.000000,47554560.000000,0.000000,0.000000,139176,4755456
xtensor,meeting01_loso,fsdd,snn-ae,direct,dense,2,0.500000,0.800000,2,43,13921951549467209506,val,2,0.110529,0.209781,0.889466,0.000000,0.000000,0.000000,0.156706,380675.000000,18908.029297,10.743544,37286,36864
xtensor,meeting01_loso,fsdd,snn-ae,direct,dense,2,0.500000,0.900000,2,43,13921951549467209506,val,2,0.098198,0.194653,0.901797,0.000000,0.000000,0.000000,0.106680,376833.000000,13114.932617,10.096111,37286,36864
xtensor,meeting01_loso,fsdd,snn-ae,direct,dense,2,0.500000,0.990000,2,43,13921951549467209506,val,2,0.097482,0.189730,0.902514,0.000000,0.000000,0.000000,0.079687,374760.000000,14298.564453,10.121673,37286,36864
xtensor,meeting01_loso,fsdd,snn-ae,direct,dense,2,1.000000,0.800000,2,43,13921951549467209506,val,2,0.120097,0.217220,0.879898,0.666667,0.040000,0.075472,0.159948,380924.000000,17444.603516,11.082904,37286,36864
xtensor,meeting01_loso,fsdd,snn-ae,direct,dense,2,1.000000,0.900000,2,43,13921951549467209506,val,2,0.100115,0.196366,0.899880,1.000000,0.020000,0.039216,0.123542,378128.000000,22214.527344,10.287826,37286,36864
xtensor,meeting01_loso,fsdd,snn-ae,direct,dense,2,1.000000,0.990000,2,43,13921951549467209506,val,2,0.097606,0.192313,0.902390,0.000000,0.000000,0.000000,0.077904,374623.000000,16049.265625,10.169863,37286,36864
xtensor,meeting01_loso,fsdd,snn-ae,direct,dense,2,1.500000,0.800000,2,43,13921951549467209506,val,2,0.136986,0.230691,0.863008,0.800000,0.080000,0.145455,0.180833,382528.000000,19633.656250,10.243338,37286,36864
xtensor,meeting01_loso,fsdd,snn-ae,direct,dense,2,1.500000,0.900000,2,43,13921951549467209506,val,2,0.114053,0.209835,0.885941,0.000000,0.000000,0.000000,0.145612,379823.000000,15987.182617,10.096949,37286,36864
xtensor,meeting01_loso,fsdd,snn-ae,direct,dense,2,1.500000,0.990000,2,43,13921951549467209506,val,2,0.094241,0.189740,0.905754,0.000000,0.000000,0.000000,0.084479,375128.000000,15988.971680,10.517536,37286,36864
xtensor,meeting01_loso,fsdd,snn-ae,direct,conv1d,2,0.500000,0.800000,2,43,13921951549467209506,val,2,0.091023,0.185503,0.878722,1.000000,0.020000,0.039216,0.144023,379701.000000,16514.787109,12.066765,37286,36864
xtensor,meeting01_loso,fsdd,snn-ae,direct,conv1d,2,0.500000,0.900000,2,43,13921951549467209506,val,2,0.083700,0.172411,0.888478,0.000000,0.000000,0.000000,0.124844,378228.000000,14069.762695,12.801011,37286,36864
xtensor,meeting01_loso,fsdd,snn-ae,direct,conv1d,2,0.500000,0.990000,2,43,13921951549467209506,val,2,0.083636,0.170035,0.888565,0.000000,0.000000,0.000000,0.100885,376388.000000,23746.480469,24.963249,37286,36864
xtensor,meeting01_loso,fsdd,snn-ae,direct,conv1d,2,1.000000,0.800000,2,43,13921951549467209506,val,2,0.099894,0.189856,0.866902,1.000000,0.060000,0.113208,0.175508,382119.000000,14198.149414,10.969831,37286,36864
xtensor,meeting01_loso,fsdd,snn-ae,direct,conv1d,2,1.000000,0.900000,2,43,13921951549467209506,val,2,0.084175,0.174027,0.887845,0.000000,0.000000,0.000000,0.130586,378669.000000,16493.529297,45.286636,37286,36864
xtensor,meeting01_loso,fsdd,snn-ae,direct,conv1d,2,1.000000,0.990000,2,43,13921951549467209506,val,2,0.088121,0.174515,0.882589,0.000000,0.000000,0.000000,0.116094,377556.000000,15369.343750,12.511796,37286,36864
xtensor,meeting01_loso,fsdd,snn-ae,direct,conv1d,2,1.500000,0.800000,2,43,13921951549467209506,val,2,0.131993,0.221629,0.824135,0.600000,0.180000,0.276923,0.220013,385537.000000,22823.384766,11.160080,37286,36864
xtensor,meeting01_loso,fsdd,snn-ae,direct,conv1d,2,1.500000,0.900000,2,43,13921951549467209506,val,2,0.101190,0.194076,0.865175,0.000000,0.000000,0.000000,0.181576,382585.000000,17608.148438,11.184734,37286,36864
xtensor,meeting01_loso,fsdd,snn-ae,direct,conv1d,2,1.500000,0.990000,2,43,13921951549467209506,val,2,0.082173,0.169385,0.890514,0.000000,0.000000,0.000000,0.099023,376245.000000,22873.642578,12.724535,37286,36864
xtensor,meeting01_loso,fsdd,snn-ae,direct,recurrent,2,0.500000,0.800000,2,43,13921951549467209506,val,2,0.065737,0.107548,0.415118,0.000000,0.000000,0.000000,0.610352,415515.000000,31152.740234,793.796082,37286,36864
xtensor,meeting01_loso,fsdd,snn-ae,direct,recurrent,2,0.500000,0.900000,2,43,13921951549467209506,val,2,0.027596,0.055843,0.770861,0.000000,0.000000,0.000000,0.559622,411619.000000,40674.066406,793.375305,37286,36864
xtensor,meeting01_loso,fsdd,snn-ae,direct,recurrent,2,0.500000,0.990000,2,43,13921951549467209506,val,2,0.020282,0.062565,0.883704,0.000000,0.000000,0.000000,0.601250,414816.000000,62106.058594,912.198547,37286,36864
xtensor,meeting01_loso,fsdd,snn-ae,direct,recurrent,2,1.000000,0.800000,2,43,13921951549467209506,val,2,0.026396,0.057523,0.684689,0.000000,0.000000,0.000000,0.536289,409827.000000,58451.527344,868.549866,37286,36864
xtensor,meeting01_loso,fsdd,snn-ae,direct,recurrent,2,1.000000,0.900000,2,43,13921951549467209506,val,2,0.026985,0.047322,0.723515,0.000000,0.000000,0.000000,0.595495,414374.000000,98175.906250,864.437561,37286,36864
xtensor,meeting01_loso,fsdd,snn-ae,direct,recurrent,2,1.000000,0.990000,2,43,13921951549467209506,val,2,0.002235,0.009691,0.981895,0.000000,0.000000,0.000000,0.581016,413262.000000,93094.148438,825.270142,37286,36864
xtensor,meeting01_loso,fsdd,snn-ae,direct,recurrent,2,1.500000,0.800000,2,43,13921951549467209506,val,2,0.008897,0.024738,0.869347,0.000000,0.000000,0.000000,0.562396,411832.000000,66663.453125,944.981506,37286,36864
xtensor,meeting01_loso,fsdd,snn-ae,direct,recurrent,2,1.500000,0.900000,2,43,13921951549467209506,val,2,0.014010,0.033472,0.820867,0.000000,0.000000,0.000000,0.469935,404731.000000,63731.769531,856.180054,37286,36864
xtensor,meeting01_loso,fsdd,snn-ae,direct,recurrent,2,1.500000,0.990000,2,43,13921951549467209506,val,2,0.007702,0.022185,0.918933,0.000000,0.000000,0.000000,0.558568,411538.000000,87746.367188,803.273560,37286,36864
xtensor,meeting01_loso,fsdd,snn-ae,direct,recurrent,2,1.000000,0.990000,2,43,13921951549467209506,test,2,0.091770,0.135707,0.098357,0.000000,0.000000,0.000000,0.570214,587602.000000,61316.433594,813.600647,37286,36864
xtensor,meeting01_loso,fsdd,lstm-ae,direct,lstm,1,0.000000,0.000000,3,44,13921951549467209506,val,2,0.102384,0.191737,0.897611,0.000000,0.000000,0.000000,0.000000,11842560.000000,462184.343750,1709.808228,122472,1184256
xtensor,meeting01_loso,fsdd,lstm-ae,direct,lstm,1,0.000000,0.000000,3,44,13921951549467209506,test,2,1.250830,0.616782,-0.251196,0.000000,0.000000,0.000000,0.000000,11842560.000000,0.000000,0.000000,122472,1184256
xtensor,meeting01_loso,fsdd,gru-ae,direct,gru,1,0.000000,0.000000,3,44,13921951549467209506,val,2,0.105073,0.196427,0.894922,0.000000,0.000000,0.000000,0.000000,8893440.000000,266689.750000,2668.778076,93032,889344
xtensor,meeting01_loso,fsdd,gru-ae,direct,gru,1,0.000000,0.000000,3,44,13921951549467209506,test,2,1.119345,0.606171,-0.119575,0.000000,0.000000,0.000000,0.000000,8893440.000000,0.000000,0.000000,93032,889344
xtensor,meeting01_loso,fsdd,transformer-ae,direct,transformer,1,0.000000,0.000000,3,44,13921951549467209506,val,2,0.096694,0.185418,0.903302,0.000000,0.000000,0.000000,0.000000,47554560.000000,148518.562500,473.889069,139176,4755456
xtensor,meeting01_loso,fsdd,transformer-ae,direct,transformer,1,0.000000,0.000000,3,44,13921951549467209506,test,2,0.885253,0.562481,0.114442,0.000000,0.000000,0.000000,0.000000,47554560.000000,0.000000,0.000000,139176,4755456
xtensor,meeting01_loso,fsdd,snn-ae,direct,dense,2,0.500000,0.800000,3,44,13921951549467209506,val,2,0.105078,0.201797,0.894916,1.000000,0.020000,0.039216,0.137070,379167.000000,16973.210938,10.933094,37286,36864
xtensor,meeting01_loso,fsdd,snn-ae,direct,dense,2,0.500000,0.900000,3,44,13921951549467209506,val,2,0.102254,0.193794,0.897741,0.000000,0.000000,0.000000,0.095260,375956.000000,22286.396484,11.159381,37286,36864
xtensor,meeting01_loso,fsdd,snn-ae,direct,dense,2,0.500000,0.990000,3,44,13921951549467209506,val,2,0.100545,0.197407,0.899450,0.000000,0.000000,0.000000,0.100924,376391.000000,13632.704102,11.886154,37286,36864
xtensor,meeting01_loso,fsdd,snn-ae,direct,dense,2,1.000000,0.800000,3,44,13921951549467209506,val,2,0.117836,0.215006,0.882158,1.000000,0.080000,0.148148,0.166497,381427.000000,15484.124023,11.910599,37286,36864
xtensor,meeting01_loso,fsdd,snn-ae,direct,dense,2,1.000000,0.900000,3,44,13921951549467209506,val,2,0.094822,0.195395,0.905173,0.000000,0.000000,0.000000,0.115000,377472.000000,15921.948242,10.830217,37286,36864
xtensor,meeting01_loso,fsdd,snn-ae,direct,dense,2,1.000000,0.990000,3,44,13921951549467209506,val,2,0.099880,0.192661,0.900115,1.000000,0.020000,0.039216,0.082565,374981.000000,24831.865234,10.218474,37286,36864
xtensor,meeting01_loso,fsdd,snn-ae,direct,dense,2,1.500000,0.800000,3,44,13921951549467209506,val,2,0.123123,0.221851,0.876872,1.000000,0.060000,0.113208,0.178398,382341.000000,16122.156250,10.005038,37286,36864
xtensor,meeting01_loso,fsdd,snn-ae,direct,dense,2,1.500000,0.900000,3,44,13921951549467209506,val,2,0.106170,0.208861,0.893824,0.000000,0.000000,0.000000,0.144388,379729.000000,15929.788086,10.894053,37286,36864
xtensor,meeting01_loso,fsdd,snn-ae,direct,dense,2,1.500000,0.990000,3,44,13921951549467209506,val,2,0.096191,0.188328,0.903805,0.000000,0.000000,0.000000,0.076211,374493.000000,22815.326172,10.019075,37286,36864
xtensor,meeting01_loso,fsdd,snn-ae,direct,conv1d,2,0.500000,0.800000,3,44,13921951549467209506,val,2,0.086305,0.178548,0.885009,0.000000,0.000000,0.000000,0.145417,379808.000000,13773.446289,11.731594,37286,36864
xtensor,meeting01_loso,fsdd,snn-ae,direct,conv1d,2,0.500000,0.900000,3,44,13921951549467209506,val,2,0.083314,0.169860,0.888994,0.000000,0.000000,0.000000,0.117331,377651.000000,17048.498047,11.637588,37286,36864
xtensor,meeting01_loso,fsdd,snn-ae,direct,conv1d,2,0.500000,0.990000,3,44,13921951549467209506,val,2,0.086024,0.176776,0.885382,0.000000,0.000000,0.000000,0.117292,377648.000000,16192.629883,12.414228,37286,36864
xtensor,meeting01_loso,fsdd,snn-ae,direct,conv1d,2,1.000000,0.800000,3,44,13921951549467209506,val,2,0.129936,0.218389,0.826876,1.000000,0.100000,0.181818,0.206523,384501.000000,17240.570312,11.234322,37286,36864
xtensor,meeting01_loso,fsdd,snn-ae,direct,conv1d,2,1.000000,0.900000,3,44,13921951549467209506,val,2,0.102315,0.195229,0.863676,1.000000,0.040000,0.076923,0.173086,381933.000000,16654.714844,11.064397,37286,36864
xtensor,meeting01_loso,fsdd,snn-ae,direct,conv1d,2,1.000000,0.990000,3,44,13921951549467209506,val,2,0.082020,0.168075,0.890718,0.000000,0.000000,0.000000,0.098529,376207.000000,32161.273438,11.148905,37286,36864
xtensor,meeting01_loso,fsdd,snn-ae,direct,conv1d,2,1.500000,0.800000,3,44,13921951549467209506,val,2,0.100819,0.193397,0.865670,1.000000,0.060000,0.113208,0.187135,383012.000000,13588.450195,11.512222,37286,36864
xtensor,meeting01_loso,fsdd,snn-ae,direct,conv1d,2,1.500000,0.900000,3,44,13921951549467209506,val,2,0.116118,0.204990,0.845286,1.000000,0.080000,0.148148,0.187813,383064.000000,17300.986328,11.151769,37286,36864
xtensor,meeting01_loso,fsdd,snn-ae,direct,conv1d,2,1.500000,0.990000,3,44,13921951549467209506,val,2,0.083773,0.169288,0.888382,0.000000,0.000000,0.000000,0.106341,376807.000000,17208.537109,12.063901,37286,36864
xtensor,meeting01_loso,fsdd,snn-ae,direct,recurrent,2,0.500000,0.800000,3,44,13921951549467209506,val,2,0.074699,0.107763,0.335387,0.000000,0.000000,0.000000,0.693424,421895.000000,35435.101562,852.868164,37286,36864
xtensor,meeting01_loso,fsdd,snn-ae,direct,recurrent,2,0.500000,0.900000,3,44,13921951549467209506,val,2,0.037445,0.083966,0.689064,0.000000,0.000000,0.000000,0.600299,414743.000000,50728.226562,819.773254,37286,36864
xtensor,meeting01_loso,fsdd,snn-ae,direct,recurrent,2,0.500000,0.990000,3,44,13921951549467209506,val,2,0.006233,0.020712,0.964259,0.000000,0.000000,0.000000,0.636445,417519.000000,65713.195312,782.108093,37286,36864
xtensor,meeting01_loso,fsdd,snn-ae,direct,recurrent,2,1.000000,0.800000,3,44,13921951549467209506,val,2,0.035349,0.068238,0.577737,0.000000,0.000000,0.000000,0.438242,402297.000000,56226.617188,815.863220,37286,36864
xtensor,meeting01_loso,fsdd,snn-ae,direct,recurrent,2,1.000000,0.900000,3,44,13921951549467209506,val,2,0.020441,0.048614,0.790566,0.000000,0.000000,0.000000,0.577174,412967.000000,81966.414062,808.168701,37286,36864
xtensor,meeting01_loso,fsdd,snn-ae,direct,recurrent,2,1.000000,0.990000,3,44,13921951549467209506,val,2,0.004082,0.018318,0.966937,0.000000,0.000000,0.000000,0.577500,412992.000000,81598.539062,863.405640,37286,36864
xtensor,meeting01_loso,fsdd,snn-ae,direct,recurrent,2,1.500000,0.800000,3,44,13921951549467209506,val,2,0.014771,0.036120,0.783077,0.000000,0.000000,0.000000,0.440716,402487.000000,117040.375000,800.065674,37286,36864
xtensor,meeting01_loso,fsdd,snn-ae,direct,recurrent,2,1.500000,0.900000,3,44,13921951549467209506,val,2,0.011100,0.030030,0.858074,0.000000,0.000000,0.000000,0.587409,413753.000000,95936.281250,856.263306,37286,36864
xtensor,meeting01_loso,fsdd,snn-ae,direct,recurrent,2,1.500000,0.990000,3,44,13921951549467209506,val,2,0.012562,0.053619,0.867784,0.000000,0.000000,0.000000,0.548919,410797.000000,86620.851562,856.023254,37286,36864
xtensor,meeting01_loso,fsdd,snn-ae,direct,recurrent,2,1.000000,0.990000,3,44,13921951549467209506,test,2,0.112694,0.163795,-0.107236,0.000000,0.000000,0.000000,0.575224,589526.000000,81788.343750,841.139526,37286,36864
xtensor,meeting01_loso,fsdd,lstm-ae,direct,lstm,1,0.000000,0.000000,4,45,13921951549467209506,val,2,0.102384,0.191737,0.897611,0.000000,0.000000,0.000000,0.000000,11842560.000000,460726.062500,1824.204590,122472,1184256
xtensor,meeting01_loso,fsdd,lstm-ae,direct,lstm,1,0.000000,0.000000,4,45,13921951549467209506,test,2,1.250830,0.616782,-0.251196,0.000000,0.000000,0.000000,0.000000,11842560.000000,0.000000,0.000000,122472,1184256
xtensor,meeting01_loso,fsdd,gru-ae,direct,gru,1,0.000000,0.000000,4,45,13921951549467209506,val,2,0.105073,0.196427,0.894922,0.000000,0.000000,0.000000,0.000000,8893440.000000,265618.937500,2824.109863,93032,889344
xtensor,meeting01_loso,fsdd,gru-ae,direct,gru,1,0.000000,0.000000,4,45,13921951549467209506,test,2,1.119345,0.606171,-0.119575,0.000000,0.000000,0.000000,0.000000,8893440.000000,0.000000,0.000000,93032,889344
xtensor,meeting01_loso,fsdd,transformer-ae,direct,transformer,1,0.000000,0.000000,4,45,13921951549467209506,val,2,0.096694,0.185418,0.903302,0.000000,0.000000,0.000000,0.000000,47554560.000000,150585.484375,451.925934,139176,4755456
xtensor,meeting01_loso,fsdd,transformer-ae,direct,transformer,1,0.000000,0.000000,4,45,13921951549467209506,test,2,0.885253,0.562481,0.114442,0.000000,0.000000,0.000000,0.000000,47554560.000000,0.000000,0.000000,139176,4755456
xtensor,meeting01_loso,fsdd,snn-ae,direct,dense,2,0.500000,0.800000,4,45,13921951549467209506,val,2,0.101221,0.199506,0.898774,1.000000,0.020000,0.039216,0.128438,378504.000000,16017.779297,10.362557,37286,36864
xtensor,meeting01_loso,fsdd,snn-ae,direct,dense,2,0.500000,0.900000,4,45,13921951549467209506,val,2,0.097503,0.193065,0.902492,0.000000,0.000000,0.000000,0.094727,375915.000000,19410.142578,11.141153,37286,36864
xtensor,meeting01_loso,fsdd,snn-ae,direct,dense,2,0.500000,0.990000,4,45,13921951549467209506,val,2,0.105124,0.205189,0.894870,0.000000,0.000000,0.000000,0.087995,375398.000000,20322.982422,11.009361,37286,36864
xtensor,meeting01_loso,fsdd,snn-ae,direct,dense,2,1.000000,0.800000,4,45,13921951549467209506,val,2,0.121687,0.216736,0.878307,1.000000,0.040000,0.076923,0.154714,380522.000000,15689.051758,10.774903,37286,36864
xtensor,meeting01_loso,fsdd,snn-ae,direct,dense,2,1.000000,0.900000,4,45,13921951549467209506,val,2,0.123500,0.219246,0.876494,1.000000,0.080000,0.148148,0.148021,380008.000000,21648.515625,10.445669,37286,36864
xtensor,meeting01_loso,fsdd,snn-ae,direct,dense,2,1.000000,0.990000,4,45,13921951549467209506,val,2,0.098855,0.189070,0.901140,0.000000,0.000000,0.000000,0.083828,375078.000000,29840.089844,11.183757,37286,36864
xtensor,meeting01_loso,fsdd,snn-ae,direct,dense,2,1.500000,0.800000,4,45,13921951549467209506,val,2,0.153442,0.243955,0.846551,1.000000,0.060000,0.113208,0.196185,383707.000000,19105.220703,11.059298,37286,36864
xtensor,meeting01_loso,fsdd,snn-ae,direct,dense,2,1.500000,0.900000,4,45,13921951549467209506,val,2,0.103243,0.202545,0.896752,1.000000,0.020000,0.039216,0.132487,378815.000000,16174.589844,11.295643,37286,36864
xtensor,meeting01_loso,fsdd,snn-ae,direct,dense,2,1.500000,0.990000,4,45,13921951549467209506,val,2,0.097667,0.190139,0.902328,0.000000,0.000000,0.000000,0.082695,374991.000000,26672.515625,10.259122,37286,36864
xtensor,meeting01_loso,fsdd,snn-ae,direct,conv1d,2,0.500000,0.800000,4,45,13921951549467209506,val,2,0.091359,0.182229,0.878274,0.000000,0.000000,0.000000,0.159857,380917.000000,15684.788086,11.085768,37286,36864
xtensor,meeting01_loso,fsdd,snn-ae,direct,conv1d,2,0.500000,0.900000,4,45,13921951549467209506,val,2,0.090732,0.178114,0.879109,1.000000,0.020000,0.039216,0.127930,378465.000000,21171.974609,11.096035,37286,36864
xtensor,meeting01_loso,fsdd,snn-ae,direct,conv1d,2,0.500000,0.990000,4,45,13921951549467209506,val,2,0.087111,0.176714,0.883934,0.000000,0.000000,0.000000,0.101784,376457.000000,22290.744141,11.015857,37286,36864
xtensor,meeting01_loso,fsdd,snn-ae,direct,conv1d,2,1.000000,0.800000,4,45,13921951549467209506,val,2,0.107339,0.202250,0.856983,1.000000,0.100000,0.181818,0.187917,383072.000000,14851.165039,12.119007,37286,36864
xtensor,meeting01_loso,fsdd,snn-ae,direct,conv1d,2,1.000000,0.900000,4,45,13921951549467209506,val,2,0.092213,0.184622,0.877135,0.000000,0.000000,0.000000,0.142370,379574.000000,16062.034180,11.557968,37286,36864
xtensor,meeting01_loso,fsdd,snn-ae,direct,conv1d,2,1.000000,0.990000,4,45,13921951549467209506,val,2,0.085208,0.178554,0.886470,0.000000,0.000000,0.000000,0.118177,377716.000000,15779.132812,11.156168,37286,36864
xtensor,meeting01_loso,fsdd,snn-ae,direct,conv1d,2,1.500000,0.800000,4,45,13921951549467209506,val,2,0.104173,0.196105,0.861201,0.833333,0.100000,0.178571,0.184466,382807.000000,16383.207031,12.256385,37286,36864
xtensor,meeting01_loso,fsdd,snn-ae,direct,conv1d,2,1.500000,0.900000,4,45,13921951549467209506,val,2,0.108676,0.201860,0.855200,1.000000,0.040000,0.076923,0.176966,382231.000000,16056.956055,10.927577,37286,36864
xtensor,meeting01_loso,fsdd,snn-ae,direct,conv1d,2,1.500000,0.990000,4,45,13921951549467209506,val,2,0.084026,0.171846,0.888046,0.000000,0.000000,0.000000,0.100182,376334.000000,20441.376953,11.422126,37286,36864
xtensor,meeting01_loso,fsdd,snn-ae,direct,recurrent,2,0.500000,0.800000,4,45,13921951549467209506,val,2,0.046660,0.092886,0.584835,0.000000,0.000000,0.000000,0.660195,419343.000000,36008.871094,727.406311,37286,36864
xtensor,meeting01_loso,fsdd,snn-ae,direct,recurrent,2,0.500000,0.900000,4,45,13921951549467209506,val,2,0.024329,0.046773,0.797981,0.000000,0.000000,0.000000,0.510482,407845.000000,66290.421875,799.815674,37286,36864
xtensor,meeting01_loso,fsdd,snn-ae,direct,recurrent,2,0.500000,0.990000,4,45,13921951549467209506,val,2,0.015356,0.046338,0.911948,0.000000,0.000000,0.000000,0.609453,415446.000000,96733.609375,787.711060,37286,36864
xtensor,meeting01_loso,fsdd,snn-ae,direct,recurrent,2,1.000000,0.800000,4,45,13921951549467209506,val,2,0.026452,0.052922,0.684026,0.000000,0.000000,0.000000,0.617474,416062.000000,50954.511719,843.799316,37286,36864
xtensor,meeting01_loso,fsdd,snn-ae,direct,recurrent,2,1.000000,0.900000,4,45,13921951549467209506,val,2,0.021036,0.050773,0.784463,0.000000,0.000000,0.000000,0.550091,410887.000000,60491.734375,785.809692,37286,36864
xtensor,meeting01_loso,fsdd,snn-ae,direct,recurrent,2,1.000000,0.990000,4,45,13921951549467209506,val,2,0.012244,0.037585,0.900818,0.000000,0.000000,0.000000,0.562526,411842.000000,123515.171875,864.175415,37286,36864
xtensor,meeting01_loso,fsdd,snn-ae,direct,recurrent,2,1.500000,0.800000,4,45,13921951549467209506,val,2,0.024000,0.049359,0.647554,0.000000,0.000000,0.000000,0.510508,407847.000000,115256.500000,764.082581,37286,36864
xtensor,meeting01_loso,fsdd,snn-ae,direct,recurrent,2,1.500000,0.900000,4,45,13921951549467209506,val,2,0.027963,0.055500,0.642455,0.000000,0.000000,0.000000,0.529375,409296.000000,116622.351562,778.430481,37286,36864
xtensor,meeting01_loso,fsdd,snn-ae,direct,recurrent,2,1.500000,0.990000,4,45,13921951549467209506,val,2,0.002269,0.008525,0.976123,0.000000,0.000000,0.000000,0.563281,411900.000000,113203.273438,839.734802,37286,36864
xtensor,meeting01_loso,fsdd,snn-ae,direct,recurrent,2,1.500000,0.990000,4,45,13921951549467209506,test,2,0.082955,0.101058,-0.118381,0.000000,0.000000,0.000000,0.565307,585718.000000,75918.546875,790.535645,37286,36864
xtensor,meeting01_loso,fsdd,lstm-ae,direct,lstm,1,0.000000,0.000000,5,46,13921951549467209506,val,2,0.102384,0.191737,0.897611,0.000000,0.000000,0.000000,0.000000,11842560.000000,458981.093750,1703.985352,122472,1184256
xtensor,meeting01_loso,fsdd,lstm-ae,direct,lstm,1,0.000000,0.000000,5,46,13921951549467209506,test,2,1.250830,0.616782,-0.251196,0.000000,0.000000,0.000000,0.000000,11842560.000000,0.000000,0.000000,122472,1184256
xtensor,meeting01_loso,fsdd,gru-ae,direct,gru,1,0.000000,0.000000,5,46,13921951549467209506,val,2,0.105073,0.196427,0.894922,0.000000,0.000000,0.000000,0.000000,8893440.000000,265727.062500,2755.371582,93032,889344
xtensor,meeting01_loso,fsdd,gru-ae,direct,gru,1,0.000000,0.000000,5,46,13921951549467209506,test,2,1.119345,0.606171,-0.119575,0.000000,0.000000,0.000000,0.000000,8893440.000000,0.000000,0.000000,93032,889344
xtensor,meeting01_loso,fsdd,transformer-ae,direct,transformer,1,0.000000,0.000000,5,46,13921951549467209506,val,2,0.096694,0.185418,0.903302,0.000000,0.000000,0.000000,0.000000,47554560.000000,149615.953125,451.138519,139176,4755456
xtensor,meeting01_loso,fsdd,transformer-ae,direct,transformer,1,0.000000,0.000000,5,46,13921951549467209506,test,2,0.885253,0.562481,0.114442,0.000000,0.000000,0.000000,0.000000,47554560.000000,0.000000,0.000000,139176,4755456
xtensor,meeting01_loso,fsdd,snn-ae,direct,dense,2,0.500000,0.800000,5,46,13921951549467209506,val,2,0.102313,0.199023,0.897682,1.000000,0.020000,0.039216,0.127096,378401.000000,15682.463867,10.531225,37286,36864
xtensor,meeting01_loso,fsdd,snn-ae,direct,dense,2,0.500000,0.900000,5,46,13921951549467209506,val,2,0.093071,0.189215,0.906924,0.000000,0.000000,0.000000,0.086823,375308.000000,15870.154297,29.639782,37286,36864
xtensor,meeting01_loso,fsdd,snn-ae,direct,dense,2,0.500000,0.990000,5,46,13921951549467209506,val,2,0.099744,0.197998,0.900251,1.000000,0.020000,0.039216,0.100417,376352.000000,16201.553711,10.412913,37286,36864
xtensor,meeting01_loso,fsdd,snn-ae,direct,dense,2,1.000000,0.800000,5,46,13921951549467209506,val,2,0.120666,0.222243,0.879328,0.800000,0.080000,0.145455,0.174609,382050.000000,15953.416016,10.107984,37286,36864
xtensor,meeting01_loso,fsdd,snn-ae,direct,dense,2,1.000000,0.900000,5,46,13921951549467209506,val,2,0.104295,0.198644,0.895700,1.000000,0.060000,0.113208,0.124141,378174.000000,16886.554688,10.548546,37286,36864
xtensor,meeting01_loso,fsdd,snn-ae,direct,dense,2,1.000000,0.990000,5,46,13921951549467209506,val,2,0.095938,0.190435,0.904057,0.000000,0.000000,0.000000,0.080885,374852.000000,16318.351562,10.850401,37286,36864
xtensor,meeting01_loso,fsdd,snn-ae,direct,dense,2,1.500000,0.800000,5,46,13921951549467209506,val,2,0.110828,0.211816,0.889167,1.000000,0.040000,0.076923,0.170182,381710.000000,15808.592773,10.042472,37286,36864
xtensor,meeting01_loso,fsdd,snn-ae,direct,dense,2,1.500000,0.900000,5,46,13921951549467209506,val,2,0.104398,0.203097,0.895597,1.000000,0.040000,0.076923,0.133594,378900.000000,12748.895508,10.167908,37286,36864
xtensor,meeting01_loso,fsdd,snn-ae,direct,dense,2,1.500000,0.990000,5,46,13921951549467209506,val,2,0.097234,0.193241,0.902761,0.000000,0.000000,0.000000,0.093372,375811.000000,16074.338867,30.620430,37286,36864
xtensor,meeting01_loso,fsdd,snn-ae,direct,conv1d,2,0.500000,0.800000,5,46,13921951549467209506,val,2,0.107625,0.201385,0.856602,1.000000,0.060000,0.113208,0.183021,382696.000000,19229.535156,12.211268,37286,36864
xtensor,meeting01_loso,fsdd,snn-ae,direct,conv1d,2,0.500000,0.900000,5,46,13921951549467209506,val,2,0.085777,0.181123,0.885712,0.000000,0.000000,0.000000,0.125143,378251.000000,19558.839844,11.134657,37286,36864
xtensor,meeting01_loso,fsdd,snn-ae,direct,conv1d,2,0.500000,0.990000,5,46,13921951549467209506,val,2,0.086607,0.172742,0.884606,0.000000,0.000000,0.000000,0.094635,375908.000000,19422.013672,12.585759,37286,36864
xtensor,meeting01_loso,fsdd,snn-ae,direct,conv1d,2,1.000000,0.800000,5,46,13921951549467209506,val,2,0.105002,0.197121,0.860096,1.000000,0.060000,0.113208,0.180560,382507.000000,15925.541992,11.423523,37286,36864
xtensor,meeting01_loso,fsdd,snn-ae,direct,conv1d,2,1.000000,0.900000,5,46,13921951549467209506,val,2,0.100053,0.192170,0.866690,1.000000,0.020000,0.039216,0.155937,380616.000000,16192.143555,14.316088,37286,36864
xtensor,meeting01_loso,fsdd,snn-ae,direct,conv1d,2,1.000000,0.990000,5,46,13921951549467209506,val,2,0.086127,0.178503,0.885244,0.000000,0.000000,0.000000,0.100234,376338.000000,16844.201172,11.712039,37286,36864
xtensor,meeting01_loso,fsdd,snn-ae,direct,conv1d,2,1.500000,0.800000,5,46,13921951549467209506,val,2,0.101490,0.195672,0.864775,1.000000,0.040000,0.076923,0.189167,383168.000000,15872.188477,11.131794,37286,36864
xtensor,meeting01_loso,fsdd,snn-ae,direct,conv1d,2,1.500000,0.900000,5,46,13921951549467209506,val,2,0.128859,0.219488,0.828310,0.666667,0.080000,0.142857,0.211042,384848.000000,16784.177734,12.409129,37286,36864
xtensor,meeting01_loso,fsdd,snn-ae,direct,conv1d,2,1.500000,0.990000,5,46,13921951549467209506,val,2,0.086659,0.179602,0.884537,0.000000,0.000000,0.000000,0.109844,377076.000000,15552.608398,12.002301,37286,36864
xtensor,meeting01_loso,fsdd,snn-ae,direct,recurrent,2,0.500000,0.800000,5,46,13921951549467209506,val,2,0.062231,0.100861,0.446308,0.000000,0.000000,0.000000,0.489753,406253.000000,35684.742188,731.059204,37286,36864
xtensor,meeting01_loso,fsdd,snn-ae,direct,recurrent,2,0.500000,0.900000,5,46,13921951549467209506,val,2,0.023692,0.048765,0.803274,0.000000,0.000000,0.000000,0.570456,412451.000000,39387.207031,784.664307,37286,36864
xtensor,meeting01_loso,fsdd,snn-ae,direct,recurrent,2,0.500000,0.990000,5,46,13921951549467209506,val,2,0.011506,0.043208,0.934024,0.000000,0.000000,0.000000,0.624219,416580.000000,60539.382812,771.221741,37286,36864
xtensor,meeting01_loso,fsdd,snn-ae,direct,recurrent,2,1.000000,0.800000,5,46,13921951549467209506,val,2,0.017088,0.041805,0.795884,0.000000,0.000000,0.000000,0.499961,407037.000000,60788.785156,804.288696,37286,36864
xtensor,meeting01_loso,fsdd,snn-ae,direct,recurrent,2,1.000000,0.900000,5,46,13921951549467209506,val,2,0.015815,0.032684,0.837960,0.000000,0.000000,0.000000,0.459310,403915.000000,76357.023438,828.248230,37286,36864
xtensor,meeting01_loso,fsdd,snn-ae,direct,recurrent,2,1.000000,0.990000,5,46,13921951549467209506,val,2,0.027426,0.077181,0.777834,0.000000,0.000000,0.000000,0.592656,414156.000000,79976.406250,811.665649,37286,36864
xtensor,meeting01_loso,fsdd,snn-ae,direct,recurrent,2,1.500000,0.800000,5,46,13921951549467209506,val,2,0.017635,0.039516,0.741012,0.000000,0.000000,0.000000,0.450924,403271.000000,54483.652344,793.707520,37286,36864
xtensor,meeting01_loso,fsdd,snn-ae,direct,recurrent,2,1.500000,0.900000,5,46,13921951549467209506,val,2,0.011126,0.027604,0.857745,0.000000,0.000000,0.000000,0.528568,409234.000000,115611.250000,837.107788,37286,36864
xtensor,meeting01_loso,fsdd,snn-ae,direct,recurrent,2,1.500000,0.990000,5,46,13921951549467209506,val,2,0.034262,0.070654,0.639362,0.000000,0.000000,0.000000,0.566393,412139.000000,126704.945312,786.631836,37286,36864
xtensor,meeting01_loso,fsdd,snn-ae,direct,recurrent,2,1.500000,0.900000,5,46,13921951549467209506,test,2,0.234583,0.273500,-1.732973,0.000000,0.000000,0.000000,0.588805,594741.000000,89526.109375,908.771057,37286,36864
xtensor,meeting01_loso,fsdd,lstm-ae,poisson,lstm,1,0.000000,0.000000,1,42,13921951549467209506,val,2,0.008569,0.019446,0.728617,0.000000,0.000000,0.000000,0.000000,11842560.000000,1053594.000000,2545.252686,122472,1184256
xtensor,meeting01_loso,fsdd,lstm-ae,poisson,lstm,1,0.000000,0.000000,1,42,13921951549467209506,test,2,0.086912,0.099047,-0.029276,0.000000,0.000000,0.000000,0.000000,11842560.000000,0.000000,0.000000,122472,1184256
xtensor,meeting01_loso,fsdd,gru-ae,poisson,gru,1,0.000000,0.000000,1,42,13921951549467209506,val,2,0.009948,0.023949,0.684929,0.000000,0.000000,0.000000,0.000000,8893440.000000,1138867.125000,2605.228271,93032,889344
xtensor,meeting01_loso,fsdd,gru-ae,poisson,gru,1,0.000000,0.000000,1,42,13921951549467209506,test,2,0.091916,0.106574,-0.088482,0.000000,0.000000,0.000000,0.000000,8893440.000000,0.000000,0.000000,93032,889344
xtensor,meeting01_loso,fsdd,transformer-ae,poisson,transformer,1,0.000000,0.000000,1,42,13921951549467209506,val,2,0.007781,0.015088,0.753557,0.000000,0.000000,0.000000,0.000000,47554560.000000,295201.781250,434.935944,139176,4755456
xtensor,meeting01_loso,fsdd,transformer-ae,poisson,transformer,1,0.000000,0.000000,1,42,13921951549467209506,test,2,0.088124,0.095614,-0.043884,0.000000,0.000000,0.000000,0.000000,47554560.000000,0.000000,0.000000,139176,4755456
xtensor,meeting01_loso,fsdd,snn-ae,poisson,dense,2,0.500000,0.800000,1,42,13921951549467209506,val,2,0.046617,0.152948,-0.476461,1.000000,0.080000,0.148148,0.502500,407232.000000,13654.522461,13.117673,37286,36864
xtensor,meeting01_loso,fsdd,snn-ae,poisson,dense,2,0.500000,0.900000,1,42,13921951549467209506,val,2,0.051176,0.155601,-0.620883,0.714286,0.100000,0.175439,0.493411,406534.000000,13577.086914,12.722230,37286,36864
xtensor,meeting01_loso,fsdd,snn-ae,poisson,dense,2,0.500000,0.990000,1,42,13921951549467209506,val,2,0.125303,0.261700,-2.968648,0.534483,0.620000,0.574074,0.517852,408411.000000,16932.554688,11.474856,37286,36864
xtensor,meeting01_loso,fsdd,snn-ae,poisson,dense,2,1.000000,0.800000,1,42,13921951549467209506,val,2,0.021991,0.081228,0.303519,1.000000,0.020000,0.039216,0.497005,406810.000000,13991.462891,11.555942,37286,36864
xtensor,meeting01_loso,fsdd,snn-ae,poisson,dense,2,1.000000,0.900000,1,42,13921951549467209506,val,2,0.046134,0.126157,-0.461152,0.363636,0.080000,0.131148,0.508424,407687.000000,18639.296875,11.754014,37286,36864
xtensor,meeting01_loso,fsdd,snn-ae,poisson,dense,2,1.000000,0.990000,1,42,13921951549467209506,val,2,0.138109,0.274159,-3.374244,0.576923,0.600000,0.588235,0.534258,409671.000000,15871.378906,12.276290,37286,36864
xtensor,meeting01_loso,fsdd,snn-ae,poisson,dense,2,1.500000,0.800000,1,42,13921951549467209506,val,2,0.013987,0.055081,0.557021,0.000000,0.000000,0.000000,0.479609,405474.000000,17016.289062,45.569843,37286,36864
xtensor,meeting01_loso,fsdd,snn-ae,poisson,dense,2,1.500000,0.900000,1,42,13921951549467209506,val,2,0.036724,0.126781,-0.163120,0.000000,0.000000,0.000000,0.521419,408685.000000,14967.750977,32.458874,37286,36864
xtensor,meeting01_loso,fsdd,snn-ae,poisson,dense,2,1.500000,0.990000,1,42,13921951549467209506,val,2,0.130383,0.272853,-3.129493,0.544118,0.740000,0.627119,0.546523,410613.000000,12674.416016,12.832370,37286,36864
xtensor,meeting01_loso,fsdd,snn-ae,poisson,conv1d,2,0.500000,0.800000,1,42,13921951549467209506,val,2,0.038745,0.135808,-1.103123,0.666667,0.080000,0.142857,0.544271,410440.000000,18285.312500,12.968561,37286,36864
xtensor,meeting01_loso,fsdd,snn-ae,poisson,conv1d,2,0.500000,0.900000,1,42,13921951549467209506,val,2,0.079166,0.212502,-3.297310,0.482759,0.280000,0.354430,0.529258,409287.000000,15675.565430,13.930002,37286,36864
xtensor,meeting01_loso,fsdd,snn-ae,poisson,conv1d,2,0.500000,0.990000,1,42,13921951549467209506,val,2,0.078141,0.196720,-3.241557,0.589744,0.460000,0.516854,0.573099,412654.000000,16227.809570,13.669982,37286,36864
xtensor,meeting01_loso,fsdd,snn-ae,poisson,conv1d,2,1.000000,0.800000,1,42,13921951549467209506,val,2,0.023638,0.092455,-0.283087,0.666667,0.040000,0.075472,0.553646,411160.000000,22423.830078,15.152303,37286,36864
xtensor,meeting01_loso,fsdd,snn-ae,poisson,conv1d,2,1.000000,0.900000,1,42,13921951549467209506,val,2,0.055035,0.175332,-1.987411,0.533333,0.160000,0.246154,0.525925,409031.000000,18781.287109,13.851641,37286,36864
xtensor,meeting01_loso,fsdd,snn-ae,poisson,conv1d,2,1.000000,0.990000,1,42,13921951549467209506,val,2,0.080119,0.193981,-3.348995,0.564103,0.440000,0.494382,0.536211,409821.000000,17350.376953,12.792840,37286,36864
xtensor,meeting01_loso,fsdd,snn-ae,poisson,conv1d,2,1.500000,0.800000,1,42,13921951549467209506,val,2,0.013862,0.068165,0.247535,0.000000,0.000000,0.000000,0.584987,413567.000000,22533.632812,13.645537,37286,36864
xtensor,meeting01_loso,fsdd,snn-ae,poisson,conv1d,2,1.500000,0.900000,1,42,13921951549467209506,val,2,0.039449,0.130467,-1.141301,0.500000,0.100000,0.166667,0.539310,410059.000000,20398.964844,12.674527,37286,36864
xtensor,meeting01_loso,fsdd,snn-ae,poisson,conv1d,2,1.500000,0.990000,1,42,13921951549467209506,val,2,0.045228,0.146194,-1.455055,0.437500,0.140000,0.212121,0.531315,409445.000000,15101.419922,13.642325,37286,36864
xtensor,meeting01_loso,fsdd,snn-ae,poisson,recurrent,2,0.500000,0.800000,1,42,13921951549467209506,val,2,0.051852,0.152277,-0.292309,0.500000,0.120000,0.193548,0.528190,409205.000000,86776.625000,775.232788,37286,36864
xtensor,meeting01_loso,fsdd,snn-ae,poisson,recurrent,2,0.500000,0.900000,1,42,13921951549467209506,val,2,0.099904,0.209337,-1.203836,0.410256,0.320000,0.359551,0.545273,410517.000000,56652.195312,811.721069,37286,36864
xtensor,meeting01_loso,fsdd,snn-ae,poisson,recurrent,2,0.500000,0.990000,1,42,13921951549467209506,val,2,0.122452,0.243673,-1.146450,0.479167,0.460000,0.469388,0.553268,411131.000000,71399.117188,750.487488,37286,36864
xtensor,meeting01_loso,fsdd,snn-ae,poisson,recurrent,2,1.000000,0.800000,1,42,13921951549467209506,val,2,0.021785,0.091610,-0.033690,0.000000,0.000000,0.000000,0.508503,407693.000000,66576.968750,806.850342,37286,36864
xtensor,meeting01_loso,fsdd,snn-ae,poisson,recurrent,2,1.000000,0.900000,1,42,13921951549467209506,val,2,0.055509,0.160225,-1.376769,0.611111,0.220000,0.323529,0.525794,409021.000000,60830.628906,739.480774,37286,36864
xtensor,meeting01_loso,fsdd,snn-ae,poisson,recurrent,2,1.000000,0.990000,1,42,13921951549467209506,val,2,0.190038,0.303537,-5.804733,0.500000,0.580000,0.537037,0.511940,407957.000000,90971.703125,822.640503,37286,36864
xtensor,meeting01_loso,fsdd,snn-ae,poisson,recurrent,2,1.500000,0.800000,1,42,13921951549467209506,val,2,0.007039,0.037208,0.359846,0.000000,0.000000,0.000000,0.511602,407931.000000,142769.531250,772.563660,37286,36864
xtensor,meeting01_loso,fsdd,snn-ae,poisson,recurrent,2,1.500000,0.900000,1,42,13921951549467209506,val,2,0.020065,0.070315,-0.570157,0.285714,0.040000,0.070175,0.522721,408785.000000,151174.703125,813.817688,37286,36864
xtensor,meeting01_loso,fsdd,snn-ae,poisson,recurrent,2,1.500000,0.990000,1,42,13921951549467209506,val,2,0.133572,0.270085,-6.606762,0.569231,0.740000,0.643478,0.507201,407593.000000,92953.781250,846.006958,37286,36864
xtensor,meeting01_loso,fsdd,snn-ae,poisson,recurrent,2,1.500000,0.800000,1,42,13921951549467209506,test,2,0.057209,0.132264,-0.934822,0.000000,0.000000,0.000000,0.518984,567930.000000,153855.953125,850.849365,37286,36864
xtensor,meeting01_loso,fsdd,lstm-ae,poisson,lstm,1,0.000000,0.000000,2,43,13921951549467209506,val,2,0.012457,0.028005,0.608773,0.000000,0.000000,0.000000,0.000000,11842560.000000,850172.625000,1771.636475,122472,1184256
xtensor,meeting01_loso,fsdd,lstm-ae,poisson,lstm,1,0.000000,0.000000,2,43,13921951549467209506,test,2,0.092959,0.108425,-0.087584,0.000000,0.000000,0.000000,0.000000,11842560.000000,0.000000,0.000000,122472,1184256
xtensor,meeting01_loso,fsdd,gru-ae,poisson,gru,1,0.000000,0.000000,2,43,13921951549467209506,val,2,0.009347,0.024262,0.706446,0.000000,0.000000,0.000000,0.000000,8893440.000000,1731030.000000,5842.110352,93032,889344
xtensor,meeting01_loso,fsdd,gru-ae,poisson,gru,1,0.000000,0.000000,2,43,13921951549467209506,test,2,0.089945,0.105000,-0.052347,0.000000,0.000000,0.000000,0.000000,8893440.000000,0.000000,0.000000,93032,889344
xtensor,meeting01_loso,fsdd,transformer-ae,poisson,transformer,1,0.000000,0.000000,2,43,13921951549467209506,val,2,0.007711,0.015879,0.757826,0.000000,0.000000,0.000000,0.000000,47554560.000000,513362.406250,632.957336,139176,4755456
xtensor,meeting01_loso,fsdd,transformer-ae,poisson,transformer,1,0.000000,0.000000,2,43,13921951549467209506,test,2,0.088542,0.096555,-0.036133,0.000000,0.000000,0.000000,0.000000,47554560.000000,0.000000,0.000000,139176,4755456
xtensor,meeting01_loso,fsdd,snn-ae,poisson,dense,2,0.500000,0.800000,2,43,13921951549467209506,val,2,0.052037,0.145085,-0.634280,0.500000,0.140000,0.218750,0.496927,406804.000000,28266.876953,13.447170,37286,36864
xtensor,meeting01_loso,fsdd,snn-ae,poisson,dense,2,0.500000,0.900000,2,43,13921951549467209506,val,2,0.074139,0.195071,-1.328446,0.388889,0.280000,0.325581,0.523438,408840.000000,25083.916016,25.555336,37286,36864
xtensor,meeting01_loso,fsdd,snn-ae,poisson,dense,2,0.500000,0.990000,2,43,13921951549467209506,val,2,0.153855,0.286649,-3.832072,0.515152,0.680000,0.586207,0.520312,408600.000000,28095.660156,17.237335,37286,36864
xtensor,meeting01_loso,fsdd,snn-ae,poisson,dense,2,1.000000,0.800000,2,43,13921951549467209506,val,2,0.024359,0.087412,0.234967,0.500000,0.020000,0.038462,0.528815,409253.000000,27801.453125,25.520275,37286,36864
xtensor,meeting01_loso,fsdd,snn-ae,poisson,dense,2,1.000000,0.900000,2,43,13921951549467209506,val,2,0.060309,0.169896,-0.894094,0.636364,0.140000,0.229508,0.511888,407953.000000,28630.849609,16.106602,37286,36864
xtensor,meeting01_loso,fsdd,snn-ae,poisson,dense,2,1.000000,0.990000,2,43,13921951549467209506,val,2,0.135859,0.272579,-3.266892,0.586207,0.680000,0.629630,0.482669,405709.000000,30034.833984,63.212841,37286,36864
xtensor,meeting01_loso,fsdd,snn-ae,poisson,dense,2,1.500000,0.800000,2,43,13921951549467209506,val,2,0.020390,0.073392,0.359635,0.000000,0.000000,0.000000,0.487461,406077.000000,23882.810547,12.222429,37286,36864
xtensor,meeting01_loso,fsdd,snn-ae,poisson,dense,2,1.500000,0.900000,2,43,13921951549467209506,val,2,0.053097,0.150302,-0.667602,0.416667,0.100000,0.161290,0.501641,407166.000000,18457.294922,13.337242,37286,36864
xtensor,meeting01_loso,fsdd,snn-ae,poisson,dense,2,1.500000,0.990000,2,43,13921951549467209506,val,2,0.107222,0.240502,-2.367502,0.431373,0.440000,0.435644,0.512943,408034.000000,18111.238281,12.643016,37286,36864
xtensor,meeting01_loso,fsdd,snn-ae,poisson,conv1d,2,0.500000,0.800000,2,43,13921951549467209506,val,2,0.056103,0.168717,-2.025468,0.650000,0.260000,0.371429,0.548359,410754.000000,16968.720703,12.981468,37286,36864
xtensor,meeting01_loso,fsdd,snn-ae,poisson,conv1d,2,0.500000,0.900000,2,43,13921951549467209506,val,2,0.064521,0.176460,-2.479381,0.434783,0.200000,0.273973,0.558294,411517.000000,16688.994141,14.194338,37286,36864
xtensor,meeting01_loso,fsdd,snn-ae,poisson,conv1d,2,0.500000,0.990000,2,43,13921951549467209506,val,2,0.132341,0.256060,-6.136643,0.517241,0.600000,0.555556,0.533932,409646.000000,23573.498047,30.207214,37286,36864
xtensor,meeting01_loso,fsdd,snn-ae,poisson,conv1d,2,1.000000,0.800000,2,43,13921951549467209506,val,2,0.037641,0.121825,-1.029860,0.800000,0.160000,0.266667,0.543411,410374.000000,40271.292969,36.269119,37286,36864
xtensor,meeting01_loso,fsdd,snn-ae,poisson,conv1d,2,1.000000,0.900000,2,43,13921951549467209506,val,2,0.066590,0.183462,-2.591016,0.500000,0.240000,0.324324,0.527865,409180.000000,28491.316406,16.994081,37286,36864
xtensor,meeting01_loso,fsdd,snn-ae,poisson,conv1d,2,1.000000,0.990000,2,43,13921951549467209506,val,2,0.116383,0.257838,-5.276190,0.555556,0.700000,0.619469,0.546484,410610.000000,28758.332031,23.110115,37286,36864
xtensor,meeting01_loso,fsdd,snn-ae,poisson,conv1d,2,1.500000,0.800000,2,43,13921951549467209506,val,2,0.016325,0.074791,0.119654,0.000000,0.000000,0.000000,0.519167,408512.000000,28748.152344,19.724054,37286,36864
xtensor,meeting01_loso,fsdd,snn-ae,poisson,conv1d,2,1.500000,0.900000,2,43,13921951549467209506,val,2,0.031543,0.115043,-0.701015,0.666667,0.080000,0.142857,0.542005,410266.000000,28900.833984,27.918085,37286,36864
xtensor,meeting01_loso,fsdd,snn-ae,poisson,conv1d,2,1.500000,0.990000,2,43,13921951549467209506,val,2,0.096711,0.215831,-4.215274,0.447368,0.340000,0.386364,0.551016,410958.000000,22889.089844,16.926617,37286,36864
xtensor,meeting01_loso,fsdd,snn-ae,poisson,recurrent,2,0.500000,0.800000,2,43,13921951549467209506,val,2,0.055409,0.151587,-0.368273,0.600000,0.180000,0.276923,0.500742,407097.000000,135268.578125,1221.618408,37286,36864
xtensor,meeting01_loso,fsdd,snn-ae,poisson,recurrent,2,0.500000,0.900000,2,43,13921951549467209506,val,2,0.095472,0.192892,-1.089084,0.500000,0.280000,0.358974,0.557852,411483.000000,123745.648438,1207.267090,37286,36864
xtensor,meeting01_loso,fsdd,snn-ae,poisson,recurrent,2,0.500000,0.990000,2,43,13921951549467209506,val,2,0.208624,0.351432,-2.625978,0.517647,0.880000,0.651852,0.541667,410240.000000,102946.890625,1264.266235,37286,36864
xtensor,meeting01_loso,fsdd,snn-ae,poisson,recurrent,2,1.000000,0.800000,2,43,13921951549467209506,val,2,0.017223,0.068210,0.185163,0.000000,0.000000,0.000000,0.511927,407956.000000,111221.250000,1301.519775,37286,36864
xtensor,meeting01_loso,fsdd,snn-ae,poisson,recurrent,2,1.000000,0.900000,2,43,13921951549467209506,val,2,0.041003,0.132568,-0.733964,0.750000,0.180000,0.290323,0.515859,408258.000000,141015.765625,1214.883789,37286,36864
xtensor,meeting01_loso,fsdd,snn-ae,poisson,recurrent,2,1.000000,0.990000,2,43,13921951549467209506,val,2,0.134937,0.270826,-3.787471,0.500000,0.560000,0.528302,0.531875,409488.000000,91438.601562,1215.387817,37286,36864
xtensor,meeting01_loso,fsdd,snn-ae,poisson,recurrent,2,1.500000,0.800000,2,43,13921951549467209506,val,2,0.008445,0.044727,0.241435,0.000000,0.000000,0.000000,0.508776,407714.000000,145324.312500,1066.208374,37286,36864
xtensor,meeting01_loso,fsdd,snn-ae,poisson,recurrent,2,1.500000,0.900000,2,43,13921951549467209506,val,2,0.023159,0.078696,-0.800720,0.500000,0.060000,0.107143,0.511823,407948.000000,219072.906250,828.965210,37286,36864
xtensor,meeting01_loso,fsdd,snn-ae,poisson,recurrent,2,1.500000,0.990000,2,43,13921951549467209506,val,2,0.048177,0.142091,-1.721870,0.411765,0.140000,0.208955,0.535417,409760.000000,109559.554688,1977.218018,37286,36864
xtensor,meeting01_loso,fsdd,snn-ae,poisson,recurrent,2,1.500000,0.800000,2,43,13921951549467209506,test,2,0.043413,0.096926,-0.468521,0.000000,0.000000,0.000000,0.488505,556226.000000,146438.203125,1651.828125,37286,36864
xtensor,meeting01_loso,fsdd,lstm-ae,poisson,lstm,1,0.000000,0.000000,3,44,13921951549467209506,val,2,0.014029,0.028901,0.552905,0.000000,0.000000,0.000000,0.000000,11842560.000000,590716.937500,2457.340820,122472,1184256
xtensor,meeting01_loso,fsdd,lstm-ae,poisson,lstm,1,0.000000,0.000000,3,44,13921951549467209506,test,2,0.096207,0.110647,-0.118027,0.000000,0.000000,0.000000,0.000000,11842560.000000,0.000000,0.000000,122472,1184256
xtensor,meeting01_loso,fsdd,gru-ae,poisson,gru,1,0.000000,0.000000,3,44,13921951549467209506,val,2,0.013960,0.025264,0.555089,0.000000,0.000000,0.000000,0.000000,8893440.000000,1912936.500000,4456.107910,93032,889344
xtensor,meeting01_loso,fsdd,gru-ae,poisson,gru,1,0.000000,0.000000,3,44,13921951549467209506,test,2,0.097793,0.109137,-0.136754,0.000000,0.000000,0.000000,0.000000,8893440.000000,0.000000,0.000000,93032,889344
xtensor,meeting01_loso,fsdd,transformer-ae,poisson,transformer,1,0.000000,0.000000,3,44,13921951549467209506,val,2,0.006403,0.013003,0.795922,0.000000,0.000000,0.000000,0.000000,47554560.000000,807234.500000,948.004028,139176,4755456
xtensor,meeting01_loso,fsdd,transformer-ae,poisson,transformer,1,0.000000,0.000000,3,44,13921951549467209506,test,2,0.089160,0.096265,-0.036120,0.000000,0.000000,0.000000,0.000000,47554560.000000,0.000000,0.000000,139176,4755456
xtensor,meeting01_loso,fsdd,snn-ae,poisson,dense,2,0.500000,0.800000,3,44,13921951549467209506,val,2,0.041467,0.138504,-0.321704,0.363636,0.080000,0.131148,0.512552,408004.000000,21667.945312,15.180753,37286,36864
xtensor,meeting01_loso,fsdd,snn-ae,poisson,dense,2,0.500000,0.900000,3,44,13921951549467209506,val,2,0.075357,0.203855,-1.401891,0.500000,0.260000,0.342105,0.505221,407441.000000,26397.914062,14.825541,37286,36864
xtensor,meeting01_loso,fsdd,snn-ae,poisson,dense,2,0.500000,0.990000,3,44,13921951549467209506,val,2,0.115066,0.239458,-2.667544,0.404255,0.380000,0.391753,0.516536,408310.000000,35790.265625,14.787829,37286,36864
xtensor,meeting01_loso,fsdd,snn-ae,poisson,dense,2,1.000000,0.800000,3,44,13921951549467209506,val,2,0.023608,0.081138,0.247533,0.333333,0.020000,0.037736,0.505026,407426.000000,23953.683594,17.988808,37286,36864
xtensor,meeting01_loso,fsdd,snn-ae,poisson,dense,2,1.000000,0.900000,3,44,13921951549467209506,val,2,0.050321,0.142858,-0.603911,0.454545,0.100000,0.163934,0.490365,406300.000000,30119.845703,36.065903,37286,36864
xtensor,meeting01_loso,fsdd,snn-ae,poisson,dense,2,1.000000,0.990000,3,44,13921951549467209506,val,2,0.149986,0.289371,-3.780628,0.514706,0.700000,0.593220,0.518294,408445.000000,32292.761719,17.394045,37286,36864
xtensor,meeting01_loso,fsdd,snn-ae,poisson,dense,2,1.500000,0.800000,3,44,13921951549467209506,val,2,0.016225,0.060853,0.482857,0.000000,0.000000,0.000000,0.489635,406244.000000,29558.763672,16.607489,37286,36864
xtensor,meeting01_loso,fsdd,snn-ae,poisson,dense,2,1.500000,0.900000,3,44,13921951549467209506,val,2,0.051689,0.155447,-0.647510,0.583333,0.140000,0.225806,0.501458,407152.000000,23794.582031,23.296568,37286,36864
xtensor,meeting01_loso,fsdd,snn-ae,poisson,dense,2,1.500000,0.990000,3,44,13921951549467209506,val,2,0.158996,0.300677,-4.067841,0.500000,0.800000,0.615385,0.514805,408177.000000,26878.318359,14.255088,37286,36864
xtensor,meeting01_loso,fsdd,snn-ae,poisson,conv1d,2,0.500000,0.800000,3,44,13921951549467209506,val,2,0.052465,0.153887,-1.860492,0.631579,0.240000,0.347826,0.504297,407370.000000,31364.935547,25.772667,37286,36864
xtensor,meeting01_loso,fsdd,snn-ae,poisson,conv1d,2,0.500000,0.900000,3,44,13921951549467209506,val,2,0.077076,0.199007,-3.202339,0.538462,0.280000,0.368421,0.547865,410716.000000,37813.703125,18.100708,37286,36864
xtensor,meeting01_loso,fsdd,snn-ae,poisson,conv1d,2,0.500000,0.990000,3,44,13921951549467209506,val,2,0.027047,0.096206,-0.474582,0.800000,0.080000,0.145455,0.609232,415429.000000,23595.451172,124.654701,37286,36864
xtensor,meeting01_loso,fsdd,snn-ae,poisson,conv1d,2,1.000000,0.800000,3,44,13921951549467209506,val,2,0.037502,0.109868,-1.044623,0.800000,0.160000,0.266667,0.511289,407907.000000,29391.558594,41.306915,37286,36864
xtensor,meeting01_loso,fsdd,snn-ae,poisson,conv1d,2,1.000000,0.900000,3,44,13921951549467209506,val,2,0.076018,0.197052,-3.144629,0.529412,0.360000,0.428571,0.486471,406001.000000,37042.023438,15.258089,37286,36864
xtensor,meeting01_loso,fsdd,snn-ae,poisson,conv1d,2,1.000000,0.990000,3,44,13921951549467209506,val,2,0.101449,0.229579,-4.531178,0.553191,0.520000,0.536083,0.557344,411444.000000,16647.806641,25.228750,37286,36864
xtensor,meeting01_loso,fsdd,snn-ae,poisson,conv1d,2,1.500000,0.800000,3,44,13921951549467209506,val,2,0.015569,0.071943,0.151168,0.000000,0.000000,0.000000,0.520469,408612.000000,44081.382812,16.170853,37286,36864
xtensor,meeting01_loso,fsdd,snn-ae,poisson,conv1d,2,1.500000,0.900000,3,44,13921951549467209506,val,2,0.039999,0.129624,-1.180801,0.500000,0.100000,0.166667,0.525937,409032.000000,28831.375000,81.383873,37286,36864
xtensor,meeting01_loso,fsdd,snn-ae,poisson,conv1d,2,1.500000,0.990000,3,44,13921951549467209506,val,2,0.097692,0.208889,-4.326281,0.540000,0.540000,0.540000,0.562734,411858.000000,36063.875000,15.205853,37286,36864
xtensor,meeting01_loso,fsdd,snn-ae,poisson,recurrent,2,0.500000,0.800000,3,44,13921951549467209506,val,2,0.051902,0.152776,-0.296847,0.533333,0.160000,0.246154,0.499740,407020.000000,61810.648438,827.562744,37286,36864
xtensor,meeting01_loso,fsdd,snn-ae,poisson,recurrent,2,0.500000,0.900000,3,44,13921951549467209506,val,2,0.079923,0.195032,-0.773045,0.571429,0.400000,0.470588,0.518776,408482.000000,55326.234375,817.543274,37286,36864
xtensor,meeting01_loso,fsdd,snn-ae,poisson,recurrent,2,0.500000,0.990000,3,44,13921951549467209506,val,2,0.162728,0.293074,-1.873353,0.531250,0.680000,0.596491,0.545781,410556.000000,68566.539062,934.822388,37286,36864
xtensor,meeting01_loso,fsdd,snn-ae,poisson,recurrent,2,1.000000,0.800000,3,44,13921951549467209506,val,2,0.031816,0.110869,-0.515674,0.428571,0.060000,0.105263,0.502773,407253.000000,97091.000000,1240.493896,37286,36864
xtensor,meeting01_loso,fsdd,snn-ae,poisson,recurrent,2,1.000000,0.900000,3,44,13921951549467209506,val,2,0.055339,0.163723,-1.370654,0.545455,0.240000,0.333333,0.512409,407993.000000,95556.742188,1273.091919,37286,36864
xtensor,meeting01_loso,fsdd,snn-ae,poisson,recurrent,2,1.000000,0.990000,3,44,13921951549467209506,val,2,0.134042,0.258037,-3.836863,0.547619,0.460000,0.500000,0.536055,409809.000000,199321.656250,911.553833,37286,36864
xtensor,meeting01_loso,fsdd,snn-ae,poisson,recurrent,2,1.500000,0.800000,3,44,13921951549467209506,val,2,0.006388,0.031956,0.415688,0.000000,0.000000,0.000000,0.499466,406999.000000,124601.445312,769.271179,37286,36864
xtensor,meeting01_loso,fsdd,snn-ae,poisson,recurrent,2,1.500000,0.900000,3,44,13921951549467209506,val,2,0.016003,0.063402,-0.254723,0.000000,0.000000,0.000000,0.504674,407399.000000,122245.109375,793.154480,37286,36864
xtensor,meeting01_loso,fsdd,snn-ae,poisson,recurrent,2,1.500000,0.990000,3,44,13921951549467209506,val,2,0.097061,0.230759,-4.577708,0.543860,0.620000,0.579439,0.499635,407012.000000,71849.984375,798.789368,37286,36864
xtensor,meeting01_loso,fsdd,snn-ae,poisson,recurrent,2,1.500000,0.800000,3,44,13921951549467209506,test,2,0.065509,0.150833,-1.179383,0.000000,0.000000,0.000000,0.504294,562289.000000,433760.843750,4538.972656,37286,36864
xtensor,meeting01_loso,fsdd,lstm-ae,poisson,lstm,1,0.000000,0.000000,4,45,13921951549467209506,val,2,0.008625,0.023533,0.726052,0.000000,0.000000,0.000000,0.000000,11842560.000000,1408098.875000,2087.433594,122472,1184256
xtensor,meeting01_loso,fsdd,lstm-ae,poisson,lstm,1,0.000000,0.000000,4,45,13921951549467209506,test,2,0.087058,0.103488,-0.017984,0.000000,0.000000,0.000000,0.000000,11842560.000000,0.000000,0.000000,122472,1184256
xtensor,meeting01_loso,fsdd,gru-ae,poisson,gru,1,0.000000,0.000000,4,45,13921951549467209506,val,2,0.014141,0.026523,0.550885,0.000000,0.000000,0.000000,0.000000,8893440.000000,528192.000000,3607.760986,93032,889344
xtensor,meeting01_loso,fsdd,gru-ae,poisson,gru,1,0.000000,0.000000,4,45,13921951549467209506,test,2,0.095273,0.107632,-0.114722,0.000000,0.000000,0.000000,0.000000,8893440.000000,0.000000,0.000000,93032,889344
xtensor,meeting01_loso,fsdd,transformer-ae,poisson,transformer,1,0.000000,0.000000,4,45,13921951549467209506,val,2,0.006403,0.012551,0.796604,0.000000,0.000000,0.000000,0.000000,47554560.000000,423138.437500,530.328430,139176,4755456
xtensor,meeting01_loso,fsdd,transformer-ae,poisson,transformer,1,0.000000,0.000000,4,45,13921951549467209506,test,2,0.086951,0.093528,-0.017211,0.000000,0.000000,0.000000,0.000000,47554560.000000,0.000000,0.000000,139176,4755456
xtensor,meeting01_loso,fsdd,snn-ae,poisson,dense,2,0.500000,0.800000,4,45,13921951549467209506,val,2,0.076880,0.191316,-1.442078,0.461538,0.240000,0.315789,0.524219,408900.000000,18183.804688,15.884656,37286,36864
xtensor,meeting01_loso,fsdd,snn-ae,poisson,dense,2,0.500000,0.900000,4,45,13921951549467209506,val,2,0.070872,0.179693,-1.251228,0.500000,0.240000,0.324324,0.512852,408027.000000,26771.408203,15.462875,37286,36864
xtensor,meeting01_loso,fsdd,snn-ae,poisson,dense,2,0.500000,0.990000,4,45,13921951549467209506,val,2,0.148669,0.276248,-3.722405,0.491525,0.580000,0.532110,0.531445,409455.000000,32197.128906,12.074124,37286,36864
xtensor,meeting01_loso,fsdd,snn-ae,poisson,dense,2,1.000000,0.800000,4,45,13921951549467209506,val,2,0.027325,0.096634,0.132036,0.000000,0.000000,0.000000,0.486393,405995.000000,25395.402344,13.472015,37286,36864
xtensor,meeting01_loso,fsdd,snn-ae,poisson,dense,2,1.000000,0.900000,4,45,13921951549467209506,val,2,0.036289,0.120037,-0.152716,0.600000,0.060000,0.109091,0.520365,408604.000000,21506.185547,13.499672,37286,36864
xtensor,meeting01_loso,fsdd,snn-ae,poisson,dense,2,1.000000,0.990000,4,45,13921951549467209506,val,2,0.095099,0.225373,-2.020827,0.604651,0.520000,0.559140,0.513542,408080.000000,16597.912109,15.337430,37286,36864
xtensor,meeting01_loso,fsdd,snn-ae,poisson,dense,2,1.500000,0.800000,4,45,13921951549467209506,val,2,0.024637,0.080495,0.217437,1.000000,0.060000,0.113208,0.487044,406045.000000,20880.853516,12.943725,37286,36864
xtensor,meeting01_loso,fsdd,snn-ae,poisson,dense,2,1.500000,0.900000,4,45,13921951549467209506,val,2,0.026297,0.095299,0.164697,0.000000,0.000000,0.000000,0.518464,408458.000000,21883.546875,14.353489,37286,36864
xtensor,meeting01_loso,fsdd,snn-ae,poisson,dense,2,1.500000,0.990000,4,45,13921951549467209506,val,2,0.116252,0.230893,-2.692721,0.533333,0.480000,0.505263,0.514323,408140.000000,17809.914062,14.196692,37286,36864
xtensor,meeting01_loso,fsdd,snn-ae,poisson,conv1d,2,0.500000,0.800000,4,45,13921951549467209506,val,2,0.046317,0.158999,-1.508265,0.375000,0.060000,0.103448,0.548490,410764.000000,19517.980469,15.598285,37286,36864
xtensor,meeting01_loso,fsdd,snn-ae,poisson,conv1d,2,0.500000,0.900000,4,45,13921951549467209506,val,2,0.055656,0.155200,-2.013945,0.476190,0.200000,0.281690,0.551107,410965.000000,21903.039062,14.096326,37286,36864
xtensor,meeting01_loso,fsdd,snn-ae,poisson,conv1d,2,0.500000,0.990000,4,45,13921951549467209506,val,2,0.085409,0.201009,-3.625193,0.500000,0.420000,0.456522,0.569036,412342.000000,18910.814453,15.729236,37286,36864
xtensor,meeting01_loso,fsdd,snn-ae,poisson,conv1d,2,1.000000,0.800000,4,45,13921951549467209506,val,2,0.033585,0.108006,-0.818753,0.714286,0.100000,0.175439,0.542474,410302.000000,28452.712891,12.911241,37286,36864
xtensor,meeting01_loso,fsdd,snn-ae,poisson,conv1d,2,1.000000,0.900000,4,45,13921951549467209506,val,2,0.074182,0.182776,-3.017175,0.500000,0.280000,0.358974,0.499687,407016.000000,21528.857422,82.002991,37286,36864
xtensor,meeting01_loso,fsdd,snn-ae,poisson,conv1d,2,1.000000,0.990000,4,45,13921951549467209506,val,2,0.030733,0.103090,-0.664256,0.555556,0.100000,0.169492,0.625898,416709.000000,18292.158203,15.471095,37286,36864
xtensor,meeting01_loso,fsdd,snn-ae,poisson,conv1d,2,1.500000,0.800000,4,45,13921951549467209506,val,2,0.011691,0.061608,0.366863,0.000000,0.000000,0.000000,0.576315,412901.000000,32323.271484,15.303262,37286,36864
xtensor,meeting01_loso,fsdd,snn-ae,poisson,conv1d,2,1.500000,0.900000,4,45,13921951549467209506,val,2,0.043647,0.135480,-1.363600,0.533333,0.160000,0.246154,0.521315,408677.000000,23669.990234,16.787338,37286,36864
xtensor,meeting01_loso,fsdd,snn-ae,poisson,conv1d,2,1.500000,0.990000,4,45,13921951549467209506,val,2,0.065336,0.166798,-2.538136,0.619048,0.260000,0.366197,0.540781,410172.000000,17409.878906,14.006849,37286,36864
xtensor,meeting01_loso,fsdd,snn-ae,poisson,recurrent,2,0.500000,0.800000,4,45,13921951549467209506,val,2,0.054750,0.150249,-0.363797,0.611111,0.220000,0.323529,0.545547,410538.000000,106686.250000,1374.285645,37286,36864
xtensor,meeting01_loso,fsdd,snn-ae,poisson,recurrent,2,0.500000,0.900000,4,45,13921951549467209506,val,2,0.066261,0.164478,-0.463696,0.578947,0.220000,0.318841,0.532669,409549.000000,86098.757812,1209.695312,37286,36864
xtensor,meeting01_loso,fsdd,snn-ae,poisson,recurrent,2,0.500000,0.990000,4,45,13921951549467209506,val,2,0.131043,0.262739,-1.305637,0.527778,0.760000,0.622951,0.544518,410459.000000,70198.062500,862.520264,37286,36864
xtensor,meeting01_loso,fsdd,snn-ae,poisson,recurrent,2,1.000000,0.800000,4,45,13921951549467209506,val,2,0.021890,0.078296,-0.042187,0.666667,0.040000,0.075472,0.495313,406680.000000,78977.656250,929.387146,37286,36864
xtensor,meeting01_loso,fsdd,snn-ae,poisson,recurrent,2,1.000000,0.900000,4,45,13921951549467209506,val,2,0.056384,0.160861,-1.401965,0.500000,0.160000,0.242424,0.508255,407674.000000,99003.828125,930.217041,37286,36864
xtensor,meeting01_loso,fsdd,snn-ae,poisson,recurrent,2,1.000000,0.990000,4,45,13921951549467209506,val,2,0.165078,0.290522,-4.934028,0.525424,0.620000,0.568807,0.522956,408803.000000,98112.937500,831.344727,37286,36864
xtensor,meeting01_loso,fsdd,snn-ae,poisson,recurrent,2,1.500000,0.800000,4,45,13921951549467209506,val,2,0.013937,0.059292,-0.267542,1.000000,0.020000,0.039216,0.522422,408762.000000,113962.273438,1163.531006,37286,36864
xtensor,meeting01_loso,fsdd,snn-ae,poisson,recurrent,2,1.500000,0.900000,4,45,13921951549467209506,val,2,0.014536,0.068170,-0.139755,0.000000,0.000000,0.000000,0.532734,409554.000000,119555.875000,989.663330,37286,36864
xtensor,meeting01_loso,fsdd,snn-ae,poisson,recurrent,2,1.500000,0.990000,4,45,13921951549467209506,val,2,0.057367,0.161551,-2.275969,0.368421,0.140000,0.202899,0.500781,407100.000000,75200.867188,1332.134399,37286,36864
xtensor,meeting01_loso,fsdd,snn-ae,poisson,conv1d,2,1.500000,0.800000,4,45,13921951549467209506,test,2,0.117744,0.230343,-1.717811,0.000000,0.000000,0.000000,0.480411,553118.000000,38111.511719,18.664667,37286,36864
xtensor,meeting01_loso,fsdd,lstm-ae,poisson,lstm,1,0.000000,0.000000,5,46,13921951549467209506,val,2,0.012223,0.027267,0.614148,0.000000,0.000000,0.000000,0.000000,11842560.000000,1008421.437500,2211.504883,122472,1184256
xtensor,meeting01_loso,fsdd,lstm-ae,poisson,lstm,1,0.000000,0.000000,5,46,13921951549467209506,test,2,0.093679,0.108817,-0.091567,0.000000,0.000000,0.000000,0.000000,11842560.000000,0.000000,0.000000,122472,1184256
xtensor,meeting01_loso,fsdd,gru-ae,poisson,gru,1,0.000000,0.000000,5,46,13921951549467209506,val,2,0.010353,0.023916,0.673171,0.000000,0.000000,0.000000,0.000000,8893440.000000,1354980.375000,4842.938477,93032,889344
xtensor,meeting01_loso,fsdd,gru-ae,poisson,gru,1,0.000000,0.000000,5,46,13921951549467209506,test,2,0.091026,0.104637,-0.060848,0.000000,0.000000,0.000000,0.000000,8893440.000000,0.000000,0.000000,93032,889344
xtensor,meeting01_loso,fsdd,transformer-ae,poisson,transformer,1,0.000000,0.000000,5,46,13921951549467209506,val,2,0.010535,0.019465,0.667417,0.000000,0.000000,0.000000,0.000000,47554560.000000,314163.906250,619.699585,139176,4755456
xtensor,meeting01_loso,fsdd,transformer-ae,poisson,transformer,1,0.000000,0.000000,5,46,13921951549467209506,test,2,0.090010,0.098946,-0.049233,0.000000,0.000000,0.000000,0.000000,47554560.000000,0.000000,0.000000,139176,4755456
xtensor,meeting01_loso,fsdd,snn-ae,poisson,dense,2,0.500000,0.800000,5,46,13921951549467209506,val,2,0.064157,0.173893,-1.025364,0.640000,0.320000,0.426667,0.502474,407230.000000,98076.695312,25.726397,37286,36864
xtensor,meeting01_loso,fsdd,snn-ae,poisson,dense,2,0.500000,0.900000,5,46,13921951549467209506,val,2,0.059836,0.154882,-0.888924,0.576923,0.300000,0.394737,0.523464,408842.000000,20854.898438,12.848287,37286,36864
xtensor,meeting01_loso,fsdd,snn-ae,poisson,dense,2,0.500000,0.990000,5,46,13921951549467209506,val,2,0.121499,0.247536,-2.835574,0.462963,0.500000,0.480769,0.514674,408167.000000,13969.750977,13.171097,37286,36864
xtensor,meeting01_loso,fsdd,snn-ae,poisson,dense,2,1.000000,0.800000,5,46,13921951549467209506,val,2,0.025103,0.092948,0.207519,0.500000,0.040000,0.074074,0.514648,408165.000000,18024.773438,13.476655,37286,36864
xtensor,meeting01_loso,fsdd,snn-ae,poisson,dense,2,1.000000,0.900000,5,46,13921951549467209506,val,2,0.042289,0.134628,-0.335017,0.600000,0.120000,0.200000,0.503659,407321.000000,16044.892578,12.971836,37286,36864
xtensor,meeting01_loso,fsdd,snn-ae,poisson,dense,2,1.000000,0.990000,5,46,13921951549467209506,val,2,0.112660,0.246075,-2.556640,0.479167,0.460000,0.469388,0.514010,408116.000000,15981.627930,11.711537,37286,36864
xtensor,meeting01_loso,fsdd,snn-ae,poisson,dense,2,1.500000,0.800000,5,46,13921951549467209506,val,2,0.015379,0.060400,0.514505,0.000000,0.000000,0.000000,0.475573,405164.000000,38188.640625,12.972326,37286,36864
xtensor,meeting01_loso,fsdd,snn-ae,poisson,dense,2,1.500000,0.900000,5,46,13921951549467209506,val,2,0.039940,0.127715,-0.260847,0.000000,0.000000,0.000000,0.512135,407972.000000,17468.427734,13.767128,37286,36864
xtensor,meeting01_loso,fsdd,snn-ae,poisson,dense,2,1.500000,0.990000,5,46,13921951549467209506,val,2,0.150835,0.280918,-3.761647,0.531646,0.840000,0.651163,0.531979,409496.000000,23261.285156,11.803728,37286,36864
xtensor,meeting01_loso,fsdd,snn-ae,poisson,conv1d,2,0.500000,0.800000,5,46,13921951549467209506,val,2,0.045323,0.140027,-1.450422,0.416667,0.100000,0.161290,0.495937,406728.000000,27234.832031,13.129959,37286,36864
xtensor,meeting01_loso,fsdd,snn-ae,poisson,conv1d,2,0.500000,0.900000,5,46,13921951549467209506,val,2,0.054902,0.172362,-1.968319,0.444444,0.160000,0.235294,0.540573,410156.000000,14302.031250,14.983848,37286,36864
xtensor,meeting01_loso,fsdd,snn-ae,poisson,conv1d,2,0.500000,0.990000,5,46,13921951549467209506,val,2,0.069998,0.190715,-2.784453,0.512821,0.400000,0.449438,0.556706,411395.000000,16076.688477,13.415474,37286,36864
xtensor,meeting01_loso,fsdd,snn-ae,poisson,conv1d,2,1.000000,0.800000,5,46,13921951549467209506,val,2,0.031995,0.115909,-0.729815,0.833333,0.100000,0.178571,0.531836,409485.000000,25676.156250,13.618714,37286,36864
xtensor,meeting01_loso,fsdd,snn-ae,poisson,conv1d,2,1.000000,0.900000,5,46,13921951549467209506,val,2,0.029412,0.113602,-0.590189,0.666667,0.040000,0.075472,0.515742,408249.000000,21055.255859,14.868538,37286,36864
xtensor,meeting01_loso,fsdd,snn-ae,poisson,conv1d,2,1.000000,0.990000,5,46,13921951549467209506,val,2,0.130566,0.265958,-6.059199,0.600000,0.600000,0.600000,0.550495,410918.000000,15495.150391,12.609077,37286,36864
xtensor,meeting01_loso,fsdd,snn-ae,poisson,conv1d,2,1.500000,0.800000,5,46,13921951549467209506,val,2,0.017093,0.081142,0.075850,0.000000,0.000000,0.000000,0.542760,410324.000000,25170.564453,15.622203,37286,36864
xtensor,meeting01_loso,fsdd,snn-ae,poisson,conv1d,2,1.500000,0.900000,5,46,13921951549467209506,val,2,0.032844,0.117166,-0.775700,0.285714,0.040000,0.070175,0.485000,405888.000000,29295.039062,14.880550,37286,36864
xtensor,meeting01_loso,fsdd,snn-ae,poisson,conv1d,2,1.500000,0.990000,5,46,13921951549467209506,val,2,0.030980,0.112633,-0.674898,0.000000,0.000000,0.000000,0.561458,411760.000000,13811.791016,14.593850,37286,36864
xtensor,meeting01_loso,fsdd,snn-ae,poisson,recurrent,2,0.500000,0.800000,5,46,13921951549467209506,val,2,0.063628,0.168989,-0.580588,0.562500,0.180000,0.272727,0.526719,409092.000000,75911.343750,793.038269,37286,36864
xtensor,meeting01_loso,fsdd,snn-ae,poisson,recurrent,2,0.500000,0.900000,5,46,13921951549467209506,val,2,0.077327,0.194761,-0.702153,0.545455,0.360000,0.433735,0.518503,408461.000000,60847.382812,810.629028,37286,36864
xtensor,meeting01_loso,fsdd,snn-ae,poisson,recurrent,2,0.500000,0.990000,5,46,13921951549467209506,val,2,0.161111,0.287277,-1.815743,0.500000,0.660000,0.568965,0.551719,411012.000000,138689.359375,803.539917,37286,36864
xtensor,meeting01_loso,fsdd,snn-ae,poisson,recurrent,2,1.000000,0.800000,5,46,13921951549467209506,val,2,0.014313,0.058288,0.322448,0.000000,0.000000,0.000000,0.495352,406683.000000,81896.406250,848.375549,37286,36864
xtensor,meeting01_loso,fsdd,snn-ae,poisson,recurrent,2,1.000000,0.900000,5,46,13921951549467209506,val,2,0.034291,0.113134,-0.455936,0.666667,0.080000,0.142857,0.515990,408268.000000,82379.125000,920.507385,37286,36864
xtensor,meeting01_loso,fsdd,snn-ae,poisson,recurrent,2,1.000000,0.990000,5,46,13921951549467209506,val,2,0.117499,0.247969,-3.191695,0.553191,0.520000,0.536083,0.534271,409672.000000,73718.031250,776.190491,37286,36864
xtensor,meeting01_loso,fsdd,snn-ae,poisson,recurrent,2,1.500000,0.800000,5,46,13921951549467209506,val,2,0.008379,0.043514,0.232750,1.000000,0.020000,0.039216,0.507279,407599.000000,87804.078125,784.593994,37286,36864
xtensor,meeting01_loso,fsdd,snn-ae,poisson,recurrent,2,1.500000,0.900000,5,46,13921951549467209506,val,2,0.011767,0.049288,0.079226,0.000000,0.000000,0.000000,0.504023,407349.000000,120798.203125,809.828735,37286,36864
xtensor,meeting01_loso,fsdd,snn-ae,poisson,recurrent,2,1.500000,0.990000,5,46,13921951549467209506,val,2,0.070590,0.184572,-2.988078,0.653846,0.340000,0.447368,0.504557,407390.000000,56959.089844,855.604492,37286,36864
xtensor,meeting01_loso,fsdd,snn-ae,poisson,recurrent,2,1.500000,0.800000,5,46,13921951549467209506,test,2,0.072787,0.162200,-1.442081,0.000000,0.000000,0.000000,0.532284,573037.000000,157345.953125,841.577881,37286,36864
xtensor,meeting01_loso,fsdd,lstm-ae,latency,lstm,1,0.000000,0.000000,1,42,13921951549467209506,val,2,0.016946,0.039413,0.833071,0.000000,0.000000,0.000000,0.000000,11842560.000000,1122663.125000,1997.558105,122472,1184256
xtensor,meeting01_loso,fsdd,lstm-ae,latency,lstm,1,0.000000,0.000000,1,42,13921951549467209506,test,2,0.116854,0.164389,0.493823,0.000000,0.000000,0.000000,0.000000,11842560.000000,0.000000,0.000000,122472,1184256
xtensor,meeting01_loso,fsdd,gru-ae,latency,gru,1,0.000000,0.000000,1,42,13921951549467209506,val,2,0.017883,0.041948,0.823848,0.000000,0.000000,0.000000,0.000000,8893440.000000,1183502.625000,2921.484375,93032,889344
xtensor,meeting01_loso,fsdd,gru-ae,latency,gru,1,0.000000,0.000000,1,42,13921951549467209506,test,2,0.107260,0.157996,0.535468,0.000000,0.000000,0.000000,0.000000,8893440.000000,0.000000,0.000000,93032,889344
xtensor,meeting01_loso,fsdd,transformer-ae,latency,transformer,1,0.000000,0.000000,1,42,13921951549467209506,val,2,0.019978,0.042019,0.803208,0.000000,0.000000,0.000000,0.000000,47554560.000000,213210.578125,441.641998,139176,4755456
xtensor,meeting01_loso,fsdd,transformer-ae,latency,transformer,1,0.000000,0.000000,1,42,13921951549467209506,test,2,0.105647,0.163002,0.542454,0.000000,0.000000,0.000000,0.000000,47554560.000000,0.000000,0.000000,139176,4755456
xtensor,meeting01_loso,fsdd,snn-ae,latency,dense,2,0.500000,0.800000,1,42,13921951549467209506,val,2,0.038360,0.083786,0.622134,0.000000,0.000000,0.000000,0.652812,418776.000000,11128.793945,12.888953,37286,36864
xtensor,meeting01_loso,fsdd,snn-ae,latency,dense,2,0.500000,0.900000,1,42,13921951549467209506,val,2,0.042118,0.090903,0.585124,0.000000,0.000000,0.000000,0.641680,417921.000000,15969.945312,13.228733,37286,36864
xtensor,meeting01_loso,fsdd,snn-ae,latency,dense,2,0.500000,0.990000,1,42,13921951549467209506,val,2,0.094461,0.159027,0.069494,0.000000,0.000000,0.000000,0.745365,425884.000000,7784.318848,13.995593,37286,36864
xtensor,meeting01_loso,fsdd,snn-ae,latency,dense,2,1.000000,0.800000,1,42,13921951549467209506,val,2,0.030343,0.072739,0.701108,0.000000,0.000000,0.000000,0.609271,415432.000000,11150.051758,12.797185,37286,36864
xtensor,meeting01_loso,fsdd,snn-ae,latency,dense,2,1.000000,0.900000,1,42,13921951549467209506,val,2,0.033206,0.073356,0.672913,0.000000,0.000000,0.000000,0.730039,424707.000000,17744.949219,12.555396,37286,36864
xtensor,meeting01_loso,fsdd,snn-ae,latency,dense,2,1.000000,0.990000,1,42,13921951549467209506,val,2,0.054190,0.125592,0.466180,0.000000,0.000000,0.000000,0.682018,421019.000000,16380.233398,16.332005,37286,36864
xtensor,meeting01_loso,fsdd,snn-ae,latency,dense,2,1.500000,0.800000,1,42,13921951549467209506,val,2,0.024323,0.060369,0.760406,0.000000,0.000000,0.000000,0.637904,417631.000000,19807.468750,12.183704,37286,36864
xtensor,meeting01_loso,fsdd,snn-ae,latency,dense,2,1.500000,0.900000,1,42,13921951549467209506,val,2,0.030263,0.068306,0.701897,0.000000,0.000000,0.000000,0.629622,416995.000000,15330.168945,12.955314,37286,36864
xtensor,meeting01_loso,fsdd,snn-ae,latency,dense,2,1.500000,0.990000,1,42,13921951549467209506,val,2,0.060749,0.117832,0.401575,0.000000,0.000000,0.000000,0.656823,419084.000000,21185.115234,12.329607,37286,36864
xtensor,meeting01_loso,fsdd,snn-ae,latency,conv1d,2,0.500000,0.800000,1,42,13921951549467209506,val,2,0.026161,0.070502,0.718094,0.000000,0.000000,0.000000,0.638828,417702.000000,7668.856934,12.939673,37286,36864
xtensor,meeting01_loso,fsdd,snn-ae,latency,conv1d,2,0.500000,0.900000,1,42,13921951549467209506,val,2,0.039253,0.092153,0.577010,0.000000,0.000000,0.000000,0.666784,419849.000000,16095.668945,14.712112,37286,36864
xtensor,meeting01_loso,fsdd,snn-ae,latency,conv1d,2,0.500000,0.990000,1,42,13921951549467209506,val,2,0.037815,0.089572,0.592498,0.000000,0.000000,0.000000,0.735391,425118.000000,18824.207031,12.539625,37286,36864
xtensor,meeting01_loso,fsdd,snn-ae,latency,conv1d,2,1.000000,0.800000,1,42,13921951549467209506,val,2,0.024488,0.061884,0.736127,0.000000,0.000000,0.000000,0.647995,418406.000000,18577.996094,13.110650,37286,36864
xtensor,meeting01_loso,fsdd,snn-ae,latency,conv1d,2,1.000000,0.900000,1,42,13921951549467209506,val,2,0.027762,0.067282,0.700842,0.000000,0.000000,0.000000,0.626068,416722.000000,15833.610352,15.177961,37286,36864
xtensor,meeting01_loso,fsdd,snn-ae,latency,conv1d,2,1.000000,0.990000,1,42,13921951549467209506,val,2,0.055491,0.108358,0.402018,0.000000,0.000000,0.000000,0.709922,423162.000000,15824.668945,12.928227,37286,36864
xtensor,meeting01_loso,fsdd,snn-ae,latency,conv1d,2,1.500000,0.800000,1,42,13921951549467209506,val,2,0.020149,0.061622,0.782877,0.000000,0.000000,0.000000,0.612982,415717.000000,12857.262695,14.298868,37286,36864
xtensor,meeting01_loso,fsdd,snn-ae,latency,conv1d,2,1.500000,0.900000,1,42,13921951549467209506,val,2,0.021794,0.064292,0.765151,0.000000,0.000000,0.000000,0.615365,415900.000000,10664.051758,14.502457,37286,36864
xtensor,meeting01_loso,fsdd,snn-ae,latency,conv1d,2,1.500000,0.990000,1,42,13921951549467209506,val,2,0.067015,0.120561,0.277854,0.000000,0.000000,0.000000,0.722188,424104.000000,9004.993164,12.521752,37286,36864
xtensor,meeting01_loso,fsdd,snn-ae,latency,recurrent,2,0.500000,0.800000,1,42,13921951549467209506,val,2,0.034710,0.071050,0.674335,0.000000,0.000000,0.000000,0.602188,414888.000000,77774.765625,797.485107,37286,36864
xtensor,meeting01_loso,fsdd,snn-ae,latency,recurrent,2,0.500000,0.900000,1,42,13921951549467209506,val,2,0.042704,0.097503,0.614534,0.000000,0.000000,0.000000,0.660091,419335.000000,52014.101562,786.904907,37286,36864
xtensor,meeting01_loso,fsdd,snn-ae,latency,recurrent,2,0.500000,0.990000,1,42,13921951549467209506,val,2,0.108202,0.169921,0.068464,0.000000,0.000000,0.000000,0.741875,425616.000000,46959.738281,861.085571,37286,36864
xtensor,meeting01_loso,fsdd,snn-ae,latency,recurrent,2,1.000000,0.800000,1,42,13921951549467209506,val,2,0.031758,0.087484,0.593751,0.000000,0.000000,0.000000,0.603555,414993.000000,52708.535156,823.080994,37286,36864
xtensor,meeting01_loso,fsdd,snn-ae,latency,recurrent,2,1.000000,0.900000,1,42,13921951549467209506,val,2,0.038400,0.084415,0.562256,0.250000,0.020000,0.037037,0.628099,416878.000000,81058.062500,805.962219,37286,36864
xtensor,meeting01_loso,fsdd,snn-ae,latency,recurrent,2,1.000000,0.990000,1,42,13921951549467209506,val,2,0.047274,0.102931,0.518527,0.000000,0.000000,0.000000,0.731458,424816.000000,74813.664062,851.235107,37286,36864
xtensor,meeting01_loso,fsdd,snn-ae,latency,recurrent,2,1.500000,0.800000,1,42,13921951549467209506,val,2,0.019119,0.058380,0.620169,0.000000,0.000000,0.000000,0.498490,406924.000000,111763.679688,818.846191,37286,36864
xtensor,meeting01_loso,fsdd,snn-ae,latency,recurrent,2,1.500000,0.900000,1,42,13921951549467209506,val,2,0.032110,0.087903,0.423352,0.000000,0.000000,0.000000,0.625260,416660.000000,42905.625000,838.452026,37286,36864
xtensor,meeting01_loso,fsdd,snn-ae,latency,recurrent,2,1.500000,0.990000,1,42,13921951549467209506,val,2,0.046609,0.101431,0.290442,0.000000,0.000000,0.000000,0.666914,419859.000000,104963.125000,925.517517,37286,36864
xtensor,meeting01_loso,fsdd,snn-ae,latency,recurrent,2,1.500000,0.800000,1,42,13921951549467209506,test,2,0.106327,0.156985,0.260286,0.000000,0.000000,0.000000,0.629982,610553.000000,94994.390625,1080.197266,37286,36864
xtensor,meeting01_loso,fsdd,lstm-ae,latency,lstm,1,0.000000,0.000000,2,43,13921951549467209506,val,2,0.016946,0.039413,0.833071,0.000000,0.000000,0.000000,0.000000,11842560.000000,1113824.250000,1802.547607,122472,1184256
xtensor,meeting01_loso,fsdd,lstm-ae,latency,lstm,1,0.000000,0.000000,2,43,13921951549467209506,test,2,0.116854,0.164389,0.493823,0.000000,0.000000,0.000000,0.000000,11842560.000000,0.000000,0.000000,122472,1184256
xtensor,meeting01_loso,fsdd,gru-ae,latency,gru,1,0.000000,0.000000,2,43,13921951549467209506,val,2,0.017883,0.041948,0.823848,0.000000,0.000000,0.000000,0.000000,8893440.000000,1247645.500000,2830.921631,93032,889344
xtensor,meeting01_loso,fsdd,gru-ae,latency,gru,1,0.000000,0.000000,2,43,13921951549467209506,test,2,0.107260,0.157996,0.535468,0.000000,0.000000,0.000000,0.000000,8893440.000000,0.000000,0.000000,93032,889344
xtensor,meeting01_loso,fsdd,transformer-ae,latency,transformer,1,0.000000,0.000000,2,43,13921951549467209506,val,2,0.019978,0.042019,0.803208,0.000000,0.000000,0.000000,0.000000,47554560.000000,256724.125000,483.030396,139176,4755456
xtensor,meeting01_loso,fsdd,transformer-ae,latency,transformer,1,0.000000,0.000000,2,43,13921951549467209506,test,2,0.105647,0.163002,0.542454,0.000000,0.000000,0.000000,0.000000,47554560.000000,0.000000,0.000000,139176,4755456
xtensor,meeting01_loso,fsdd,snn-ae,latency,dense,2,0.500000,0.800000,2,43,13921951549467209506,val,2,0.031617,0.078650,0.688559,0.000000,0.000000,0.000000,0.626042,416720.000000,15759.080078,11.461567,37286,36864
xtensor,meeting01_loso,fsdd,snn-ae,latency,dense,2,0.500000,0.900000,2,43,13921951549467209506,val,2,0.043244,0.090699,0.574023,0.000000,0.000000,0.000000,0.636901,417554.000000,18800.933594,11.456048,37286,36864
xtensor,meeting01_loso,fsdd,snn-ae,latency,dense,2,0.500000,0.990000,2,43,13921951549467209506,val,2,0.056793,0.124184,0.440526,0.000000,0.000000,0.000000,0.717305,423729.000000,25374.105469,35.584579,37286,36864
xtensor,meeting01_loso,fsdd,snn-ae,latency,dense,2,1.000000,0.800000,2,43,13921951549467209506,val,2,0.027517,0.064922,0.728946,0.000000,0.000000,0.000000,0.622435,416443.000000,45222.941406,16.530275,37286,36864
xtensor,meeting01_loso,fsdd,snn-ae,latency,dense,2,1.000000,0.900000,2,43,13921951549467209506,val,2,0.035704,0.084270,0.648304,0.000000,0.000000,0.000000,0.645755,418234.000000,13364.411133,15.075186,37286,36864
xtensor,meeting01_loso,fsdd,snn-ae,latency,dense,2,1.000000,0.990000,2,43,13921951549467209506,val,2,0.044935,0.090231,0.557357,0.000000,0.000000,0.000000,0.660443,419362.000000,26050.021484,12.743718,37286,36864
xtensor,meeting01_loso,fsdd,snn-ae,latency,dense,2,1.500000,0.800000,2,43,13921951549467209506,val,2,0.025578,0.066661,0.748039,0.000000,0.000000,0.000000,0.566198,412124.000000,36894.957031,21.780359,37286,36864
xtensor,meeting01_loso,fsdd,snn-ae,latency,dense,2,1.500000,0.900000,2,43,13921951549467209506,val,2,0.037807,0.098439,0.627577,0.000000,0.000000,0.000000,0.658229,419192.000000,19847.306641,13.702786,37286,36864
xtensor,meeting01_loso,fsdd,snn-ae,latency,dense,2,1.500000,0.990000,2,43,13921951549467209506,val,2,0.072656,0.130133,0.284288,0.000000,0.000000,0.000000,0.683216,421111.000000,24335.730469,12.636646,37286,36864
xtensor,meeting01_loso,fsdd,snn-ae,latency,conv1d,2,0.500000,0.800000,2,43,13921951549467209506,val,2,0.028970,0.081541,0.687838,0.000000,0.000000,0.000000,0.613529,415759.000000,23176.800781,15.319345,37286,36864
xtensor,meeting01_loso,fsdd,snn-ae,latency,conv1d,2,0.500000,0.900000,2,43,13921951549467209506,val,2,0.035040,0.079188,0.622418,0.000000,0.000000,0.000000,0.684505,421210.000000,19396.615234,14.566937,37286,36864
xtensor,meeting01_loso,fsdd,snn-ae,latency,conv1d,2,0.500000,0.990000,2,43,13921951549467209506,val,2,0.052089,0.097557,0.438689,0.000000,0.000000,0.000000,0.635013,417409.000000,52818.074219,20.073622,37286,36864
xtensor,meeting01_loso,fsdd,snn-ae,latency,conv1d,2,1.000000,0.800000,2,43,13921951549467209506,val,2,0.024664,0.073097,0.734218,0.000000,0.000000,0.000000,0.584505,413530.000000,16933.142578,16.678604,37286,36864
xtensor,meeting01_loso,fsdd,snn-ae,latency,conv1d,2,1.000000,0.900000,2,43,13921951549467209506,val,2,0.026643,0.066806,0.712894,0.000000,0.000000,0.000000,0.563060,411883.000000,26598.619141,18.888470,37286,36864
xtensor,meeting01_loso,fsdd,snn-ae,latency,conv1d,2,1.000000,0.990000,2,43,13921951549467209506,val,2,0.053421,0.114122,0.424323,0.000000,0.000000,0.000000,0.674635,420452.000000,20286.363281,21.459909,37286,36864
xtensor,meeting01_loso,fsdd,snn-ae,latency,conv1d,2,1.500000,0.800000,2,43,13921951549467209506,val,2,0.021283,0.064276,0.770656,0.000000,0.000000,0.000000,0.651445,418671.000000,18002.367188,20.046867,37286,36864
xtensor,meeting01_loso,fsdd,snn-ae,latency,conv1d,2,1.500000,0.900000,2,43,13921951549467209506,val,2,0.027522,0.074003,0.703432,0.000000,0.000000,0.000000,0.648008,418407.000000,24227.326172,14.439817,37286,36864
xtensor,meeting01_loso,fsdd,snn-ae,latency,conv1d,2,1.500000,0.990000,2,43,13921951549467209506,val,2,0.035846,0.086868,0.613725,0.000000,0.000000,0.000000,0.641068,417874.000000,44030.265625,14.966493,37286,36864
xtensor,meeting01_loso,fsdd,snn-ae,latency,recurrent,2,0.500000,0.800000,2,43,13921951549467209506,val,2,0.032333,0.074217,0.696635,0.000000,0.000000,0.000000,0.591680,414081.000000,186223.921875,993.542419,37286,36864
xtensor,meeting01_loso,fsdd,snn-ae,latency,recurrent,2,0.500000,0.900000,2,43,13921951549467209506,val,2,0.035745,0.082335,0.677344,0.000000,0.000000,0.000000,0.666029,419791.000000,172255.890625,1311.615112,37286,36864
xtensor,meeting01_loso,fsdd,snn-ae,latency,recurrent,2,0.500000,0.990000,2,43,13921951549467209506,val,2,0.078808,0.163938,0.321514,0.000000,0.000000,0.000000,0.642656,417996.000000,219697.421875,1030.050659,37286,36864
xtensor,meeting01_loso,fsdd,snn-ae,latency,recurrent,2,1.000000,0.800000,2,43,13921951549467209506,val,2,0.033866,0.089379,0.566801,0.000000,0.000000,0.000000,0.582669,413389.000000,106649.007812,1216.968506,37286,36864
xtensor,meeting01_loso,fsdd,snn-ae,latency,recurrent,2,1.000000,0.900000,2,43,13921951549467209506,val,2,0.039494,0.085759,0.549782,0.000000,0.000000,0.000000,0.577227,412971.000000,113523.835938,1154.141846,37286,36864
xtensor,meeting01_loso,fsdd,snn-ae,latency,recurrent,2,1.000000,0.990000,2,43,13921951549467209506,val,2,0.038670,0.086361,0.606176,0.000000,0.000000,0.000000,0.685404,421279.000000,144816.593750,998.800293,37286,36864
xtensor,meeting01_loso,fsdd,snn-ae,latency,recurrent,2,1.500000,0.800000,2,43,13921951549467209506,val,2,0.020618,0.066040,0.590380,0.000000,0.000000,0.000000,0.560872,411715.000000,95396.515625,1538.941040,37286,36864
xtensor,meeting01_loso,fsdd,snn-ae,latency,recurrent,2,1.500000,0.900000,2,43,13921951549467209506,val,2,0.032876,0.089125,0.409588,0.000000,0.000000,0.000000,0.620664,416307.000000,214107.515625,1285.364136,37286,36864
xtensor,meeting01_loso,fsdd,snn-ae,latency,recurrent,2,1.500000,0.990000,2,43,13921951549467209506,val,2,0.051010,0.115413,0.223438,0.000000,0.000000,0.000000,0.608346,415361.000000,68779.804688,984.026489,37286,36864
xtensor,meeting01_loso,fsdd,snn-ae,latency,recurrent,2,1.500000,0.800000,2,43,13921951549467209506,test,2,0.108520,0.166303,0.245088,0.000000,0.000000,0.000000,0.568221,586837.000000,119256.671875,1722.946411,37286,36864
xtensor,meeting01_loso,fsdd,lstm-ae,latency,lstm,1,0.000000,0.000000,3,44,13921951549467209506,val,2,0.016946,0.039413,0.833071,0.000000,0.000000,0.000000,0.000000,11842560.000000,1967443.625000,1958.757324,122472,1184256
xtensor,meeting01_loso,fsdd,lstm-ae,latency,lstm,1,0.000000,0.000000,3,44,13921951549467209506,test,2,0.116854,0.164389,0.493823,0.000000,0.000000,0.000000,0.000000,11842560.000000,0.000000,0.000000,122472,1184256
xtensor,meeting01_loso,fsdd,gru-ae,latency,gru,1,0.000000,0.000000,3,44,13921951549467209506,val,2,0.017883,0.041948,0.823848,0.000000,0.000000,0.000000,0.000000,8893440.000000,1932198.500000,3370.552002,93032,889344
xtensor,meeting01_loso,fsdd,gru-ae,latency,gru,1,0.000000,0.000000,3,44,13921951549467209506,test,2,0.107260,0.157996,0.535468,0.000000,0.000000,0.000000,0.000000,8893440.000000,0.000000,0.000000,93032,889344
xtensor,meeting01_loso,fsdd,transformer-ae,latency,transformer,1,0.000000,0.000000,3,44,13921951549467209506,val,2,0.019978,0.042019,0.803208,0.000000,0.000000,0.000000,0.000000,47554560.000000,242099.640625,490.279144,139176,4755456
xtensor,meeting01_loso,fsdd,transformer-ae,latency,transformer,1,0.000000,0.000000,3,44,13921951549467209506,test,2,0.105647,0.163002,0.542454,0.000000,0.000000,0.000000,0.000000,47554560.000000,0.000000,0.000000,139176,4755456
xtensor,meeting01_loso,fsdd,snn-ae,latency,dense,2,0.500000,0.800000,3,44,13921951549467209506,val,2,0.032972,0.074782,0.675206,0.000000,0.000000,0.000000,0.674844,420468.000000,33842.160156,13.683045,37286,36864
xtensor,meeting01_loso,fsdd,snn-ae,latency,dense,2,0.500000,0.900000,3,44,13921951549467209506,val,2,0.042370,0.085561,0.582643,0.000000,0.000000,0.000000,0.633451,417289.000000,19053.095703,13.844887,37286,36864
xtensor,meeting01_loso,fsdd,snn-ae,latency,dense,2,0.500000,0.990000,3,44,13921951549467209506,val,2,0.072622,0.140041,0.284636,0.000000,0.000000,0.000000,0.710508,423207.000000,23572.500000,13.125066,37286,36864
xtensor,meeting01_loso,fsdd,snn-ae,latency,dense,2,1.000000,0.800000,3,44,13921951549467209506,val,2,0.033229,0.083489,0.672672,0.000000,0.000000,0.000000,0.618607,416149.000000,13301.607422,14.529484,37286,36864
xtensor,meeting01_loso,fsdd,snn-ae,latency,dense,2,1.000000,0.900000,3,44,13921951549467209506,val,2,0.034746,0.076247,0.657748,0.000000,0.000000,0.000000,0.694297,421962.000000,18411.886719,14.590844,37286,36864
xtensor,meeting01_loso,fsdd,snn-ae,latency,dense,2,1.000000,0.990000,3,44,13921951549467209506,val,2,0.053408,0.109255,0.473881,0.000000,0.000000,0.000000,0.706120,422870.000000,18214.531250,12.527650,37286,36864
xtensor,meeting01_loso,fsdd,snn-ae,latency,dense,2,1.500000,0.800000,3,44,13921951549467209506,val,2,0.028634,0.072351,0.717929,0.000000,0.000000,0.000000,0.609961,415485.000000,13534.831055,14.726149,37286,36864
xtensor,meeting01_loso,fsdd,snn-ae,latency,dense,2,1.500000,0.900000,3,44,13921951549467209506,val,2,0.034553,0.086123,0.659639,0.000000,0.000000,0.000000,0.629284,416969.000000,19029.113281,13.066742,37286,36864
xtensor,meeting01_loso,fsdd,snn-ae,latency,dense,2,1.500000,0.990000,3,44,13921951549467209506,val,2,0.045818,0.083946,0.548680,0.000000,0.000000,0.000000,0.659388,419281.000000,25562.613281,24.574413,37286,36864
xtensor,meeting01_loso,fsdd,snn-ae,latency,conv1d,2,0.500000,0.800000,3,44,13921951549467209506,val,2,0.022455,0.057668,0.758036,0.000000,0.000000,0.000000,0.645820,418239.000000,26665.898438,16.314186,37286,36864
xtensor,meeting01_loso,fsdd,snn-ae,latency,conv1d,2,0.500000,0.900000,3,44,13921951549467209506,val,2,0.045856,0.109536,0.505854,0.000000,0.000000,0.000000,0.662240,419500.000000,25735.738281,14.759188,37286,36864
xtensor,meeting01_loso,fsdd,snn-ae,latency,conv1d,2,0.500000,0.990000,3,44,13921951549467209506,val,2,0.058066,0.128359,0.374292,0.000000,0.000000,0.000000,0.738750,425376.000000,20685.671875,16.491119,37286,36864
xtensor,meeting01_loso,fsdd,snn-ae,latency,conv1d,2,1.000000,0.800000,3,44,13921951549467209506,val,2,0.020451,0.061527,0.779628,0.000000,0.000000,0.000000,0.587396,413752.000000,29206.962891,15.708207,37286,36864
xtensor,meeting01_loso,fsdd,snn-ae,latency,conv1d,2,1.000000,0.900000,3,44,13921951549467209506,val,2,0.026544,0.069843,0.713967,0.000000,0.000000,0.000000,0.665990,419788.000000,253419.609375,20.236824,37286,36864
xtensor,meeting01_loso,fsdd,snn-ae,latency,conv1d,2,1.000000,0.990000,3,44,13921951549467209506,val,2,0.050199,0.103506,0.459052,0.000000,0.000000,0.000000,0.725729,424376.000000,94352.218750,65.260765,37286,36864
xtensor,meeting01_loso,fsdd,snn-ae,latency,conv1d,2,1.500000,0.800000,3,44,13921951549467209506,val,2,0.019062,0.058640,0.794593,0.000000,0.000000,0.000000,0.580234,413202.000000,35973.140625,23.899900,37286,36864
xtensor,meeting01_loso,fsdd,snn-ae,latency,conv1d,2,1.500000,0.900000,3,44,13921951549467209506,val,2,0.026199,0.063818,0.717691,0.000000,0.000000,0.000000,0.633594,417300.000000,43612.527344,21.108212,37286,36864
xtensor,meeting01_loso,fsdd,snn-ae,latency,conv1d,2,1.500000,0.990000,3,44,13921951549467209506,val,2,0.076596,0.124962,0.174606,0.000000,0.000000,0.000000,0.705404,422815.000000,16160.380859,19.812593,37286,36864
xtensor,meeting01_loso,fsdd,snn-ae,latency,recurrent,2,0.500000,0.800000,3,44,13921951549467209506,val,2,0.031744,0.088240,0.702147,0.000000,0.000000,0.000000,0.593711,414237.000000,141367.046875,1910.487793,37286,36864
xtensor,meeting01_loso,fsdd,snn-ae,latency,recurrent,2,0.500000,0.900000,3,44,13921951549467209506,val,2,0.032985,0.075304,0.702269,0.000000,0.000000,0.000000,0.667669,419917.000000,914452.187500,1222.270874,37286,36864
xtensor,meeting01_loso,fsdd,snn-ae,latency,recurrent,2,0.500000,0.990000,3,44,13921951549467209506,val,2,0.078003,0.147875,0.328430,0.000000,0.000000,0.000000,0.702292,422576.000000,134143.125000,1221.361816,37286,36864
xtensor,meeting01_loso,fsdd,snn-ae,latency,recurrent,2,1.000000,0.800000,3,44,13921951549467209506,val,2,0.034684,0.082652,0.556331,0.000000,0.000000,0.000000,0.580950,413257.000000,260512.187500,1022.843689,37286,36864
xtensor,meeting01_loso,fsdd,snn-ae,latency,recurrent,2,1.000000,0.900000,3,44,13921951549467209506,val,2,0.038277,0.087902,0.563660,0.000000,0.000000,0.000000,0.621901,416402.000000,78952.375000,980.400879,37286,36864
xtensor,meeting01_loso,fsdd,snn-ae,latency,recurrent,2,1.000000,0.990000,3,44,13921951549467209506,val,2,0.044215,0.098278,0.549674,0.000000,0.000000,0.000000,0.732474,424894.000000,94337.320312,995.202148,37286,36864
xtensor,meeting01_loso,fsdd,snn-ae,latency,recurrent,2,1.500000,0.800000,3,44,13921951549467209506,val,2,0.024418,0.064099,0.514903,0.000000,0.000000,0.000000,0.575508,412839.000000,61863.566406,953.093079,37286,36864
xtensor,meeting01_loso,fsdd,snn-ae,latency,recurrent,2,1.500000,0.900000,3,44,13921951549467209506,val,2,0.031403,0.084203,0.436039,0.000000,0.000000,0.000000,0.628555,416913.000000,69754.546875,985.117493,37286,36864
xtensor,meeting01_loso,fsdd,snn-ae,latency,recurrent,2,1.500000,0.990000,3,44,13921951549467209506,val,2,0.058531,0.135107,0.108927,0.000000,0.000000,0.000000,0.694089,421946.000000,49926.636719,1084.131714,37286,36864
xtensor,meeting01_loso,fsdd,snn-ae,latency,conv1d,2,1.500000,0.800000,3,44,13921951549467209506,test,2,0.108889,0.189236,0.467648,0.000000,0.000000,0.000000,0.708930,640869.000000,21702.158203,13.996216,37286,36864
xtensor,meeting01_loso,fsdd,lstm-ae,latency,lstm,1,0.000000,0.000000,4,45,13921951549467209506,val,2,0.016946,0.039413,0.833071,0.000000,0.000000,0.000000,0.000000,11842560.000000,1348537.250000,2155.873291,122472,1184256
xtensor,meeting01_loso,fsdd,lstm-ae,latency,lstm,1,0.000000,0.000000,4,45,13921951549467209506,test,2,0.116854,0.164389,0.493823,0.000000,0.000000,0.000000,0.000000,11842560.000000,0.000000,0.000000,122472,1184256
xtensor,meeting01_loso,fsdd,gru-ae,latency,gru,1,0.000000,0.000000,4,45,13921951549467209506,val,2,0.017883,0.041948,0.823848,0.000000,0.000000,0.000000,0.000000,8893440.000000,1585050.750000,3238.477051,93032,889344
xtensor,meeting01_loso,fsdd,gru-ae,latency,gru,1,0.000000,0.000000,4,45,13921951549467209506,test,2,0.107260,0.157996,0.535468,0.000000,0.000000,0.000000,0.000000,8893440.000000,0.000000,0.000000,93032,889344
xtensor,meeting01_loso,fsdd,transformer-ae,latency,transformer,1,0.000000,0.000000,4,45,13921951549467209506,val,2,0.019978,0.042019,0.803208,0.000000,0.000000,0.000000,0.000000,47554560.000000,240734.171875,513.136597,139176,4755456
xtensor,meeting01_loso,fsdd,transformer-ae,latency,transformer,1,0.000000,0.000000,4,45,13921951549467209506,test,2,0.105647,0.163002,0.542454,0.000000,0.000000,0.000000,0.000000,47554560.000000,0.000000,0.000000,139176,4755456
xtensor,meeting01_loso,fsdd,snn-ae,latency,dense,2,0.500000,0.800000,4,45,13921951549467209506,val,2,0.029907,0.084084,0.705391,0.000000,0.000000,0.000000,0.568503,412301.000000,12576.349609,36.736977,37286,36864
xtensor,meeting01_loso,fsdd,snn-ae,latency,dense,2,0.500000,0.900000,4,45,13921951549467209506,val,2,0.048063,0.103563,0.526549,0.000000,0.000000,0.000000,0.710846,423233.000000,17644.720703,12.944184,37286,36864
xtensor,meeting01_loso,fsdd,snn-ae,latency,dense,2,0.500000,0.990000,4,45,13921951549467209506,val,2,0.067091,0.121661,0.339094,0.000000,0.000000,0.000000,0.763997,427315.000000,28128.570312,11.289581,37286,36864
xtensor,meeting01_loso,fsdd,snn-ae,latency,dense,2,1.000000,0.800000,4,45,13921951549467209506,val,2,0.030019,0.064427,0.704294,0.000000,0.000000,0.000000,0.648333,418432.000000,22136.644531,17.033159,37286,36864
xtensor,meeting01_loso,fsdd,snn-ae,latency,dense,2,1.000000,0.900000,4,45,13921951549467209506,val,2,0.034981,0.076812,0.655430,0.000000,0.000000,0.000000,0.656276,419042.000000,25299.126953,12.596025,37286,36864
xtensor,meeting01_loso,fsdd,snn-ae,latency,dense,2,1.000000,0.990000,4,45,13921951549467209506,val,2,0.043284,0.089597,0.573617,0.000000,0.000000,0.000000,0.673867,420393.000000,23781.773438,16.372744,37286,36864
xtensor,meeting01_loso,fsdd,snn-ae,latency,dense,2,1.500000,0.800000,4,45,13921951549467209506,val,2,0.025790,0.066393,0.745954,0.000000,0.000000,0.000000,0.646380,418282.000000,13900.881836,15.008611,37286,36864
xtensor,meeting01_loso,fsdd,snn-ae,latency,dense,2,1.500000,0.900000,4,45,13921951549467209506,val,2,0.031158,0.069797,0.693091,0.000000,0.000000,0.000000,0.669714,420074.000000,31645.460938,13.189523,37286,36864
xtensor,meeting01_loso,fsdd,snn-ae,latency,dense,2,1.500000,0.990000,4,45,13921951549467209506,val,2,0.047529,0.107091,0.531800,0.000000,0.000000,0.000000,0.676523,420597.000000,28222.851562,13.310673,37286,36864
xtensor,meeting01_loso,fsdd,snn-ae,latency,conv1d,2,0.500000,0.800000,4,45,13921951549467209506,val,2,0.032333,0.083082,0.651575,0.000000,0.000000,0.000000,0.635521,417448.000000,14161.542969,15.993156,37286,36864
xtensor,meeting01_loso,fsdd,snn-ae,latency,conv1d,2,0.500000,0.900000,4,45,13921951549467209506,val,2,0.040897,0.079676,0.559312,0.000000,0.000000,0.000000,0.661094,419412.000000,19677.917969,13.868691,37286,36864
xtensor,meeting01_loso,fsdd,snn-ae,latency,conv1d,2,0.500000,0.990000,4,45,13921951549467209506,val,2,0.034784,0.084014,0.625165,0.000000,0.000000,0.000000,0.657292,419120.000000,37752.679688,16.428705,37286,36864
xtensor,meeting01_loso,fsdd,snn-ae,latency,conv1d,2,1.000000,0.800000,4,45,13921951549467209506,val,2,0.020813,0.058147,0.775731,0.000000,0.000000,0.000000,0.633763,417313.000000,23766.851562,16.554049,37286,36864
xtensor,meeting01_loso,fsdd,snn-ae,latency,conv1d,2,1.000000,0.900000,4,45,13921951549467209506,val,2,0.026099,0.070357,0.718773,0.000000,0.000000,0.000000,0.592096,414113.000000,15445.052734,13.033848,37286,36864
xtensor,meeting01_loso,fsdd,snn-ae,latency,conv1d,2,1.000000,0.990000,4,45,13921951549467209506,val,2,0.089705,0.164416,0.033336,0.000000,0.000000,0.000000,0.715299,423575.000000,12476.051758,14.995044,37286,36864
xtensor,meeting01_loso,fsdd,snn-ae,latency,conv1d,2,1.500000,0.800000,4,45,13921951549467209506,val,2,0.018980,0.055763,0.795472,0.000000,0.000000,0.000000,0.645078,418182.000000,27425.386719,16.048954,37286,36864
xtensor,meeting01_loso,fsdd,snn-ae,latency,conv1d,2,1.500000,0.900000,4,45,13921951549467209506,val,2,0.026802,0.091310,0.711179,0.000000,0.000000,0.000000,0.661445,419439.000000,17658.785156,195.231247,37286,36864
xtensor,meeting01_loso,fsdd,snn-ae,latency,conv1d,2,1.500000,0.990000,4,45,13921951549467209506,val,2,0.058920,0.119399,0.365070,0.000000,0.000000,0.000000,0.652044,418717.000000,27540.740234,15.228047,37286,36864
xtensor,meeting01_loso,fsdd,snn-ae,latency,recurrent,2,0.500000,0.800000,4,45,13921951549467209506,val,2,0.031325,0.066896,0.706084,0.000000,0.000000,0.000000,0.655273,418965.000000,68851.406250,997.064758,37286,36864
xtensor,meeting01_loso,fsdd,snn-ae,latency,recurrent,2,0.500000,0.900000,4,45,13921951549467209506,val,2,0.037504,0.081727,0.661475,0.000000,0.000000,0.000000,0.639518,417755.000000,69453.781250,983.271240,37286,36864
xtensor,meeting01_loso,fsdd,snn-ae,latency,recurrent,2,0.500000,0.990000,4,45,13921951549467209506,val,2,0.059059,0.120959,0.491557,0.000000,0.000000,0.000000,0.749531,426204.000000,92856.453125,1105.945312,37286,36864
xtensor,meeting01_loso,fsdd,snn-ae,latency,recurrent,2,1.000000,0.800000,4,45,13921951549467209506,val,2,0.033078,0.084315,0.576864,0.000000,0.000000,0.000000,0.558581,411539.000000,178317.187500,983.425720,37286,36864
xtensor,meeting01_loso,fsdd,snn-ae,latency,recurrent,2,1.000000,0.900000,4,45,13921951549467209506,val,2,0.044125,0.103510,0.497000,0.000000,0.000000,0.000000,0.633568,417298.000000,121357.460938,948.582153,37286,36864
xtensor,meeting01_loso,fsdd,snn-ae,latency,recurrent,2,1.000000,0.990000,4,45,13921951549467209506,val,2,0.051870,0.102706,0.471727,0.000000,0.000000,0.000000,0.718047,423786.000000,117711.507812,971.003479,37286,36864
xtensor,meeting01_loso,fsdd,snn-ae,latency,recurrent,2,1.500000,0.800000,4,45,13921951549467209506,val,2,0.022848,0.063448,0.546095,0.000000,0.000000,0.000000,0.568945,412335.000000,86589.593750,944.543945,37286,36864
xtensor,meeting01_loso,fsdd,snn-ae,latency,recurrent,2,1.500000,0.900000,4,45,13921951549467209506,val,2,0.034346,0.099032,0.383166,0.000000,0.000000,0.000000,0.573789,412707.000000,122365.375000,1025.334839,37286,36864
xtensor,meeting01_loso,fsdd,snn-ae,latency,recurrent,2,1.500000,0.990000,4,45,13921951549467209506,val,2,0.064165,0.148470,0.023133,0.000000,0.000000,0.000000,0.686133,421335.000000,60203.656250,898.442566,37286,36864
xtensor,meeting01_loso,fsdd,snn-ae,latency,conv1d,2,1.500000,0.800000,4,45,13921951549467209506,test,2,0.112831,0.181743,0.448335,0.000000,0.000000,0.000000,0.694729,635416.000000,15823.575195,12.984022,37286,36864
xtensor,meeting01_loso,fsdd,lstm-ae,latency,lstm,1,0.000000,0.000000,5,46,13921951549467209506,val,2,0.016946,0.039413,0.833071,0.000000,0.000000,0.000000,0.000000,11842560.000000,1271455.500000,1865.622803,122472,1184256
xtensor,meeting01_loso,fsdd,lstm-ae,latency,lstm,1,0.000000,0.000000,5,46,13921951549467209506,test,2,0.116854,0.164389,0.493823,0.000000,0.000000,0.000000,0.000000,11842560.000000,0.000000,0.000000,122472,1184256
xtensor,meeting01_loso,fsdd,gru-ae,latency,gru,1,0.000000,0.000000,5,46,13921951549467209506,val,2,0.017883,0.041948,0.823848,0.000000,0.000000,0.000000,0.000000,8893440.000000,1216658.375000,2965.569580,93032,889344
xtensor,meeting01_loso,fsdd,gru-ae,latency,gru,1,0.000000,0.000000,5,46,13921951549467209506,test,2,0.107260,0.157996,0.535468,0.000000,0.000000,0.000000,0.000000,8893440.000000,0.000000,0.000000,93032,889344
xtensor,meeting01_loso,fsdd,transformer-ae,latency,transformer,1,0.000000,0.000000,5,46,13921951549467209506,val,2,0.019978,0.042019,0.803208,0.000000,0.000000,0.000000,0.000000,47554560.000000,209987.218750,421.695374,139176,4755456
xtensor,meeting01_loso,fsdd,transformer-ae,latency,transformer,1,0.000000,0.000000,5,46,13921951549467209506,test,2,0.105647,0.163002,0.542454,0.000000,0.000000,0.000000,0.000000,47554560.000000,0.000000,0.000000,139176,4755456
xtensor,meeting01_loso,fsdd,snn-ae,latency,dense,2,0.500000,0.800000,5,46,13921951549467209506,val,2,0.032087,0.072247,0.683936,0.000000,0.000000,0.000000,0.663099,419566.000000,16246.941406,58.697147,37286,36864
xtensor,meeting01_loso,fsdd,snn-ae,latency,dense,2,0.500000,0.900000,5,46,13921951549467209506,val,2,0.040342,0.082628,0.602615,0.000000,0.000000,0.000000,0.667383,419895.000000,20418.580078,12.751571,37286,36864
xtensor,meeting01_loso,fsdd,snn-ae,latency,dense,2,0.500000,0.990000,5,46,13921951549467209506,val,2,0.050423,0.108411,0.503292,0.000000,0.000000,0.000000,0.749258,426183.000000,17012.091797,11.880438,37286,36864
xtensor,meeting01_loso,fsdd,snn-ae,latency,dense,2,1.000000,0.800000,5,46,13921951549467209506,val,2,0.035157,0.077261,0.653690,0.000000,0.000000,0.000000,0.655495,418982.000000,13016.171875,12.057011,37286,36864
xtensor,meeting01_loso,fsdd,snn-ae,latency,dense,2,1.000000,0.900000,5,46,13921951549467209506,val,2,0.034355,0.072304,0.661588,0.000000,0.000000,0.000000,0.636654,417535.000000,11149.611328,11.548804,37286,36864
xtensor,meeting01_loso,fsdd,snn-ae,latency,dense,2,1.000000,0.990000,5,46,13921951549467209506,val,2,0.044790,0.101854,0.558784,0.000000,0.000000,0.000000,0.715260,423572.000000,16279.879883,60.760929,37286,36864
xtensor,meeting01_loso,fsdd,snn-ae,latency,dense,2,1.500000,0.800000,5,46,13921951549467209506,val,2,0.027141,0.068673,0.732647,0.000000,0.000000,0.000000,0.615078,415878.000000,11778.442383,11.332837,37286,36864
xtensor,meeting01_loso,fsdd,snn-ae,latency,dense,2,1.500000,0.900000,5,46,13921951549467209506,val,2,0.034047,0.085289,0.664614,0.000000,0.000000,0.000000,0.601393,414827.000000,16326.719727,33.088406,37286,36864
xtensor,meeting01_loso,fsdd,snn-ae,latency,dense,2,1.500000,0.990000,5,46,13921951549467209506,val,2,0.075639,0.137746,0.254900,0.000000,0.000000,0.000000,0.725299,424343.000000,9086.195312,13.407158,37286,36864
xtensor,meeting01_loso,fsdd,snn-ae,latency,conv1d,2,0.500000,0.800000,5,46,13921951549467209506,val,2,0.022773,0.062530,0.754607,0.000000,0.000000,0.000000,0.643516,418062.000000,27114.693359,12.469320,37286,36864
xtensor,meeting01_loso,fsdd,snn-ae,latency,conv1d,2,0.500000,0.900000,5,46,13921951549467209506,val,2,0.030706,0.076145,0.669135,0.000000,0.000000,0.000000,0.708893,423083.000000,16555.458984,12.743750,37286,36864
xtensor,meeting01_loso,fsdd,snn-ae,latency,conv1d,2,0.500000,0.990000,5,46,13921951549467209506,val,2,0.036700,0.095713,0.604499,0.000000,0.000000,0.000000,0.729453,424662.000000,18596.578125,12.200130,37286,36864
xtensor,meeting01_loso,fsdd,snn-ae,latency,conv1d,2,1.000000,0.800000,5,46,13921951549467209506,val,2,0.022037,0.065952,0.762527,0.000000,0.000000,0.000000,0.553542,411152.000000,17868.755859,15.413587,37286,36864
xtensor,meeting01_loso,fsdd,snn-ae,latency,conv1d,2,1.000000,0.900000,5,46,13921951549467209506,val,2,0.027002,0.073045,0.709046,0.000000,0.000000,0.000000,0.718073,423788.000000,33419.589844,13.199503,37286,36864
xtensor,meeting01_loso,fsdd,snn-ae,latency,conv1d,2,1.000000,0.990000,5,46,13921951549467209506,val,2,0.042531,0.103787,0.541685,0.000000,0.000000,0.000000,0.762630,427210.000000,16629.318359,14.848594,37286,36864
xtensor,meeting01_loso,fsdd,snn-ae,latency,conv1d,2,1.500000,0.800000,5,46,13921951549467209506,val,2,0.020179,0.064523,0.782549,0.000000,0.000000,0.000000,0.579375,413136.000000,17090.304688,13.965447,37286,36864
xtensor,meeting01_loso,fsdd,snn-ae,latency,conv1d,2,1.500000,0.900000,5,46,13921951549467209506,val,2,0.024219,0.064050,0.739028,0.000000,0.000000,0.000000,0.597135,414500.000000,18155.621094,13.782238,37286,36864
xtensor,meeting01_loso,fsdd,snn-ae,latency,conv1d,2,1.500000,0.990000,5,46,13921951549467209506,val,2,0.036115,0.085108,0.610829,0.000000,0.000000,0.000000,0.738945,425391.000000,16403.632812,14.099693,37286,36864
xtensor,meeting01_loso,fsdd,snn-ae,latency,recurrent,2,0.500000,0.800000,5,46,13921951549467209506,val,2,0.033366,0.075335,0.686937,0.000000,0.000000,0.000000,0.564258,411975.000000,82987.312500,1064.417847,37286,36864
xtensor,meeting01_loso,fsdd,snn-ae,latency,recurrent,2,0.500000,0.900000,5,46,13921951549467209506,val,2,0.033577,0.081460,0.696922,0.000000,0.000000,0.000000,0.650508,418599.000000,65709.625000,867.790161,37286,36864
xtensor,meeting01_loso,fsdd,snn-ae,latency,recurrent,2,0.500000,0.990000,5,46,13921951549467209506,val,2,0.071815,0.174782,0.381760,0.000000,0.000000,0.000000,0.680651,420914.000000,74179.296875,808.658752,37286,36864
xtensor,meeting01_loso,fsdd,snn-ae,latency,recurrent,2,1.000000,0.800000,5,46,13921951549467209506,val,2,0.032830,0.084236,0.580050,0.000000,0.000000,0.000000,0.581953,413334.000000,53938.781250,954.617737,37286,36864
xtensor,meeting01_loso,fsdd,snn-ae,latency,recurrent,2,1.000000,0.900000,5,46,13921951549467209506,val,2,0.039084,0.082752,0.554484,0.000000,0.000000,0.000000,0.612044,415645.000000,133009.656250,819.964905,37286,36864
xtensor,meeting01_loso,fsdd,snn-ae,latency,recurrent,2,1.000000,0.990000,5,46,13921951549467209506,val,2,0.040751,0.090340,0.584961,0.000000,0.000000,0.000000,0.719948,423932.000000,82545.820312,1153.135010,37286,36864
xtensor,meeting01_loso,fsdd,snn-ae,latency,recurrent,2,1.500000,0.800000,5,46,13921951549467209506,val,2,0.019014,0.054810,0.622256,0.000000,0.000000,0.000000,0.561602,411771.000000,92051.078125,870.865906,37286,36864
xtensor,meeting01_loso,fsdd,snn-ae,latency,recurrent,2,1.500000,0.900000,5,46,13921951549467209506,val,2,0.032123,0.087957,0.423097,0.000000,0.000000,0.000000,0.604050,415031.000000,78233.226562,834.896179,37286,36864
xtensor,meeting01_loso,fsdd,snn-ae,latency,recurrent,2,1.500000,0.990000,5,46,13921951549467209506,val,2,0.059231,0.116158,0.098288,0.000000,0.000000,0.000000,0.655911,419014.000000,61545.230469,882.805298,37286,36864
xtensor,meeting01_loso,fsdd,snn-ae,latency,recurrent,2,1.500000,0.800000,5,46,13921951549467209506,test,2,0.107633,0.173355,0.251138,0.000000,0.000000,0.000000,0.621143,607159.000000,82472.148438,941.143921,37286,36864
