backend,profile,dataset,model,encoding,architecture,layers,v_th,alpha,run,seed,config_hash,split,cv_fold,mse,mae,r2,precision,recall,f1,spike_rate,energy,train_ms,infer_ms,param_count,macs
xtensor,meeting01_loso,fsdd,lstm-ae,direct,lstm,1,0.000000,0.000000,1,42,15124247717091598372,val,5,0.081974,0.147722,0.918028,0.000000,0.000000,0.000000,0.000000,11842560.000000,1244665.625000,2181.769531,122472,1184256
xtensor,meeting01_loso,fsdd,lstm-ae,direct,lstm,1,0.000000,0.000000,1,42,15124247717091598372,test,5,1.259381,0.621226,-0.259874,0.000000,0.000000,0.000000,0.000000,11842560.000000,0.000000,0.000000,122472,1184256
xtensor,meeting01_loso,fsdd,gru-ae,direct,gru,1,0.000000,0.000000,1,42,15124247717091598372,val,5,0.083082,0.153126,0.916921,0.000000,0.000000,0.000000,0.000000,8893440.000000,885040.625000,3534.574951,93032,889344
xtensor,meeting01_loso,fsdd,gru-ae,direct,gru,1,0.000000,0.000000,1,42,15124247717091598372,test,5,1.305363,0.632784,-0.305712,0.000000,0.000000,0.000000,0.000000,8893440.000000,0.000000,0.000000,93032,889344
xtensor,meeting01_loso,fsdd,transformer-ae,direct,transformer,1,0.000000,0.000000,1,42,15124247717091598372,val,5,0.080868,0.146352,0.919135,0.000000,0.000000,0.000000,0.000000,47554560.000000,151240.281250,701.654907,139176,4755456
xtensor,meeting01_loso,fsdd,transformer-ae,direct,transformer,1,0.000000,0.000000,1,42,15124247717091598372,test,5,1.103301,0.598872,-0.103690,0.000000,0.000000,0.000000,0.000000,47554560.000000,0.000000,0.000000,139176,4755456
xtensor,meeting01_loso,fsdd,snn-ae,direct,dense,2,0.500000,0.800000,1,42,15124247717091598372,val,5,0.130300,0.193533,0.869705,0.742857,0.520000,0.611765,0.142878,379613.000000,41584.113281,10.819465,37286,36864
xtensor,meeting01_loso,fsdd,snn-ae,direct,dense,2,0.500000,0.900000,1,42,15124247717091598372,val,5,0.082390,0.154809,0.917611,0.700000,0.280000,0.400000,0.081823,374924.000000,25277.541016,10.661762,37286,36864
xtensor,meeting01_loso,fsdd,snn-ae,direct,dense,2,0.500000,0.990000,1,42,15124247717091598372,val,5,0.079483,0.149191,0.920519,0.684211,0.260000,0.376812,0.069245,373958.000000,27736.998047,10.540796,37286,36864
xtensor,meeting01_loso,fsdd,snn-ae,direct,dense,2,1.000000,0.800000,1,42,15124247717091598372,val,5,0.116526,0.182486,0.883478,0.700000,0.420000,0.525000,0.131615,378748.000000,25088.283203,11.372751,37286,36864
xtensor,meeting01_loso,fsdd,snn-ae,direct,dense,2,1.000000,0.900000,1,42,15124247717091598372,val,5,0.093934,0.171606,0.906068,0.708333,0.340000,0.459459,0.127109,378402.000000,22466.136719,11.077529,37286,36864
xtensor,meeting01_loso,fsdd,snn-ae,direct,dense,2,1.000000,0.990000,1,42,15124247717091598372,val,5,0.083959,0.165212,0.916043,0.695652,0.320000,0.438356,0.096823,376076.000000,8094.798828,10.990716,37286,36864
xtensor,meeting01_loso,fsdd,snn-ae,direct,dense,2,1.500000,0.800000,1,42,15124247717091598372,val,5,0.132018,0.198476,0.867988,0.750000,0.480000,0.585366,0.161563,381048.000000,26561.242188,11.264496,37286,36864
xtensor,meeting01_loso,fsdd,snn-ae,direct,dense,2,1.500000,0.900000,1,42,15124247717091598372,val,5,0.140725,0.200340,0.859280,0.741935,0.460000,0.567901,0.143594,379668.000000,30797.537109,13.934546,37286,36864
xtensor,meeting01_loso,fsdd,snn-ae,direct,dense,2,1.500000,0.990000,1,42,15124247717091598372,val,5,0.082708,0.157830,0.917294,0.650000,0.260000,0.371429,0.075534,374441.000000,28580.527344,12.311563,37286,36864
xtensor,meeting01_loso,fsdd,snn-ae,direct,conv1d,2,0.500000,0.800000,1,42,15124247717091598372,val,5,0.073554,0.146842,0.900973,0.727273,0.320000,0.444444,0.141680,379521.000000,23059.949219,63.100479,37286,36864
xtensor,meeting01_loso,fsdd,snn-ae,direct,conv1d,2,0.500000,0.900000,1,42,15124247717091598372,val,5,0.066370,0.140511,0.910645,0.684211,0.260000,0.376812,0.111549,377207.000000,28506.808594,12.986723,37286,36864
xtensor,meeting01_loso,fsdd,snn-ae,direct,conv1d,2,0.500000,0.990000,1,42,15124247717091598372,val,5,0.080510,0.183952,0.891605,0.687500,0.220000,0.333333,0.170156,381708.000000,8659.692383,12.387691,37286,36864
xtensor,meeting01_loso,fsdd,snn-ae,direct,conv1d,2,1.000000,0.800000,1,42,15124247717091598372,val,5,0.119536,0.190160,0.839069,0.710526,0.540000,0.613636,0.185378,382877.000000,29999.632812,11.898589,37286,36864
xtensor,meeting01_loso,fsdd,snn-ae,direct,conv1d,2,1.000000,0.900000,1,42,15124247717091598372,val,5,0.102591,0.171965,0.861881,0.740741,0.400000,0.519481,0.164323,381260.000000,33851.609375,87.680099,37286,36864
xtensor,meeting01_loso,fsdd,snn-ae,direct,conv1d,2,1.000000,0.990000,1,42,15124247717091598372,val,5,0.064612,0.137758,0.913012,0.705882,0.240000,0.358209,0.097331,376115.000000,31057.933594,150.126022,37286,36864
xtensor,meeting01_loso,fsdd,snn-ae,direct,conv1d,2,1.500000,0.800000,1,42,15124247717091598372,val,5,0.099702,0.177266,0.865770,0.771429,0.540000,0.635294,0.183893,382763.000000,43763.761719,47.466129,37286,36864
xtensor,meeting01_loso,fsdd,snn-ae,direct,conv1d,2,1.500000,0.900000,1,42,15124247717091598372,val,5,0.097682,0.171113,0.868489,0.733333,0.440000,0.550000,0.154349,380494.000000,42816.351562,11.273157,37286,36864
xtensor,meeting01_loso,fsdd,snn-ae,direct,conv1d,2,1.500000,0.990000,1,42,15124247717091598372,val,5,0.062450,0.132052,0.915923,0.687500,0.220000,0.333333,0.091576,375673.000000,36861.375000,11.586047,37286,36864
xtensor,meeting01_loso,fsdd,snn-ae,direct,recurrent,2,0.500000,0.800000,1,42,15124247717091598372,val,5,0.033610,0.069168,0.680642,0.400000,0.080000,0.133333,0.594440,414293.000000,204293.921875,1403.691650,37286,36864
xtensor,meeting01_loso,fsdd,snn-ae,direct,recurrent,2,0.500000,0.900000,1,42,15124247717091598372,val,5,0.021581,0.040712,0.807797,0.600000,0.060000,0.109091,0.560260,411668.000000,180931.984375,3004.553711,37286,36864
xtensor,meeting01_loso,fsdd,snn-ae,direct,recurrent,2,0.500000,0.990000,1,42,15124247717091598372,val,5,0.012112,0.038320,0.930565,0.400000,0.040000,0.072727,0.607018,415259.000000,129423.007812,1340.398560,37286,36864
xtensor,meeting01_loso,fsdd,snn-ae,direct,recurrent,2,1.000000,0.800000,1,42,15124247717091598372,val,5,0.012054,0.026317,0.850121,0.000000,0.000000,0.000000,0.523138,408817.000000,144172.187500,2211.658203,37286,36864
xtensor,meeting01_loso,fsdd,snn-ae,direct,recurrent,2,1.000000,0.900000,1,42,15124247717091598372,val,5,0.006342,0.019085,0.931844,0.000000,0.000000,0.000000,0.637409,417593.000000,181140.687500,1744.327515,37286,36864
xtensor,meeting01_loso,fsdd,snn-ae,direct,recurrent,2,1.000000,0.990000,1,42,15124247717091598372,val,5,0.017073,0.037608,0.862165,0.888889,0.160000,0.271186,0.542201,410281.000000,198233.234375,1638.572754,37286,36864
xtensor,meeting01_loso,fsdd,snn-ae,direct,recurrent,2,1.500000,0.800000,1,42,15124247717091598372,val,5,0.014611,0.037297,0.779089,0.250000,0.020000,0.037037,0.467669,404557.000000,182491.656250,1501.127686,37286,36864
xtensor,meeting01_loso,fsdd,snn-ae,direct,recurrent,2,1.500000,0.900000,1,42,15124247717091598372,val,5,0.008609,0.026049,0.886042,0.000000,0.000000,0.000000,0.394323,398924.000000,252317.703125,1791.943970,37286,36864
xtensor,meeting01_loso,fsdd,snn-ae,direct,recurrent,2,1.500000,0.990000,1,42,15124247717091598372,val,5,0.013445,0.038409,0.858984,0.800000,0.080000,0.145455,0.513737,408095.000000,228036.406250,1698.040649,37286,36864
xtensor,meeting01_loso,fsdd,snn-ae,direct,recurrent,2,1.000000,0.900000,1,42,15124247717091598372,test,5,0.608219,0.495974,-4.449589,0.000000,0.000000,0.000000,0.501021,561032.000000,271316.843750,1777.469116,37286,36864
xtensor,meeting01_loso,fsdd,lstm-ae,direct,lstm,1,0.000000,0.000000,2,43,15124247717091598372,val,5,0.081974,0.147722,0.918028,0.000000,0.000000,0.000000,0.000000,11842560.000000,2040384.250000,2578.277344,122472,1184256
xtensor,meeting01_loso,fsdd,lstm-ae,direct,lstm,1,0.000000,0.000000,2,43,15124247717091598372,test,5,1.259381,0.621226,-0.259874,0.000000,0.000000,0.000000,0.000000,11842560.000000,0.000000,0.000000,122472,1184256
xtensor,meeting01_loso,fsdd,gru-ae,direct,gru,1,0.000000,0.000000,2,43,15124247717091598372,val,5,0.083082,0.153126,0.916921,0.000000,0.000000,0.000000,0.000000,8893440.000000,1411034.625000,3890.570312,93032,889344
xtensor,meeting01_loso,fsdd,gru-ae,direct,gru,1,0.000000,0.000000,2,43,15124247717091598372,test,5,1.305363,0.632784,-0.305712,0.000000,0.000000,0.000000,0.000000,8893440.000000,0.000000,0.000000,93032,889344
xtensor,meeting01_loso,fsdd,transformer-ae,direct,transformer,1,0.000000,0.000000,2,43,15124247717091598372,val,5,0.080868,0.146352,0.919135,0.000000,0.000000,0.000000,0.000000,47554560.000000,170565.218750,1708.209961,139176,4755456
xtensor,meeting01_loso,fsdd,transformer-ae,direct,transformer,1,0.000000,0.000000,2,43,15124247717091598372,test,5,1.103301,0.598872,-0.103690,0.000000,0.000000,0.000000,0.000000,47554560.000000,0.000000,0.000000,139176,4755456
xtensor,meeting01_loso,fsdd,snn-ae,direct,dense,2,0.500000,0.800000,2,43,15124247717091598372,val,5,0.100714,0.173127,0.899290,0.730769,0.380000,0.500000,0.124518,378203.000000,48698.941406,116.587708,37286,36864
xtensor,meeting01_loso,fsdd,snn-ae,direct,dense,2,0.500000,0.900000,2,43,15124247717091598372,val,5,0.080504,0.151960,0.919498,0.684211,0.260000,0.376812,0.081341,374887.000000,56263.070312,16.712944,37286,36864
xtensor,meeting01_loso,fsdd,snn-ae,direct,dense,2,0.500000,0.990000,2,43,15124247717091598372,val,5,0.079021,0.149769,0.920981,0.666667,0.240000,0.352941,0.073997,374323.000000,53327.085938,18.260702,37286,36864
xtensor,meeting01_loso,fsdd,snn-ae,direct,dense,2,1.000000,0.800000,2,43,15124247717091598372,val,5,0.130455,0.199018,0.869549,0.676471,0.460000,0.547619,0.155729,380600.000000,72385.828125,62.928905,37286,36864
xtensor,meeting01_loso,fsdd,snn-ae,direct,dense,2,1.000000,0.900000,2,43,15124247717091598372,val,5,0.085228,0.172277,0.914774,0.666667,0.240000,0.352941,0.112370,377270.000000,31805.851562,15.477025,37286,36864
xtensor,meeting01_loso,fsdd,snn-ae,direct,dense,2,1.000000,0.990000,2,43,15124247717091598372,val,5,0.083004,0.153802,0.917000,0.695652,0.320000,0.438356,0.087539,375363.000000,47740.027344,14.679643,37286,36864
xtensor,meeting01_loso,fsdd,snn-ae,direct,dense,2,1.500000,0.800000,2,43,15124247717091598372,val,5,0.136144,0.202611,0.863862,0.705882,0.480000,0.571429,0.163919,381229.000000,66510.929688,13.680909,37286,36864
xtensor,meeting01_loso,fsdd,snn-ae,direct,dense,2,1.500000,0.900000,2,43,15124247717091598372,val,5,0.107932,0.181785,0.892071,0.774194,0.480000,0.592593,0.135547,379050.000000,42428.542969,12.270598,37286,36864
xtensor,meeting01_loso,fsdd,snn-ae,direct,dense,2,1.500000,0.990000,2,43,15124247717091598372,val,5,0.082786,0.170804,0.917215,0.684211,0.260000,0.376812,0.093372,375811.000000,22406.003906,17.687227,37286,36864
xtensor,meeting01_loso,fsdd,snn-ae,direct,conv1d,2,0.500000,0.800000,2,43,15124247717091598372,val,5,0.079647,0.163828,0.892769,0.708333,0.340000,0.459459,0.144596,379745.000000,35433.812500,16.762875,37286,36864
xtensor,meeting01_loso,fsdd,snn-ae,direct,conv1d,2,0.500000,0.900000,2,43,15124247717091598372,val,5,0.064551,0.137052,0.913094,0.666667,0.240000,0.352941,0.104740,376684.000000,43530.296875,11.377110,37286,36864
xtensor,meeting01_loso,fsdd,snn-ae,direct,conv1d,2,0.500000,0.990000,2,43,15124247717091598372,val,5,0.064121,0.141276,0.913672,0.647059,0.220000,0.328358,0.110404,377119.000000,27799.617188,12.035856,37286,36864
xtensor,meeting01_loso,fsdd,snn-ae,direct,conv1d,2,1.000000,0.800000,2,43,15124247717091598372,val,5,0.110211,0.183662,0.851624,0.787879,0.520000,0.626506,0.184167,382784.000000,44470.359375,80.603966,37286,36864
xtensor,meeting01_loso,fsdd,snn-ae,direct,conv1d,2,1.000000,0.900000,2,43,15124247717091598372,val,5,0.067995,0.153592,0.908455,0.705882,0.240000,0.358209,0.125339,378266.000000,15560.353516,15.204515,37286,36864
xtensor,meeting01_loso,fsdd,snn-ae,direct,conv1d,2,1.000000,0.990000,2,43,15124247717091598372,val,5,0.062943,0.133074,0.915259,0.687500,0.220000,0.333333,0.090729,375608.000000,40518.484375,11.246548,37286,36864
xtensor,meeting01_loso,fsdd,snn-ae,direct,conv1d,2,1.500000,0.800000,2,43,15124247717091598372,val,5,0.110443,0.184293,0.851312,0.794872,0.620000,0.696629,0.192174,383399.000000,56865.003906,11.736200,37286,36864
xtensor,meeting01_loso,fsdd,snn-ae,direct,conv1d,2,1.500000,0.900000,2,43,15124247717091598372,val,5,0.099536,0.184127,0.865992,0.740741,0.400000,0.519481,0.176289,382179.000000,47523.769531,238.278610,37286,36864
xtensor,meeting01_loso,fsdd,snn-ae,direct,conv1d,2,1.500000,0.990000,2,43,15124247717091598372,val,5,0.063072,0.136321,0.915085,0.687500,0.220000,0.333333,0.096888,376081.000000,46895.488281,20.532372,37286,36864
xtensor,meeting01_loso,fsdd,snn-ae,direct,recurrent,2,0.500000,0.800000,2,43,15124247717091598372,val,5,0.046595,0.074623,0.557238,0.444444,0.080000,0.135593,0.495443,406690.000000,176390.140625,1714.837280,37286,36864
xtensor,meeting01_loso,fsdd,snn-ae,direct,recurrent,2,0.500000,0.900000,2,43,15124247717091598372,val,5,0.028179,0.052267,0.749044,0.500000,0.060000,0.107143,0.500104,407048.000000,230009.953125,1478.532349,37286,36864
xtensor,meeting01_loso,fsdd,snn-ae,direct,recurrent,2,0.500000,0.990000,2,43,15124247717091598372,val,5,0.010545,0.034004,0.939550,0.000000,0.000000,0.000000,0.603880,415018.000000,163830.593750,1465.774414,37286,36864
xtensor,meeting01_loso,fsdd,snn-ae,direct,recurrent,2,1.000000,0.800000,2,43,15124247717091598372,val,5,0.023666,0.055050,0.705724,0.333333,0.040000,0.071429,0.559661,411622.000000,203938.281250,1414.395752,37286,36864
xtensor,meeting01_loso,fsdd,snn-ae,direct,recurrent,2,1.000000,0.900000,2,43,15124247717091598372,val,5,0.007830,0.019980,0.915857,0.500000,0.020000,0.038462,0.463945,404271.000000,261874.281250,2307.105225,37286,36864
xtensor,meeting01_loso,fsdd,snn-ae,direct,recurrent,2,1.000000,0.990000,2,43,15124247717091598372,val,5,0.009932,0.035492,0.919818,0.000000,0.000000,0.000000,0.560234,411666.000000,172975.187500,2078.113770,37286,36864
xtensor,meeting01_loso,fsdd,snn-ae,direct,recurrent,2,1.500000,0.800000,2,43,15124247717091598372,val,5,0.018801,0.043793,0.715739,0.333333,0.020000,0.037736,0.549635,410852.000000,216454.625000,1521.876099,37286,36864
xtensor,meeting01_loso,fsdd,snn-ae,direct,recurrent,2,1.500000,0.900000,2,43,15124247717091598372,val,5,0.009312,0.025705,0.876742,0.666667,0.040000,0.075472,0.395703,399030.000000,349188.093750,1930.412109,37286,36864
xtensor,meeting01_loso,fsdd,snn-ae,direct,recurrent,2,1.500000,0.990000,2,43,15124247717091598372,val,5,0.011231,0.045071,0.882210,0.000000,0.000000,0.000000,0.565143,412043.000000,274280.812500,2263.045898,37286,36864
xtensor,meeting01_loso,fsdd,snn-ae,direct,recurrent,2,1.000000,0.900000,2,43,15124247717091598372,test,5,0.414075,0.411494,-2.709821,0.000000,0.000000,0.000000,0.598401,598426.000000,275791.125000,1265.560669,37286,36864
xtensor,meeting01_loso,fsdd,lstm-ae,direct,lstm,1,0.000000,0.000000,3,44,15124247717091598372,val,5,0.081974,0.147722,0.918028,0.000000,0.000000,0.000000,0.000000,11842560.000000,2076494.750000,2357.219727,122472,1184256
xtensor,meeting01_loso,fsdd,lstm-ae,direct,lstm,1,0.000000,0.000000,3,44,15124247717091598372,test,5,1.259381,0.621226,-0.259874,0.000000,0.000000,0.000000,0.000000,11842560.000000,0.000000,0.000000,122472,1184256
xtensor,meeting01_loso,fsdd,gru-ae,direct,gru,1,0.000000,0.000000,3,44,15124247717091598372,val,5,0.083082,0.153126,0.916921,0.000000,0.000000,0.000000,0.000000,8893440.000000,1228037.625000,4966.514160,93032,889344
xtensor,meeting01_loso,fsdd,gru-ae,direct,gru,1,0.000000,0.000000,3,44,15124247717091598372,test,5,1.305363,0.632784,-0.305712,0.000000,0.000000,0.000000,0.000000,8893440.000000,0.000000,0.000000,93032,889344
xtensor,meeting01_loso,fsdd,transformer-ae,direct,transformer,1,0.000000,0.000000,3,44,15124247717091598372,val,5,0.080868,0.146352,0.919135,0.000000,0.000000,0.000000,0.000000,47554560.000000,186427.046875,1497.671143,139176,4755456
xtensor,meeting01_loso,fsdd,transformer-ae,direct,transformer,1,0.000000,0.000000,3,44,15124247717091598372,test,5,1.103301,0.598872,-0.103690,0.000000,0.000000,0.000000,0.000000,47554560.000000,0.000000,0.000000,139176,4755456
xtensor,meeting01_loso,fsdd,snn-ae,direct,dense,2,0.500000,0.800000,3,44,15124247717091598372,val,5,0.090743,0.177805,0.909259,0.681818,0.300000,0.416667,0.119740,377836.000000,48710.347656,15.119463,37286,36864
xtensor,meeting01_loso,fsdd,snn-ae,direct,dense,2,0.500000,0.900000,3,44,15124247717091598372,val,5,0.080936,0.150794,0.919066,0.684211,0.260000,0.376812,0.084414,375123.000000,42831.882812,11.668027,37286,36864
xtensor,meeting01_loso,fsdd,snn-ae,direct,dense,2,0.500000,0.990000,3,44,15124247717091598372,val,5,0.081946,0.155573,0.918056,0.631579,0.240000,0.347826,0.071497,374131.000000,44205.343750,10.827693,37286,36864
xtensor,meeting01_loso,fsdd,snn-ae,direct,dense,2,1.000000,0.800000,3,44,15124247717091598372,val,5,0.124792,0.196103,0.875212,0.735294,0.500000,0.595238,0.155143,380555.000000,26700.945312,11.782429,37286,36864
xtensor,meeting01_loso,fsdd,snn-ae,direct,dense,2,1.000000,0.900000,3,44,15124247717091598372,val,5,0.093115,0.164514,0.906887,0.695652,0.320000,0.438356,0.110091,377095.000000,28008.886719,11.204909,37286,36864
xtensor,meeting01_loso,fsdd,snn-ae,direct,dense,2,1.000000,0.990000,3,44,15124247717091598372,val,5,0.079366,0.149676,0.920636,0.666667,0.240000,0.352941,0.073737,374303.000000,27355.482422,11.339773,37286,36864
xtensor,meeting01_loso,fsdd,snn-ae,direct,dense,2,1.500000,0.800000,3,44,15124247717091598372,val,5,0.119126,0.197283,0.880878,0.735294,0.500000,0.595238,0.165859,381378.000000,30233.544922,12.999281,37286,36864
xtensor,meeting01_loso,fsdd,snn-ae,direct,dense,2,1.500000,0.900000,3,44,15124247717091598372,val,5,0.096956,0.171420,0.903047,0.695652,0.320000,0.438356,0.124010,378164.000000,25508.570312,12.702105,37286,36864
xtensor,meeting01_loso,fsdd,snn-ae,direct,dense,2,1.500000,0.990000,3,44,15124247717091598372,val,5,0.085743,0.171506,0.914259,0.650000,0.260000,0.371429,0.104661,376678.000000,12365.734375,11.041130,37286,36864
xtensor,meeting01_loso,fsdd,snn-ae,direct,conv1d,2,0.500000,0.800000,3,44,15124247717091598372,val,5,0.077508,0.149958,0.895651,0.695652,0.320000,0.438356,0.136237,379103.000000,25229.457031,11.958082,37286,36864
xtensor,meeting01_loso,fsdd,snn-ae,direct,conv1d,2,0.500000,0.900000,3,44,15124247717091598372,val,5,0.064283,0.131963,0.913457,0.666667,0.240000,0.352941,0.101510,376436.000000,44715.226562,13.253086,37286,36864
xtensor,meeting01_loso,fsdd,snn-ae,direct,conv1d,2,0.500000,0.990000,3,44,15124247717091598372,val,5,0.068420,0.150986,0.907883,0.647059,0.220000,0.328358,0.111836,377229.000000,32978.832031,73.984474,37286,36864
xtensor,meeting01_loso,fsdd,snn-ae,direct,conv1d,2,1.000000,0.800000,3,44,15124247717091598372,val,5,0.111461,0.179982,0.849943,0.750000,0.480000,0.585366,0.171471,381809.000000,28483.068359,12.333550,37286,36864
xtensor,meeting01_loso,fsdd,snn-ae,direct,conv1d,2,1.000000,0.900000,3,44,15124247717091598372,val,5,0.082553,0.160395,0.888859,0.769231,0.400000,0.526316,0.147865,379996.000000,27398.148438,14.177790,37286,36864
xtensor,meeting01_loso,fsdd,snn-ae,direct,conv1d,2,1.000000,0.990000,3,44,15124247717091598372,val,5,0.061880,0.132680,0.916691,0.687500,0.220000,0.333333,0.091732,375685.000000,27688.457031,15.003319,37286,36864
xtensor,meeting01_loso,fsdd,snn-ae,direct,conv1d,2,1.500000,0.800000,3,44,15124247717091598372,val,5,0.102113,0.174844,0.862524,0.766667,0.460000,0.575000,0.171133,381783.000000,29042.923828,15.513722,37286,36864
xtensor,meeting01_loso,fsdd,snn-ae,direct,conv1d,2,1.500000,0.900000,3,44,15124247717091598372,val,5,0.116387,0.187791,0.843309,0.735294,0.500000,0.595238,0.174388,382033.000000,31200.755859,12.697775,37286,36864
xtensor,meeting01_loso,fsdd,snn-ae,direct,conv1d,2,1.500000,0.990000,3,44,15124247717091598372,val,5,0.061704,0.134106,0.916926,0.705882,0.240000,0.358209,0.094792,375920.000000,25211.943359,13.258954,37286,36864
xtensor,meeting01_loso,fsdd,snn-ae,direct,recurrent,2,0.500000,0.800000,3,44,15124247717091598372,val,5,0.030714,0.054627,0.708165,0.400000,0.040000,0.072727,0.532904,409567.000000,214833.718750,1412.202759,37286,36864
xtensor,meeting01_loso,fsdd,snn-ae,direct,recurrent,2,0.500000,0.900000,3,44,15124247717091598372,val,5,0.022457,0.049483,0.800002,0.333333,0.040000,0.071429,0.532096,409505.000000,143616.093750,1059.204346,37286,36864
xtensor,meeting01_loso,fsdd,snn-ae,direct,recurrent,2,0.500000,0.990000,3,44,15124247717091598372,val,5,0.022562,0.065809,0.870666,0.700000,0.140000,0.233333,0.612031,415644.000000,96332.007812,1303.651611,37286,36864
xtensor,meeting01_loso,fsdd,snn-ae,direct,recurrent,2,1.000000,0.800000,3,44,15124247717091598372,val,5,0.025017,0.053739,0.688933,0.428571,0.060000,0.105263,0.429427,401620.000000,155510.468750,1091.047363,37286,36864
xtensor,meeting01_loso,fsdd,snn-ae,direct,recurrent,2,1.000000,0.900000,3,44,15124247717091598372,val,5,0.036448,0.058585,0.608298,0.500000,0.060000,0.107143,0.500430,407073.000000,120912.656250,1264.978638,37286,36864
xtensor,meeting01_loso,fsdd,snn-ae,direct,recurrent,2,1.000000,0.990000,3,44,15124247717091598372,val,5,0.014331,0.049846,0.884305,1.000000,0.020000,0.039216,0.579648,413157.000000,167194.421875,1118.373169,37286,36864
xtensor,meeting01_loso,fsdd,snn-ae,direct,recurrent,2,1.500000,0.800000,3,44,15124247717091598372,val,5,0.018584,0.042088,0.719005,0.666667,0.080000,0.142857,0.465313,404376.000000,181940.125000,1267.001221,37286,36864
xtensor,meeting01_loso,fsdd,snn-ae,direct,recurrent,2,1.500000,0.900000,3,44,15124247717091598372,val,5,0.019465,0.038723,0.742351,0.714286,0.100000,0.175439,0.419076,400825.000000,129354.585938,1194.778076,37286,36864
xtensor,meeting01_loso,fsdd,snn-ae,direct,recurrent,2,1.500000,0.990000,3,44,15124247717091598372,val,5,0.005045,0.023232,0.947085,0.000000,0.000000,0.000000,0.542344,410292.000000,119771.929688,1352.669434,37286,36864
xtensor,meeting01_loso,fsdd,snn-ae,direct,recurrent,2,1.500000,0.990000,3,44,15124247717091598372,test,5,0.049316,0.088296,0.182391,0.000000,0.000000,0.000000,0.577211,590289.000000,171739.218750,1334.360718,37286,36864
xtensor,meeting01_loso,fsdd,lstm-ae,direct,lstm,1,0.000000,0.000000,4,45,15124247717091598372,val,5,0.081974,0.147722,0.918028,0.000000,0.000000,0.000000,0.000000,11842560.000000,1993650.375000,3665.315186,122472,1184256
xtensor,meeting01_loso,fsdd,lstm-ae,direct,lstm,1,0.000000,0.000000,4,45,15124247717091598372,test,5,1.259381,0.621226,-0.259874,0.000000,0.000000,0.000000,0.000000,11842560.000000,0.000000,0.000000,122472,1184256
xtensor,meeting01_loso,fsdd,gru-ae,direct,gru,1,0.000000,0.000000,4,45,15124247717091598372,val,5,0.083082,0.153126,0.916921,0.000000,0.000000,0.000000,0.000000,8893440.000000,1455522.125000,5769.842773,93032,889344
xtensor,meeting01_loso,fsdd,gru-ae,direct,gru,1,0.000000,0.000000,4,45,15124247717091598372,test,5,1.305363,0.632784,-0.305712,0.000000,0.000000,0.000000,0.000000,8893440.000000,0.000000,0.000000,93032,889344
xtensor,meeting01_loso,fsdd,transformer-ae,direct,transformer,1,0.000000,0.000000,4,45,15124247717091598372,val,5,0.080868,0.146352,0.919135,0.000000,0.000000,0.000000,0.000000,47554560.000000,292105.062500,890.817017,139176,4755456
xtensor,meeting01_loso,fsdd,transformer-ae,direct,transformer,1,0.000000,0.000000,4,45,15124247717091598372,test,5,1.103301,0.598872,-0.103690,0.000000,0.000000,0.000000,0.000000,47554560.000000,0.000000,0.000000,139176,4755456
xtensor,meeting01_loso,fsdd,snn-ae,direct,dense,2,0.500000,0.800000,4,45,15124247717091598372,val,5,0.096143,0.171142,0.903861,0.730769,0.380000,0.500000,0.127279,378415.000000,43888.609375,16.909985,37286,36864
xtensor,meeting01_loso,fsdd,snn-ae,direct,dense,2,0.500000,0.900000,4,45,15124247717091598372,val,5,0.085123,0.155839,0.914881,0.692308,0.360000,0.473684,0.091836,375693.000000,44450.714844,63.737541,37286,36864
xtensor,meeting01_loso,fsdd,snn-ae,direct,dense,2,0.500000,0.990000,4,45,15124247717091598372,val,5,0.081591,0.160073,0.918411,0.722222,0.260000,0.382353,0.073958,374320.000000,27270.628906,15.500163,37286,36864
xtensor,meeting01_loso,fsdd,snn-ae,direct,dense,2,1.000000,0.800000,4,45,15124247717091598372,val,5,0.120424,0.190001,0.879581,0.757576,0.500000,0.602410,0.148411,380038.000000,34322.890625,12.646994,37286,36864
xtensor,meeting01_loso,fsdd,snn-ae,direct,dense,2,1.000000,0.900000,4,45,15124247717091598372,val,5,0.093293,0.163618,0.906710,0.708333,0.340000,0.459459,0.103880,376618.000000,39376.464844,11.090714,37286,36864
xtensor,meeting01_loso,fsdd,snn-ae,direct,dense,2,1.000000,0.990000,4,45,15124247717091598372,val,5,0.080336,0.151340,0.919667,0.650000,0.260000,0.371429,0.080130,374794.000000,42002.480469,17.048697,37286,36864
xtensor,meeting01_loso,fsdd,snn-ae,direct,dense,2,1.500000,0.800000,4,45,15124247717091598372,val,5,0.115093,0.190765,0.884911,0.735294,0.500000,0.595238,0.152148,380325.000000,34389.324219,10.567112,37286,36864
xtensor,meeting01_loso,fsdd,snn-ae,direct,dense,2,1.500000,0.900000,4,45,15124247717091598372,val,5,0.109531,0.184985,0.890474,0.714286,0.500000,0.588235,0.144063,379704.000000,30384.056641,95.878975,37286,36864
xtensor,meeting01_loso,fsdd,snn-ae,direct,dense,2,1.500000,0.990000,4,45,15124247717091598372,val,5,0.090608,0.186195,0.909393,0.681818,0.300000,0.416667,0.121354,377960.000000,20208.164062,11.256241,37286,36864
xtensor,meeting01_loso,fsdd,snn-ae,direct,conv1d,2,0.500000,0.800000,4,45,15124247717091598372,val,5,0.077772,0.151728,0.895296,0.700000,0.280000,0.400000,0.142552,379588.000000,34041.984375,11.831666,37286,36864
xtensor,meeting01_loso,fsdd,snn-ae,direct,conv1d,2,0.500000,0.900000,4,45,15124247717091598372,val,5,0.062905,0.137146,0.915309,0.722222,0.260000,0.382353,0.113112,377327.000000,22763.736328,21.530300,37286,36864
xtensor,meeting01_loso,fsdd,snn-ae,direct,conv1d,2,0.500000,0.990000,4,45,15124247717091598372,val,5,0.062103,0.130448,0.916390,0.687500,0.220000,0.333333,0.087930,375393.000000,37594.734375,11.683394,37286,36864
xtensor,meeting01_loso,fsdd,snn-ae,direct,conv1d,2,1.000000,0.800000,4,45,15124247717091598372,val,5,0.123207,0.197010,0.834128,0.731707,0.600000,0.659341,0.195690,383669.000000,38787.710938,14.119891,37286,36864
xtensor,meeting01_loso,fsdd,snn-ae,direct,conv1d,2,1.000000,0.900000,4,45,15124247717091598372,val,5,0.082851,0.163768,0.888456,0.750000,0.420000,0.538462,0.156120,380630.000000,33831.468750,23.397659,37286,36864
xtensor,meeting01_loso,fsdd,snn-ae,direct,conv1d,2,1.000000,0.990000,4,45,15124247717091598372,val,5,0.062053,0.132254,0.916458,0.687500,0.220000,0.333333,0.098424,376199.000000,39440.710938,11.680951,37286,36864
xtensor,meeting01_loso,fsdd,snn-ae,direct,conv1d,2,1.500000,0.800000,4,45,15124247717091598372,val,5,0.087574,0.162488,0.882100,0.758621,0.440000,0.556962,0.173711,381981.000000,41229.562500,241.820129,37286,36864
xtensor,meeting01_loso,fsdd,snn-ae,direct,conv1d,2,1.500000,0.900000,4,45,15124247717091598372,val,5,0.093350,0.169207,0.874323,0.794118,0.540000,0.642857,0.167096,381473.000000,34438.082031,65.474342,37286,36864
xtensor,meeting01_loso,fsdd,snn-ae,direct,conv1d,2,1.500000,0.990000,4,45,15124247717091598372,val,5,0.075518,0.176255,0.898325,0.722222,0.260000,0.382353,0.163451,381193.000000,12784.492188,13.148047,37286,36864
xtensor,meeting01_loso,fsdd,snn-ae,direct,recurrent,2,0.500000,0.800000,4,45,15124247717091598372,val,5,0.041858,0.068018,0.602277,0.428571,0.060000,0.105263,0.534844,409716.000000,183649.875000,1031.332397,37286,36864
xtensor,meeting01_loso,fsdd,snn-ae,direct,recurrent,2,0.500000,0.900000,4,45,15124247717091598372,val,5,0.029847,0.051218,0.734183,0.400000,0.040000,0.072727,0.536250,409824.000000,207058.234375,1642.871704,37286,36864
xtensor,meeting01_loso,fsdd,snn-ae,direct,recurrent,2,0.500000,0.990000,4,45,15124247717091598372,val,5,0.014156,0.064376,0.918847,1.000000,0.020000,0.039216,0.608672,415386.000000,111905.843750,1132.606812,37286,36864
xtensor,meeting01_loso,fsdd,snn-ae,direct,recurrent,2,1.000000,0.800000,4,45,15124247717091598372,val,5,0.017057,0.040284,0.787899,0.666667,0.040000,0.075472,0.522969,408804.000000,180980.531250,1397.135742,37286,36864
xtensor,meeting01_loso,fsdd,snn-ae,direct,recurrent,2,1.000000,0.900000,4,45,15124247717091598372,val,5,0.008841,0.020160,0.904984,0.000000,0.000000,0.000000,0.458138,403825.000000,218017.625000,1179.907959,37286,36864
xtensor,meeting01_loso,fsdd,snn-ae,direct,recurrent,2,1.000000,0.990000,4,45,15124247717091598372,val,5,0.026043,0.072615,0.789760,0.900000,0.180000,0.300000,0.581432,413294.000000,162837.250000,1361.546143,37286,36864
xtensor,meeting01_loso,fsdd,snn-ae,direct,recurrent,2,1.500000,0.800000,4,45,15124247717091598372,val,5,0.010451,0.030010,0.841982,0.000000,0.000000,0.000000,0.506328,407526.000000,244231.984375,1047.762329,37286,36864
xtensor,meeting01_loso,fsdd,snn-ae,direct,recurrent,2,1.500000,0.900000,4,45,15124247717091598372,val,5,0.012731,0.033566,0.831494,0.500000,0.020000,0.038462,0.368086,396909.000000,137417.765625,968.471680,37286,36864
xtensor,meeting01_loso,fsdd,snn-ae,direct,recurrent,2,1.500000,0.990000,4,45,15124247717091598372,val,5,0.018374,0.048045,0.807293,0.800000,0.080000,0.145455,0.560820,411711.000000,146020.640625,1091.815674,37286,36864
xtensor,meeting01_loso,fsdd,snn-ae,direct,recurrent,2,1.000000,0.900000,4,45,15124247717091598372,test,5,0.399593,0.407035,-2.580377,0.000000,0.000000,0.000000,0.512216,565331.000000,124566.257812,1020.261597,37286,36864
xtensor,meeting01_loso,fsdd,lstm-ae,direct,lstm,1,0.000000,0.000000,5,46,15124247717091598372,val,5,0.081974,0.147722,0.918028,0.000000,0.000000,0.000000,0.000000,11842560.000000,2502434.750000,3666.771729,122472,1184256
xtensor,meeting01_loso,fsdd,lstm-ae,direct,lstm,1,0.000000,0.000000,5,46,15124247717091598372,test,5,1.259381,0.621226,-0.259874,0.000000,0.000000,0.000000,0.000000,11842560.000000,0.000000,0.000000,122472,1184256
xtensor,meeting01_loso,fsdd,gru-ae,direct,gru,1,0.000000,0.000000,5,46,15124247717091598372,val,5,0.083082,0.153126,0.916921,0.000000,0.000000,0.000000,0.000000,8893440.000000,1004845.500000,3499.811035,93032,889344
xtensor,meeting01_loso,fsdd,gru-ae,direct,gru,1,0.000000,0.000000,5,46,15124247717091598372,test,5,1.305363,0.632784,-0.305712,0.000000,0.000000,0.000000,0.000000,8893440.000000,0.000000,0.000000,93032,889344
xtensor,meeting01_loso,fsdd,transformer-ae,direct,transformer,1,0.000000,0.000000,5,46,15124247717091598372,val,5,0.080868,0.146352,0.919135,0.000000,0.000000,0.000000,0.000000,47554560.000000,176218.921875,500.583649,139176,4755456
xtensor,meeting01_loso,fsdd,transformer-ae,direct,transformer,1,0.000000,0.000000,5,46,15124247717091598372,test,5,1.103301,0.598872,-0.103690,0.000000,0.000000,0.000000,0.000000,47554560.000000,0.000000,0.000000,139176,4755456
xtensor,meeting01_loso,fsdd,snn-ae,direct,dense,2,0.500000,0.800000,5,46,15124247717091598372,val,5,0.094663,0.169682,0.905339,0.695652,0.320000,0.438356,0.120273,377877.000000,40361.171875,14.962965,37286,36864
xtensor,meeting01_loso,fsdd,snn-ae,direct,dense,2,0.500000,0.900000,5,46,15124247717091598372,val,5,0.083086,0.153145,0.916919,0.666667,0.280000,0.394366,0.083711,375069.000000,60711.019531,11.016766,37286,36864
xtensor,meeting01_loso,fsdd,snn-ae,direct,dense,2,0.500000,0.990000,5,46,15124247717091598372,val,5,0.085163,0.150344,0.914841,0.666667,0.240000,0.352941,0.067565,373829.000000,70016.031250,14.110615,37286,36864
xtensor,meeting01_loso,fsdd,snn-ae,direct,dense,2,1.000000,0.800000,5,46,15124247717091598372,val,5,0.104529,0.176402,0.895475,0.714286,0.400000,0.512821,0.132500,378816.000000,44933.871094,11.522140,37286,36864
xtensor,meeting01_loso,fsdd,snn-ae,direct,dense,2,1.000000,0.900000,5,46,15124247717091598372,val,5,0.091070,0.170528,0.908931,0.708333,0.340000,0.459459,0.112526,377282.000000,28777.496094,16.156210,37286,36864
xtensor,meeting01_loso,fsdd,snn-ae,direct,dense,2,1.000000,0.990000,5,46,15124247717091598372,val,5,0.083593,0.153041,0.916410,0.666667,0.240000,0.352941,0.073333,374272.000000,43455.347656,10.531435,37286,36864
xtensor,meeting01_loso,fsdd,snn-ae,direct,dense,2,1.500000,0.800000,5,46,15124247717091598372,val,5,0.106721,0.186101,0.893281,0.714286,0.500000,0.588235,0.162578,381126.000000,28286.142578,10.687880,37286,36864
xtensor,meeting01_loso,fsdd,snn-ae,direct,dense,2,1.500000,0.900000,5,46,15124247717091598372,val,5,0.115833,0.192759,0.884170,0.694444,0.500000,0.581395,0.155156,380556.000000,23830.466797,10.665880,37286,36864
xtensor,meeting01_loso,fsdd,snn-ae,direct,dense,2,1.500000,0.990000,5,46,15124247717091598372,val,5,0.086445,0.175611,0.913557,0.727273,0.320000,0.444444,0.113008,377319.000000,11560.538086,14.990061,37286,36864
xtensor,meeting01_loso,fsdd,snn-ae,direct,conv1d,2,0.500000,0.800000,5,46,15124247717091598372,val,5,0.073453,0.153785,0.901109,0.666667,0.320000,0.432432,0.149844,380148.000000,30359.859375,15.829558,37286,36864
xtensor,meeting01_loso,fsdd,snn-ae,direct,conv1d,2,0.500000,0.900000,5,46,15124247717091598372,val,5,0.067614,0.150232,0.908970,0.687500,0.220000,0.333333,0.101302,376420.000000,47298.457031,12.657556,37286,36864
xtensor,meeting01_loso,fsdd,snn-ae,direct,conv1d,2,0.500000,0.990000,5,46,15124247717091598372,val,5,0.063366,0.136832,0.914690,0.687500,0.220000,0.333333,0.099922,376314.000000,23071.236328,12.484837,37286,36864
xtensor,meeting01_loso,fsdd,snn-ae,direct,conv1d,2,1.000000,0.800000,5,46,15124247717091598372,val,5,0.120878,0.187472,0.837261,0.757576,0.500000,0.602410,0.177760,382292.000000,26351.330078,11.673836,37286,36864
xtensor,meeting01_loso,fsdd,snn-ae,direct,conv1d,2,1.000000,0.900000,5,46,15124247717091598372,val,5,0.072946,0.143553,0.901793,0.650000,0.260000,0.371429,0.131146,378712.000000,26502.705078,19.868713,37286,36864
xtensor,meeting01_loso,fsdd,snn-ae,direct,conv1d,2,1.000000,0.990000,5,46,15124247717091598372,val,5,0.062310,0.135977,0.916111,0.687500,0.220000,0.333333,0.105846,376769.000000,19862.615234,11.595683,37286,36864
xtensor,meeting01_loso,fsdd,snn-ae,direct,conv1d,2,1.500000,0.800000,5,46,15124247717091598372,val,5,0.096470,0.170197,0.870121,0.733333,0.440000,0.550000,0.177044,382237.000000,24448.976562,13.024854,37286,36864
xtensor,meeting01_loso,fsdd,snn-ae,direct,conv1d,2,1.500000,0.900000,5,46,15124247717091598372,val,5,0.103445,0.182680,0.860730,0.727273,0.480000,0.578313,0.169779,381679.000000,24653.367188,11.270708,37286,36864
xtensor,meeting01_loso,fsdd,snn-ae,direct,conv1d,2,1.500000,0.990000,5,46,15124247717091598372,val,5,0.062684,0.132431,0.915608,0.705882,0.240000,0.358209,0.089323,375500.000000,29026.189453,12.023882,37286,36864
xtensor,meeting01_loso,fsdd,snn-ae,direct,recurrent,2,0.500000,0.800000,5,46,15124247717091598372,val,5,0.046032,0.082148,0.562638,0.500000,0.140000,0.218750,0.568490,412300.000000,62829.363281,1083.591309,37286,36864
xtensor,meeting01_loso,fsdd,snn-ae,direct,recurrent,2,0.500000,0.900000,5,46,15124247717091598372,val,5,0.015618,0.035742,0.860900,0.000000,0.000000,0.000000,0.659258,419271.000000,112135.992188,1576.388916,37286,36864
xtensor,meeting01_loso,fsdd,snn-ae,direct,recurrent,2,0.500000,0.990000,5,46,15124247717091598372,val,5,0.029359,0.080438,0.831689,0.700000,0.140000,0.233333,0.634818,417394.000000,165741.203125,1217.902466,37286,36864
xtensor,meeting01_loso,fsdd,snn-ae,direct,recurrent,2,1.000000,0.800000,5,46,15124247717091598372,val,5,0.030107,0.060371,0.625628,0.375000,0.060000,0.103448,0.591901,414098.000000,118167.335938,910.848206,37286,36864
xtensor,meeting01_loso,fsdd,snn-ae,direct,recurrent,2,1.000000,0.900000,5,46,15124247717091598372,val,5,0.005077,0.013904,0.945443,0.000000,0.000000,0.000000,0.399245,399302.000000,86506.007812,1000.082825,37286,36864
xtensor,meeting01_loso,fsdd,snn-ae,direct,recurrent,2,1.000000,0.990000,5,46,15124247717091598372,val,5,0.002444,0.010577,0.980269,0.000000,0.000000,0.000000,0.570365,412444.000000,105867.148438,1006.931030,37286,36864
xtensor,meeting01_loso,fsdd,snn-ae,direct,recurrent,2,1.500000,0.800000,5,46,15124247717091598372,val,5,0.017664,0.041091,0.732923,0.666667,0.080000,0.142857,0.493945,406575.000000,141487.109375,1007.269043,37286,36864
xtensor,meeting01_loso,fsdd,snn-ae,direct,recurrent,2,1.500000,0.900000,5,46,15124247717091598372,val,5,0.006025,0.015278,0.920249,0.000000,0.000000,0.000000,0.587383,413751.000000,132386.031250,1081.659546,37286,36864
xtensor,meeting01_loso,fsdd,snn-ae,direct,recurrent,2,1.500000,0.990000,5,46,15124247717091598372,val,5,0.022514,0.057609,0.763872,0.777778,0.140000,0.237288,0.561562,411768.000000,128505.328125,1151.971191,37286,36864
xtensor,meeting01_loso,fsdd,snn-ae,direct,recurrent,2,1.000000,0.990000,5,46,15124247717091598372,test,5,0.112740,0.135775,-0.352776,0.000000,0.000000,0.000000,0.582055,592149.000000,146517.671875,1010.489624,37286,36864
xtensor,meeting01_loso,fsdd,lstm-ae,poisson,lstm,1,0.000000,0.000000,1,42,15124247717091598372,val,5,0.011409,0.025287,0.631778,0.000000,0.000000,0.000000,0.000000,11842560.000000,1430367.750000,2746.575439,122472,1184256
xtensor,meeting01_loso,fsdd,lstm-ae,poisson,lstm,1,0.000000,0.000000,1,42,15124247717091598372,test,5,0.111333,0.126966,-0.099566,0.000000,0.000000,0.000000,0.000000,11842560.000000,0.000000,0.000000,122472,1184256
xtensor,meeting01_loso,fsdd,gru-ae,poisson,gru,1,0.000000,0.000000,1,42,15124247717091598372,val,5,0.013605,0.029833,0.560927,0.000000,0.000000,0.000000,0.000000,8893440.000000,679069.750000,3063.188721,93032,889344
xtensor,meeting01_loso,fsdd,gru-ae,poisson,gru,1,0.000000,0.000000,1,42,15124247717091598372,test,5,0.105017,0.149363,-0.037587,0.000000,0.000000,0.000000,0.000000,8893440.000000,0.000000,0.000000,93032,889344
xtensor,meeting01_loso,fsdd,transformer-ae,poisson,transformer,1,0.000000,0.000000,1,42,15124247717091598372,val,5,0.005955,0.010037,0.807822,0.000000,0.000000,0.000000,0.000000,47554560.000000,462102.531250,810.178406,139176,4755456
xtensor,meeting01_loso,fsdd,transformer-ae,poisson,transformer,1,0.000000,0.000000,1,42,15124247717091598372,test,5,0.112231,0.116929,-0.109042,0.000000,0.000000,0.000000,0.000000,47554560.000000,0.000000,0.000000,139176,4755456
xtensor,meeting01_loso,fsdd,snn-ae,poisson,dense,2,0.500000,0.800000,1,42,15124247717091598372,val,5,0.046645,0.148782,-0.505514,0.750000,0.060000,0.111111,0.496875,406800.000000,27113.341797,13.484637,37286,36864
xtensor,meeting01_loso,fsdd,snn-ae,poisson,dense,2,0.500000,0.900000,1,42,15124247717091598372,val,5,0.060943,0.170679,-0.966990,0.444444,0.160000,0.235294,0.484609,405858.000000,28422.798828,13.833727,37286,36864
xtensor,meeting01_loso,fsdd,snn-ae,poisson,dense,2,0.500000,0.990000,1,42,15124247717091598372,val,5,0.093387,0.223535,-2.014173,0.520000,0.520000,0.520000,0.529674,409319.000000,19712.572266,45.274548,37286,36864
xtensor,meeting01_loso,fsdd,snn-ae,poisson,dense,2,1.000000,0.800000,1,42,15124247717091598372,val,5,0.042625,0.142672,-0.375777,0.428571,0.060000,0.105263,0.502018,407195.000000,21042.244141,12.615612,37286,36864
xtensor,meeting01_loso,fsdd,snn-ae,poisson,dense,2,1.000000,0.900000,1,42,15124247717091598372,val,5,0.054992,0.156329,-0.774922,0.444444,0.160000,0.235294,0.489779,406255.000000,22054.955078,15.792644,37286,36864
xtensor,meeting01_loso,fsdd,snn-ae,poisson,dense,2,1.000000,0.990000,1,42,15124247717091598372,val,5,0.144123,0.284379,-3.651758,0.540541,0.800000,0.645161,0.511146,407896.000000,24421.062500,61.781437,37286,36864
xtensor,meeting01_loso,fsdd,snn-ae,poisson,dense,2,1.500000,0.800000,1,42,15124247717091598372,val,5,0.011136,0.045636,0.640593,0.000000,0.000000,0.000000,0.491016,406350.000000,34812.437500,24.213802,37286,36864
xtensor,meeting01_loso,fsdd,snn-ae,poisson,dense,2,1.500000,0.900000,1,42,15124247717091598372,val,5,0.034502,0.121346,-0.113585,1.000000,0.040000,0.076923,0.501159,407129.000000,28783.482422,37.276249,37286,36864
xtensor,meeting01_loso,fsdd,snn-ae,poisson,dense,2,1.500000,0.990000,1,42,15124247717091598372,val,5,0.161388,0.289171,-4.209037,0.523077,0.680000,0.591304,0.541745,410246.000000,46208.730469,13.449586,37286,36864
xtensor,meeting01_loso,fsdd,snn-ae,poisson,conv1d,2,0.500000,0.800000,1,42,15124247717091598372,val,5,0.068736,0.184089,-2.756615,0.645161,0.400000,0.493827,0.538984,410034.000000,29246.933594,14.872790,37286,36864
xtensor,meeting01_loso,fsdd,snn-ae,poisson,conv1d,2,0.500000,0.900000,1,42,15124247717091598372,val,5,0.058731,0.166895,-2.209764,0.440000,0.220000,0.293333,0.526940,409109.000000,28475.162109,16.162382,37286,36864
xtensor,meeting01_loso,fsdd,snn-ae,poisson,conv1d,2,0.500000,0.990000,1,42,15124247717091598372,val,5,0.124674,0.241040,-5.813680,0.629630,0.680000,0.653846,0.561081,411731.000000,24969.468750,12.805785,37286,36864
xtensor,meeting01_loso,fsdd,snn-ae,poisson,conv1d,2,1.000000,0.800000,1,42,15124247717091598372,val,5,0.036329,0.121226,-0.985474,0.333333,0.040000,0.071429,0.548138,410737.000000,30638.273438,13.414475,37286,36864
xtensor,meeting01_loso,fsdd,snn-ae,poisson,conv1d,2,1.000000,0.900000,1,42,15124247717091598372,val,5,0.062982,0.174241,-2.442125,0.428571,0.240000,0.307692,0.493138,406513.000000,28675.998047,13.036067,37286,36864
xtensor,meeting01_loso,fsdd,snn-ae,poisson,conv1d,2,1.000000,0.990000,1,42,15124247717091598372,val,5,0.049362,0.144930,-1.697735,0.388889,0.140000,0.205882,0.550208,410896.000000,21910.410156,14.422462,37286,36864
xtensor,meeting01_loso,fsdd,snn-ae,poisson,conv1d,2,1.500000,0.800000,1,42,15124247717091598372,val,5,0.016179,0.068241,0.115791,0.000000,0.000000,0.000000,0.537357,409909.000000,35890.992188,15.247527,37286,36864
xtensor,meeting01_loso,fsdd,snn-ae,poisson,conv1d,2,1.500000,0.900000,1,42,15124247717091598372,val,5,0.052151,0.140667,-1.850124,0.500000,0.200000,0.285714,0.542760,410324.000000,27918.232422,16.088514,37286,36864
xtensor,meeting01_loso,fsdd,snn-ae,poisson,conv1d,2,1.500000,0.990000,1,42,15124247717091598372,val,5,0.046855,0.147248,-1.560690,0.100000,0.020000,0.033333,0.530378,409373.000000,24380.570312,15.381492,37286,36864
xtensor,meeting01_loso,fsdd,snn-ae,poisson,recurrent,2,0.500000,0.800000,1,42,15124247717091598372,val,5,0.051530,0.150294,-0.303100,0.562500,0.180000,0.272727,0.513698,408092.000000,94453.585938,1058.635376,37286,36864
xtensor,meeting01_loso,fsdd,snn-ae,poisson,recurrent,2,0.500000,0.900000,1,42,15124247717091598372,val,5,0.072629,0.175057,-0.618883,0.565217,0.260000,0.356164,0.529531,409308.000000,72044.851562,1369.097412,37286,36864
xtensor,meeting01_loso,fsdd,snn-ae,poisson,recurrent,2,0.500000,0.990000,1,42,15124247717091598372,val,5,0.136697,0.279861,-1.437458,0.514706,0.700000,0.593220,0.546914,410643.000000,72872.335938,1032.941528,37286,36864
xtensor,meeting01_loso,fsdd,snn-ae,poisson,recurrent,2,1.000000,0.800000,1,42,15124247717091598372,val,5,0.027580,0.109402,-0.334128,0.000000,0.000000,0.000000,0.505052,407428.000000,109418.656250,1009.383789,37286,36864
xtensor,meeting01_loso,fsdd,snn-ae,poisson,recurrent,2,1.000000,0.900000,1,42,15124247717091598372,val,5,0.037106,0.133994,-0.611057,0.666667,0.040000,0.075472,0.490898,406341.000000,90808.351562,933.970154,37286,36864
xtensor,meeting01_loso,fsdd,snn-ae,poisson,recurrent,2,1.000000,0.990000,1,42,15124247717091598372,val,5,0.154832,0.278830,-4.667929,0.581395,0.500000,0.537634,0.513047,408042.000000,79756.757812,1099.333252,37286,36864
xtensor,meeting01_loso,fsdd,snn-ae,poisson,recurrent,2,1.500000,0.800000,1,42,15124247717091598372,val,5,0.009311,0.041097,0.140546,0.000000,0.000000,0.000000,0.487513,406081.000000,188585.781250,1376.815063,37286,36864
xtensor,meeting01_loso,fsdd,snn-ae,poisson,recurrent,2,1.500000,0.900000,1,42,15124247717091598372,val,5,0.017137,0.076272,-0.350167,0.000000,0.000000,0.000000,0.513451,408073.000000,243259.828125,1021.716187,37286,36864
xtensor,meeting01_loso,fsdd,snn-ae,poisson,recurrent,2,1.500000,0.990000,1,42,15124247717091598372,val,5,0.074823,0.207800,-3.302582,0.441176,0.300000,0.357143,0.507201,407593.000000,54958.074219,922.727051,37286,36864
xtensor,meeting01_loso,fsdd,snn-ae,poisson,recurrent,2,1.500000,0.800000,1,42,15124247717091598372,test,5,0.070775,0.144782,-0.766041,0.000000,0.000000,0.000000,0.520773,568617.000000,189277.000000,896.512329,37286,36864
xtensor,meeting01_loso,fsdd,lstm-ae,poisson,lstm,1,0.000000,0.000000,2,43,15124247717091598372,val,5,0.009225,0.019206,0.698680,0.000000,0.000000,0.000000,0.000000,11842560.000000,1460206.250000,2155.262695,122472,1184256
xtensor,meeting01_loso,fsdd,lstm-ae,poisson,lstm,1,0.000000,0.000000,2,43,15124247717091598372,test,5,0.111292,0.121148,-0.099262,0.000000,0.000000,0.000000,0.000000,11842560.000000,0.000000,0.000000,122472,1184256
xtensor,meeting01_loso,fsdd,gru-ae,poisson,gru,1,0.000000,0.000000,2,43,15124247717091598372,val,5,0.010540,0.023564,0.655702,0.000000,0.000000,0.000000,0.000000,8893440.000000,1476944.125000,3112.111572,93032,889344
xtensor,meeting01_loso,fsdd,gru-ae,poisson,gru,1,0.000000,0.000000,2,43,15124247717091598372,test,5,0.109389,0.122553,-0.080315,0.000000,0.000000,0.000000,0.000000,8893440.000000,0.000000,0.000000,93032,889344
xtensor,meeting01_loso,fsdd,transformer-ae,poisson,transformer,1,0.000000,0.000000,2,43,15124247717091598372,val,5,0.005307,0.009739,0.826671,0.000000,0.000000,0.000000,0.000000,47554560.000000,428994.593750,617.678589,139176,4755456
xtensor,meeting01_loso,fsdd,transformer-ae,poisson,transformer,1,0.000000,0.000000,2,43,15124247717091598372,test,5,0.106807,0.111810,-0.055088,0.000000,0.000000,0.000000,0.000000,47554560.000000,0.000000,0.000000,139176,4755456
xtensor,meeting01_loso,fsdd,snn-ae,poisson,dense,2,0.500000,0.800000,2,43,15124247717091598372,val,5,0.045057,0.121908,-0.471875,0.666667,0.120000,0.203390,0.499844,407028.000000,33515.578125,14.425147,37286,36864
xtensor,meeting01_loso,fsdd,snn-ae,poisson,dense,2,0.500000,0.900000,2,43,15124247717091598372,val,5,0.070909,0.190581,-1.316417,0.392857,0.220000,0.282051,0.522656,408780.000000,17015.945312,12.280098,37286,36864
xtensor,meeting01_loso,fsdd,snn-ae,poisson,dense,2,0.500000,0.990000,2,43,15124247717091598372,val,5,0.113808,0.256259,-2.717852,0.468750,0.600000,0.526316,0.519388,408529.000000,18028.019531,12.813891,37286,36864
xtensor,meeting01_loso,fsdd,snn-ae,poisson,dense,2,1.000000,0.800000,2,43,15124247717091598372,val,5,0.017654,0.068689,0.423311,0.000000,0.000000,0.000000,0.497708,406864.000000,24192.373047,13.996351,37286,36864
xtensor,meeting01_loso,fsdd,snn-ae,poisson,dense,2,1.000000,0.900000,2,43,15124247717091598372,val,5,0.048834,0.145891,-0.595288,0.615385,0.160000,0.253968,0.500482,407077.000000,24440.423828,12.887625,37286,36864
xtensor,meeting01_loso,fsdd,snn-ae,poisson,dense,2,1.000000,0.990000,2,43,15124247717091598372,val,5,0.083968,0.203324,-1.742992,0.585366,0.480000,0.527472,0.496458,406768.000000,47517.121094,11.797005,37286,36864
xtensor,meeting01_loso,fsdd,snn-ae,poisson,dense,2,1.500000,0.800000,2,43,15124247717091598372,val,5,0.016417,0.066020,0.463712,1.000000,0.040000,0.076923,0.505091,407431.000000,25127.541016,14.335456,37286,36864
xtensor,meeting01_loso,fsdd,snn-ae,poisson,dense,2,1.500000,0.900000,2,43,15124247717091598372,val,5,0.037867,0.121075,-0.237005,0.625000,0.100000,0.172414,0.503542,407312.000000,27712.722656,16.469482,37286,36864
xtensor,meeting01_loso,fsdd,snn-ae,poisson,dense,2,1.500000,0.990000,2,43,15124247717091598372,val,5,0.112929,0.241680,-2.689150,0.465116,0.400000,0.430108,0.503945,407343.000000,33867.062500,13.697327,37286,36864
xtensor,meeting01_loso,fsdd,snn-ae,poisson,conv1d,2,0.500000,0.800000,2,43,15124247717091598372,val,5,0.040329,0.134282,-1.217580,0.400000,0.080000,0.133333,0.503594,407316.000000,22435.410156,12.729584,37286,36864
xtensor,meeting01_loso,fsdd,snn-ae,poisson,conv1d,2,0.500000,0.900000,2,43,15124247717091598372,val,5,0.082065,0.206252,-3.512541,0.500000,0.340000,0.404762,0.548971,410801.000000,19155.083984,14.995115,37286,36864
xtensor,meeting01_loso,fsdd,snn-ae,poisson,conv1d,2,0.500000,0.990000,2,43,15124247717091598372,val,5,0.112408,0.245306,-5.181130,0.527273,0.580000,0.552381,0.532292,409520.000000,20562.996094,14.340808,37286,36864
xtensor,meeting01_loso,fsdd,snn-ae,poisson,conv1d,2,1.000000,0.800000,2,43,15124247717091598372,val,5,0.045790,0.135760,-1.517889,0.687500,0.220000,0.333333,0.514375,408144.000000,28897.814453,15.861444,37286,36864
xtensor,meeting01_loso,fsdd,snn-ae,poisson,conv1d,2,1.000000,0.900000,2,43,15124247717091598372,val,5,0.085245,0.210224,-3.687414,0.571429,0.480000,0.521739,0.533893,409643.000000,17986.685547,13.924181,37286,36864
xtensor,meeting01_loso,fsdd,snn-ae,poisson,conv1d,2,1.000000,0.990000,2,43,15124247717091598372,val,5,0.035253,0.115311,-0.938400,0.444444,0.080000,0.135593,0.602786,414934.000000,15777.071289,13.080880,37286,36864
xtensor,meeting01_loso,fsdd,snn-ae,poisson,conv1d,2,1.500000,0.800000,2,43,15124247717091598372,val,5,0.013921,0.067152,0.234540,0.000000,0.000000,0.000000,0.526016,409038.000000,31049.859375,53.968044,37286,36864
xtensor,meeting01_loso,fsdd,snn-ae,poisson,conv1d,2,1.500000,0.900000,2,43,15124247717091598372,val,5,0.030653,0.118735,-0.685548,1.000000,0.060000,0.113208,0.534596,409697.000000,22775.880859,20.078856,37286,36864
xtensor,meeting01_loso,fsdd,snn-ae,poisson,conv1d,2,1.500000,0.990000,2,43,15124247717091598372,val,5,0.112507,0.244497,-5.186548,0.500000,0.440000,0.468085,0.517708,408400.000000,19537.734375,27.460590,37286,36864
xtensor,meeting01_loso,fsdd,snn-ae,poisson,recurrent,2,0.500000,0.800000,2,43,15124247717091598372,val,5,0.055455,0.155672,-0.412154,0.450000,0.180000,0.257143,0.488372,406147.000000,120184.320312,1027.242188,37286,36864
xtensor,meeting01_loso,fsdd,snn-ae,poisson,recurrent,2,0.500000,0.900000,2,43,15124247717091598372,val,5,0.089975,0.200969,-1.028891,0.516129,0.320000,0.395062,0.531563,409464.000000,73728.859375,1008.873474,37286,36864
xtensor,meeting01_loso,fsdd,snn-ae,poisson,recurrent,2,0.500000,0.990000,2,43,15124247717091598372,val,5,0.120878,0.243074,-1.181121,0.509091,0.560000,0.533333,0.563086,411885.000000,56079.128906,1053.331543,37286,36864
xtensor,meeting01_loso,fsdd,snn-ae,poisson,recurrent,2,1.000000,0.800000,2,43,15124247717091598372,val,5,0.017036,0.077070,0.167965,0.000000,0.000000,0.000000,0.501211,407133.000000,73473.476562,929.634583,37286,36864
xtensor,meeting01_loso,fsdd,snn-ae,poisson,recurrent,2,1.000000,0.900000,2,43,15124247717091598372,val,5,0.037660,0.131796,-0.657405,0.600000,0.060000,0.109091,0.502799,407255.000000,70158.015625,1050.735840,37286,36864
xtensor,meeting01_loso,fsdd,snn-ae,poisson,recurrent,2,1.000000,0.990000,2,43,15124247717091598372,val,5,0.153094,0.269422,-4.679955,0.508772,0.580000,0.542056,0.507187,407592.000000,98194.625000,988.554382,37286,36864
xtensor,meeting01_loso,fsdd,snn-ae,poisson,recurrent,2,1.500000,0.800000,2,43,15124247717091598372,val,5,0.007878,0.040943,0.273648,0.000000,0.000000,0.000000,0.502669,407245.000000,91692.828125,960.601196,37286,36864
xtensor,meeting01_loso,fsdd,snn-ae,poisson,recurrent,2,1.500000,0.900000,2,43,15124247717091598372,val,5,0.023409,0.090134,-0.853407,0.000000,0.000000,0.000000,0.500846,407105.000000,102243.601562,894.678406,37286,36864
xtensor,meeting01_loso,fsdd,snn-ae,poisson,recurrent,2,1.500000,0.990000,2,43,15124247717091598372,val,5,0.070551,0.184285,-3.088937,0.400000,0.200000,0.266667,0.509622,407779.000000,91918.507812,1061.346436,37286,36864
xtensor,meeting01_loso,fsdd,snn-ae,poisson,recurrent,2,1.500000,0.800000,2,43,15124247717091598372,test,5,0.043261,0.073946,-0.077393,0.000000,0.000000,0.000000,0.503404,561947.000000,187284.093750,914.205994,37286,36864
xtensor,meeting01_loso,fsdd,lstm-ae,poisson,lstm,1,0.000000,0.000000,3,44,15124247717091598372,val,5,0.013524,0.027265,0.561888,0.000000,0.000000,0.000000,0.000000,11842560.000000,377611.625000,2047.902710,122472,1184256
xtensor,meeting01_loso,fsdd,lstm-ae,poisson,lstm,1,0.000000,0.000000,3,44,15124247717091598372,test,5,0.115464,0.128912,-0.133592,0.000000,0.000000,0.000000,0.000000,11842560.000000,0.000000,0.000000,122472,1184256
xtensor,meeting01_loso,fsdd,gru-ae,poisson,gru,1,0.000000,0.000000,3,44,15124247717091598372,val,5,0.007314,0.018834,0.763060,0.000000,0.000000,0.000000,0.000000,8893440.000000,1258891.625000,2888.592041,93032,889344
xtensor,meeting01_loso,fsdd,gru-ae,poisson,gru,1,0.000000,0.000000,3,44,15124247717091598372,test,5,0.108350,0.121103,-0.063370,0.000000,0.000000,0.000000,0.000000,8893440.000000,0.000000,0.000000,93032,889344
xtensor,meeting01_loso,fsdd,transformer-ae,poisson,transformer,1,0.000000,0.000000,3,44,15124247717091598372,val,5,0.006117,0.016819,0.801844,0.000000,0.000000,0.000000,0.000000,47554560.000000,235544.265625,574.456970,139176,4755456
xtensor,meeting01_loso,fsdd,transformer-ae,poisson,transformer,1,0.000000,0.000000,3,44,15124247717091598372,test,5,0.109800,0.120710,-0.077376,0.000000,0.000000,0.000000,0.000000,47554560.000000,0.000000,0.000000,139176,4755456
xtensor,meeting01_loso,fsdd,snn-ae,poisson,dense,2,0.500000,0.800000,3,44,15124247717091598372,val,5,0.047024,0.147085,-0.523543,0.666667,0.160000,0.258065,0.496875,406800.000000,15462.960938,12.736197,37286,36864
xtensor,meeting01_loso,fsdd,snn-ae,poisson,dense,2,0.500000,0.900000,3,44,15124247717091598372,val,5,0.056359,0.166353,-0.825966,0.600000,0.120000,0.200000,0.516276,408290.000000,13816.266602,13.176057,37286,36864
xtensor,meeting01_loso,fsdd,snn-ae,poisson,dense,2,0.500000,0.990000,3,44,15124247717091598372,val,5,0.170625,0.300497,-4.528141,0.500000,0.720000,0.590164,0.519206,408515.000000,35655.007812,46.474945,37286,36864
xtensor,meeting01_loso,fsdd,snn-ae,poisson,dense,2,1.000000,0.800000,3,44,15124247717091598372,val,5,0.024931,0.090481,0.192273,1.000000,0.040000,0.076923,0.491680,406401.000000,18378.802734,12.713482,37286,36864
xtensor,meeting01_loso,fsdd,snn-ae,poisson,dense,2,1.000000,0.900000,3,44,15124247717091598372,val,5,0.062897,0.172382,-1.037770,0.521739,0.240000,0.328767,0.514323,408140.000000,13882.662109,11.776433,37286,36864
xtensor,meeting01_loso,fsdd,snn-ae,poisson,dense,2,1.000000,0.990000,3,44,15124247717091598372,val,5,0.146561,0.289530,-3.748479,0.520548,0.760000,0.617886,0.518164,408435.000000,15322.844727,11.708460,37286,36864
xtensor,meeting01_loso,fsdd,snn-ae,poisson,dense,2,1.500000,0.800000,3,44,15124247717091598372,val,5,0.014570,0.061719,0.527955,0.000000,0.000000,0.000000,0.553294,411133.000000,25550.011719,12.001784,37286,36864
xtensor,meeting01_loso,fsdd,snn-ae,poisson,dense,2,1.500000,0.900000,3,44,15124247717091598372,val,5,0.036206,0.120709,-0.173018,0.375000,0.060000,0.103448,0.500534,407081.000000,17263.140625,14.765718,37286,36864
xtensor,meeting01_loso,fsdd,snn-ae,poisson,dense,2,1.500000,0.990000,3,44,15124247717091598372,val,5,0.102968,0.240169,-2.336104,0.500000,0.440000,0.468085,0.507930,407649.000000,15334.204102,13.155373,37286,36864
xtensor,meeting01_loso,fsdd,snn-ae,poisson,conv1d,2,0.500000,0.800000,3,44,15124247717091598372,val,5,0.058123,0.162240,-2.185089,0.565217,0.260000,0.356164,0.516250,408288.000000,22180.666016,14.686547,37286,36864
xtensor,meeting01_loso,fsdd,snn-ae,poisson,conv1d,2,0.500000,0.900000,3,44,15124247717091598372,val,5,0.070257,0.182893,-2.850044,0.428571,0.300000,0.352941,0.543711,410397.000000,19990.925781,15.162445,37286,36864
xtensor,meeting01_loso,fsdd,snn-ae,poisson,conv1d,2,0.500000,0.990000,3,44,15124247717091598372,val,5,0.075432,0.185666,-3.133595,0.472222,0.340000,0.395349,0.539284,410057.000000,16441.847656,12.719148,37286,36864
xtensor,meeting01_loso,fsdd,snn-ae,poisson,conv1d,2,1.000000,0.800000,3,44,15124247717091598372,val,5,0.032492,0.121907,-0.780524,0.833333,0.100000,0.178571,0.527956,409187.000000,27425.083984,14.734961,37286,36864
xtensor,meeting01_loso,fsdd,snn-ae,poisson,conv1d,2,1.000000,0.900000,3,44,15124247717091598372,val,5,0.061209,0.175271,-2.354254,0.521739,0.240000,0.328767,0.497773,406869.000000,22461.455078,14.335087,37286,36864
xtensor,meeting01_loso,fsdd,snn-ae,poisson,conv1d,2,1.000000,0.990000,3,44,15124247717091598372,val,5,0.071396,0.181700,-2.912364,0.600000,0.480000,0.533333,0.541302,410212.000000,19187.210938,29.231337,37286,36864
xtensor,meeting01_loso,fsdd,snn-ae,poisson,conv1d,2,1.500000,0.800000,3,44,15124247717091598372,val,5,0.011073,0.059684,0.393208,0.000000,0.000000,0.000000,0.531797,409482.000000,28104.527344,12.827896,37286,36864
xtensor,meeting01_loso,fsdd,snn-ae,poisson,conv1d,2,1.500000,0.900000,3,44,15124247717091598372,val,5,0.035941,0.125949,-0.969560,0.428571,0.060000,0.105263,0.520013,408577.000000,19151.443359,28.845242,37286,36864
xtensor,meeting01_loso,fsdd,snn-ae,poisson,conv1d,2,1.500000,0.990000,3,44,15124247717091598372,val,5,0.062063,0.149316,-2.400893,0.608696,0.280000,0.383562,0.548281,410748.000000,14111.811523,12.413423,37286,36864
xtensor,meeting01_loso,fsdd,snn-ae,poisson,recurrent,2,0.500000,0.800000,3,44,15124247717091598372,val,5,0.047681,0.147892,-0.207698,0.625000,0.100000,0.172414,0.519505,408538.000000,61580.578125,887.544006,37286,36864
xtensor,meeting01_loso,fsdd,snn-ae,poisson,recurrent,2,0.500000,0.900000,3,44,15124247717091598372,val,5,0.079423,0.193686,-0.778941,0.700000,0.420000,0.525000,0.515247,408211.000000,52048.964844,913.177856,37286,36864
xtensor,meeting01_loso,fsdd,snn-ae,poisson,recurrent,2,0.500000,0.990000,3,44,15124247717091598372,val,5,0.116557,0.199597,-1.086640,0.500000,0.380000,0.431818,0.628971,416945.000000,90408.039062,871.548706,37286,36864
xtensor,meeting01_loso,fsdd,snn-ae,poisson,recurrent,2,1.000000,0.800000,3,44,15124247717091598372,val,5,0.017691,0.075292,0.138523,1.000000,0.020000,0.039216,0.498477,406923.000000,60785.816406,869.740967,37286,36864
xtensor,meeting01_loso,fsdd,snn-ae,poisson,recurrent,2,1.000000,0.900000,3,44,15124247717091598372,val,5,0.043495,0.144045,-0.890357,0.750000,0.120000,0.206897,0.496289,406755.000000,77047.921875,865.094055,37286,36864
xtensor,meeting01_loso,fsdd,snn-ae,poisson,recurrent,2,1.000000,0.990000,3,44,15124247717091598372,val,5,0.155639,0.287402,-4.721761,0.508197,0.620000,0.558559,0.506107,407509.000000,90619.046875,878.796204,37286,36864
xtensor,meeting01_loso,fsdd,snn-ae,poisson,recurrent,2,1.500000,0.800000,3,44,15124247717091598372,val,5,0.009631,0.046632,0.120107,1.000000,0.020000,0.039216,0.490208,406288.000000,169687.937500,848.808594,37286,36864
xtensor,meeting01_loso,fsdd,snn-ae,poisson,recurrent,2,1.500000,0.900000,3,44,15124247717091598372,val,5,0.018321,0.064242,-0.440654,0.500000,0.080000,0.137931,0.494102,406587.000000,171495.718750,947.791138,37286,36864
xtensor,meeting01_loso,fsdd,snn-ae,poisson,recurrent,2,1.500000,0.990000,3,44,15124247717091598372,val,5,0.085119,0.191620,-3.894401,0.514286,0.360000,0.423529,0.514583,408160.000000,45214.523438,895.068909,37286,36864
xtensor,meeting01_loso,fsdd,snn-ae,poisson,recurrent,2,1.500000,0.800000,3,44,15124247717091598372,test,5,0.084436,0.168019,-1.090850,0.000000,0.000000,0.000000,0.514536,566222.000000,169102.859375,1064.828979,37286,36864
xtensor,meeting01_loso,fsdd,lstm-ae,poisson,lstm,1,0.000000,0.000000,4,45,15124247717091598372,val,5,0.013302,0.026508,0.567104,0.000000,0.000000,0.000000,0.000000,11842560.000000,462937.468750,1802.132080,122472,1184256
xtensor,meeting01_loso,fsdd,lstm-ae,poisson,lstm,1,0.000000,0.000000,4,45,15124247717091598372,test,5,0.112289,0.127627,-0.108788,0.000000,0.000000,0.000000,0.000000,11842560.000000,0.000000,0.000000,122472,1184256
xtensor,meeting01_loso,fsdd,gru-ae,poisson,gru,1,0.000000,0.000000,4,45,15124247717091598372,val,5,0.013320,0.026167,0.566535,0.000000,0.000000,0.000000,0.000000,8893440.000000,779915.437500,2887.231201,93032,889344
xtensor,meeting01_loso,fsdd,gru-ae,poisson,gru,1,0.000000,0.000000,4,45,15124247717091598372,test,5,0.114867,0.127415,-0.134411,0.000000,0.000000,0.000000,0.000000,8893440.000000,0.000000,0.000000,93032,889344
xtensor,meeting01_loso,fsdd,transformer-ae,poisson,transformer,1,0.000000,0.000000,4,45,15124247717091598372,val,5,0.006462,0.012386,0.789721,0.000000,0.000000,0.000000,0.000000,47554560.000000,173068.953125,465.955322,139176,4755456
xtensor,meeting01_loso,fsdd,transformer-ae,poisson,transformer,1,0.000000,0.000000,4,45,15124247717091598372,test,5,0.096604,0.142167,0.045843,0.000000,0.000000,0.000000,0.000000,47554560.000000,0.000000,0.000000,139176,4755456
xtensor,meeting01_loso,fsdd,snn-ae,poisson,dense,2,0.500000,0.800000,4,45,15124247717091598372,val,5,0.080219,0.193361,-1.610791,0.448276,0.260000,0.329114,0.522734,408786.000000,18763.718750,19.193228,37286,36864
xtensor,meeting01_loso,fsdd,snn-ae,poisson,dense,2,0.500000,0.900000,4,45,15124247717091598372,val,5,0.060007,0.164745,-0.952957,0.521739,0.240000,0.328767,0.492617,406473.000000,15277.044922,12.543031,37286,36864
xtensor,meeting01_loso,fsdd,snn-ae,poisson,dense,2,0.500000,0.990000,4,45,15124247717091598372,val,5,0.161190,0.290548,-4.246092,0.507246,0.700000,0.588235,0.519779,408559.000000,22539.974609,11.945325,37286,36864
xtensor,meeting01_loso,fsdd,snn-ae,poisson,dense,2,1.000000,0.800000,4,45,15124247717091598372,val,5,0.028779,0.106695,0.063360,1.000000,0.040000,0.076923,0.477943,405346.000000,17587.880859,11.849781,37286,36864
xtensor,meeting01_loso,fsdd,snn-ae,poisson,dense,2,1.000000,0.900000,4,45,15124247717091598372,val,5,0.039656,0.117608,-0.290620,0.571429,0.160000,0.250000,0.476497,405235.000000,19775.849609,12.924926,37286,36864
xtensor,meeting01_loso,fsdd,snn-ae,poisson,dense,2,1.000000,0.990000,4,45,15124247717091598372,val,5,0.131100,0.268760,-3.266745,0.534483,0.620000,0.574074,0.503190,407285.000000,19376.203125,18.511852,37286,36864
xtensor,meeting01_loso,fsdd,snn-ae,poisson,dense,2,1.500000,0.800000,4,45,15124247717091598372,val,5,0.014230,0.057102,0.536894,0.000000,0.000000,0.000000,0.515820,408255.000000,25528.130859,12.849637,37286,36864
xtensor,meeting01_loso,fsdd,snn-ae,poisson,dense,2,1.500000,0.900000,4,45,15124247717091598372,val,5,0.028391,0.103618,0.076006,0.500000,0.040000,0.074074,0.505781,407484.000000,16529.218750,11.530953,37286,36864
xtensor,meeting01_loso,fsdd,snn-ae,poisson,dense,2,1.500000,0.990000,4,45,15124247717091598372,val,5,0.149573,0.287124,-3.868035,0.527778,0.760000,0.622951,0.507292,407600.000000,21035.992188,13.241309,37286,36864
xtensor,meeting01_loso,fsdd,snn-ae,poisson,conv1d,2,0.500000,0.800000,4,45,15124247717091598372,val,5,0.031008,0.114112,-0.698608,0.750000,0.060000,0.111111,0.541146,410200.000000,23083.039062,12.841255,37286,36864
xtensor,meeting01_loso,fsdd,snn-ae,poisson,conv1d,2,0.500000,0.900000,4,45,15124247717091598372,val,5,0.062987,0.185222,-2.450469,0.480000,0.240000,0.320000,0.516471,408305.000000,18437.662109,12.902507,37286,36864
xtensor,meeting01_loso,fsdd,snn-ae,poisson,conv1d,2,0.500000,0.990000,4,45,15124247717091598372,val,5,0.105982,0.240977,-4.805785,0.543860,0.620000,0.579439,0.530716,409399.000000,17193.263672,12.798302,37286,36864
xtensor,meeting01_loso,fsdd,snn-ae,poisson,conv1d,2,1.000000,0.800000,4,45,15124247717091598372,val,5,0.036483,0.120777,-0.998560,0.400000,0.080000,0.133333,0.502409,407225.000000,21867.685547,15.569695,37286,36864
xtensor,meeting01_loso,fsdd,snn-ae,poisson,conv1d,2,1.000000,0.900000,4,45,15124247717091598372,val,5,0.055958,0.157214,-2.065374,0.526316,0.200000,0.289855,0.526940,409109.000000,22250.060547,14.118523,37286,36864
xtensor,meeting01_loso,fsdd,snn-ae,poisson,conv1d,2,1.000000,0.990000,4,45,15124247717091598372,val,5,0.036710,0.118274,-1.010944,0.538462,0.140000,0.222222,0.590495,413990.000000,18776.746094,15.795704,37286,36864
xtensor,meeting01_loso,fsdd,snn-ae,poisson,conv1d,2,1.500000,0.800000,4,45,15124247717091598372,val,5,0.016474,0.076089,0.097578,0.500000,0.020000,0.038462,0.551003,410957.000000,27302.292969,56.873375,37286,36864
xtensor,meeting01_loso,fsdd,snn-ae,poisson,conv1d,2,1.500000,0.900000,4,45,15124247717091598372,val,5,0.030815,0.118891,-0.688090,0.400000,0.040000,0.072727,0.529102,409275.000000,18646.816406,13.188928,37286,36864
xtensor,meeting01_loso,fsdd,snn-ae,poisson,conv1d,2,1.500000,0.990000,4,45,15124247717091598372,val,5,0.088286,0.185129,-3.836193,0.578947,0.440000,0.500000,0.534948,409724.000000,16713.044922,14.166224,37286,36864
xtensor,meeting01_loso,fsdd,snn-ae,poisson,recurrent,2,0.500000,0.800000,4,45,15124247717091598372,val,5,0.054078,0.155795,-0.375980,0.500000,0.180000,0.264706,0.525846,409025.000000,67846.015625,885.144348,37286,36864
xtensor,meeting01_loso,fsdd,snn-ae,poisson,recurrent,2,0.500000,0.900000,4,45,15124247717091598372,val,5,0.074000,0.182708,-0.662228,0.468750,0.300000,0.365854,0.533568,409618.000000,56653.843750,866.217896,37286,36864
xtensor,meeting01_loso,fsdd,snn-ae,poisson,recurrent,2,0.500000,0.990000,4,45,15124247717091598372,val,5,0.131887,0.275233,-1.375944,0.528571,0.740000,0.616667,0.553216,411127.000000,55820.093750,997.016846,37286,36864
xtensor,meeting01_loso,fsdd,snn-ae,poisson,recurrent,2,1.000000,0.800000,4,45,15124247717091598372,val,5,0.014193,0.066047,0.305602,0.000000,0.000000,0.000000,0.505521,407464.000000,79343.515625,853.491455,37286,36864
xtensor,meeting01_loso,fsdd,snn-ae,poisson,recurrent,2,1.000000,0.900000,4,45,15124247717091598372,val,5,0.046746,0.140171,-1.047679,0.500000,0.140000,0.218750,0.505859,407490.000000,66902.625000,916.270386,37286,36864
xtensor,meeting01_loso,fsdd,snn-ae,poisson,recurrent,2,1.000000,0.990000,4,45,15124247717091598372,val,5,0.208598,0.348111,-6.713146,0.512195,0.840000,0.636364,0.510781,407868.000000,90309.601562,899.952148,37286,36864
xtensor,meeting01_loso,fsdd,snn-ae,poisson,recurrent,2,1.500000,0.800000,4,45,15124247717091598372,val,5,0.009882,0.048985,0.087806,1.000000,0.020000,0.039216,0.528229,409208.000000,122660.476562,848.426392,37286,36864
xtensor,meeting01_loso,fsdd,snn-ae,poisson,recurrent,2,1.500000,0.900000,4,45,15124247717091598372,val,5,0.018178,0.075068,-0.417494,0.000000,0.000000,0.000000,0.513333,408064.000000,117944.406250,932.840088,37286,36864
xtensor,meeting01_loso,fsdd,snn-ae,poisson,recurrent,2,1.500000,0.990000,4,45,15124247717091598372,val,5,0.118131,0.242520,-5.822233,0.416667,0.400000,0.408163,0.497044,406813.000000,132166.671875,881.738831,37286,36864
xtensor,meeting01_loso,fsdd,snn-ae,poisson,recurrent,2,1.500000,0.800000,4,45,15124247717091598372,test,5,0.065837,0.134263,-0.639233,0.000000,0.000000,0.000000,0.509169,564161.000000,98986.617188,1083.541748,37286,36864
xtensor,meeting01_loso,fsdd,lstm-ae,poisson,lstm,1,0.000000,0.000000,5,46,15124247717091598372,val,5,0.011013,0.024781,0.640375,0.000000,0.000000,0.000000,0.000000,11842560.000000,881235.187500,2066.330811,122472,1184256
xtensor,meeting01_loso,fsdd,lstm-ae,poisson,lstm,1,0.000000,0.000000,5,46,15124247717091598372,test,5,0.112667,0.126354,-0.105804,0.000000,0.000000,0.000000,0.000000,11842560.000000,0.000000,0.000000,122472,1184256
xtensor,meeting01_loso,fsdd,gru-ae,poisson,gru,1,0.000000,0.000000,5,46,15124247717091598372,val,5,0.013268,0.025700,0.566799,0.000000,0.000000,0.000000,0.000000,8893440.000000,402240.000000,3025.140137,93032,889344
xtensor,meeting01_loso,fsdd,gru-ae,poisson,gru,1,0.000000,0.000000,5,46,15124247717091598372,test,5,0.115970,0.128247,-0.138691,0.000000,0.000000,0.000000,0.000000,8893440.000000,0.000000,0.000000,93032,889344
xtensor,meeting01_loso,fsdd,transformer-ae,poisson,transformer,1,0.000000,0.000000,5,46,15124247717091598372,val,5,0.006873,0.014174,0.775596,0.000000,0.000000,0.000000,0.000000,47554560.000000,327135.593750,471.584259,139176,4755456
xtensor,meeting01_loso,fsdd,transformer-ae,poisson,transformer,1,0.000000,0.000000,5,46,15124247717091598372,test,5,0.110032,0.117260,-0.080427,0.000000,0.000000,0.000000,0.000000,47554560.000000,0.000000,0.000000,139176,4755456
xtensor,meeting01_loso,fsdd,snn-ae,poisson,dense,2,0.500000,0.800000,5,46,15124247717091598372,val,5,0.047978,0.144540,-0.566720,0.727273,0.160000,0.262295,0.502474,407230.000000,16329.936523,12.264830,37286,36864
xtensor,meeting01_loso,fsdd,snn-ae,poisson,dense,2,0.500000,0.900000,5,46,15124247717091598372,val,5,0.080544,0.206020,-1.630153,0.609756,0.500000,0.549451,0.524219,408900.000000,13995.772461,12.190104,37286,36864
xtensor,meeting01_loso,fsdd,snn-ae,poisson,dense,2,0.500000,0.990000,5,46,15124247717091598372,val,5,0.156454,0.288694,-4.109042,0.500000,0.800000,0.615385,0.521758,408711.000000,26721.105469,27.116873,37286,36864
xtensor,meeting01_loso,fsdd,snn-ae,poisson,dense,2,1.000000,0.800000,5,46,15124247717091598372,val,5,0.024353,0.094716,0.204762,0.500000,0.020000,0.038462,0.511354,407912.000000,19549.875000,11.982549,37286,36864
xtensor,meeting01_loso,fsdd,snn-ae,poisson,dense,2,1.000000,0.900000,5,46,15124247717091598372,val,5,0.052952,0.161138,-0.729135,0.384615,0.100000,0.158730,0.510951,407881.000000,18605.820312,13.178232,37286,36864
xtensor,meeting01_loso,fsdd,snn-ae,poisson,dense,2,1.000000,0.990000,5,46,15124247717091598372,val,5,0.100621,0.236713,-2.285839,0.452381,0.380000,0.413043,0.514427,408148.000000,14514.264648,12.365007,37286,36864
xtensor,meeting01_loso,fsdd,snn-ae,poisson,dense,2,1.500000,0.800000,5,46,15124247717091598372,val,5,0.017104,0.068018,0.441484,0.000000,0.000000,0.000000,0.477005,405274.000000,24840.552734,12.211083,37286,36864
xtensor,meeting01_loso,fsdd,snn-ae,poisson,dense,2,1.500000,0.900000,5,46,15124247717091598372,val,5,0.038403,0.122765,-0.254030,0.375000,0.060000,0.103448,0.492461,406461.000000,23342.568359,38.805809,37286,36864
xtensor,meeting01_loso,fsdd,snn-ae,poisson,dense,2,1.500000,0.990000,5,46,15124247717091598372,val,5,0.124805,0.260891,-3.075529,0.516129,0.640000,0.571429,0.527852,409179.000000,21010.517578,13.072862,37286,36864
xtensor,meeting01_loso,fsdd,snn-ae,poisson,conv1d,2,0.500000,0.800000,5,46,15124247717091598372,val,5,0.050723,0.156766,-1.787421,0.705882,0.240000,0.358209,0.520417,408608.000000,67354.929688,14.853478,37286,36864
xtensor,meeting01_loso,fsdd,snn-ae,poisson,conv1d,2,0.500000,0.900000,5,46,15124247717091598372,val,5,0.080891,0.210032,-3.445246,0.500000,0.340000,0.404762,0.542357,410293.000000,23727.587891,18.346172,37286,36864
xtensor,meeting01_loso,fsdd,snn-ae,poisson,conv1d,2,0.500000,0.990000,5,46,15124247717091598372,val,5,0.094977,0.198431,-4.219220,0.512195,0.420000,0.461538,0.582227,413355.000000,20970.482422,16.324274,37286,36864
xtensor,meeting01_loso,fsdd,snn-ae,poisson,conv1d,2,1.000000,0.800000,5,46,15124247717091598372,val,5,0.039815,0.132812,-1.187952,0.500000,0.040000,0.074074,0.518477,408459.000000,33503.496094,17.495169,37286,36864
xtensor,meeting01_loso,fsdd,snn-ae,poisson,conv1d,2,1.000000,0.900000,5,46,15124247717091598372,val,5,0.031631,0.105574,-0.738246,0.750000,0.120000,0.206897,0.506458,407536.000000,34749.277344,16.827003,37286,36864
xtensor,meeting01_loso,fsdd,snn-ae,poisson,conv1d,2,1.000000,0.990000,5,46,15124247717091598372,val,5,0.060399,0.180081,-2.319112,0.535714,0.300000,0.384615,0.562760,411860.000000,23233.343750,14.204119,37286,36864
xtensor,meeting01_loso,fsdd,snn-ae,poisson,conv1d,2,1.500000,0.800000,5,46,15124247717091598372,val,5,0.018282,0.080110,-0.004651,1.000000,0.020000,0.039216,0.519961,408573.000000,37072.535156,17.505596,37286,36864
xtensor,meeting01_loso,fsdd,snn-ae,poisson,conv1d,2,1.500000,0.900000,5,46,15124247717091598372,val,5,0.049923,0.153343,-1.743492,0.416667,0.100000,0.161290,0.500273,407061.000000,28950.917969,13.971907,37286,36864
xtensor,meeting01_loso,fsdd,snn-ae,poisson,conv1d,2,1.500000,0.990000,5,46,15124247717091598372,val,5,0.026495,0.107839,-0.455949,0.666667,0.040000,0.075472,0.547214,410666.000000,25889.228516,74.501350,37286,36864
xtensor,meeting01_loso,fsdd,snn-ae,poisson,recurrent,2,0.500000,0.800000,5,46,15124247717091598372,val,5,0.060484,0.168630,-0.542440,0.521739,0.240000,0.328767,0.506354,407528.000000,110879.554688,964.719849,37286,36864
xtensor,meeting01_loso,fsdd,snn-ae,poisson,recurrent,2,0.500000,0.900000,5,46,15124247717091598372,val,5,0.066210,0.175974,-0.493409,0.454545,0.200000,0.277778,0.513776,408098.000000,84737.671875,1130.506348,37286,36864
xtensor,meeting01_loso,fsdd,snn-ae,poisson,recurrent,2,0.500000,0.990000,5,46,15124247717091598372,val,5,0.112969,0.230209,-1.039013,0.581395,0.500000,0.537634,0.566901,412178.000000,207555.296875,1303.025879,37286,36864
xtensor,meeting01_loso,fsdd,snn-ae,poisson,recurrent,2,1.000000,0.800000,5,46,15124247717091598372,val,5,0.014894,0.066969,0.270412,0.000000,0.000000,0.000000,0.503802,407332.000000,141951.875000,1274.015259,37286,36864
xtensor,meeting01_loso,fsdd,snn-ae,poisson,recurrent,2,1.000000,0.900000,5,46,15124247717091598372,val,5,0.060786,0.161341,-1.666787,0.478261,0.220000,0.301370,0.517552,408388.000000,101085.718750,1312.564331,37286,36864
xtensor,meeting01_loso,fsdd,snn-ae,poisson,recurrent,2,1.000000,0.990000,5,46,15124247717091598372,val,5,0.091111,0.203060,-2.378875,0.655172,0.380000,0.481013,0.513711,408093.000000,191425.406250,1672.715942,37286,36864
xtensor,meeting01_loso,fsdd,snn-ae,poisson,recurrent,2,1.500000,0.800000,5,46,15124247717091598372,val,5,0.011293,0.048299,-0.034128,1.000000,0.020000,0.039216,0.521250,408672.000000,267866.812500,1268.779907,37286,36864
xtensor,meeting01_loso,fsdd,snn-ae,poisson,recurrent,2,1.500000,0.900000,5,46,15124247717091598372,val,5,0.013289,0.056516,-0.042913,0.000000,0.000000,0.000000,0.509740,407788.000000,152410.093750,1058.171021,37286,36864
xtensor,meeting01_loso,fsdd,snn-ae,poisson,recurrent,2,1.500000,0.990000,5,46,15124247717091598372,val,5,0.083609,0.200747,-3.849029,0.512195,0.420000,0.461538,0.507773,407637.000000,98744.687500,1106.725464,37286,36864
xtensor,meeting01_loso,fsdd,snn-ae,poisson,recurrent,2,1.500000,0.800000,5,46,15124247717091598372,test,5,0.050746,0.094243,-0.256924,0.000000,0.000000,0.000000,0.512812,565560.000000,123615.820312,1194.093872,37286,36864
xtensor,meeting01_loso,fsdd,lstm-ae,latency,lstm,1,0.000000,0.000000,1,42,15124247717091598372,val,5,0.012156,0.026781,0.856191,0.000000,0.000000,0.000000,0.000000,11842560.000000,1114607.875000,2338.070557,122472,1184256
xtensor,meeting01_loso,fsdd,lstm-ae,latency,lstm,1,0.000000,0.000000,1,42,15124247717091598372,test,5,0.169767,0.210832,0.290571,0.000000,0.000000,0.000000,0.000000,11842560.000000,0.000000,0.000000,122472,1184256
xtensor,meeting01_loso,fsdd,gru-ae,latency,gru,1,0.000000,0.000000,1,42,15124247717091598372,val,5,0.013583,0.033507,0.839307,0.000000,0.000000,0.000000,0.000000,8893440.000000,2827384.500000,13102.850586,93032,889344
xtensor,meeting01_loso,fsdd,gru-ae,latency,gru,1,0.000000,0.000000,1,42,15124247717091598372,test,5,0.131842,0.187070,0.449058,0.000000,0.000000,0.000000,0.000000,8893440.000000,0.000000,0.000000,93032,889344
xtensor,meeting01_loso,fsdd,transformer-ae,latency,transformer,1,0.000000,0.000000,1,42,15124247717091598372,val,5,0.019238,0.050702,0.772402,0.000000,0.000000,0.000000,0.000000,47554560.000000,236542.421875,821.259705,139176,4755456
xtensor,meeting01_loso,fsdd,transformer-ae,latency,transformer,1,0.000000,0.000000,1,42,15124247717091598372,test,5,0.134086,0.209378,0.439645,0.000000,0.000000,0.000000,0.000000,47554560.000000,0.000000,0.000000,139176,4755456
xtensor,meeting01_loso,fsdd,snn-ae,latency,dense,2,0.500000,0.800000,1,42,15124247717091598372,val,5,0.024287,0.058827,0.712665,0.000000,0.000000,0.000000,0.608529,415375.000000,30070.525391,23.104660,37286,36864
xtensor,meeting01_loso,fsdd,snn-ae,latency,dense,2,0.500000,0.900000,1,42,15124247717091598372,val,5,0.028456,0.072812,0.663336,0.000000,0.000000,0.000000,0.670638,420145.000000,37145.914062,22.154840,37286,36864
xtensor,meeting01_loso,fsdd,snn-ae,latency,dense,2,0.500000,0.990000,1,42,15124247717091598372,val,5,0.068751,0.111165,0.186570,0.666667,0.080000,0.142857,0.701615,422524.000000,16486.982422,19.189121,37286,36864
xtensor,meeting01_loso,fsdd,snn-ae,latency,dense,2,1.000000,0.800000,1,42,15124247717091598372,val,5,0.022136,0.057715,0.738120,0.000000,0.000000,0.000000,0.612930,415713.000000,43765.296875,19.434765,37286,36864
xtensor,meeting01_loso,fsdd,snn-ae,latency,dense,2,1.000000,0.900000,1,42,15124247717091598372,val,5,0.036133,0.092797,0.572512,0.000000,0.000000,0.000000,0.675703,420534.000000,179341.281250,30.989168,37286,36864
xtensor,meeting01_loso,fsdd,snn-ae,latency,dense,2,1.000000,0.990000,1,42,15124247717091598372,val,5,0.039439,0.088475,0.533370,0.500000,0.060000,0.107143,0.665039,419715.000000,71364.242188,29.472797,37286,36864
xtensor,meeting01_loso,fsdd,snn-ae,latency,dense,2,1.500000,0.800000,1,42,15124247717091598372,val,5,0.018609,0.053551,0.779845,0.000000,0.000000,0.000000,0.577513,412993.000000,98374.875000,28.427160,37286,36864
xtensor,meeting01_loso,fsdd,snn-ae,latency,dense,2,1.500000,0.900000,1,42,15124247717091598372,val,5,0.024587,0.065840,0.709123,0.000000,0.000000,0.000000,0.567109,412194.000000,88328.390625,160.109222,37286,36864
xtensor,meeting01_loso,fsdd,snn-ae,latency,dense,2,1.500000,0.990000,1,42,15124247717091598372,val,5,0.042369,0.094824,0.498719,0.800000,0.080000,0.145455,0.633854,417320.000000,95326.000000,27.896746,37286,36864
xtensor,meeting01_loso,fsdd,snn-ae,latency,conv1d,2,0.500000,0.800000,1,42,15124247717091598372,val,5,0.017964,0.048842,0.766225,0.000000,0.000000,0.000000,0.604453,415062.000000,98621.421875,77.935143,37286,36864
xtensor,meeting01_loso,fsdd,snn-ae,latency,conv1d,2,0.500000,0.900000,1,42,15124247717091598372,val,5,0.027792,0.072294,0.638305,0.000000,0.000000,0.000000,0.688034,421481.000000,67648.132812,65.940277,37286,36864
xtensor,meeting01_loso,fsdd,snn-ae,latency,conv1d,2,0.500000,0.990000,1,42,15124247717091598372,val,5,0.074833,0.131530,0.026040,0.705882,0.240000,0.358209,0.700664,422451.000000,36962.585938,31.012945,37286,36864
xtensor,meeting01_loso,fsdd,snn-ae,latency,conv1d,2,1.000000,0.800000,1,42,15124247717091598372,val,5,0.018186,0.055781,0.763335,0.000000,0.000000,0.000000,0.611745,415622.000000,67714.929688,26.818773,37286,36864
xtensor,meeting01_loso,fsdd,snn-ae,latency,conv1d,2,1.000000,0.900000,1,42,15124247717091598372,val,5,0.022945,0.059183,0.701390,0.000000,0.000000,0.000000,0.658477,419211.000000,68169.781250,333.510132,37286,36864
xtensor,meeting01_loso,fsdd,snn-ae,latency,conv1d,2,1.000000,0.990000,1,42,15124247717091598372,val,5,0.044744,0.087533,0.417683,0.500000,0.020000,0.038462,0.559297,411594.000000,138867.109375,22.171335,37286,36864
xtensor,meeting01_loso,fsdd,snn-ae,latency,conv1d,2,1.500000,0.800000,1,42,15124247717091598372,val,5,0.016886,0.057583,0.780241,0.000000,0.000000,0.000000,0.616914,416019.000000,78572.648438,18.287672,37286,36864
xtensor,meeting01_loso,fsdd,snn-ae,latency,conv1d,2,1.500000,0.900000,1,42,15124247717091598372,val,5,0.022087,0.071988,0.712554,0.000000,0.000000,0.000000,0.592852,414171.000000,140843.781250,66.212318,37286,36864
xtensor,meeting01_loso,fsdd,snn-ae,latency,conv1d,2,1.500000,0.990000,1,42,15124247717091598372,val,5,0.029150,0.069411,0.620633,0.000000,0.000000,0.000000,0.703594,422676.000000,67809.398438,31.762869,37286,36864
xtensor,meeting01_loso,fsdd,snn-ae,latency,recurrent,2,0.500000,0.800000,1,42,15124247717091598372,val,5,0.019730,0.044783,0.777696,0.000000,0.000000,0.000000,0.587865,413788.000000,912824.625000,18740.777344,37286,36864
xtensor,meeting01_loso,fsdd,snn-ae,latency,recurrent,2,0.500000,0.900000,1,42,15124247717091598372,val,5,0.029781,0.075359,0.673413,1.000000,0.020000,0.039216,0.662747,419539.000000,475460.000000,2903.681641,37286,36864
xtensor,meeting01_loso,fsdd,snn-ae,latency,recurrent,2,0.500000,0.990000,1,42,15124247717091598372,val,5,0.076705,0.127352,0.190414,0.736842,0.280000,0.405797,0.728151,424562.000000,106153.867188,3771.404297,37286,36864
xtensor,meeting01_loso,fsdd,snn-ae,latency,recurrent,2,1.000000,0.800000,1,42,15124247717091598372,val,5,0.025082,0.067907,0.612328,0.000000,0.000000,0.000000,0.586680,413697.000000,319068.250000,1150.850098,37286,36864
xtensor,meeting01_loso,fsdd,snn-ae,latency,recurrent,2,1.000000,0.900000,1,42,15124247717091598372,val,5,0.031363,0.073323,0.568389,0.000000,0.000000,0.000000,0.615573,415916.000000,100243.585938,1048.333618,37286,36864
xtensor,meeting01_loso,fsdd,snn-ae,latency,recurrent,2,1.000000,0.990000,1,42,15124247717091598372,val,5,0.073067,0.174399,0.097566,0.366667,0.220000,0.275000,0.622201,416425.000000,53072.554688,965.334412,37286,36864
xtensor,meeting01_loso,fsdd,snn-ae,latency,recurrent,2,1.500000,0.800000,1,42,15124247717091598372,val,5,0.017697,0.058743,0.566143,0.000000,0.000000,0.000000,0.544518,410459.000000,98971.453125,1122.260376,37286,36864
xtensor,meeting01_loso,fsdd,snn-ae,latency,recurrent,2,1.500000,0.900000,1,42,15124247717091598372,val,5,0.025176,0.073135,0.442061,0.000000,0.000000,0.000000,0.582513,413377.000000,66930.640625,1045.943726,37286,36864
xtensor,meeting01_loso,fsdd,snn-ae,latency,recurrent,2,1.500000,0.990000,1,42,15124247717091598372,val,5,0.045655,0.110153,0.147810,0.636364,0.140000,0.229508,0.661003,419405.000000,54015.242188,993.169495,37286,36864
xtensor,meeting01_loso,fsdd,snn-ae,latency,conv1d,2,1.500000,0.800000,1,42,15124247717091598372,test,5,0.156355,0.224446,0.289382,0.000000,0.000000,0.000000,0.606841,601667.000000,41820.417969,14.429349,37286,36864
xtensor,meeting01_loso,fsdd,lstm-ae,latency,lstm,1,0.000000,0.000000,2,43,15124247717091598372,val,5,0.012156,0.026781,0.856191,0.000000,0.000000,0.000000,0.000000,11842560.000000,944424.500000,2076.080322,122472,1184256
xtensor,meeting01_loso,fsdd,lstm-ae,latency,lstm,1,0.000000,0.000000,2,43,15124247717091598372,test,5,0.169767,0.210832,0.290571,0.000000,0.000000,0.000000,0.000000,11842560.000000,0.000000,0.000000,122472,1184256
xtensor,meeting01_loso,fsdd,gru-ae,latency,gru,1,0.000000,0.000000,2,43,15124247717091598372,val,5,0.013583,0.033507,0.839307,0.000000,0.000000,0.000000,0.000000,8893440.000000,2176316.500000,6682.718262,93032,889344
xtensor,meeting01_loso,fsdd,gru-ae,latency,gru,1,0.000000,0.000000,2,43,15124247717091598372,test,5,0.131842,0.187070,0.449058,0.000000,0.000000,0.000000,0.000000,8893440.000000,0.000000,0.000000,93032,889344
xtensor,meeting01_loso,fsdd,transformer-ae,latency,transformer,1,0.000000,0.000000,2,43,15124247717091598372,val,5,0.019238,0.050702,0.772402,0.000000,0.000000,0.000000,0.000000,47554560.000000,172655.156250,620.869141,139176,4755456
xtensor,meeting01_loso,fsdd,transformer-ae,latency,transformer,1,0.000000,0.000000,2,43,15124247717091598372,test,5,0.134086,0.209378,0.439645,0.000000,0.000000,0.000000,0.000000,47554560.000000,0.000000,0.000000,139176,4755456
xtensor,meeting01_loso,fsdd,snn-ae,latency,dense,2,0.500000,0.800000,2,43,15124247717091598372,val,5,0.027278,0.057765,0.677274,0.000000,0.000000,0.000000,0.646654,418303.000000,28618.136719,11.806482,37286,36864
xtensor,meeting01_loso,fsdd,snn-ae,latency,dense,2,0.500000,0.900000,2,43,15124247717091598372,val,5,0.042520,0.099195,0.496942,0.800000,0.160000,0.266667,0.647799,418391.000000,14014.854492,12.758008,37286,36864
xtensor,meeting01_loso,fsdd,snn-ae,latency,dense,2,0.500000,0.990000,2,43,15124247717091598372,val,5,0.094004,0.161372,-0.112220,0.722222,0.260000,0.382353,0.653659,418841.000000,13226.201172,50.716976,37286,36864
xtensor,meeting01_loso,fsdd,snn-ae,latency,dense,2,1.000000,0.800000,2,43,15124247717091598372,val,5,0.020598,0.057375,0.756312,0.000000,0.000000,0.000000,0.554245,411206.000000,17662.105469,12.526482,37286,36864
xtensor,meeting01_loso,fsdd,snn-ae,latency,dense,2,1.000000,0.900000,2,43,15124247717091598372,val,5,0.027016,0.071739,0.680369,0.000000,0.000000,0.000000,0.629167,416960.000000,69923.101562,34.704128,37286,36864
xtensor,meeting01_loso,fsdd,snn-ae,latency,dense,2,1.000000,0.990000,2,43,15124247717091598372,val,5,0.064197,0.121974,0.240454,0.705882,0.240000,0.358209,0.698698,422300.000000,19410.294922,11.957062,37286,36864
xtensor,meeting01_loso,fsdd,snn-ae,latency,dense,2,1.500000,0.800000,2,43,15124247717091598372,val,5,0.018510,0.051901,0.781022,0.000000,0.000000,0.000000,0.546432,410606.000000,37587.281250,13.099536,37286,36864
xtensor,meeting01_loso,fsdd,snn-ae,latency,dense,2,1.500000,0.900000,2,43,15124247717091598372,val,5,0.022129,0.052777,0.738212,0.000000,0.000000,0.000000,0.585443,413602.000000,41890.640625,13.507622,37286,36864
xtensor,meeting01_loso,fsdd,snn-ae,latency,dense,2,1.500000,0.990000,2,43,15124247717091598372,val,5,0.030674,0.073201,0.637089,0.000000,0.000000,0.000000,0.732201,424873.000000,25367.289062,12.138513,37286,36864
xtensor,meeting01_loso,fsdd,snn-ae,latency,conv1d,2,0.500000,0.800000,2,43,15124247717091598372,val,5,0.020788,0.066994,0.729459,0.000000,0.000000,0.000000,0.623724,416542.000000,28612.332031,12.831274,37286,36864
xtensor,meeting01_loso,fsdd,snn-ae,latency,conv1d,2,0.500000,0.900000,2,43,15124247717091598372,val,5,0.021884,0.058048,0.715183,0.000000,0.000000,0.000000,0.626641,416766.000000,29636.902344,48.910175,37286,36864
xtensor,meeting01_loso,fsdd,snn-ae,latency,conv1d,2,0.500000,0.990000,2,43,15124247717091598372,val,5,0.064840,0.116696,0.156117,0.750000,0.180000,0.290323,0.734740,425068.000000,10552.616211,23.636995,37286,36864
xtensor,meeting01_loso,fsdd,snn-ae,latency,conv1d,2,1.000000,0.800000,2,43,15124247717091598372,val,5,0.019573,0.062245,0.745273,0.000000,0.000000,0.000000,0.624974,416638.000000,54176.746094,13.223642,37286,36864
xtensor,meeting01_loso,fsdd,snn-ae,latency,conv1d,2,1.000000,0.900000,2,43,15124247717091598372,val,5,0.018971,0.054830,0.753115,0.000000,0.000000,0.000000,0.606510,415220.000000,39617.902344,124.642326,37286,36864
xtensor,meeting01_loso,fsdd,snn-ae,latency,conv1d,2,1.000000,0.990000,2,43,15124247717091598372,val,5,0.104136,0.148808,-0.355356,0.705882,0.240000,0.358209,0.696432,422126.000000,13241.416992,15.191154,37286,36864
xtensor,meeting01_loso,fsdd,snn-ae,latency,conv1d,2,1.500000,0.800000,2,43,15124247717091598372,val,5,0.014356,0.049171,0.813166,0.000000,0.000000,0.000000,0.630716,417079.000000,85386.820312,14.764921,37286,36864
xtensor,meeting01_loso,fsdd,snn-ae,latency,conv1d,2,1.500000,0.900000,2,43,15124247717091598372,val,5,0.018081,0.050824,0.764691,0.000000,0.000000,0.000000,0.661589,419450.000000,26265.708984,13.718558,37286,36864
xtensor,meeting01_loso,fsdd,snn-ae,latency,conv1d,2,1.500000,0.990000,2,43,15124247717091598372,val,5,0.029179,0.070281,0.620236,0.000000,0.000000,0.000000,0.688594,421524.000000,27344.896484,14.566437,37286,36864
xtensor,meeting01_loso,fsdd,snn-ae,latency,recurrent,2,0.500000,0.800000,2,43,15124247717091598372,val,5,0.024039,0.065390,0.729147,0.000000,0.000000,0.000000,0.639388,417745.000000,109248.593750,1066.195068,37286,36864
xtensor,meeting01_loso,fsdd,snn-ae,latency,recurrent,2,0.500000,0.900000,2,43,15124247717091598372,val,5,0.027214,0.070314,0.701572,0.000000,0.000000,0.000000,0.621250,416352.000000,118772.000000,1125.706421,37286,36864
xtensor,meeting01_loso,fsdd,snn-ae,latency,recurrent,2,0.500000,0.990000,2,43,15124247717091598372,val,5,0.119980,0.144805,-0.266380,0.760000,0.380000,0.506667,0.714063,423480.000000,93391.875000,1855.183350,37286,36864
xtensor,meeting01_loso,fsdd,snn-ae,latency,recurrent,2,1.000000,0.800000,2,43,15124247717091598372,val,5,0.029290,0.086947,0.547268,0.000000,0.000000,0.000000,0.561732,411781.000000,157210.531250,1163.963745,37286,36864
xtensor,meeting01_loso,fsdd,snn-ae,latency,recurrent,2,1.000000,0.900000,2,43,15124247717091598372,val,5,0.029249,0.070110,0.597483,0.000000,0.000000,0.000000,0.595937,414408.000000,80580.265625,1946.851074,37286,36864
xtensor,meeting01_loso,fsdd,snn-ae,latency,recurrent,2,1.000000,0.990000,2,43,15124247717091598372,val,5,0.043066,0.102179,0.468128,0.000000,0.000000,0.000000,0.675924,420551.000000,66700.656250,1075.279663,37286,36864
xtensor,meeting01_loso,fsdd,snn-ae,latency,recurrent,2,1.500000,0.800000,2,43,15124247717091598372,val,5,0.016400,0.049708,0.597963,0.000000,0.000000,0.000000,0.565482,412069.000000,226436.421875,1120.362427,37286,36864
xtensor,meeting01_loso,fsdd,snn-ae,latency,recurrent,2,1.500000,0.900000,2,43,15124247717091598372,val,5,0.025475,0.069029,0.435447,0.000000,0.000000,0.000000,0.605521,415144.000000,65104.378906,1043.817261,37286,36864
xtensor,meeting01_loso,fsdd,snn-ae,latency,recurrent,2,1.500000,0.990000,2,43,15124247717091598372,val,5,0.041002,0.091447,0.234700,1.000000,0.080000,0.148148,0.633984,417330.000000,52901.761719,1077.098999,37286,36864
xtensor,meeting01_loso,fsdd,snn-ae,latency,conv1d,2,1.500000,0.800000,2,43,15124247717091598372,test,5,0.138833,0.206007,0.368958,0.000000,0.000000,0.000000,0.686370,632206.000000,25390.240234,12.571100,37286,36864
xtensor,meeting01_loso,fsdd,lstm-ae,latency,lstm,1,0.000000,0.000000,3,44,15124247717091598372,val,5,0.012156,0.026781,0.856191,0.000000,0.000000,0.000000,0.000000,11842560.000000,886551.812500,2421.437012,122472,1184256
xtensor,meeting01_loso,fsdd,lstm-ae,latency,lstm,1,0.000000,0.000000,3,44,15124247717091598372,test,5,0.169767,0.210832,0.290571,0.000000,0.000000,0.000000,0.000000,11842560.000000,0.000000,0.000000,122472,1184256
xtensor,meeting01_loso,fsdd,gru-ae,latency,gru,1,0.000000,0.000000,3,44,15124247717091598372,val,5,0.013583,0.033507,0.839307,0.000000,0.000000,0.000000,0.000000,8893440.000000,1420805.875000,3172.754883,93032,889344
xtensor,meeting01_loso,fsdd,gru-ae,latency,gru,1,0.000000,0.000000,3,44,15124247717091598372,test,5,0.131842,0.187070,0.449058,0.000000,0.000000,0.000000,0.000000,8893440.000000,0.000000,0.000000,93032,889344
xtensor,meeting01_loso,fsdd,transformer-ae,latency,transformer,1,0.000000,0.000000,3,44,15124247717091598372,val,5,0.019238,0.050702,0.772402,0.000000,0.000000,0.000000,0.000000,47554560.000000,74505.117188,557.010315,139176,4755456
xtensor,meeting01_loso,fsdd,transformer-ae,latency,transformer,1,0.000000,0.000000,3,44,15124247717091598372,test,5,0.134086,0.209378,0.439645,0.000000,0.000000,0.000000,0.000000,47554560.000000,0.000000,0.000000,139176,4755456
xtensor,meeting01_loso,fsdd,snn-ae,latency,dense,2,0.500000,0.800000,3,44,15124247717091598372,val,5,0.026390,0.063484,0.687775,0.000000,0.000000,0.000000,0.651979,418712.000000,32588.462891,12.422882,37286,36864
xtensor,meeting01_loso,fsdd,snn-ae,latency,dense,2,0.500000,0.900000,3,44,15124247717091598372,val,5,0.037721,0.089086,0.553742,1.000000,0.040000,0.076923,0.645859,418242.000000,18356.349609,11.773495,37286,36864
xtensor,meeting01_loso,fsdd,snn-ae,latency,dense,2,0.500000,0.990000,3,44,15124247717091598372,val,5,0.063630,0.109567,0.247189,0.727273,0.160000,0.262295,0.656406,419052.000000,14172.260742,12.269860,37286,36864
xtensor,meeting01_loso,fsdd,snn-ae,latency,dense,2,1.000000,0.800000,3,44,15124247717091598372,val,5,0.022437,0.058006,0.734560,0.000000,0.000000,0.000000,0.575156,412812.000000,20483.951172,13.310291,37286,36864
xtensor,meeting01_loso,fsdd,snn-ae,latency,dense,2,1.000000,0.900000,3,44,15124247717091598372,val,5,0.025085,0.056982,0.703230,0.000000,0.000000,0.000000,0.622331,416435.000000,19988.808594,13.734790,37286,36864
xtensor,meeting01_loso,fsdd,snn-ae,latency,dense,2,1.000000,0.990000,3,44,15124247717091598372,val,5,0.047553,0.089605,0.437384,0.500000,0.040000,0.074074,0.654831,418931.000000,12122.669922,47.848621,37286,36864
xtensor,meeting01_loso,fsdd,snn-ae,latency,dense,2,1.500000,0.800000,3,44,15124247717091598372,val,5,0.018895,0.055116,0.776460,0.000000,0.000000,0.000000,0.609414,415443.000000,30513.656250,30.812063,37286,36864
xtensor,meeting01_loso,fsdd,snn-ae,latency,dense,2,1.500000,0.900000,3,44,15124247717091598372,val,5,0.024015,0.055605,0.715895,0.000000,0.000000,0.000000,0.635404,417439.000000,20314.462891,13.771387,37286,36864
xtensor,meeting01_loso,fsdd,snn-ae,latency,dense,2,1.500000,0.990000,3,44,15124247717091598372,val,5,0.037574,0.089236,0.555471,0.000000,0.000000,0.000000,0.659727,419307.000000,11956.064453,11.530306,37286,36864
xtensor,meeting01_loso,fsdd,snn-ae,latency,conv1d,2,0.500000,0.800000,3,44,15124247717091598372,val,5,0.020346,0.054693,0.735211,0.000000,0.000000,0.000000,0.602617,414921.000000,20046.724609,12.405283,37286,36864
xtensor,meeting01_loso,fsdd,snn-ae,latency,conv1d,2,0.500000,0.900000,3,44,15124247717091598372,val,5,0.027515,0.070107,0.641919,0.000000,0.000000,0.000000,0.614583,415840.000000,10708.551758,12.349899,37286,36864
xtensor,meeting01_loso,fsdd,snn-ae,latency,conv1d,2,0.500000,0.990000,3,44,15124247717091598372,val,5,0.063047,0.114074,0.179432,0.705882,0.240000,0.358209,0.729883,424695.000000,10424.403320,13.610332,37286,36864
xtensor,meeting01_loso,fsdd,snn-ae,latency,conv1d,2,1.000000,0.800000,3,44,15124247717091598372,val,5,0.014609,0.043828,0.809879,0.000000,0.000000,0.000000,0.581120,413270.000000,20934.009766,12.482948,37286,36864
xtensor,meeting01_loso,fsdd,snn-ae,latency,conv1d,2,1.000000,0.900000,3,44,15124247717091598372,val,5,0.019473,0.049091,0.746577,0.000000,0.000000,0.000000,0.592565,414149.000000,23927.050781,12.747927,37286,36864
xtensor,meeting01_loso,fsdd,snn-ae,latency,conv1d,2,1.000000,0.990000,3,44,15124247717091598372,val,5,0.061869,0.121165,0.194826,0.545455,0.120000,0.196721,0.717357,423733.000000,10827.121094,14.995573,37286,36864
xtensor,meeting01_loso,fsdd,snn-ae,latency,conv1d,2,1.500000,0.800000,3,44,15124247717091598372,val,5,0.015567,0.049301,0.797412,0.000000,0.000000,0.000000,0.626602,416763.000000,20133.019531,13.477564,37286,36864
xtensor,meeting01_loso,fsdd,snn-ae,latency,conv1d,2,1.500000,0.900000,3,44,15124247717091598372,val,5,0.018024,0.051826,0.765446,0.000000,0.000000,0.000000,0.630039,417027.000000,21468.785156,12.737800,37286,36864
xtensor,meeting01_loso,fsdd,snn-ae,latency,conv1d,2,1.500000,0.990000,3,44,15124247717091598372,val,5,0.027998,0.075558,0.635605,0.000000,0.000000,0.000000,0.567357,412213.000000,38049.367188,14.241976,37286,36864
xtensor,meeting01_loso,fsdd,snn-ae,latency,recurrent,2,0.500000,0.800000,3,44,15124247717091598372,val,5,0.024992,0.068048,0.718400,0.000000,0.000000,0.000000,0.587396,413752.000000,96577.421875,1143.028687,37286,36864
xtensor,meeting01_loso,fsdd,snn-ae,latency,recurrent,2,0.500000,0.900000,3,44,15124247717091598372,val,5,0.023120,0.062813,0.746457,0.000000,0.000000,0.000000,0.609010,415412.000000,98973.890625,1044.580811,37286,36864
xtensor,meeting01_loso,fsdd,snn-ae,latency,recurrent,2,0.500000,0.990000,3,44,15124247717091598372,val,5,0.041216,0.087359,0.564975,0.666667,0.040000,0.075472,0.620313,416280.000000,45185.410156,937.567078,37286,36864
xtensor,meeting01_loso,fsdd,snn-ae,latency,recurrent,2,1.000000,0.800000,3,44,15124247717091598372,val,5,0.028142,0.084143,0.565017,0.000000,0.000000,0.000000,0.581393,413291.000000,71863.132812,986.969910,37286,36864
xtensor,meeting01_loso,fsdd,snn-ae,latency,recurrent,2,1.000000,0.900000,3,44,15124247717091598372,val,5,0.031647,0.074225,0.564482,0.000000,0.000000,0.000000,0.599479,414680.000000,90814.179688,1079.546753,37286,36864
xtensor,meeting01_loso,fsdd,snn-ae,latency,recurrent,2,1.000000,0.990000,3,44,15124247717091598372,val,5,0.043086,0.097324,0.467842,0.333333,0.020000,0.037736,0.658984,419250.000000,99283.953125,1128.321289,37286,36864
xtensor,meeting01_loso,fsdd,snn-ae,latency,recurrent,2,1.500000,0.800000,3,44,15124247717091598372,val,5,0.015609,0.050983,0.617360,0.000000,0.000000,0.000000,0.533958,409648.000000,104017.476562,1003.814087,37286,36864
xtensor,meeting01_loso,fsdd,snn-ae,latency,recurrent,2,1.500000,0.900000,3,44,15124247717091598372,val,5,0.027449,0.082777,0.391694,0.000000,0.000000,0.000000,0.608385,415364.000000,77897.929688,1021.648132,37286,36864
xtensor,meeting01_loso,fsdd,snn-ae,latency,recurrent,2,1.500000,0.990000,3,44,15124247717091598372,val,5,0.044377,0.113887,0.171676,0.000000,0.000000,0.000000,0.699596,422369.000000,51886.093750,949.611755,37286,36864
xtensor,meeting01_loso,fsdd,snn-ae,latency,conv1d,2,1.000000,0.800000,3,44,15124247717091598372,test,5,0.154790,0.232662,0.296311,0.000000,0.000000,0.000000,0.703372,638735.000000,29372.878906,14.591609,37286,36864
xtensor,meeting01_loso,fsdd,lstm-ae,latency,lstm,1,0.000000,0.000000,4,45,15124247717091598372,val,5,0.012156,0.026781,0.856191,0.000000,0.000000,0.000000,0.000000,11842560.000000,886556.375000,2085.089111,122472,1184256
xtensor,meeting01_loso,fsdd,lstm-ae,latency,lstm,1,0.000000,0.000000,4,45,15124247717091598372,test,5,0.169767,0.210832,0.290571,0.000000,0.000000,0.000000,0.000000,11842560.000000,0.000000,0.000000,122472,1184256
xtensor,meeting01_loso,fsdd,gru-ae,latency,gru,1,0.000000,0.000000,4,45,15124247717091598372,val,5,0.013583,0.033507,0.839307,0.000000,0.000000,0.000000,0.000000,8893440.000000,1408178.250000,3928.823975,93032,889344
xtensor,meeting01_loso,fsdd,gru-ae,latency,gru,1,0.000000,0.000000,4,45,15124247717091598372,test,5,0.131842,0.187070,0.449058,0.000000,0.000000,0.000000,0.000000,8893440.000000,0.000000,0.000000,93032,889344
xtensor,meeting01_loso,fsdd,transformer-ae,latency,transformer,1,0.000000,0.000000,4,45,15124247717091598372,val,5,0.019238,0.050702,0.772402,0.000000,0.000000,0.000000,0.000000,47554560.000000,76259.351562,457.334930,139176,4755456
xtensor,meeting01_loso,fsdd,transformer-ae,latency,transformer,1,0.000000,0.000000,4,45,15124247717091598372,test,5,0.134086,0.209378,0.439645,0.000000,0.000000,0.000000,0.000000,47554560.000000,0.000000,0.000000,139176,4755456
xtensor,meeting01_loso,fsdd,snn-ae,latency,dense,2,0.500000,0.800000,4,45,15124247717091598372,val,5,0.026331,0.065885,0.688479,0.000000,0.000000,0.000000,0.599583,414688.000000,25748.394531,52.205070,37286,36864
xtensor,meeting01_loso,fsdd,snn-ae,latency,dense,2,0.500000,0.900000,4,45,15124247717091598372,val,5,0.033863,0.082100,0.599369,0.000000,0.000000,0.000000,0.667682,419918.000000,16210.002930,11.586740,37286,36864
xtensor,meeting01_loso,fsdd,snn-ae,latency,dense,2,0.500000,0.990000,4,45,15124247717091598372,val,5,0.068985,0.122374,0.183812,0.727273,0.160000,0.262295,0.690195,421647.000000,10364.478516,11.382661,37286,36864
xtensor,meeting01_loso,fsdd,snn-ae,latency,dense,2,1.000000,0.800000,4,45,15124247717091598372,val,5,0.024431,0.069525,0.710966,0.000000,0.000000,0.000000,0.602930,414945.000000,21897.498047,13.209581,37286,36864
xtensor,meeting01_loso,fsdd,snn-ae,latency,dense,2,1.000000,0.900000,4,45,15124247717091598372,val,5,0.023693,0.056500,0.719696,0.000000,0.000000,0.000000,0.603464,414986.000000,27393.341797,12.392504,37286,36864
xtensor,meeting01_loso,fsdd,snn-ae,latency,dense,2,1.000000,0.990000,4,45,15124247717091598372,val,5,0.071175,0.117621,0.157897,0.666667,0.200000,0.307692,0.675313,420504.000000,10884.551758,12.506066,37286,36864
xtensor,meeting01_loso,fsdd,snn-ae,latency,dense,2,1.500000,0.800000,4,45,15124247717091598372,val,5,0.017554,0.049843,0.792329,0.000000,0.000000,0.000000,0.555417,411296.000000,15770.925781,24.848564,37286,36864
xtensor,meeting01_loso,fsdd,snn-ae,latency,dense,2,1.500000,0.900000,4,45,15124247717091598372,val,5,0.024415,0.063553,0.711156,0.000000,0.000000,0.000000,0.559961,411645.000000,19598.285156,12.964506,37286,36864
xtensor,meeting01_loso,fsdd,snn-ae,latency,dense,2,1.500000,0.990000,4,45,15124247717091598372,val,5,0.035071,0.083822,0.585072,0.000000,0.000000,0.000000,0.686419,421357.000000,19269.824219,11.865268,37286,36864
xtensor,meeting01_loso,fsdd,snn-ae,latency,conv1d,2,0.500000,0.800000,4,45,15124247717091598372,val,5,0.021131,0.059777,0.724997,0.000000,0.000000,0.000000,0.652135,418724.000000,20088.154297,12.474008,37286,36864
xtensor,meeting01_loso,fsdd,snn-ae,latency,conv1d,2,0.500000,0.900000,4,45,15124247717091598372,val,5,0.027128,0.064683,0.646930,0.000000,0.000000,0.000000,0.583815,413477.000000,22508.900391,13.690162,37286,36864
xtensor,meeting01_loso,fsdd,snn-ae,latency,conv1d,2,0.500000,0.990000,4,45,15124247717091598372,val,5,0.049922,0.107439,0.350239,0.583333,0.140000,0.225806,0.713672,423450.000000,11996.236328,13.571432,37286,36864
xtensor,meeting01_loso,fsdd,snn-ae,latency,conv1d,2,1.000000,0.800000,4,45,15124247717091598372,val,5,0.015008,0.046612,0.804691,0.000000,0.000000,0.000000,0.582786,413398.000000,40296.812500,14.294293,37286,36864
xtensor,meeting01_loso,fsdd,snn-ae,latency,conv1d,2,1.000000,0.900000,4,45,15124247717091598372,val,5,0.019090,0.063096,0.751566,0.000000,0.000000,0.000000,0.564896,412024.000000,41131.082031,13.987129,37286,36864
xtensor,meeting01_loso,fsdd,snn-ae,latency,conv1d,2,1.000000,0.990000,4,45,15124247717091598372,val,5,0.051966,0.109526,0.323688,0.600000,0.120000,0.200000,0.685951,421321.000000,17154.156250,14.787376,37286,36864
xtensor,meeting01_loso,fsdd,snn-ae,latency,conv1d,2,1.500000,0.800000,4,45,15124247717091598372,val,5,0.014809,0.053579,0.807276,0.000000,0.000000,0.000000,0.585352,413595.000000,20815.656250,14.669623,37286,36864
xtensor,meeting01_loso,fsdd,snn-ae,latency,conv1d,2,1.500000,0.900000,4,45,15124247717091598372,val,5,0.018896,0.051535,0.754094,0.000000,0.000000,0.000000,0.669857,420085.000000,21272.496094,12.674035,37286,36864
xtensor,meeting01_loso,fsdd,snn-ae,latency,conv1d,2,1.500000,0.990000,4,45,15124247717091598372,val,5,0.045801,0.094996,0.403919,0.333333,0.020000,0.037736,0.671589,420218.000000,10779.412109,13.339836,37286,36864
xtensor,meeting01_loso,fsdd,snn-ae,latency,recurrent,2,0.500000,0.800000,4,45,15124247717091598372,val,5,0.022681,0.057058,0.744449,0.000000,0.000000,0.000000,0.560195,411663.000000,128720.453125,1013.558655,37286,36864
xtensor,meeting01_loso,fsdd,snn-ae,latency,recurrent,2,0.500000,0.900000,4,45,15124247717091598372,val,5,0.031090,0.072986,0.659040,0.000000,0.000000,0.000000,0.590625,414000.000000,72033.789062,909.272400,37286,36864
xtensor,meeting01_loso,fsdd,snn-ae,latency,recurrent,2,0.500000,0.990000,4,45,15124247717091598372,val,5,0.080995,0.123799,0.145113,0.736842,0.280000,0.405797,0.634622,417379.000000,45407.363281,1020.540283,37286,36864
xtensor,meeting01_loso,fsdd,snn-ae,latency,recurrent,2,1.000000,0.800000,4,45,15124247717091598372,val,5,0.031261,0.092430,0.516810,0.000000,0.000000,0.000000,0.569466,412375.000000,110065.343750,967.404480,37286,36864
xtensor,meeting01_loso,fsdd,snn-ae,latency,recurrent,2,1.000000,0.900000,4,45,15124247717091598372,val,5,0.031366,0.076219,0.568344,0.000000,0.000000,0.000000,0.619518,416219.000000,56776.593750,1033.386230,37286,36864
xtensor,meeting01_loso,fsdd,snn-ae,latency,recurrent,2,1.000000,0.990000,4,45,15124247717091598372,val,5,0.051680,0.096282,0.361743,0.500000,0.080000,0.137931,0.604362,415055.000000,71696.039062,926.219299,37286,36864
xtensor,meeting01_loso,fsdd,snn-ae,latency,recurrent,2,1.500000,0.800000,4,45,15124247717091598372,val,5,0.016731,0.050898,0.589855,0.000000,0.000000,0.000000,0.580378,413213.000000,120926.937500,994.711792,37286,36864
xtensor,meeting01_loso,fsdd,snn-ae,latency,recurrent,2,1.500000,0.900000,4,45,15124247717091598372,val,5,0.031178,0.098286,0.309027,0.000000,0.000000,0.000000,0.621849,416398.000000,70158.265625,992.264526,37286,36864
xtensor,meeting01_loso,fsdd,snn-ae,latency,recurrent,2,1.500000,0.990000,4,45,15124247717091598372,val,5,0.035718,0.085750,0.333330,0.000000,0.000000,0.000000,0.626224,416734.000000,58674.179688,1093.147217,37286,36864
xtensor,meeting01_loso,fsdd,snn-ae,latency,conv1d,2,1.500000,0.800000,4,45,15124247717091598372,test,5,0.149556,0.225339,0.320198,0.000000,0.000000,0.000000,0.659641,621942.000000,27190.835938,12.493517,37286,36864
xtensor,meeting01_loso,fsdd,lstm-ae,latency,lstm,1,0.000000,0.000000,5,46,15124247717091598372,val,5,0.012156,0.026781,0.856191,0.000000,0.000000,0.000000,0.000000,11842560.000000,887069.250000,2157.329102,122472,1184256
xtensor,meeting01_loso,fsdd,lstm-ae,latency,lstm,1,0.000000,0.000000,5,46,15124247717091598372,test,5,0.169767,0.210832,0.290571,0.000000,0.000000,0.000000,0.000000,11842560.000000,0.000000,0.000000,122472,1184256
xtensor,meeting01_loso,fsdd,gru-ae,latency,gru,1,0.000000,0.000000,5,46,15124247717091598372,val,5,0.013583,0.033507,0.839307,0.000000,0.000000,0.000000,0.000000,8893440.000000,1416274.000000,3200.101807,93032,889344
xtensor,meeting01_loso,fsdd,gru-ae,latency,gru,1,0.000000,0.000000,5,46,15124247717091598372,test,5,0.131842,0.187070,0.449058,0.000000,0.000000,0.000000,0.000000,8893440.000000,0.000000,0.000000,93032,889344
xtensor,meeting01_loso,fsdd,transformer-ae,latency,transformer,1,0.000000,0.000000,5,46,15124247717091598372,val,5,0.019238,0.050702,0.772402,0.000000,0.000000,0.000000,0.000000,47554560.000000,73171.257812,600.720337,139176,4755456
xtensor,meeting01_loso,fsdd,transformer-ae,latency,transformer,1,0.000000,0.000000,5,46,15124247717091598372,test,5,0.134086,0.209378,0.439645,0.000000,0.000000,0.000000,0.000000,47554560.000000,0.000000,0.000000,139176,4755456
xtensor,meeting01_loso,fsdd,snn-ae,latency,dense,2,0.500000,0.800000,5,46,15124247717091598372,val,5,0.026508,0.067845,0.686382,0.000000,0.000000,0.000000,0.694883,422007.000000,18712.730469,59.378742,37286,36864
xtensor,meeting01_loso,fsdd,snn-ae,latency,dense,2,0.500000,0.900000,5,46,15124247717091598372,val,5,0.032474,0.080628,0.615806,0.000000,0.000000,0.000000,0.651172,418650.000000,16968.873047,11.549714,37286,36864
xtensor,meeting01_loso,fsdd,snn-ae,latency,dense,2,0.500000,0.990000,5,46,15124247717091598372,val,5,0.066218,0.133251,0.216542,0.740741,0.400000,0.519481,0.667760,419924.000000,16338.402344,11.294094,37286,36864
xtensor,meeting01_loso,fsdd,snn-ae,latency,dense,2,1.000000,0.800000,5,46,15124247717091598372,val,5,0.019529,0.048993,0.768967,0.000000,0.000000,0.000000,0.594375,414288.000000,20066.917969,11.713354,37286,36864
xtensor,meeting01_loso,fsdd,snn-ae,latency,dense,2,1.000000,0.900000,5,46,15124247717091598372,val,5,0.026759,0.069226,0.683413,0.000000,0.000000,0.000000,0.650781,418620.000000,17576.755859,12.805258,37286,36864
xtensor,meeting01_loso,fsdd,snn-ae,latency,dense,2,1.000000,0.990000,5,46,15124247717091598372,val,5,0.042941,0.081461,0.491962,0.000000,0.000000,0.000000,0.656029,419023.000000,9850.521484,12.980562,37286,36864
xtensor,meeting01_loso,fsdd,snn-ae,latency,dense,2,1.500000,0.800000,5,46,15124247717091598372,val,5,0.018725,0.056476,0.778465,0.000000,0.000000,0.000000,0.584401,413522.000000,19966.648438,12.579111,37286,36864
xtensor,meeting01_loso,fsdd,snn-ae,latency,dense,2,1.500000,0.900000,5,46,15124247717091598372,val,5,0.028978,0.078594,0.657178,0.000000,0.000000,0.000000,0.568346,412289.000000,19426.328125,11.313930,37286,36864
xtensor,meeting01_loso,fsdd,snn-ae,latency,dense,2,1.500000,0.990000,5,46,15124247717091598372,val,5,0.053666,0.106252,0.365073,0.666667,0.080000,0.142857,0.627018,416795.000000,13933.871094,14.823614,37286,36864
xtensor,meeting01_loso,fsdd,snn-ae,latency,conv1d,2,0.500000,0.800000,5,46,15124247717091598372,val,5,0.019202,0.058284,0.750089,0.000000,0.000000,0.000000,0.555052,411268.000000,11826.613281,12.418477,37286,36864
xtensor,meeting01_loso,fsdd,snn-ae,latency,conv1d,2,0.500000,0.900000,5,46,15124247717091598372,val,5,0.025286,0.067543,0.670910,0.000000,0.000000,0.000000,0.671380,420202.000000,11365.960938,14.305739,37286,36864
xtensor,meeting01_loso,fsdd,snn-ae,latency,conv1d,2,0.500000,0.990000,5,46,15124247717091598372,val,5,0.055489,0.104931,0.277811,0.600000,0.120000,0.200000,0.676693,420610.000000,14322.143555,12.942848,37286,36864
xtensor,meeting01_loso,fsdd,snn-ae,latency,conv1d,2,1.000000,0.800000,5,46,15124247717091598372,val,5,0.016891,0.054049,0.780179,0.000000,0.000000,0.000000,0.579310,413131.000000,13270.783203,12.690092,37286,36864
xtensor,meeting01_loso,fsdd,snn-ae,latency,conv1d,2,1.000000,0.900000,5,46,15124247717091598372,val,5,0.018340,0.050200,0.761325,0.000000,0.000000,0.000000,0.577943,413026.000000,23062.625000,12.512205,37286,36864
xtensor,meeting01_loso,fsdd,snn-ae,latency,conv1d,2,1.000000,0.990000,5,46,15124247717091598372,val,5,0.040233,0.091671,0.476386,0.000000,0.000000,0.000000,0.699310,422347.000000,10445.938477,13.531544,37286,36864
xtensor,meeting01_loso,fsdd,snn-ae,latency,conv1d,2,1.500000,0.800000,5,46,15124247717091598372,val,5,0.015174,0.048781,0.802527,0.000000,0.000000,0.000000,0.604701,415081.000000,19717.351562,13.894302,37286,36864
xtensor,meeting01_loso,fsdd,snn-ae,latency,conv1d,2,1.500000,0.900000,5,46,15124247717091598372,val,5,0.016449,0.048109,0.785936,0.000000,0.000000,0.000000,0.611341,415591.000000,20426.152344,14.167593,37286,36864
xtensor,meeting01_loso,fsdd,snn-ae,latency,conv1d,2,1.500000,0.990000,5,46,15124247717091598372,val,5,0.046540,0.104024,0.394317,0.800000,0.160000,0.266667,0.713672,423450.000000,10841.125000,12.531133,37286,36864
xtensor,meeting01_loso,fsdd,snn-ae,latency,recurrent,2,0.500000,0.800000,5,46,15124247717091598372,val,5,0.022768,0.055450,0.743470,0.000000,0.000000,0.000000,0.611836,415629.000000,141416.265625,1116.078003,37286,36864
xtensor,meeting01_loso,fsdd,snn-ae,latency,recurrent,2,0.500000,0.900000,5,46,15124247717091598372,val,5,0.027602,0.067145,0.697309,0.000000,0.000000,0.000000,0.628698,416924.000000,111666.531250,1009.329163,37286,36864
xtensor,meeting01_loso,fsdd,snn-ae,latency,recurrent,2,0.500000,0.990000,5,46,15124247717091598372,val,5,0.065852,0.113462,0.304944,0.789474,0.300000,0.434783,0.738633,425367.000000,90715.007812,932.924194,37286,36864
xtensor,meeting01_loso,fsdd,snn-ae,latency,recurrent,2,1.000000,0.800000,5,46,15124247717091598372,val,5,0.025873,0.068995,0.600096,0.000000,0.000000,0.000000,0.563333,411904.000000,194998.562500,1033.995972,37286,36864
xtensor,meeting01_loso,fsdd,snn-ae,latency,recurrent,2,1.000000,0.900000,5,46,15124247717091598372,val,5,0.036459,0.095064,0.498249,0.000000,0.000000,0.000000,0.582604,413384.000000,58426.136719,1063.124634,37286,36864
xtensor,meeting01_loso,fsdd,snn-ae,latency,recurrent,2,1.000000,0.990000,5,46,15124247717091598372,val,5,0.047917,0.096515,0.408189,1.000000,0.020000,0.039216,0.656549,419063.000000,70658.250000,1024.502686,37286,36864
xtensor,meeting01_loso,fsdd,snn-ae,latency,recurrent,2,1.500000,0.800000,5,46,15124247717091598372,val,5,0.021890,0.073706,0.463354,0.000000,0.000000,0.000000,0.572461,412605.000000,84344.507812,932.338501,37286,36864
xtensor,meeting01_loso,fsdd,snn-ae,latency,recurrent,2,1.500000,0.900000,5,46,15124247717091598372,val,5,0.026542,0.078534,0.411802,0.000000,0.000000,0.000000,0.610391,415518.000000,76875.664062,991.890137,37286,36864
xtensor,meeting01_loso,fsdd,snn-ae,latency,recurrent,2,1.500000,0.990000,5,46,15124247717091598372,val,5,0.043724,0.090535,0.183867,0.000000,0.000000,0.000000,0.676680,420609.000000,51419.625000,1042.602661,37286,36864
xtensor,meeting01_loso,fsdd,snn-ae,latency,conv1d,2,1.500000,0.800000,5,46,15124247717091598372,test,5,0.168094,0.241295,0.235843,0.000000,0.000000,0.000000,0.654529,619979.000000,28333.230469,13.441430,37286,36864
