backend,profile,dataset,model,encoding,architecture,layers,v_th,alpha,run,seed,config_hash,split,cv_fold,mse,mae,r2,precision,recall,f1,spike_rate,energy,train_ms,infer_ms,param_count,macs
xtensor,meeting01_loso,fsdd,lstm-ae,direct,lstm,1,0.000000,0.000000,1,42,8220174658283660206,val,1,0.010578,0.038897,0.989422,0.000000,0.000000,0.000000,0.000000,11842560.000000,645696.687500,2251.277100,122472,1184256
xtensor,meeting01_loso,fsdd,lstm-ae,direct,lstm,1,0.000000,0.000000,1,42,8220174658283660206,test,1,1.320329,0.694479,-0.320211,0.000000,0.000000,0.000000,0.000000,11842560.000000,0.000000,0.000000,122472,1184256
xtensor,meeting01_loso,fsdd,gru-ae,direct,gru,1,0.000000,0.000000,1,42,8220174658283660206,val,1,0.011480,0.042985,0.988520,0.000000,0.000000,0.000000,0.000000,8893440.000000,615239.375000,2968.905762,93032,889344
xtensor,meeting01_loso,fsdd,gru-ae,direct,gru,1,0.000000,0.000000,1,42,8220174658283660206,test,1,1.329882,0.695758,-0.329764,0.000000,0.000000,0.000000,0.000000,8893440.000000,0.000000,0.000000,93032,889344
xtensor,meeting01_loso,fsdd,transformer-ae,direct,transformer,1,0.000000,0.000000,1,42,8220174658283660206,val,1,0.014375,0.036203,0.985626,0.000000,0.000000,0.000000,0.000000,47554560.000000,90399.250000,414.324982,139176,4755456
xtensor,meeting01_loso,fsdd,transformer-ae,direct,transformer,1,0.000000,0.000000,1,42,8220174658283660206,test,1,1.338702,0.695220,-0.338583,0.000000,0.000000,0.000000,0.000000,47554560.000000,0.000000,0.000000,139176,4755456
xtensor,meeting01_loso,fsdd,snn-ae,direct,dense,2,0.500000,0.800000,1,42,8220174658283660206,val,1,0.017256,0.068774,0.982744,1.000000,0.020000,0.039216,0.061211,373341.000000,9583.763672,10.380163,37286,36864
xtensor,meeting01_loso,fsdd,snn-ae,direct,dense,2,0.500000,0.900000,1,42,8220174658283660206,val,1,0.016785,0.059683,0.983215,1.000000,0.020000,0.039216,0.047487,372287.000000,10347.100586,12.717836,37286,36864
xtensor,meeting01_loso,fsdd,snn-ae,direct,dense,2,0.500000,0.990000,1,42,8220174658283660206,val,1,0.012540,0.038383,0.987460,1.000000,0.020000,0.039216,0.047617,372297.000000,19139.173828,10.417529,37286,36864
xtensor,meeting01_loso,fsdd,snn-ae,direct,dense,2,1.000000,0.800000,1,42,8220174658283660206,val,1,0.024660,0.093702,0.975339,1.000000,0.020000,0.039216,0.081276,374882.000000,9789.639648,10.276368,37286,36864
xtensor,meeting01_loso,fsdd,snn-ae,direct,dense,2,1.000000,0.900000,1,42,8220174658283660206,val,1,0.012957,0.047318,0.987043,1.000000,0.020000,0.039216,0.047695,372303.000000,22745.900391,10.867366,37286,36864
xtensor,meeting01_loso,fsdd,snn-ae,direct,dense,2,1.000000,0.990000,1,42,8220174658283660206,val,1,0.013469,0.047910,0.986531,1.000000,0.020000,0.039216,0.047174,372263.000000,9431.136719,11.621300,37286,36864
xtensor,meeting01_loso,fsdd,snn-ae,direct,dense,2,1.500000,0.800000,1,42,8220174658283660206,val,1,0.013530,0.053471,0.986470,1.000000,0.020000,0.039216,0.050052,372484.000000,9421.731445,10.048766,37286,36864
xtensor,meeting01_loso,fsdd,snn-ae,direct,dense,2,1.500000,0.900000,1,42,8220174658283660206,val,1,0.015918,0.065491,0.984082,1.000000,0.020000,0.039216,0.047461,372285.000000,9821.846680,10.376183,37286,36864
xtensor,meeting01_loso,fsdd,snn-ae,direct,dense,2,1.500000,0.990000,1,42,8220174658283660206,val,1,0.015984,0.057787,0.984016,1.000000,0.020000,0.039216,0.048464,372362.000000,9833.420898,11.551746,37286,36864
xtensor,meeting01_loso,fsdd,snn-ae,direct,conv1d,2,0.500000,0.800000,1,42,8220174658283660206,val,1,0.007378,0.052511,0.990135,1.000000,0.020000,0.039216,0.075065,374405.000000,9867.909180,13.226672,37286,36864
xtensor,meeting01_loso,fsdd,snn-ae,direct,conv1d,2,0.500000,0.900000,1,42,8220174658283660206,val,1,0.019424,0.093754,0.974026,1.000000,0.020000,0.039216,0.118698,377756.000000,9572.410156,12.833052,37286,36864
xtensor,meeting01_loso,fsdd,snn-ae,direct,conv1d,2,0.500000,0.990000,1,42,8220174658283660206,val,1,0.005643,0.043173,0.992453,1.000000,0.020000,0.039216,0.074857,374389.000000,14240.081055,12.006139,37286,36864
xtensor,meeting01_loso,fsdd,snn-ae,direct,conv1d,2,1.000000,0.800000,1,42,8220174658283660206,val,1,0.006393,0.043102,0.991451,1.000000,0.020000,0.039216,0.075443,374434.000000,9988.459961,12.767687,37286,36864
xtensor,meeting01_loso,fsdd,snn-ae,direct,conv1d,2,1.000000,0.900000,1,42,8220174658283660206,val,1,0.007739,0.052898,0.989651,1.000000,0.020000,0.039216,0.075156,374412.000000,9915.294922,12.409406,37286,36864
xtensor,meeting01_loso,fsdd,snn-ae,direct,conv1d,2,1.000000,0.990000,1,42,8220174658283660206,val,1,0.005637,0.041389,0.992463,1.000000,0.020000,0.039216,0.074492,374361.000000,14845.779297,59.789368,37286,36864
xtensor,meeting01_loso,fsdd,snn-ae,direct,conv1d,2,1.500000,0.800000,1,42,8220174658283660206,val,1,0.006730,0.045202,0.991000,1.000000,0.040000,0.076923,0.076484,374514.000000,9841.892578,11.723713,37286,36864
xtensor,meeting01_loso,fsdd,snn-ae,direct,conv1d,2,1.500000,0.900000,1,42,8220174658283660206,val,1,0.008420,0.055046,0.988740,1.000000,0.020000,0.039216,0.075286,374422.000000,10197.992188,11.841397,37286,36864
xtensor,meeting01_loso,fsdd,snn-ae,direct,conv1d,2,1.500000,0.990000,1,42,8220174658283660206,val,1,0.006810,0.047862,0.990893,1.000000,0.020000,0.039216,0.075156,374412.000000,9925.401367,13.434402,37286,36864
xtensor,meeting01_loso,fsdd,snn-ae,direct,recurrent,2,0.500000,0.800000,1,42,8220174658283660206,val,1,0.000664,0.009193,0.992733,1.000000,0.020000,0.039216,0.477174,405287.000000,122501.046875,891.273560,37286,36864
xtensor,meeting01_loso,fsdd,snn-ae,direct,recurrent,2,0.500000,0.900000,1,42,8220174658283660206,val,1,0.000808,0.008326,0.992423,1.000000,0.020000,0.039216,0.532891,409566.000000,70582.906250,936.884399,37286,36864
xtensor,meeting01_loso,fsdd,snn-ae,direct,recurrent,2,0.500000,0.990000,1,42,8220174658283660206,val,1,0.001879,0.017235,0.989429,0.000000,0.000000,0.000000,0.594271,414280.000000,70146.226562,865.763977,37286,36864
xtensor,meeting01_loso,fsdd,snn-ae,direct,recurrent,2,1.000000,0.800000,1,42,8220174658283660206,val,1,0.000236,0.004519,0.996868,0.000000,0.000000,0.000000,0.411185,400219.000000,69370.085938,838.857422,37286,36864
xtensor,meeting01_loso,fsdd,snn-ae,direct,recurrent,2,1.000000,0.900000,1,42,8220174658283660206,val,1,0.000808,0.005893,0.991162,1.000000,0.020000,0.039216,0.589935,413947.000000,91405.859375,911.711609,37286,36864
xtensor,meeting01_loso,fsdd,snn-ae,direct,recurrent,2,1.000000,0.990000,1,42,8220174658283660206,val,1,0.002219,0.005189,0.982619,0.000000,0.000000,0.000000,0.559310,411595.000000,64345.390625,881.832214,37286,36864
xtensor,meeting01_loso,fsdd,snn-ae,direct,recurrent,2,1.500000,0.800000,1,42,8220174658283660206,val,1,0.000217,0.007535,0.996644,0.000000,0.000000,0.000000,0.452852,403419.000000,85791.085938,891.445007,37286,36864
xtensor,meeting01_loso,fsdd,snn-ae,direct,recurrent,2,1.500000,0.900000,1,42,8220174658283660206,val,1,0.000440,0.003899,0.994174,0.000000,0.000000,0.000000,0.438086,402285.000000,79294.617188,1016.474731,37286,36864
xtensor,meeting01_loso,fsdd,snn-ae,direct,recurrent,2,1.500000,0.990000,1,42,8220174658283660206,val,1,0.000276,0.002768,0.997217,0.000000,0.000000,0.000000,0.537070,409887.000000,158955.078125,870.825256,37286,36864
xtensor,meeting01_loso,fsdd,snn-ae,direct,recurrent,2,1.500000,0.800000,1,42,8220174658283660206,test,1,0.309672,0.356828,-2.564582,0.000000,0.000000,0.000000,0.532948,573292.000000,188468.343750,1058.965454,37286,36864
xtensor,meeting01_loso,fsdd,lstm-ae,direct,lstm,1,0.000000,0.000000,2,43,8220174658283660206,val,1,0.010578,0.038897,0.989422,0.000000,0.000000,0.000000,0.000000,11842560.000000,663165.625000,1999.068970,122472,1184256
xtensor,meeting01_loso,fsdd,lstm-ae,direct,lstm,1,0.000000,0.000000,2,43,8220174658283660206,test,1,1.320329,0.694479,-0.320211,0.000000,0.000000,0.000000,0.000000,11842560.000000,0.000000,0.000000,122472,1184256
xtensor,meeting01_loso,fsdd,gru-ae,direct,gru,1,0.000000,0.000000,2,43,8220174658283660206,val,1,0.011480,0.042985,0.988520,0.000000,0.000000,0.000000,0.000000,8893440.000000,730857.875000,3215.999268,93032,889344
xtensor,meeting01_loso,fsdd,gru-ae,direct,gru,1,0.000000,0.000000,2,43,8220174658283660206,test,1,1.329882,0.695758,-0.329764,0.000000,0.000000,0.000000,0.000000,8893440.000000,0.000000,0.000000,93032,889344
xtensor,meeting01_loso,fsdd,transformer-ae,direct,transformer,1,0.000000,0.000000,2,43,8220174658283660206,val,1,0.014375,0.036203,0.985626,0.000000,0.000000,0.000000,0.000000,47554560.000000,147029.062500,642.450928,139176,4755456
xtensor,meeting01_loso,fsdd,transformer-ae,direct,transformer,1,0.000000,0.000000,2,43,8220174658283660206,test,1,1.338702,0.695220,-0.338583,0.000000,0.000000,0.000000,0.000000,47554560.000000,0.000000,0.000000,139176,4755456
xtensor,meeting01_loso,fsdd,snn-ae,direct,dense,2,0.500000,0.800000,2,43,8220174658283660206,val,1,0.015070,0.059519,0.984930,1.000000,0.020000,0.039216,0.047956,372323.000000,17302.640625,11.382042,37286,36864
xtensor,meeting01_loso,fsdd,snn-ae,direct,dense,2,0.500000,0.900000,2,43,8220174658283660206,val,1,0.018065,0.073449,0.981935,1.000000,0.040000,0.076923,0.052018,372635.000000,12137.867188,26.385796,37286,36864
xtensor,meeting01_loso,fsdd,snn-ae,direct,dense,2,0.500000,0.990000,2,43,8220174658283660206,val,1,0.014356,0.055064,0.985644,1.000000,0.020000,0.039216,0.052318,372658.000000,44831.812500,33.628525,37286,36864
xtensor,meeting01_loso,fsdd,snn-ae,direct,dense,2,1.000000,0.800000,2,43,8220174658283660206,val,1,0.017604,0.069890,0.982396,1.000000,0.020000,0.039216,0.050820,372543.000000,11875.048828,11.975275,37286,36864
xtensor,meeting01_loso,fsdd,snn-ae,direct,dense,2,1.000000,0.900000,2,43,8220174658283660206,val,1,0.015398,0.061664,0.984602,1.000000,0.020000,0.039216,0.047031,372252.000000,11061.138672,12.378263,37286,36864
xtensor,meeting01_loso,fsdd,snn-ae,direct,dense,2,1.000000,0.990000,2,43,8220174658283660206,val,1,0.014373,0.050709,0.985627,1.000000,0.020000,0.039216,0.047435,372283.000000,12091.818359,12.198070,37286,36864
xtensor,meeting01_loso,fsdd,snn-ae,direct,dense,2,1.500000,0.800000,2,43,8220174658283660206,val,1,0.019472,0.075105,0.980527,1.000000,0.020000,0.039216,0.066654,373759.000000,11553.406250,11.677050,37286,36864
xtensor,meeting01_loso,fsdd,snn-ae,direct,dense,2,1.500000,0.900000,2,43,8220174658283660206,val,1,0.017977,0.064312,0.982023,1.000000,0.020000,0.039216,0.048151,372338.000000,11320.071289,12.873370,37286,36864
xtensor,meeting01_loso,fsdd,snn-ae,direct,dense,2,1.500000,0.990000,2,43,8220174658283660206,val,1,0.015226,0.056287,0.984773,1.000000,0.020000,0.039216,0.051159,372569.000000,15351.580078,12.149250,37286,36864
xtensor,meeting01_loso,fsdd,snn-ae,direct,conv1d,2,0.500000,0.800000,2,43,8220174658283660206,val,1,0.009006,0.060248,0.987957,1.000000,0.020000,0.039216,0.082813,375000.000000,13733.685547,12.216647,37286,36864
xtensor,meeting01_loso,fsdd,snn-ae,direct,conv1d,2,0.500000,0.900000,2,43,8220174658283660206,val,1,0.005040,0.033500,0.993261,1.000000,0.020000,0.039216,0.075026,374402.000000,19960.214844,46.520813,37286,36864
xtensor,meeting01_loso,fsdd,snn-ae,direct,conv1d,2,0.500000,0.990000,2,43,8220174658283660206,val,1,0.005943,0.041859,0.992053,1.000000,0.020000,0.039216,0.075195,374415.000000,10167.196289,20.710171,37286,36864
xtensor,meeting01_loso,fsdd,snn-ae,direct,conv1d,2,1.000000,0.800000,2,43,8220174658283660206,val,1,0.007073,0.049741,0.990541,1.000000,0.020000,0.039216,0.075156,374412.000000,9865.541016,12.803736,37286,36864
xtensor,meeting01_loso,fsdd,snn-ae,direct,conv1d,2,1.000000,0.900000,2,43,8220174658283660206,val,1,0.006445,0.045901,0.991382,1.000000,0.020000,0.039216,0.075065,374405.000000,9817.291016,11.561671,37286,36864
xtensor,meeting01_loso,fsdd,snn-ae,direct,conv1d,2,1.000000,0.990000,2,43,8220174658283660206,val,1,0.009572,0.060922,0.987200,1.000000,0.020000,0.039216,0.078359,374658.000000,9914.672852,13.455708,37286,36864
xtensor,meeting01_loso,fsdd,snn-ae,direct,conv1d,2,1.500000,0.800000,2,43,8220174658283660206,val,1,0.008276,0.053255,0.988933,1.000000,0.020000,0.039216,0.082656,374988.000000,8740.834961,11.977578,37286,36864
xtensor,meeting01_loso,fsdd,snn-ae,direct,conv1d,2,1.500000,0.900000,2,43,8220174658283660206,val,1,0.007460,0.050670,0.990024,1.000000,0.020000,0.039216,0.076367,374505.000000,10034.788086,14.001591,37286,36864
xtensor,meeting01_loso,fsdd,snn-ae,direct,conv1d,2,1.500000,0.990000,2,43,8220174658283660206,val,1,0.011398,0.072082,0.984758,1.000000,0.020000,0.039216,0.082266,374958.000000,10355.459961,13.200856,37286,36864
xtensor,meeting01_loso,fsdd,snn-ae,direct,recurrent,2,0.500000,0.800000,2,43,8220174658283660206,val,1,0.000705,0.006349,0.992291,1.000000,0.020000,0.039216,0.457682,403790.000000,152556.000000,836.997803,37286,36864
xtensor,meeting01_loso,fsdd,snn-ae,direct,recurrent,2,0.500000,0.900000,2,43,8220174658283660206,val,1,0.000933,0.006934,0.991251,1.000000,0.020000,0.039216,0.441914,402579.000000,86300.281250,1652.671509,37286,36864
xtensor,meeting01_loso,fsdd,snn-ae,direct,recurrent,2,0.500000,0.990000,2,43,8220174658283660206,val,1,0.000708,0.003508,0.996018,0.000000,0.000000,0.000000,0.598789,414627.000000,110589.609375,1483.683228,37286,36864
xtensor,meeting01_loso,fsdd,snn-ae,direct,recurrent,2,1.000000,0.800000,2,43,8220174658283660206,val,1,0.000229,0.003456,0.996959,0.000000,0.000000,0.000000,0.330013,393985.000000,105524.742188,1985.328369,37286,36864
xtensor,meeting01_loso,fsdd,snn-ae,direct,recurrent,2,1.000000,0.900000,2,43,8220174658283660206,val,1,0.000422,0.003202,0.995383,0.000000,0.000000,0.000000,0.438268,402299.000000,170521.578125,845.529358,37286,36864
xtensor,meeting01_loso,fsdd,snn-ae,direct,recurrent,2,1.000000,0.990000,2,43,8220174658283660206,val,1,0.001661,0.002940,0.986987,0.000000,0.000000,0.000000,0.532070,409503.000000,54972.824219,834.234741,37286,36864
xtensor,meeting01_loso,fsdd,snn-ae,direct,recurrent,2,1.500000,0.800000,2,43,8220174658283660206,val,1,0.000329,0.013035,0.994925,0.000000,0.000000,0.000000,0.519349,408526.000000,135972.203125,988.934143,37286,36864
xtensor,meeting01_loso,fsdd,snn-ae,direct,recurrent,2,1.500000,0.900000,2,43,8220174658283660206,val,1,0.000350,0.002730,0.995365,0.000000,0.000000,0.000000,0.461836,404109.000000,65425.597656,1010.186218,37286,36864
xtensor,meeting01_loso,fsdd,snn-ae,direct,recurrent,2,1.500000,0.990000,2,43,8220174658283660206,val,1,0.000031,0.002272,0.999685,0.000000,0.000000,0.000000,0.599271,414664.000000,131613.500000,1583.219360,37286,36864
xtensor,meeting01_loso,fsdd,snn-ae,direct,recurrent,2,1.500000,0.990000,2,43,8220174658283660206,test,1,0.053609,0.094223,0.062461,0.000000,0.000000,0.000000,0.544391,577686.000000,98827.070312,1186.864990,37286,36864
xtensor,meeting01_loso,fsdd,lstm-ae,direct,lstm,1,0.000000,0.000000,3,44,8220174658283660206,val,1,0.010578,0.038897,0.989422,0.000000,0.000000,0.000000,0.000000,11842560.000000,699020.500000,1859.901855,122472,1184256
xtensor,meeting01_loso,fsdd,lstm-ae,direct,lstm,1,0.000000,0.000000,3,44,8220174658283660206,test,1,1.320329,0.694479,-0.320211,0.000000,0.000000,0.000000,0.000000,11842560.000000,0.000000,0.000000,122472,1184256
xtensor,meeting01_loso,fsdd,gru-ae,direct,gru,1,0.000000,0.000000,3,44,8220174658283660206,val,1,0.011480,0.042985,0.988520,0.000000,0.000000,0.000000,0.000000,8893440.000000,689614.687500,3579.773438,93032,889344
xtensor,meeting01_loso,fsdd,gru-ae,direct,gru,1,0.000000,0.000000,3,44,8220174658283660206,test,1,1.329882,0.695758,-0.329764,0.000000,0.000000,0.000000,0.000000,8893440.000000,0.000000,0.000000,93032,889344
xtensor,meeting01_loso,fsdd,transformer-ae,direct,transformer,1,0.000000,0.000000,3,44,8220174658283660206,val,1,0.014375,0.036203,0.985626,0.000000,0.000000,0.000000,0.000000,47554560.000000,104516.609375,568.149414,139176,4755456
xtensor,meeting01_loso,fsdd,transformer-ae,direct,transformer,1,0.000000,0.000000,3,44,8220174658283660206,test,1,1.338702,0.695220,-0.338583,0.000000,0.000000,0.000000,0.000000,47554560.000000,0.000000,0.000000,139176,4755456
xtensor,meeting01_loso,fsdd,snn-ae,direct,dense,2,0.500000,0.800000,3,44,8220174658283660206,val,1,0.015865,0.059369,0.984135,1.000000,0.020000,0.039216,0.053424,372743.000000,11577.087891,13.514411,37286,36864
xtensor,meeting01_loso,fsdd,snn-ae,direct,dense,2,0.500000,0.900000,3,44,8220174658283660206,val,1,0.018845,0.073400,0.981155,1.000000,0.020000,0.039216,0.052513,372673.000000,12549.143555,10.412382,37286,36864
xtensor,meeting01_loso,fsdd,snn-ae,direct,dense,2,0.500000,0.990000,3,44,8220174658283660206,val,1,0.017994,0.067666,0.982006,1.000000,0.020000,0.039216,0.062122,373411.000000,9936.141602,13.782743,37286,36864
xtensor,meeting01_loso,fsdd,snn-ae,direct,dense,2,1.000000,0.800000,3,44,8220174658283660206,val,1,0.014657,0.040832,0.985343,1.000000,0.040000,0.076923,0.049505,372442.000000,44268.765625,11.928649,37286,36864
xtensor,meeting01_loso,fsdd,snn-ae,direct,dense,2,1.000000,0.900000,3,44,8220174658283660206,val,1,0.011591,0.040334,0.988409,1.000000,0.020000,0.039216,0.047669,372301.000000,25345.042969,10.902811,37286,36864
xtensor,meeting01_loso,fsdd,snn-ae,direct,dense,2,1.000000,0.990000,3,44,8220174658283660206,val,1,0.023492,0.077052,0.976508,1.000000,0.020000,0.039216,0.074896,374392.000000,11002.730469,10.895896,37286,36864
xtensor,meeting01_loso,fsdd,snn-ae,direct,dense,2,1.500000,0.800000,3,44,8220174658283660206,val,1,0.020216,0.077631,0.979783,1.000000,0.020000,0.039216,0.066823,373772.000000,9955.487305,10.488299,37286,36864
xtensor,meeting01_loso,fsdd,snn-ae,direct,dense,2,1.500000,0.900000,3,44,8220174658283660206,val,1,0.014308,0.050506,0.985692,1.000000,0.020000,0.039216,0.049297,372426.000000,10673.336914,12.516996,37286,36864
xtensor,meeting01_loso,fsdd,snn-ae,direct,dense,2,1.500000,0.990000,3,44,8220174658283660206,val,1,0.016138,0.060546,0.983862,1.000000,0.020000,0.039216,0.047904,372319.000000,10265.049805,13.170088,37286,36864
xtensor,meeting01_loso,fsdd,snn-ae,direct,conv1d,2,0.500000,0.800000,3,44,8220174658283660206,val,1,0.007278,0.051814,0.990267,1.000000,0.020000,0.039216,0.074570,374367.000000,10627.686523,13.253829,37286,36864
xtensor,meeting01_loso,fsdd,snn-ae,direct,conv1d,2,0.500000,0.900000,3,44,8220174658283660206,val,1,0.005510,0.033770,0.992632,1.000000,0.020000,0.039216,0.074219,374340.000000,40084.375000,47.943531,37286,36864
xtensor,meeting01_loso,fsdd,snn-ae,direct,conv1d,2,0.500000,0.990000,3,44,8220174658283660206,val,1,0.004523,0.028022,0.993951,1.000000,0.020000,0.039216,0.074674,374375.000000,38887.734375,12.748312,37286,36864
xtensor,meeting01_loso,fsdd,snn-ae,direct,conv1d,2,1.000000,0.800000,3,44,8220174658283660206,val,1,0.006875,0.049918,0.990806,1.000000,0.020000,0.039216,0.074831,374387.000000,10131.644531,24.611937,37286,36864
xtensor,meeting01_loso,fsdd,snn-ae,direct,conv1d,2,1.000000,0.900000,3,44,8220174658283660206,val,1,0.006782,0.046001,0.990932,1.000000,0.020000,0.039216,0.074740,374380.000000,11103.282227,11.276603,37286,36864
xtensor,meeting01_loso,fsdd,snn-ae,direct,conv1d,2,1.000000,0.990000,3,44,8220174658283660206,val,1,0.005954,0.040963,0.992038,1.000000,0.020000,0.039216,0.074414,374355.000000,11121.087891,12.174351,37286,36864
xtensor,meeting01_loso,fsdd,snn-ae,direct,conv1d,2,1.500000,0.800000,3,44,8220174658283660206,val,1,0.005223,0.032350,0.993015,1.000000,0.040000,0.076923,0.076497,374515.000000,30543.140625,11.716258,37286,36864
xtensor,meeting01_loso,fsdd,snn-ae,direct,conv1d,2,1.500000,0.900000,3,44,8220174658283660206,val,1,0.007184,0.051207,0.990394,1.000000,0.020000,0.039216,0.075521,374440.000000,10602.491211,13.180214,37286,36864
xtensor,meeting01_loso,fsdd,snn-ae,direct,conv1d,2,1.500000,0.990000,3,44,8220174658283660206,val,1,0.005712,0.042950,0.992362,1.000000,0.020000,0.039216,0.074531,374364.000000,14916.024414,12.651231,37286,36864
xtensor,meeting01_loso,fsdd,snn-ae,direct,recurrent,2,0.500000,0.800000,3,44,8220174658283660206,val,1,0.000747,0.009414,0.991825,1.000000,0.020000,0.039216,0.371927,397204.000000,73127.203125,882.164062,37286,36864
xtensor,meeting01_loso,fsdd,snn-ae,direct,recurrent,2,0.500000,0.900000,3,44,8220174658283660206,val,1,0.001164,0.008291,0.989079,1.000000,0.020000,0.039216,0.426406,401388.000000,69690.890625,1019.333008,37286,36864
xtensor,meeting01_loso,fsdd,snn-ae,direct,recurrent,2,0.500000,0.990000,3,44,8220174658283660206,val,1,0.001751,0.005916,0.990151,1.000000,0.020000,0.039216,0.583659,413465.000000,115048.226562,872.979675,37286,36864
xtensor,meeting01_loso,fsdd,snn-ae,direct,recurrent,2,1.000000,0.800000,3,44,8220174658283660206,val,1,0.000776,0.006670,0.989715,1.000000,0.020000,0.039216,0.435352,402075.000000,106755.054688,1063.142334,37286,36864
xtensor,meeting01_loso,fsdd,snn-ae,direct,recurrent,2,1.000000,0.900000,3,44,8220174658283660206,val,1,0.000395,0.005003,0.995674,0.000000,0.000000,0.000000,0.454987,403583.000000,70224.796875,899.955139,37286,36864
xtensor,meeting01_loso,fsdd,snn-ae,direct,recurrent,2,1.000000,0.990000,3,44,8220174658283660206,val,1,0.001775,0.002841,0.986098,0.000000,0.000000,0.000000,0.539609,410082.000000,62998.816406,847.994446,37286,36864
xtensor,meeting01_loso,fsdd,snn-ae,direct,recurrent,2,1.500000,0.800000,3,44,8220174658283660206,val,1,0.000215,0.006906,0.996686,0.000000,0.000000,0.000000,0.444232,402757.000000,87772.601562,946.610291,37286,36864
xtensor,meeting01_loso,fsdd,snn-ae,direct,recurrent,2,1.500000,0.900000,3,44,8220174658283660206,val,1,0.000479,0.005168,0.993664,0.000000,0.000000,0.000000,0.539245,410054.000000,90312.875000,858.872742,37286,36864
xtensor,meeting01_loso,fsdd,snn-ae,direct,recurrent,2,1.500000,0.990000,3,44,8220174658283660206,val,1,0.000603,0.002886,0.993927,0.000000,0.000000,0.000000,0.567669,412237.000000,49971.015625,1029.177734,37286,36864
xtensor,meeting01_loso,fsdd,snn-ae,direct,recurrent,2,1.500000,0.800000,3,44,8220174658283660206,test,1,0.322110,0.374469,-2.707601,0.000000,0.000000,0.000000,0.495607,558953.000000,113945.851562,899.399719,37286,36864
xtensor,meeting01_loso,fsdd,lstm-ae,direct,lstm,1,0.000000,0.000000,4,45,8220174658283660206,val,1,0.010578,0.038897,0.989422,0.000000,0.000000,0.000000,0.000000,11842560.000000,607741.437500,2089.277588,122472,1184256
xtensor,meeting01_loso,fsdd,lstm-ae,direct,lstm,1,0.000000,0.000000,4,45,8220174658283660206,test,1,1.320329,0.694479,-0.320211,0.000000,0.000000,0.000000,0.000000,11842560.000000,0.000000,0.000000,122472,1184256
xtensor,meeting01_loso,fsdd,gru-ae,direct,gru,1,0.000000,0.000000,4,45,8220174658283660206,val,1,0.011480,0.042985,0.988520,0.000000,0.000000,0.000000,0.000000,8893440.000000,652052.500000,3282.304932,93032,889344
xtensor,meeting01_loso,fsdd,gru-ae,direct,gru,1,0.000000,0.000000,4,45,8220174658283660206,test,1,1.329882,0.695758,-0.329764,0.000000,0.000000,0.000000,0.000000,8893440.000000,0.000000,0.000000,93032,889344
xtensor,meeting01_loso,fsdd,transformer-ae,direct,transformer,1,0.000000,0.000000,4,45,8220174658283660206,val,1,0.014375,0.036203,0.985626,0.000000,0.000000,0.000000,0.000000,47554560.000000,100113.445312,418.003906,139176,4755456
xtensor,meeting01_loso,fsdd,transformer-ae,direct,transformer,1,0.000000,0.000000,4,45,8220174658283660206,test,1,1.338702,0.695220,-0.338583,0.000000,0.000000,0.000000,0.000000,47554560.000000,0.000000,0.000000,139176,4755456
xtensor,meeting01_loso,fsdd,snn-ae,direct,dense,2,0.500000,0.800000,4,45,8220174658283660206,val,1,0.016265,0.067897,0.983735,1.000000,0.020000,0.039216,0.061953,373398.000000,10196.530273,11.728065,37286,36864
xtensor,meeting01_loso,fsdd,snn-ae,direct,dense,2,0.500000,0.900000,4,45,8220174658283660206,val,1,0.015374,0.058486,0.984626,1.000000,0.020000,0.039216,0.047409,372281.000000,10254.978516,11.555137,37286,36864
xtensor,meeting01_loso,fsdd,snn-ae,direct,dense,2,0.500000,0.990000,4,45,8220174658283660206,val,1,0.011953,0.044378,0.988047,1.000000,0.020000,0.039216,0.047578,372294.000000,19608.535156,10.792043,37286,36864
xtensor,meeting01_loso,fsdd,snn-ae,direct,dense,2,1.000000,0.800000,4,45,8220174658283660206,val,1,0.021816,0.081560,0.978184,1.000000,0.020000,0.039216,0.077552,374596.000000,10505.716797,29.075472,37286,36864
xtensor,meeting01_loso,fsdd,snn-ae,direct,dense,2,1.000000,0.900000,4,45,8220174658283660206,val,1,0.016163,0.062564,0.983837,1.000000,0.020000,0.039216,0.048307,372350.000000,10663.444336,10.341773,37286,36864
xtensor,meeting01_loso,fsdd,snn-ae,direct,dense,2,1.000000,0.990000,4,45,8220174658283660206,val,1,0.016195,0.060496,0.983805,1.000000,0.020000,0.039216,0.048398,372357.000000,10147.608398,42.437767,37286,36864
xtensor,meeting01_loso,fsdd,snn-ae,direct,dense,2,1.500000,0.800000,4,45,8220174658283660206,val,1,0.018682,0.070244,0.981317,1.000000,0.020000,0.039216,0.057240,373036.000000,10752.312500,10.316699,37286,36864
xtensor,meeting01_loso,fsdd,snn-ae,direct,dense,2,1.500000,0.900000,4,45,8220174658283660206,val,1,0.013735,0.049204,0.986265,1.000000,0.020000,0.039216,0.048464,372362.000000,10684.227539,10.638251,37286,36864
xtensor,meeting01_loso,fsdd,snn-ae,direct,dense,2,1.500000,0.990000,4,45,8220174658283660206,val,1,0.014258,0.052238,0.985742,1.000000,0.020000,0.039216,0.047539,372291.000000,10674.445312,11.109265,37286,36864
xtensor,meeting01_loso,fsdd,snn-ae,direct,conv1d,2,0.500000,0.800000,4,45,8220174658283660206,val,1,0.006571,0.047047,0.991214,1.000000,0.040000,0.076923,0.075469,374436.000000,14692.078125,15.655345,37286,36864
xtensor,meeting01_loso,fsdd,snn-ae,direct,conv1d,2,0.500000,0.900000,4,45,8220174658283660206,val,1,0.008946,0.059680,0.988038,1.000000,0.020000,0.039216,0.075898,374469.000000,10311.740234,11.401413,37286,36864
xtensor,meeting01_loso,fsdd,snn-ae,direct,conv1d,2,0.500000,0.990000,4,45,8220174658283660206,val,1,0.005231,0.039824,0.993005,1.000000,0.020000,0.039216,0.074844,374388.000000,15606.416016,11.584190,37286,36864
xtensor,meeting01_loso,fsdd,snn-ae,direct,conv1d,2,1.000000,0.800000,4,45,8220174658283660206,val,1,0.006972,0.047431,0.990677,1.000000,0.040000,0.076923,0.075547,374442.000000,11226.908203,12.025171,37286,36864
xtensor,meeting01_loso,fsdd,snn-ae,direct,conv1d,2,1.000000,0.900000,4,45,8220174658283660206,val,1,0.006077,0.041310,0.991874,1.000000,0.020000,0.039216,0.075990,374476.000000,10268.397461,32.913910,37286,36864
xtensor,meeting01_loso,fsdd,snn-ae,direct,conv1d,2,1.000000,0.990000,4,45,8220174658283660206,val,1,0.005114,0.033977,0.993161,1.000000,0.020000,0.039216,0.074219,374340.000000,38508.125000,12.774505,37286,36864
xtensor,meeting01_loso,fsdd,snn-ae,direct,conv1d,2,1.500000,0.800000,4,45,8220174658283660206,val,1,0.008006,0.054864,0.989294,1.000000,0.020000,0.039216,0.089714,375530.000000,9312.037109,35.040806,37286,36864
xtensor,meeting01_loso,fsdd,snn-ae,direct,conv1d,2,1.500000,0.900000,4,45,8220174658283660206,val,1,0.010259,0.061553,0.986282,1.000000,0.020000,0.039216,0.074753,374381.000000,10972.114258,12.964824,37286,36864
xtensor,meeting01_loso,fsdd,snn-ae,direct,conv1d,2,1.500000,0.990000,4,45,8220174658283660206,val,1,0.009591,0.062828,0.987174,1.000000,0.020000,0.039216,0.074609,374370.000000,10186.274414,11.775207,37286,36864
xtensor,meeting01_loso,fsdd,snn-ae,direct,recurrent,2,0.500000,0.800000,4,45,8220174658283660206,val,1,0.000783,0.008178,0.991433,1.000000,0.020000,0.039216,0.659909,419321.000000,98227.117188,955.906311,37286,36864
xtensor,meeting01_loso,fsdd,snn-ae,direct,recurrent,2,0.500000,0.900000,4,45,8220174658283660206,val,1,0.000711,0.008599,0.993334,0.000000,0.000000,0.000000,0.702839,422618.000000,165586.359375,909.837524,37286,36864
xtensor,meeting01_loso,fsdd,snn-ae,direct,recurrent,2,0.500000,0.990000,4,45,8220174658283660206,val,1,0.001661,0.015782,0.990653,0.000000,0.000000,0.000000,0.615885,415940.000000,120439.390625,1523.999390,37286,36864
xtensor,meeting01_loso,fsdd,snn-ae,direct,recurrent,2,1.000000,0.800000,4,45,8220174658283660206,val,1,0.000315,0.004292,0.995827,0.000000,0.000000,0.000000,0.357734,396114.000000,109225.976562,933.662537,37286,36864
xtensor,meeting01_loso,fsdd,snn-ae,direct,recurrent,2,1.000000,0.900000,4,45,8220174658283660206,val,1,0.000397,0.004494,0.995651,0.000000,0.000000,0.000000,0.368828,396966.000000,73224.859375,919.399231,37286,36864
xtensor,meeting01_loso,fsdd,snn-ae,direct,recurrent,2,1.000000,0.990000,4,45,8220174658283660206,val,1,0.001710,0.004406,0.986612,0.000000,0.000000,0.000000,0.608945,415407.000000,57844.019531,873.156616,37286,36864
xtensor,meeting01_loso,fsdd,snn-ae,direct,recurrent,2,1.500000,0.800000,4,45,8220174658283660206,val,1,0.001243,0.014233,0.980807,0.000000,0.000000,0.000000,0.419727,400875.000000,96718.250000,1122.457764,37286,36864
xtensor,meeting01_loso,fsdd,snn-ae,direct,recurrent,2,1.500000,0.900000,4,45,8220174658283660206,val,1,0.000377,0.003815,0.995013,0.000000,0.000000,0.000000,0.527240,409132.000000,91034.421875,890.050598,37286,36864
xtensor,meeting01_loso,fsdd,snn-ae,direct,recurrent,2,1.500000,0.990000,4,45,8220174658283660206,val,1,0.016654,0.083620,0.832199,0.000000,0.000000,0.000000,0.557474,411454.000000,78324.148438,977.357239,37286,36864
xtensor,meeting01_loso,fsdd,snn-ae,direct,recurrent,2,1.000000,0.800000,4,45,8220174658283660206,test,1,0.288695,0.353761,-1.350072,0.000000,0.000000,0.000000,0.566992,586365.000000,92585.882812,1024.669922,37286,36864
xtensor,meeting01_loso,fsdd,lstm-ae,direct,lstm,1,0.000000,0.000000,5,46,8220174658283660206,val,1,0.010578,0.038897,0.989422,0.000000,0.000000,0.000000,0.000000,11842560.000000,634400.625000,2121.737305,122472,1184256
xtensor,meeting01_loso,fsdd,lstm-ae,direct,lstm,1,0.000000,0.000000,5,46,8220174658283660206,test,1,1.320329,0.694479,-0.320211,0.000000,0.000000,0.000000,0.000000,11842560.000000,0.000000,0.000000,122472,1184256
xtensor,meeting01_loso,fsdd,gru-ae,direct,gru,1,0.000000,0.000000,5,46,8220174658283660206,val,1,0.011480,0.042985,0.988520,0.000000,0.000000,0.000000,0.000000,8893440.000000,666246.000000,3481.496094,93032,889344
xtensor,meeting01_loso,fsdd,gru-ae,direct,gru,1,0.000000,0.000000,5,46,8220174658283660206,test,1,1.329882,0.695758,-0.329764,0.000000,0.000000,0.000000,0.000000,8893440.000000,0.000000,0.000000,93032,889344
xtensor,meeting01_loso,fsdd,transformer-ae,direct,transformer,1,0.000000,0.000000,5,46,8220174658283660206,val,1,0.014375,0.036203,0.985626,0.000000,0.000000,0.000000,0.000000,47554560.000000,99472.867188,467.193329,139176,4755456
xtensor,meeting01_loso,fsdd,transformer-ae,direct,transformer,1,0.000000,0.000000,5,46,8220174658283660206,test,1,1.338702,0.695220,-0.338583,0.000000,0.000000,0.000000,0.000000,47554560.000000,0.000000,0.000000,139176,4755456
xtensor,meeting01_loso,fsdd,snn-ae,direct,dense,2,0.500000,0.800000,5,46,8220174658283660206,val,1,0.014518,0.055952,0.985482,1.000000,0.020000,0.039216,0.048177,372340.000000,11172.682617,10.635681,37286,36864
xtensor,meeting01_loso,fsdd,snn-ae,direct,dense,2,0.500000,0.900000,5,46,8220174658283660206,val,1,0.012628,0.042749,0.987372,1.000000,0.020000,0.039216,0.047070,372255.000000,26364.460938,11.786805,37286,36864
xtensor,meeting01_loso,fsdd,snn-ae,direct,dense,2,0.500000,0.990000,5,46,8220174658283660206,val,1,0.016984,0.062556,0.983016,1.000000,0.020000,0.039216,0.048177,372340.000000,11401.443359,10.550549,37286,36864
xtensor,meeting01_loso,fsdd,snn-ae,direct,dense,2,1.000000,0.800000,5,46,8220174658283660206,val,1,0.015788,0.056979,0.984212,1.000000,0.020000,0.039216,0.048021,372328.000000,11549.641602,10.380067,37286,36864
xtensor,meeting01_loso,fsdd,snn-ae,direct,dense,2,1.000000,0.900000,5,46,8220174658283660206,val,1,0.016730,0.061568,0.983270,1.000000,0.020000,0.039216,0.051458,372592.000000,10639.359375,11.642586,37286,36864
xtensor,meeting01_loso,fsdd,snn-ae,direct,dense,2,1.000000,0.990000,5,46,8220174658283660206,val,1,0.019671,0.072781,0.980329,1.000000,0.020000,0.039216,0.058529,373135.000000,10510.791016,12.020916,37286,36864
xtensor,meeting01_loso,fsdd,snn-ae,direct,dense,2,1.500000,0.800000,5,46,8220174658283660206,val,1,0.017133,0.064980,0.982867,1.000000,0.020000,0.039216,0.049805,372465.000000,11246.298828,10.374133,37286,36864
xtensor,meeting01_loso,fsdd,snn-ae,direct,dense,2,1.500000,0.900000,5,46,8220174658283660206,val,1,0.012193,0.044880,0.987807,1.000000,0.040000,0.076923,0.049167,372416.000000,23939.923828,12.037194,37286,36864
xtensor,meeting01_loso,fsdd,snn-ae,direct,dense,2,1.500000,0.990000,5,46,8220174658283660206,val,1,0.017692,0.064595,0.982308,1.000000,0.020000,0.039216,0.051719,372612.000000,10883.068359,12.075188,37286,36864
xtensor,meeting01_loso,fsdd,snn-ae,direct,conv1d,2,0.500000,0.800000,5,46,8220174658283660206,val,1,0.005231,0.040685,0.993004,1.000000,0.020000,0.039216,0.074727,374379.000000,15234.849609,11.497952,37286,36864
xtensor,meeting01_loso,fsdd,snn-ae,direct,conv1d,2,0.500000,0.900000,5,46,8220174658283660206,val,1,0.005365,0.039463,0.992826,1.000000,0.020000,0.039216,0.074349,374350.000000,18138.328125,13.170231,37286,36864
xtensor,meeting01_loso,fsdd,snn-ae,direct,conv1d,2,0.500000,0.990000,5,46,8220174658283660206,val,1,0.004398,0.025475,0.994119,1.000000,0.020000,0.039216,0.074219,374340.000000,40649.082031,13.324513,37286,36864
xtensor,meeting01_loso,fsdd,snn-ae,direct,conv1d,2,1.000000,0.800000,5,46,8220174658283660206,val,1,0.009554,0.056761,0.987224,1.000000,0.020000,0.039216,0.080378,374813.000000,11169.965820,13.090407,37286,36864
xtensor,meeting01_loso,fsdd,snn-ae,direct,conv1d,2,1.000000,0.900000,5,46,8220174658283660206,val,1,0.006729,0.048080,0.991002,1.000000,0.020000,0.039216,0.075534,374441.000000,11122.875977,477.651062,37286,36864
xtensor,meeting01_loso,fsdd,snn-ae,direct,conv1d,2,1.000000,0.990000,5,46,8220174658283660206,val,1,0.005573,0.033574,0.992548,1.000000,0.020000,0.039216,0.074219,374340.000000,37729.851562,14.215203,37286,36864
xtensor,meeting01_loso,fsdd,snn-ae,direct,conv1d,2,1.500000,0.800000,5,46,8220174658283660206,val,1,0.005731,0.032794,0.992337,1.000000,0.040000,0.076923,0.077070,374559.000000,27266.082031,13.567987,37286,36864
xtensor,meeting01_loso,fsdd,snn-ae,direct,conv1d,2,1.500000,0.900000,5,46,8220174658283660206,val,1,0.005606,0.041820,0.992503,1.000000,0.020000,0.039216,0.075716,374455.000000,9340.648438,12.449201,37286,36864
xtensor,meeting01_loso,fsdd,snn-ae,direct,conv1d,2,1.500000,0.990000,5,46,8220174658283660206,val,1,0.006052,0.044585,0.991907,1.000000,0.020000,0.039216,0.074766,374382.000000,11024.678711,21.366673,37286,36864
xtensor,meeting01_loso,fsdd,snn-ae,direct,recurrent,2,0.500000,0.800000,5,46,8220174658283660206,val,1,0.000647,0.010617,0.992926,1.000000,0.020000,0.039216,0.426927,401428.000000,56542.527344,1402.692749,37286,36864
xtensor,meeting01_loso,fsdd,snn-ae,direct,recurrent,2,0.500000,0.900000,5,46,8220174658283660206,val,1,0.001075,0.006646,0.989916,1.000000,0.020000,0.039216,0.535273,409749.000000,117668.046875,1269.604370,37286,36864
xtensor,meeting01_loso,fsdd,snn-ae,direct,recurrent,2,0.500000,0.990000,5,46,8220174658283660206,val,1,0.002123,0.007905,0.988052,1.000000,0.020000,0.039216,0.640065,417797.000000,115316.328125,1089.139404,37286,36864
xtensor,meeting01_loso,fsdd,snn-ae,direct,recurrent,2,1.000000,0.800000,5,46,8220174658283660206,val,1,0.000539,0.006353,0.992859,0.000000,0.000000,0.000000,0.317214,393002.000000,90245.585938,1601.249512,37286,36864
xtensor,meeting01_loso,fsdd,snn-ae,direct,recurrent,2,1.000000,0.900000,5,46,8220174658283660206,val,1,0.000392,0.004913,0.995706,0.000000,0.000000,0.000000,0.290846,390977.000000,70636.289062,872.664490,37286,36864
xtensor,meeting01_loso,fsdd,snn-ae,direct,recurrent,2,1.000000,0.990000,5,46,8220174658283660206,val,1,0.002285,0.016026,0.982105,0.000000,0.000000,0.000000,0.580312,413208.000000,51471.914062,908.561035,37286,36864
xtensor,meeting01_loso,fsdd,snn-ae,direct,recurrent,2,1.500000,0.800000,5,46,8220174658283660206,val,1,0.001674,0.012784,0.974147,1.000000,0.020000,0.039216,0.389961,398589.000000,196066.890625,1041.583984,37286,36864
xtensor,meeting01_loso,fsdd,snn-ae,direct,recurrent,2,1.500000,0.900000,5,46,8220174658283660206,val,1,0.000365,0.003031,0.995175,0.000000,0.000000,0.000000,0.481549,405623.000000,91787.062500,1015.907715,37286,36864
xtensor,meeting01_loso,fsdd,snn-ae,direct,recurrent,2,1.500000,0.990000,5,46,8220174658283660206,val,1,0.000205,0.003830,0.997937,0.000000,0.000000,0.000000,0.590391,413982.000000,177037.312500,936.085815,37286,36864
xtensor,meeting01_loso,fsdd,snn-ae,direct,recurrent,2,1.500000,0.990000,5,46,8220174658283660206,test,1,0.098724,0.140444,-0.727061,0.000000,0.000000,0.000000,0.552039,580623.000000,143224.953125,945.873718,37286,36864
xtensor,meeting01_loso,fsdd,lstm-ae,poisson,lstm,1,0.000000,0.000000,1,42,8220174658283660206,val,1,0.008183,0.023137,0.695486,0.000000,0.000000,0.000000,0.000000,11842560.000000,364694.375000,1975.527100,122472,1184256
xtensor,meeting01_loso,fsdd,lstm-ae,poisson,lstm,1,0.000000,0.000000,1,42,8220174658283660206,test,1,0.114520,0.130108,-0.111164,0.000000,0.000000,0.000000,0.000000,11842560.000000,0.000000,0.000000,122472,1184256
xtensor,meeting01_loso,fsdd,gru-ae,poisson,gru,1,0.000000,0.000000,1,42,8220174658283660206,val,1,0.008950,0.023715,0.666954,0.000000,0.000000,0.000000,0.000000,8893440.000000,674383.500000,2835.907227,93032,889344
xtensor,meeting01_loso,fsdd,gru-ae,poisson,gru,1,0.000000,0.000000,1,42,8220174658283660206,test,1,0.116764,0.131480,-0.132987,0.000000,0.000000,0.000000,0.000000,8893440.000000,0.000000,0.000000,93032,889344
xtensor,meeting01_loso,fsdd,transformer-ae,poisson,transformer,1,0.000000,0.000000,1,42,8220174658283660206,val,1,0.002360,0.010932,0.912181,0.000000,0.000000,0.000000,0.000000,47554560.000000,371367.343750,646.491394,139176,4755456
xtensor,meeting01_loso,fsdd,transformer-ae,poisson,transformer,1,0.000000,0.000000,1,42,8220174658283660206,test,1,0.108455,0.116979,-0.052363,0.000000,0.000000,0.000000,0.000000,47554560.000000,0.000000,0.000000,139176,4755456
xtensor,meeting01_loso,fsdd,snn-ae,poisson,dense,2,0.500000,0.800000,1,42,8220174658283660206,val,1,0.037046,0.133118,-0.378700,0.714286,0.100000,0.175439,0.510104,407816.000000,20175.142578,13.570068,37286,36864
xtensor,meeting01_loso,fsdd,snn-ae,poisson,dense,2,0.500000,0.900000,1,42,8220174658283660206,val,1,0.053855,0.153279,-1.004249,0.450000,0.180000,0.257143,0.502031,407196.000000,14999.155273,11.516624,37286,36864
xtensor,meeting01_loso,fsdd,snn-ae,poisson,dense,2,0.500000,0.990000,1,42,8220174658283660206,val,1,0.092504,0.231330,-2.442680,0.548387,0.340000,0.419753,0.534766,409710.000000,12317.697266,11.602169,37286,36864
xtensor,meeting01_loso,fsdd,snn-ae,poisson,dense,2,1.000000,0.800000,1,42,8220174658283660206,val,1,0.026034,0.105526,0.031138,0.666667,0.040000,0.075472,0.501133,407127.000000,14116.354492,11.612151,37286,36864
xtensor,meeting01_loso,fsdd,snn-ae,poisson,dense,2,1.000000,0.900000,1,42,8220174658283660206,val,1,0.056365,0.156422,-1.097643,0.428571,0.180000,0.253521,0.527878,409181.000000,24245.878906,11.889592,37286,36864
xtensor,meeting01_loso,fsdd,snn-ae,poisson,dense,2,1.000000,0.990000,1,42,8220174658283660206,val,1,0.135240,0.273737,-4.033144,0.500000,0.660000,0.568965,0.505781,407484.000000,13846.623047,11.769015,37286,36864
xtensor,meeting01_loso,fsdd,snn-ae,poisson,dense,2,1.500000,0.800000,1,42,8220174658283660206,val,1,0.009299,0.052501,0.653929,0.000000,0.000000,0.000000,0.494115,406588.000000,24995.806641,13.037058,37286,36864
xtensor,meeting01_loso,fsdd,snn-ae,poisson,dense,2,1.500000,0.900000,1,42,8220174658283660206,val,1,0.040461,0.141612,-0.505778,0.714286,0.100000,0.175439,0.507891,407646.000000,18913.978516,12.782658,37286,36864
xtensor,meeting01_loso,fsdd,snn-ae,poisson,dense,2,1.500000,0.990000,1,42,8220174658283660206,val,1,0.121765,0.261578,-3.531614,0.484375,0.620000,0.543860,0.537865,409948.000000,44283.527344,16.249001,37286,36864
xtensor,meeting01_loso,fsdd,snn-ae,poisson,conv1d,2,0.500000,0.800000,1,42,8220174658283660206,val,1,0.028196,0.107834,-0.652837,0.250000,0.020000,0.037037,0.521797,408714.000000,31475.175781,13.453876,37286,36864
xtensor,meeting01_loso,fsdd,snn-ae,poisson,conv1d,2,0.500000,0.900000,1,42,8220174658283660206,val,1,0.072073,0.198507,-3.224845,0.551724,0.320000,0.405063,0.520299,408599.000000,20130.273438,14.221235,37286,36864
xtensor,meeting01_loso,fsdd,snn-ae,poisson,conv1d,2,0.500000,0.990000,1,42,8220174658283660206,val,1,0.070424,0.183963,-3.128156,0.580645,0.360000,0.444444,0.544414,410451.000000,144703.718750,13.084162,37286,36864
xtensor,meeting01_loso,fsdd,snn-ae,poisson,conv1d,2,1.000000,0.800000,1,42,8220174658283660206,val,1,0.026049,0.098795,-0.526932,0.600000,0.060000,0.109091,0.520938,408648.000000,32949.128906,13.180780,37286,36864
xtensor,meeting01_loso,fsdd,snn-ae,poisson,conv1d,2,1.000000,0.900000,1,42,8220174658283660206,val,1,0.038927,0.134249,-1.281829,0.384615,0.100000,0.158730,0.516224,408286.000000,18660.470703,13.611873,37286,36864
xtensor,meeting01_loso,fsdd,snn-ae,poisson,conv1d,2,1.000000,0.990000,1,42,8220174658283660206,val,1,0.081594,0.204229,-3.782928,0.447368,0.340000,0.386364,0.533099,409582.000000,27891.996094,15.730654,37286,36864
xtensor,meeting01_loso,fsdd,snn-ae,poisson,conv1d,2,1.500000,0.800000,1,42,8220174658283660206,val,1,0.011249,0.063058,0.340609,0.000000,0.000000,0.000000,0.518919,408493.000000,42762.906250,14.368504,37286,36864
xtensor,meeting01_loso,fsdd,snn-ae,poisson,conv1d,2,1.500000,0.900000,1,42,8220174658283660206,val,1,0.039554,0.117384,-1.318529,0.615385,0.160000,0.253968,0.517370,408374.000000,39315.210938,16.022861,37286,36864
xtensor,meeting01_loso,fsdd,snn-ae,poisson,conv1d,2,1.500000,0.990000,1,42,8220174658283660206,val,1,0.092353,0.210183,-4.413581,0.487805,0.400000,0.439560,0.481042,405584.000000,32354.564453,63.117168,37286,36864
xtensor,meeting01_loso,fsdd,snn-ae,poisson,recurrent,2,0.500000,0.800000,1,42,8220174658283660206,val,1,0.045099,0.132945,-0.281049,0.307692,0.080000,0.126984,0.530052,409348.000000,88554.171875,1287.538574,37286,36864
xtensor,meeting01_loso,fsdd,snn-ae,poisson,recurrent,2,0.500000,0.900000,1,42,8220174658283660206,val,1,0.057143,0.142551,-0.427415,0.454545,0.200000,0.277778,0.528294,409213.000000,97938.359375,1226.935181,37286,36864
xtensor,meeting01_loso,fsdd,snn-ae,poisson,recurrent,2,0.500000,0.990000,1,42,8220174658283660206,val,1,0.136223,0.276910,-1.793814,0.513889,0.740000,0.606557,0.533854,409640.000000,76578.070312,1209.786255,37286,36864
xtensor,meeting01_loso,fsdd,snn-ae,poisson,recurrent,2,1.000000,0.800000,1,42,8220174658283660206,val,1,0.022890,0.093207,-0.267098,0.500000,0.020000,0.038462,0.515078,408198.000000,71420.437500,1007.502563,37286,36864
xtensor,meeting01_loso,fsdd,snn-ae,poisson,recurrent,2,1.000000,0.900000,1,42,8220174658283660206,val,1,0.031923,0.125176,-0.562852,0.750000,0.060000,0.111111,0.506432,407534.000000,89277.578125,1278.821411,37286,36864
xtensor,meeting01_loso,fsdd,snn-ae,poisson,recurrent,2,1.000000,0.990000,1,42,8220174658283660206,val,1,0.171035,0.275022,-6.372104,0.517241,0.600000,0.555556,0.517826,408409.000000,90442.906250,1408.661255,37286,36864
xtensor,meeting01_loso,fsdd,snn-ae,poisson,recurrent,2,1.500000,0.800000,1,42,8220174658283660206,val,1,0.010464,0.045465,0.003964,0.000000,0.000000,0.000000,0.509258,407751.000000,172721.156250,980.837097,37286,36864
xtensor,meeting01_loso,fsdd,snn-ae,poisson,recurrent,2,1.500000,0.900000,1,42,8220174658283660206,val,1,0.012216,0.060444,0.002240,0.000000,0.000000,0.000000,0.515938,408264.000000,170656.453125,816.694885,37286,36864
xtensor,meeting01_loso,fsdd,snn-ae,poisson,recurrent,2,1.500000,0.990000,1,42,8220174658283660206,val,1,0.087105,0.223190,-4.618245,0.583333,0.420000,0.488372,0.498854,406952.000000,70085.296875,1117.246216,37286,36864
xtensor,meeting01_loso,fsdd,snn-ae,poisson,dense,2,1.500000,0.800000,1,42,8220174658283660206,test,1,0.124358,0.170190,-0.206521,0.000000,0.000000,0.000000,0.474070,550683.000000,32282.080078,60.824322,37286,36864
xtensor,meeting01_loso,fsdd,lstm-ae,poisson,lstm,1,0.000000,0.000000,2,43,8220174658283660206,val,1,0.007335,0.020230,0.726197,0.000000,0.000000,0.000000,0.000000,11842560.000000,951912.250000,1826.250854,122472,1184256
xtensor,meeting01_loso,fsdd,lstm-ae,poisson,lstm,1,0.000000,0.000000,2,43,8220174658283660206,test,1,0.116389,0.129156,-0.119012,0.000000,0.000000,0.000000,0.000000,11842560.000000,0.000000,0.000000,122472,1184256
xtensor,meeting01_loso,fsdd,gru-ae,poisson,gru,1,0.000000,0.000000,2,43,8220174658283660206,val,1,0.006194,0.019497,0.768799,0.000000,0.000000,0.000000,0.000000,8893440.000000,1623280.375000,2932.607666,93032,889344
xtensor,meeting01_loso,fsdd,gru-ae,poisson,gru,1,0.000000,0.000000,2,43,8220174658283660206,test,1,0.113506,0.128003,-0.091266,0.000000,0.000000,0.000000,0.000000,8893440.000000,0.000000,0.000000,93032,889344
xtensor,meeting01_loso,fsdd,transformer-ae,poisson,transformer,1,0.000000,0.000000,2,43,8220174658283660206,val,1,0.001092,0.006219,0.959240,0.000000,0.000000,0.000000,0.000000,47554560.000000,823784.875000,545.939819,139176,4755456
xtensor,meeting01_loso,fsdd,transformer-ae,poisson,transformer,1,0.000000,0.000000,2,43,8220174658283660206,test,1,0.111690,0.116680,-0.074161,0.000000,0.000000,0.000000,0.000000,47554560.000000,0.000000,0.000000,139176,4755456
xtensor,meeting01_loso,fsdd,snn-ae,poisson,dense,2,0.500000,0.800000,2,43,8220174658283660206,val,1,0.056352,0.157351,-1.103693,0.300000,0.120000,0.171429,0.513281,408060.000000,34118.750000,47.138496,37286,36864
xtensor,meeting01_loso,fsdd,snn-ae,poisson,dense,2,0.500000,0.900000,2,43,8220174658283660206,val,1,0.076407,0.177986,-1.852357,0.533333,0.320000,0.400000,0.522969,408804.000000,42069.738281,15.879665,37286,36864
xtensor,meeting01_loso,fsdd,snn-ae,poisson,dense,2,0.500000,0.990000,2,43,8220174658283660206,val,1,0.107995,0.238763,-3.031653,0.543478,0.500000,0.520833,0.512044,407965.000000,37718.527344,19.507093,37286,36864
xtensor,meeting01_loso,fsdd,snn-ae,poisson,dense,2,1.000000,0.800000,2,43,8220174658283660206,val,1,0.017754,0.083287,0.337238,0.000000,0.000000,0.000000,0.515911,408262.000000,25199.046875,15.542582,37286,36864
xtensor,meeting01_loso,fsdd,snn-ae,poisson,dense,2,1.000000,0.900000,2,43,8220174658283660206,val,1,0.056484,0.165348,-1.108651,0.409091,0.180000,0.250000,0.514049,408119.000000,24997.029297,15.085277,37286,36864
xtensor,meeting01_loso,fsdd,snn-ae,poisson,dense,2,1.000000,0.990000,2,43,8220174658283660206,val,1,0.089451,0.210792,-2.339353,0.522727,0.460000,0.489362,0.514766,408174.000000,33383.226562,14.081187,37286,36864
xtensor,meeting01_loso,fsdd,snn-ae,poisson,dense,2,1.500000,0.800000,2,43,8220174658283660206,val,1,0.005475,0.041507,0.795614,0.000000,0.000000,0.000000,0.490169,406285.000000,52843.582031,87.393921,37286,36864
xtensor,meeting01_loso,fsdd,snn-ae,poisson,dense,2,1.500000,0.900000,2,43,8220174658283660206,val,1,0.057271,0.163907,-1.138003,0.437500,0.140000,0.212121,0.511901,407954.000000,19763.720703,13.992800,37286,36864
xtensor,meeting01_loso,fsdd,snn-ae,poisson,dense,2,1.500000,0.990000,2,43,8220174658283660206,val,1,0.081373,0.208885,-2.037832,0.562500,0.360000,0.439024,0.503359,407298.000000,39136.191406,12.509871,37286,36864
xtensor,meeting01_loso,fsdd,snn-ae,poisson,conv1d,2,0.500000,0.800000,2,43,8220174658283660206,val,1,0.049700,0.143054,-1.915489,0.529412,0.180000,0.268657,0.503151,407282.000000,36517.097656,13.784841,37286,36864
xtensor,meeting01_loso,fsdd,snn-ae,poisson,conv1d,2,0.500000,0.900000,2,43,8220174658283660206,val,1,0.070122,0.192961,-3.113553,0.518519,0.280000,0.363636,0.535000,409728.000000,43310.308594,21.436848,37286,36864
xtensor,meeting01_loso,fsdd,snn-ae,poisson,conv1d,2,0.500000,0.990000,2,43,8220174658283660206,val,1,0.110623,0.232784,-5.489394,0.566038,0.600000,0.582524,0.542539,410307.000000,23291.861328,16.216051,37286,36864
xtensor,meeting01_loso,fsdd,snn-ae,poisson,conv1d,2,1.000000,0.800000,2,43,8220174658283660206,val,1,0.034048,0.113252,-0.997299,0.600000,0.120000,0.200000,0.523828,408870.000000,36508.363281,13.867007,37286,36864
xtensor,meeting01_loso,fsdd,snn-ae,poisson,conv1d,2,1.000000,0.900000,2,43,8220174658283660206,val,1,0.045662,0.133274,-1.678587,0.529412,0.180000,0.268657,0.522344,408756.000000,22952.099609,14.156998,37286,36864
xtensor,meeting01_loso,fsdd,snn-ae,poisson,conv1d,2,1.000000,0.990000,2,43,8220174658283660206,val,1,0.044148,0.127506,-1.589767,0.500000,0.200000,0.285714,0.582969,413412.000000,33476.601562,16.877905,37286,36864
xtensor,meeting01_loso,fsdd,snn-ae,poisson,conv1d,2,1.500000,0.800000,2,43,8220174658283660206,val,1,0.010180,0.054361,0.402813,0.000000,0.000000,0.000000,0.526536,409078.000000,34912.800781,14.437361,37286,36864
xtensor,meeting01_loso,fsdd,snn-ae,poisson,conv1d,2,1.500000,0.900000,2,43,8220174658283660206,val,1,0.040727,0.130253,-1.389110,0.750000,0.120000,0.206897,0.517617,408393.000000,37187.718750,14.870389,37286,36864
xtensor,meeting01_loso,fsdd,snn-ae,poisson,conv1d,2,1.500000,0.990000,2,43,8220174658283660206,val,1,0.070530,0.185626,-3.137482,0.531250,0.340000,0.414634,0.541341,410215.000000,25797.085938,15.757877,37286,36864
xtensor,meeting01_loso,fsdd,snn-ae,poisson,recurrent,2,0.500000,0.800000,2,43,8220174658283660206,val,1,0.065184,0.182354,-0.851581,0.478261,0.220000,0.301370,0.501094,407124.000000,86086.304688,1134.129028,37286,36864
xtensor,meeting01_loso,fsdd,snn-ae,poisson,recurrent,2,0.500000,0.900000,2,43,8220174658283660206,val,1,0.065539,0.165603,-0.641639,0.517241,0.300000,0.379747,0.521523,408693.000000,89353.281250,1198.113892,37286,36864
xtensor,meeting01_loso,fsdd,snn-ae,poisson,recurrent,2,0.500000,0.990000,2,43,8220174658283660206,val,1,0.148643,0.277628,-2.058517,0.517241,0.600000,0.555556,0.522747,408787.000000,298669.531250,1392.442871,37286,36864
xtensor,meeting01_loso,fsdd,snn-ae,poisson,recurrent,2,1.000000,0.800000,2,43,8220174658283660206,val,1,0.016241,0.077510,0.102783,0.000000,0.000000,0.000000,0.500898,407109.000000,95261.945312,1172.824585,37286,36864
xtensor,meeting01_loso,fsdd,snn-ae,poisson,recurrent,2,1.000000,0.900000,2,43,8220174658283660206,val,1,0.033870,0.118148,-0.660115,0.666667,0.120000,0.203390,0.512747,408019.000000,101678.937500,1035.454224,37286,36864
xtensor,meeting01_loso,fsdd,snn-ae,poisson,recurrent,2,1.000000,0.990000,2,43,8220174658283660206,val,1,0.142403,0.266421,-5.156945,0.508772,0.580000,0.542056,0.524271,408904.000000,124872.234375,1196.933472,37286,36864
xtensor,meeting01_loso,fsdd,snn-ae,poisson,recurrent,2,1.500000,0.800000,2,43,8220174658283660206,val,1,0.007133,0.041620,0.321003,0.000000,0.000000,0.000000,0.515352,408219.000000,163683.062500,1165.186768,37286,36864
xtensor,meeting01_loso,fsdd,snn-ae,poisson,recurrent,2,1.500000,0.900000,2,43,8220174658283660206,val,1,0.018896,0.084379,-0.557844,0.000000,0.000000,0.000000,0.518333,408448.000000,160514.875000,1151.424072,37286,36864
xtensor,meeting01_loso,fsdd,snn-ae,poisson,recurrent,2,1.500000,0.990000,2,43,8220174658283660206,val,1,0.044612,0.124199,-1.891191,0.526316,0.200000,0.289855,0.537396,409912.000000,230280.906250,1223.319092,37286,36864
xtensor,meeting01_loso,fsdd,snn-ae,poisson,dense,2,1.500000,0.800000,2,43,8220174658283660206,test,1,0.139087,0.203566,-0.337220,0.000000,0.000000,0.000000,0.496591,559331.000000,32638.970703,15.732285,37286,36864
xtensor,meeting01_loso,fsdd,lstm-ae,poisson,lstm,1,0.000000,0.000000,3,44,8220174658283660206,val,1,0.008947,0.023025,0.665728,0.000000,0.000000,0.000000,0.000000,11842560.000000,496208.437500,2281.969971,122472,1184256
xtensor,meeting01_loso,fsdd,lstm-ae,poisson,lstm,1,0.000000,0.000000,3,44,8220174658283660206,test,1,0.118388,0.131953,-0.133210,0.000000,0.000000,0.000000,0.000000,11842560.000000,0.000000,0.000000,122472,1184256
xtensor,meeting01_loso,fsdd,gru-ae,poisson,gru,1,0.000000,0.000000,3,44,8220174658283660206,val,1,0.008978,0.023100,0.664582,0.000000,0.000000,0.000000,0.000000,8893440.000000,843763.750000,6853.377441,93032,889344
xtensor,meeting01_loso,fsdd,gru-ae,poisson,gru,1,0.000000,0.000000,3,44,8220174658283660206,test,1,0.118146,0.131842,-0.130889,0.000000,0.000000,0.000000,0.000000,8893440.000000,0.000000,0.000000,93032,889344
xtensor,meeting01_loso,fsdd,transformer-ae,poisson,transformer,1,0.000000,0.000000,3,44,8220174658283660206,val,1,0.001088,0.007278,0.959359,0.000000,0.000000,0.000000,0.000000,47554560.000000,1224728.750000,1504.143921,139176,4755456
xtensor,meeting01_loso,fsdd,transformer-ae,poisson,transformer,1,0.000000,0.000000,3,44,8220174658283660206,test,1,0.110517,0.117271,-0.057920,0.000000,0.000000,0.000000,0.000000,47554560.000000,0.000000,0.000000,139176,4755456
xtensor,meeting01_loso,fsdd,snn-ae,poisson,dense,2,0.500000,0.800000,3,44,8220174658283660206,val,1,0.048034,0.154182,-0.794794,0.555556,0.200000,0.294118,0.525964,409034.000000,41386.617188,17.328114,37286,36864
xtensor,meeting01_loso,fsdd,snn-ae,poisson,dense,2,0.500000,0.900000,3,44,8220174658283660206,val,1,0.071907,0.181011,-1.686739,0.516129,0.320000,0.395062,0.521589,408698.000000,31511.363281,17.830976,37286,36864
xtensor,meeting01_loso,fsdd,snn-ae,poisson,dense,2,0.500000,0.990000,3,44,8220174658283660206,val,1,0.064068,0.177180,-1.393866,0.346154,0.180000,0.236842,0.536836,409869.000000,32130.439453,35.525482,37286,36864
xtensor,meeting01_loso,fsdd,snn-ae,poisson,dense,2,1.000000,0.800000,3,44,8220174658283660206,val,1,0.016413,0.072638,0.386763,1.000000,0.040000,0.076923,0.494609,406626.000000,44138.000000,19.739546,37286,36864
xtensor,meeting01_loso,fsdd,snn-ae,poisson,dense,2,1.000000,0.900000,3,44,8220174658283660206,val,1,0.051521,0.149192,-0.925078,0.437500,0.140000,0.212121,0.518255,408442.000000,45005.710938,157.972946,37286,36864
xtensor,meeting01_loso,fsdd,snn-ae,poisson,dense,2,1.000000,0.990000,3,44,8220174658283660206,val,1,0.121456,0.259422,-3.538207,0.538462,0.560000,0.549020,0.526810,409099.000000,38224.691406,15.478915,37286,36864
xtensor,meeting01_loso,fsdd,snn-ae,poisson,dense,2,1.500000,0.800000,3,44,8220174658283660206,val,1,0.005373,0.039791,0.799244,0.000000,0.000000,0.000000,0.530482,409381.000000,177029.921875,18.297075,37286,36864
xtensor,meeting01_loso,fsdd,snn-ae,poisson,dense,2,1.500000,0.900000,3,44,8220174658283660206,val,1,0.033486,0.118853,-0.251174,0.714286,0.100000,0.175439,0.498737,406943.000000,85959.523438,20.033144,37286,36864
xtensor,meeting01_loso,fsdd,snn-ae,poisson,dense,2,1.500000,0.990000,3,44,8220174658283660206,val,1,0.097372,0.224521,-2.638314,0.571429,0.480000,0.521739,0.514753,408173.000000,212329.078125,16.579041,37286,36864
xtensor,meeting01_loso,fsdd,snn-ae,poisson,conv1d,2,0.500000,0.800000,3,44,8220174658283660206,val,1,0.029776,0.108961,-0.749991,0.750000,0.060000,0.111111,0.493633,406551.000000,262164.625000,36.330837,37286,36864
xtensor,meeting01_loso,fsdd,snn-ae,poisson,conv1d,2,0.500000,0.900000,3,44,8220174658283660206,val,1,0.062482,0.182512,-2.672252,0.400000,0.160000,0.228571,0.555651,411314.000000,36551.300781,24.620640,37286,36864
xtensor,meeting01_loso,fsdd,snn-ae,poisson,conv1d,2,0.500000,0.990000,3,44,8220174658283660206,val,1,0.047089,0.149490,-1.767465,0.500000,0.200000,0.285714,0.532305,409521.000000,176909.562500,18.503923,37286,36864
xtensor,meeting01_loso,fsdd,snn-ae,poisson,conv1d,2,1.000000,0.800000,3,44,8220174658283660206,val,1,0.023340,0.094183,-0.371739,1.000000,0.080000,0.148148,0.546341,410599.000000,103411.968750,28.217024,37286,36864
xtensor,meeting01_loso,fsdd,snn-ae,poisson,conv1d,2,1.000000,0.900000,3,44,8220174658283660206,val,1,0.063576,0.152826,-2.736436,0.500000,0.240000,0.324324,0.501810,407179.000000,109262.632812,38.920135,37286,36864
xtensor,meeting01_loso,fsdd,snn-ae,poisson,conv1d,2,1.000000,0.990000,3,44,8220174658283660206,val,1,0.077142,0.197267,-3.533749,0.560000,0.280000,0.373333,0.550130,410890.000000,71955.539062,29.450020,37286,36864
xtensor,meeting01_loso,fsdd,snn-ae,poisson,conv1d,2,1.500000,0.800000,3,44,8220174658283660206,val,1,0.010937,0.061354,0.357214,0.000000,0.000000,0.000000,0.567513,412225.000000,201020.515625,18.179668,37286,36864
xtensor,meeting01_loso,fsdd,snn-ae,poisson,conv1d,2,1.500000,0.900000,3,44,8220174658283660206,val,1,0.027245,0.099464,-0.601223,0.600000,0.060000,0.109091,0.535430,409761.000000,26463.259766,12.526468,37286,36864
xtensor,meeting01_loso,fsdd,snn-ae,poisson,conv1d,2,1.500000,0.990000,3,44,8220174658283660206,val,1,0.144461,0.242650,-7.490279,0.511111,0.460000,0.484211,0.514557,408158.000000,22600.724609,13.840890,37286,36864
xtensor,meeting01_loso,fsdd,snn-ae,poisson,recurrent,2,0.500000,0.800000,3,44,8220174658283660206,val,1,0.037182,0.134201,-0.058855,0.250000,0.020000,0.037037,0.531211,409437.000000,61511.156250,809.165405,37286,36864
xtensor,meeting01_loso,fsdd,snn-ae,poisson,recurrent,2,0.500000,0.900000,3,44,8220174658283660206,val,1,0.064182,0.176367,-0.610391,0.416667,0.200000,0.270270,0.521849,408718.000000,56378.531250,796.899414,37286,36864
xtensor,meeting01_loso,fsdd,snn-ae,poisson,recurrent,2,0.500000,0.990000,3,44,8220174658283660206,val,1,0.145113,0.256404,-1.987542,0.515625,0.660000,0.578947,0.577318,412978.000000,67182.312500,799.269470,37286,36864
xtensor,meeting01_loso,fsdd,snn-ae,poisson,recurrent,2,1.000000,0.800000,3,44,8220174658283660206,val,1,0.020324,0.088096,-0.131768,0.000000,0.000000,0.000000,0.520013,408577.000000,62078.425781,827.471191,37286,36864
xtensor,meeting01_loso,fsdd,snn-ae,poisson,recurrent,2,1.000000,0.900000,3,44,8220174658283660206,val,1,0.045026,0.148978,-1.208204,0.625000,0.200000,0.303030,0.516068,408274.000000,56803.234375,802.765747,37286,36864
xtensor,meeting01_loso,fsdd,snn-ae,poisson,recurrent,2,1.000000,0.990000,3,44,8220174658283660206,val,1,0.139161,0.264196,-5.023186,0.517241,0.600000,0.555556,0.517643,408395.000000,61355.765625,833.197693,37286,36864
xtensor,meeting01_loso,fsdd,snn-ae,poisson,recurrent,2,1.500000,0.800000,3,44,8220174658283660206,val,1,0.008722,0.048245,0.164797,0.000000,0.000000,0.000000,0.509557,407774.000000,94115.906250,802.039185,37286,36864
xtensor,meeting01_loso,fsdd,snn-ae,poisson,recurrent,2,1.500000,0.900000,3,44,8220174658283660206,val,1,0.010637,0.051635,0.120358,0.000000,0.000000,0.000000,0.511328,407910.000000,67235.875000,760.478149,37286,36864
xtensor,meeting01_loso,fsdd,snn-ae,poisson,recurrent,2,1.500000,0.990000,3,44,8220174658283660206,val,1,0.116071,0.256340,-6.522529,0.490566,0.520000,0.504854,0.483568,405778.000000,51641.234375,916.053833,37286,36864
xtensor,meeting01_loso,fsdd,snn-ae,poisson,dense,2,1.500000,0.800000,3,44,8220174658283660206,test,1,0.180839,0.266221,-0.731018,0.000000,0.000000,0.000000,0.486112,555307.000000,25084.800781,12.527800,37286,36864
xtensor,meeting01_loso,fsdd,lstm-ae,poisson,lstm,1,0.000000,0.000000,4,45,8220174658283660206,val,1,0.008830,0.027628,0.669667,0.000000,0.000000,0.000000,0.000000,11842560.000000,1071284.125000,1725.216675,122472,1184256
xtensor,meeting01_loso,fsdd,lstm-ae,poisson,lstm,1,0.000000,0.000000,4,45,8220174658283660206,test,1,0.113830,0.132345,-0.093755,0.000000,0.000000,0.000000,0.000000,11842560.000000,0.000000,0.000000,122472,1184256
xtensor,meeting01_loso,fsdd,gru-ae,poisson,gru,1,0.000000,0.000000,4,45,8220174658283660206,val,1,0.008786,0.019405,0.671315,0.000000,0.000000,0.000000,0.000000,8893440.000000,730656.125000,2716.589355,93032,889344
xtensor,meeting01_loso,fsdd,gru-ae,poisson,gru,1,0.000000,0.000000,4,45,8220174658283660206,test,1,0.118200,0.128721,-0.136163,0.000000,0.000000,0.000000,0.000000,8893440.000000,0.000000,0.000000,93032,889344
xtensor,meeting01_loso,fsdd,transformer-ae,poisson,transformer,1,0.000000,0.000000,4,45,8220174658283660206,val,1,0.005454,0.015900,0.795966,0.000000,0.000000,0.000000,0.000000,47554560.000000,208931.234375,413.405701,139176,4755456
xtensor,meeting01_loso,fsdd,transformer-ae,poisson,transformer,1,0.000000,0.000000,4,45,8220174658283660206,test,1,0.113548,0.125400,-0.091276,0.000000,0.000000,0.000000,0.000000,47554560.000000,0.000000,0.000000,139176,4755456
xtensor,meeting01_loso,fsdd,snn-ae,poisson,dense,2,0.500000,0.800000,4,45,8220174658283660206,val,1,0.066259,0.176621,-1.478917,0.478261,0.220000,0.301370,0.505260,407444.000000,17297.007812,11.408516,37286,36864
xtensor,meeting01_loso,fsdd,snn-ae,poisson,dense,2,0.500000,0.900000,4,45,8220174658283660206,val,1,0.059613,0.166425,-1.230266,0.444444,0.160000,0.235294,0.482135,405668.000000,17211.308594,12.466445,37286,36864
xtensor,meeting01_loso,fsdd,snn-ae,poisson,dense,2,0.500000,0.990000,4,45,8220174658283660206,val,1,0.183448,0.320986,-5.863348,0.527027,0.780000,0.629032,0.522943,408802.000000,17410.621094,12.945210,37286,36864
xtensor,meeting01_loso,fsdd,snn-ae,poisson,dense,2,1.000000,0.800000,4,45,8220174658283660206,val,1,0.030111,0.111347,-0.126541,0.000000,0.000000,0.000000,0.485273,405909.000000,17771.027344,12.946400,37286,36864
xtensor,meeting01_loso,fsdd,snn-ae,poisson,dense,2,1.000000,0.900000,4,45,8220174658283660206,val,1,0.029463,0.112746,-0.102279,0.250000,0.020000,0.037037,0.494987,406655.000000,16702.277344,13.212358,37286,36864
xtensor,meeting01_loso,fsdd,snn-ae,poisson,dense,2,1.000000,0.990000,4,45,8220174658283660206,val,1,0.128330,0.272417,-3.801264,0.492308,0.640000,0.556522,0.504362,407375.000000,14280.548828,12.535529,37286,36864
xtensor,meeting01_loso,fsdd,snn-ae,poisson,dense,2,1.500000,0.800000,4,45,8220174658283660206,val,1,0.011289,0.060065,0.577640,0.000000,0.000000,0.000000,0.494870,406646.000000,22842.433594,50.714130,37286,36864
xtensor,meeting01_loso,fsdd,snn-ae,poisson,dense,2,1.500000,0.900000,4,45,8220174658283660206,val,1,0.020168,0.087600,0.245467,1.000000,0.020000,0.039216,0.517930,408417.000000,18442.322266,13.758037,37286,36864
xtensor,meeting01_loso,fsdd,snn-ae,poisson,dense,2,1.500000,0.990000,4,45,8220174658283660206,val,1,0.079912,0.203971,-1.989703,0.552632,0.420000,0.477273,0.492214,406442.000000,15310.662109,11.513131,37286,36864
xtensor,meeting01_loso,fsdd,snn-ae,poisson,conv1d,2,0.500000,0.800000,4,45,8220174658283660206,val,1,0.047202,0.141195,-1.773741,0.500000,0.200000,0.285714,0.534740,409708.000000,18441.707031,12.893128,37286,36864
xtensor,meeting01_loso,fsdd,snn-ae,poisson,conv1d,2,0.500000,0.900000,4,45,8220174658283660206,val,1,0.071138,0.179945,-3.180284,0.566667,0.340000,0.425000,0.506510,407540.000000,17516.976562,12.247587,37286,36864
xtensor,meeting01_loso,fsdd,snn-ae,poisson,conv1d,2,0.500000,0.990000,4,45,8220174658283660206,val,1,0.070085,0.198399,-3.118463,0.593750,0.380000,0.463415,0.536393,409835.000000,15542.895508,14.235414,37286,36864
xtensor,meeting01_loso,fsdd,snn-ae,poisson,conv1d,2,1.000000,0.800000,4,45,8220174658283660206,val,1,0.024591,0.100448,-0.445030,1.000000,0.020000,0.039216,0.493620,406550.000000,20787.880859,14.286751,37286,36864
xtensor,meeting01_loso,fsdd,snn-ae,poisson,conv1d,2,1.000000,0.900000,4,45,8220174658283660206,val,1,0.047388,0.149318,-1.784657,0.600000,0.180000,0.276923,0.494492,406617.000000,17814.248047,12.736134,37286,36864
xtensor,meeting01_loso,fsdd,snn-ae,poisson,conv1d,2,1.000000,0.990000,4,45,8220174658283660206,val,1,0.065971,0.169778,-2.876612,0.514286,0.360000,0.423529,0.535951,409801.000000,16640.054688,14.239752,37286,36864
xtensor,meeting01_loso,fsdd,snn-ae,poisson,conv1d,2,1.500000,0.800000,4,45,8220174658283660206,val,1,0.007162,0.045610,0.579175,0.000000,0.000000,0.000000,0.552396,411064.000000,23382.990234,12.439941,37286,36864
xtensor,meeting01_loso,fsdd,snn-ae,poisson,conv1d,2,1.500000,0.900000,4,45,8220174658283660206,val,1,0.017830,0.085101,-0.047724,0.000000,0.000000,0.000000,0.552344,411060.000000,19005.048828,17.740627,37286,36864
xtensor,meeting01_loso,fsdd,snn-ae,poisson,conv1d,2,1.500000,0.990000,4,45,8220174658283660206,val,1,0.050617,0.129486,-1.974333,0.500000,0.280000,0.358974,0.527682,409166.000000,17202.341797,13.350678,37286,36864
xtensor,meeting01_loso,fsdd,snn-ae,poisson,recurrent,2,0.500000,0.800000,4,45,8220174658283660206,val,1,0.050545,0.151348,-0.441002,0.444444,0.160000,0.235294,0.504844,407412.000000,82993.976562,827.417297,37286,36864
xtensor,meeting01_loso,fsdd,snn-ae,poisson,recurrent,2,0.500000,0.900000,4,45,8220174658283660206,val,1,0.095547,0.207625,-1.397357,0.487805,0.400000,0.439560,0.529388,409297.000000,57860.980469,842.236267,37286,36864
xtensor,meeting01_loso,fsdd,snn-ae,poisson,recurrent,2,0.500000,0.990000,4,45,8220174658283660206,val,1,0.128524,0.257044,-1.649669,0.587302,0.740000,0.654867,0.545729,410552.000000,63232.281250,846.172363,37286,36864
xtensor,meeting01_loso,fsdd,snn-ae,poisson,recurrent,2,1.000000,0.800000,4,45,8220174658283660206,val,1,0.018971,0.085654,-0.054985,0.000000,0.000000,0.000000,0.512578,408006.000000,67364.984375,854.480042,37286,36864
xtensor,meeting01_loso,fsdd,snn-ae,poisson,recurrent,2,1.000000,0.900000,4,45,8220174658283660206,val,1,0.044590,0.136163,-1.192077,0.600000,0.120000,0.200000,0.514557,408158.000000,78053.234375,918.226440,37286,36864
xtensor,meeting01_loso,fsdd,snn-ae,poisson,recurrent,2,1.000000,0.990000,4,45,8220174658283660206,val,1,0.140500,0.268365,-5.090391,0.519231,0.540000,0.529412,0.529518,409307.000000,71826.796875,818.526733,37286,36864
xtensor,meeting01_loso,fsdd,snn-ae,poisson,recurrent,2,1.500000,0.800000,4,45,8220174658283660206,val,1,0.011403,0.055488,-0.089292,1.000000,0.020000,0.039216,0.496549,406775.000000,110059.781250,884.692993,37286,36864
xtensor,meeting01_loso,fsdd,snn-ae,poisson,recurrent,2,1.500000,0.900000,4,45,8220174658283660206,val,1,0.025069,0.093112,-1.071098,0.000000,0.000000,0.000000,0.509453,407766.000000,130486.351562,838.541016,37286,36864
xtensor,meeting01_loso,fsdd,snn-ae,poisson,recurrent,2,1.500000,0.990000,4,45,8220174658283660206,val,1,0.074416,0.198113,-3.830526,0.470588,0.320000,0.380952,0.511094,407892.000000,52391.316406,890.821167,37286,36864
xtensor,meeting01_loso,fsdd,snn-ae,poisson,conv1d,2,1.500000,0.800000,4,45,8220174658283660206,test,1,0.092836,0.185125,-0.511255,0.000000,0.000000,0.000000,0.514141,566070.000000,25090.236328,13.613815,37286,36864
xtensor,meeting01_loso,fsdd,lstm-ae,poisson,lstm,1,0.000000,0.000000,5,46,8220174658283660206,val,1,0.008836,0.021434,0.667885,0.000000,0.000000,0.000000,0.000000,11842560.000000,321777.906250,1628.616943,122472,1184256
xtensor,meeting01_loso,fsdd,lstm-ae,poisson,lstm,1,0.000000,0.000000,5,46,8220174658283660206,test,1,0.118732,0.131034,-0.144629,0.000000,0.000000,0.000000,0.000000,11842560.000000,0.000000,0.000000,122472,1184256
xtensor,meeting01_loso,fsdd,gru-ae,poisson,gru,1,0.000000,0.000000,5,46,8220174658283660206,val,1,0.005358,0.017071,0.798585,0.000000,0.000000,0.000000,0.000000,8893440.000000,960365.875000,2760.767822,93032,889344
xtensor,meeting01_loso,fsdd,gru-ae,poisson,gru,1,0.000000,0.000000,5,46,8220174658283660206,test,1,0.112314,0.123711,-0.082611,0.000000,0.000000,0.000000,0.000000,8893440.000000,0.000000,0.000000,93032,889344
xtensor,meeting01_loso,fsdd,transformer-ae,poisson,transformer,1,0.000000,0.000000,5,46,8220174658283660206,val,1,0.000935,0.008950,0.964840,0.000000,0.000000,0.000000,0.000000,47554560.000000,278665.156250,384.354187,139176,4755456
xtensor,meeting01_loso,fsdd,transformer-ae,poisson,transformer,1,0.000000,0.000000,5,46,8220174658283660206,test,1,0.110070,0.118462,-0.060958,0.000000,0.000000,0.000000,0.000000,47554560.000000,0.000000,0.000000,139176,4755456
xtensor,meeting01_loso,fsdd,snn-ae,poisson,dense,2,0.500000,0.800000,5,46,8220174658283660206,val,1,0.047011,0.143184,-0.767359,0.529412,0.180000,0.268657,0.511107,407893.000000,15096.742188,12.877892,37286,36864
xtensor,meeting01_loso,fsdd,snn-ae,poisson,dense,2,0.500000,0.900000,5,46,8220174658283660206,val,1,0.071707,0.190221,-1.695785,0.580645,0.360000,0.444444,0.495052,406660.000000,17282.158203,12.537694,37286,36864
xtensor,meeting01_loso,fsdd,snn-ae,poisson,dense,2,0.500000,0.990000,5,46,8220174658283660206,val,1,0.125598,0.263351,-3.721825,0.444444,0.480000,0.461538,0.512591,408007.000000,19604.839844,11.890751,37286,36864
xtensor,meeting01_loso,fsdd,snn-ae,poisson,dense,2,1.000000,0.800000,5,46,8220174658283660206,val,1,0.020195,0.088268,0.240801,0.500000,0.020000,0.038462,0.520820,408639.000000,15343.487305,11.466813,37286,36864
xtensor,meeting01_loso,fsdd,snn-ae,poisson,dense,2,1.000000,0.900000,5,46,8220174658283660206,val,1,0.070355,0.196300,-1.644984,0.533333,0.320000,0.400000,0.493555,406545.000000,12889.087891,11.556070,37286,36864
xtensor,meeting01_loso,fsdd,snn-ae,poisson,dense,2,1.000000,0.990000,5,46,8220174658283660206,val,1,0.104412,0.232891,-2.925375,0.509804,0.520000,0.514851,0.521458,408688.000000,18315.976562,11.486508,37286,36864
xtensor,meeting01_loso,fsdd,snn-ae,poisson,dense,2,1.500000,0.800000,5,46,8220174658283660206,val,1,0.015351,0.079071,0.422872,0.000000,0.000000,0.000000,0.521992,408729.000000,18370.330078,12.206157,37286,36864
xtensor,meeting01_loso,fsdd,snn-ae,poisson,dense,2,1.500000,0.900000,5,46,8220174658283660206,val,1,0.027155,0.111904,-0.020913,0.500000,0.020000,0.038462,0.496133,406743.000000,17755.232422,11.349829,37286,36864
xtensor,meeting01_loso,fsdd,snn-ae,poisson,dense,2,1.500000,0.990000,5,46,8220174658283660206,val,1,0.154592,0.295444,-4.811859,0.520000,0.780000,0.624000,0.529362,409295.000000,12797.683594,11.638065,37286,36864
xtensor,meeting01_loso,fsdd,snn-ae,poisson,conv1d,2,0.500000,0.800000,5,46,8220174658283660206,val,1,0.037820,0.135130,-1.242425,0.500000,0.060000,0.107143,0.542643,410315.000000,22975.695312,13.933132,37286,36864
xtensor,meeting01_loso,fsdd,snn-ae,poisson,conv1d,2,0.500000,0.900000,5,46,8220174658283660206,val,1,0.052935,0.161332,-2.138597,0.526316,0.200000,0.289855,0.548919,410797.000000,14277.139648,19.565723,37286,36864
xtensor,meeting01_loso,fsdd,snn-ae,poisson,conv1d,2,0.500000,0.990000,5,46,8220174658283660206,val,1,0.057444,0.156268,-2.405816,0.440000,0.220000,0.293333,0.569518,412379.000000,13265.851562,13.902892,37286,36864
xtensor,meeting01_loso,fsdd,snn-ae,poisson,conv1d,2,1.000000,0.800000,5,46,8220174658283660206,val,1,0.029042,0.105284,-0.721896,0.166667,0.020000,0.035714,0.497995,406886.000000,25057.175781,12.601462,37286,36864
xtensor,meeting01_loso,fsdd,snn-ae,poisson,conv1d,2,1.000000,0.900000,5,46,8220174658283660206,val,1,0.046269,0.150582,-1.743339,0.388889,0.140000,0.205882,0.522734,408786.000000,18459.876953,13.870345,37286,36864
xtensor,meeting01_loso,fsdd,snn-ae,poisson,conv1d,2,1.000000,0.990000,5,46,8220174658283660206,val,1,0.080677,0.213229,-3.783528,0.511111,0.460000,0.484211,0.531276,409442.000000,16287.609375,69.814919,37286,36864
xtensor,meeting01_loso,fsdd,snn-ae,poisson,conv1d,2,1.500000,0.800000,5,46,8220174658283660206,val,1,0.010872,0.061273,0.355388,0.000000,0.000000,0.000000,0.530651,409394.000000,25064.406250,13.092240,37286,36864
xtensor,meeting01_loso,fsdd,snn-ae,poisson,conv1d,2,1.500000,0.900000,5,46,8220174658283660206,val,1,0.036081,0.127308,-1.139265,0.583333,0.140000,0.225806,0.522956,408803.000000,16048.098633,13.949896,37286,36864
xtensor,meeting01_loso,fsdd,snn-ae,poisson,conv1d,2,1.500000,0.990000,5,46,8220174658283660206,val,1,0.051840,0.157206,-2.073611,0.769231,0.200000,0.317460,0.507747,407635.000000,16530.669922,12.663971,37286,36864
xtensor,meeting01_loso,fsdd,snn-ae,poisson,recurrent,2,0.500000,0.800000,5,46,8220174658283660206,val,1,0.036938,0.124688,-0.057096,0.400000,0.080000,0.133333,0.508984,407730.000000,62901.015625,867.835266,37286,36864
xtensor,meeting01_loso,fsdd,snn-ae,poisson,recurrent,2,0.500000,0.900000,5,46,8220174658283660206,val,1,0.055291,0.165103,-0.394309,0.583333,0.140000,0.225806,0.517318,408370.000000,57334.234375,834.350586,37286,36864
xtensor,meeting01_loso,fsdd,snn-ae,poisson,recurrent,2,0.500000,0.990000,5,46,8220174658283660206,val,1,0.166740,0.305409,-2.455653,0.500000,0.660000,0.568965,0.525820,409023.000000,93902.085938,817.031555,37286,36864
xtensor,meeting01_loso,fsdd,snn-ae,poisson,recurrent,2,1.000000,0.800000,5,46,8220174658283660206,val,1,0.010364,0.054996,0.420107,0.000000,0.000000,0.000000,0.487227,406059.000000,62112.062500,852.519958,37286,36864
xtensor,meeting01_loso,fsdd,snn-ae,poisson,recurrent,2,1.000000,0.900000,5,46,8220174658283660206,val,1,0.045451,0.131724,-1.258681,0.733333,0.220000,0.338462,0.512865,408028.000000,57046.769531,802.912598,37286,36864
xtensor,meeting01_loso,fsdd,snn-ae,poisson,recurrent,2,1.000000,0.990000,5,46,8220174658283660206,val,1,0.062924,0.161197,-1.744694,0.593750,0.380000,0.463415,0.527305,409137.000000,72116.859375,851.008606,37286,36864
xtensor,meeting01_loso,fsdd,snn-ae,poisson,recurrent,2,1.500000,0.800000,5,46,8220174658283660206,val,1,0.007983,0.037447,0.230019,0.000000,0.000000,0.000000,0.502135,407204.000000,118432.890625,808.823547,37286,36864
xtensor,meeting01_loso,fsdd,snn-ae,poisson,recurrent,2,1.500000,0.900000,5,46,8220174658283660206,val,1,0.010423,0.045426,0.132626,0.000000,0.000000,0.000000,0.509466,407767.000000,155867.687500,809.879211,37286,36864
xtensor,meeting01_loso,fsdd,snn-ae,poisson,recurrent,2,1.500000,0.990000,5,46,8220174658283660206,val,1,0.093300,0.214296,-5.070735,0.510204,0.500000,0.505050,0.503320,407295.000000,51743.453125,816.974731,37286,36864
xtensor,meeting01_loso,fsdd,snn-ae,poisson,recurrent,2,1.500000,0.800000,5,46,8220174658283660206,test,1,0.056411,0.115455,-0.342578,0.000000,0.000000,0.000000,0.516167,566848.000000,135545.281250,811.780518,37286,36864
xtensor,meeting01_loso,fsdd,lstm-ae,latency,lstm,1,0.000000,0.000000,1,42,8220174658283660206,val,1,0.002061,0.007967,0.906378,0.000000,0.000000,0.000000,0.000000,11842560.000000,1068626.250000,1752.163818,122472,1184256
xtensor,meeting01_loso,fsdd,lstm-ae,latency,lstm,1,0.000000,0.000000,1,42,8220174658283660206,test,1,0.135600,0.182512,0.421437,0.000000,0.000000,0.000000,0.000000,11842560.000000,0.000000,0.000000,122472,1184256
xtensor,meeting01_loso,fsdd,gru-ae,latency,gru,1,0.000000,0.000000,1,42,8220174658283660206,val,1,0.002169,0.013841,0.901470,0.000000,0.000000,0.000000,0.000000,8893440.000000,574621.437500,2718.742920,93032,889344
xtensor,meeting01_loso,fsdd,gru-ae,latency,gru,1,0.000000,0.000000,1,42,8220174658283660206,test,1,0.135637,0.195196,0.421091,0.000000,0.000000,0.000000,0.000000,8893440.000000,0.000000,0.000000,93032,889344
xtensor,meeting01_loso,fsdd,transformer-ae,latency,transformer,1,0.000000,0.000000,1,42,8220174658283660206,val,1,0.001513,0.007679,0.931245,0.000000,0.000000,0.000000,0.000000,47554560.000000,208938.562500,456.922943,139176,4755456
xtensor,meeting01_loso,fsdd,transformer-ae,latency,transformer,1,0.000000,0.000000,1,42,8220174658283660206,test,1,0.135792,0.191001,0.420544,0.000000,0.000000,0.000000,0.000000,47554560.000000,0.000000,0.000000,139176,4755456
xtensor,meeting01_loso,fsdd,snn-ae,latency,dense,2,0.500000,0.800000,1,42,8220174658283660206,val,1,0.005670,0.017785,0.742386,0.000000,0.000000,0.000000,0.592943,414178.000000,11894.634766,48.317703,37286,36864
xtensor,meeting01_loso,fsdd,snn-ae,latency,dense,2,0.500000,0.900000,1,42,8220174658283660206,val,1,0.005679,0.017986,0.741980,1.000000,0.020000,0.039216,0.578099,413038.000000,15380.237305,13.205257,37286,36864
xtensor,meeting01_loso,fsdd,snn-ae,latency,dense,2,0.500000,0.990000,1,42,8220174658283660206,val,1,0.025873,0.034101,-0.175585,1.000000,0.040000,0.076923,0.653307,418814.000000,21967.039062,54.983047,37286,36864
xtensor,meeting01_loso,fsdd,snn-ae,latency,dense,2,1.000000,0.800000,1,42,8220174658283660206,val,1,0.004180,0.032670,0.810063,0.000000,0.000000,0.000000,0.521797,408714.000000,15019.607422,10.946365,37286,36864
xtensor,meeting01_loso,fsdd,snn-ae,latency,dense,2,1.000000,0.900000,1,42,8220174658283660206,val,1,0.005524,0.018045,0.748991,0.000000,0.000000,0.000000,0.581068,413266.000000,7444.601562,10.787406,37286,36864
xtensor,meeting01_loso,fsdd,snn-ae,latency,dense,2,1.000000,0.990000,1,42,8220174658283660206,val,1,0.023915,0.054904,-0.086601,1.000000,0.040000,0.076923,0.687656,421452.000000,28565.941406,10.979890,37286,36864
xtensor,meeting01_loso,fsdd,snn-ae,latency,dense,2,1.500000,0.800000,1,42,8220174658283660206,val,1,0.003162,0.014269,0.856341,0.000000,0.000000,0.000000,0.571836,412557.000000,15118.054688,12.026538,37286,36864
xtensor,meeting01_loso,fsdd,snn-ae,latency,dense,2,1.500000,0.900000,1,42,8220174658283660206,val,1,0.004188,0.014230,0.809716,0.000000,0.000000,0.000000,0.581237,413279.000000,22522.494141,12.411646,37286,36864
xtensor,meeting01_loso,fsdd,snn-ae,latency,dense,2,1.500000,0.990000,1,42,8220174658283660206,val,1,0.017997,0.036544,0.182318,1.000000,0.040000,0.076923,0.640990,417868.000000,22734.615234,11.909902,37286,36864
xtensor,meeting01_loso,fsdd,snn-ae,latency,conv1d,2,0.500000,0.800000,1,42,8220174658283660206,val,1,0.005544,0.024425,0.683064,0.000000,0.000000,0.000000,0.543177,410356.000000,14100.986328,12.396839,37286,36864
xtensor,meeting01_loso,fsdd,snn-ae,latency,conv1d,2,0.500000,0.900000,1,42,8220174658283660206,val,1,0.005567,0.017057,0.681751,0.000000,0.000000,0.000000,0.629935,417019.000000,32681.570312,12.155395,37286,36864
xtensor,meeting01_loso,fsdd,snn-ae,latency,conv1d,2,0.500000,0.990000,1,42,8220174658283660206,val,1,0.012162,0.035423,0.304724,0.000000,0.000000,0.000000,0.573971,412721.000000,6838.554199,12.571093,37286,36864
xtensor,meeting01_loso,fsdd,snn-ae,latency,conv1d,2,1.000000,0.800000,1,42,8220174658283660206,val,1,0.002495,0.023527,0.857393,0.000000,0.000000,0.000000,0.517917,408416.000000,25622.001953,13.602939,37286,36864
xtensor,meeting01_loso,fsdd,snn-ae,latency,conv1d,2,1.000000,0.900000,1,42,8220174658283660206,val,1,0.003391,0.013479,0.806155,0.000000,0.000000,0.000000,0.591602,414075.000000,30964.218750,12.078991,37286,36864
xtensor,meeting01_loso,fsdd,snn-ae,latency,conv1d,2,1.000000,0.990000,1,42,8220174658283660206,val,1,0.025392,0.041885,-0.451439,1.000000,0.040000,0.076923,0.564870,412022.000000,15201.741211,11.686341,37286,36864
xtensor,meeting01_loso,fsdd,snn-ae,latency,conv1d,2,1.500000,0.800000,1,42,8220174658283660206,val,1,0.030087,0.124756,-0.719979,0.000000,0.000000,0.000000,0.496758,406791.000000,14478.563477,11.995810,37286,36864
xtensor,meeting01_loso,fsdd,snn-ae,latency,conv1d,2,1.500000,0.900000,1,42,8220174658283660206,val,1,0.002810,0.012767,0.839374,0.000000,0.000000,0.000000,0.506693,407554.000000,14365.188477,12.307653,37286,36864
xtensor,meeting01_loso,fsdd,snn-ae,latency,conv1d,2,1.500000,0.990000,1,42,8220174658283660206,val,1,0.009865,0.030058,0.436025,0.000000,0.000000,0.000000,0.597070,414495.000000,6538.531738,13.536798,37286,36864
xtensor,meeting01_loso,fsdd,snn-ae,latency,recurrent,2,0.500000,0.800000,1,42,8220174658283660206,val,1,0.005302,0.014475,0.764203,0.000000,0.000000,0.000000,0.567461,412221.000000,155215.078125,879.649719,37286,36864
xtensor,meeting01_loso,fsdd,snn-ae,latency,recurrent,2,0.500000,0.900000,1,42,8220174658283660206,val,1,0.005632,0.014898,0.752186,0.000000,0.000000,0.000000,0.581094,413268.000000,155139.609375,866.537842,37286,36864
xtensor,meeting01_loso,fsdd,snn-ae,latency,recurrent,2,0.500000,0.990000,1,42,8220174658283660206,val,1,0.045900,0.053534,-0.986017,1.000000,0.040000,0.076923,0.700768,422459.000000,92598.781250,890.989868,37286,36864
xtensor,meeting01_loso,fsdd,snn-ae,latency,recurrent,2,1.000000,0.800000,1,42,8220174658283660206,val,1,0.009044,0.040411,0.470825,0.000000,0.000000,0.000000,0.519453,408534.000000,78566.625000,790.953186,37286,36864
xtensor,meeting01_loso,fsdd,snn-ae,latency,recurrent,2,1.000000,0.900000,1,42,8220174658283660206,val,1,0.006387,0.016929,0.653325,0.000000,0.000000,0.000000,0.533997,409651.000000,78202.656250,796.296570,37286,36864
xtensor,meeting01_loso,fsdd,snn-ae,latency,recurrent,2,1.000000,0.990000,1,42,8220174658283660206,val,1,0.016895,0.029476,0.076088,1.000000,0.040000,0.076923,0.581901,413330.000000,155426.750000,779.581177,37286,36864
xtensor,meeting01_loso,fsdd,snn-ae,latency,recurrent,2,1.500000,0.800000,1,42,8220174658283660206,val,1,0.003503,0.024638,0.565174,0.000000,0.000000,0.000000,0.516354,408296.000000,83873.507812,813.265869,37286,36864
xtensor,meeting01_loso,fsdd,snn-ae,latency,recurrent,2,1.500000,0.900000,1,42,8220174658283660206,val,1,0.004801,0.026592,0.448753,0.000000,0.000000,0.000000,0.500378,407069.000000,61666.292969,801.231506,37286,36864
xtensor,meeting01_loso,fsdd,snn-ae,latency,recurrent,2,1.500000,0.990000,1,42,8220174658283660206,val,1,0.010553,0.030294,-0.011751,0.000000,0.000000,0.000000,0.581237,413279.000000,117152.515625,782.804626,37286,36864
xtensor,meeting01_loso,fsdd,snn-ae,latency,conv1d,2,1.000000,0.800000,1,42,8220174658283660206,test,1,0.142851,0.227297,0.325799,0.000000,0.000000,0.000000,0.679161,629438.000000,13084.846680,12.374349,37286,36864
xtensor,meeting01_loso,fsdd,lstm-ae,latency,lstm,1,0.000000,0.000000,2,43,8220174658283660206,val,1,0.002061,0.007967,0.906378,0.000000,0.000000,0.000000,0.000000,11842560.000000,1071784.625000,1690.972412,122472,1184256
xtensor,meeting01_loso,fsdd,lstm-ae,latency,lstm,1,0.000000,0.000000,2,43,8220174658283660206,test,1,0.135600,0.182512,0.421437,0.000000,0.000000,0.000000,0.000000,11842560.000000,0.000000,0.000000,122472,1184256
xtensor,meeting01_loso,fsdd,gru-ae,latency,gru,1,0.000000,0.000000,2,43,8220174658283660206,val,1,0.002169,0.013841,0.901470,0.000000,0.000000,0.000000,0.000000,8893440.000000,578970.437500,2820.144775,93032,889344
xtensor,meeting01_loso,fsdd,gru-ae,latency,gru,1,0.000000,0.000000,2,43,8220174658283660206,test,1,0.135637,0.195196,0.421091,0.000000,0.000000,0.000000,0.000000,8893440.000000,0.000000,0.000000,93032,889344
xtensor,meeting01_loso,fsdd,transformer-ae,latency,transformer,1,0.000000,0.000000,2,43,8220174658283660206,val,1,0.001513,0.007679,0.931245,0.000000,0.000000,0.000000,0.000000,47554560.000000,207535.625000,445.253754,139176,4755456
xtensor,meeting01_loso,fsdd,transformer-ae,latency,transformer,1,0.000000,0.000000,2,43,8220174658283660206,test,1,0.135792,0.191001,0.420544,0.000000,0.000000,0.000000,0.000000,47554560.000000,0.000000,0.000000,139176,4755456
xtensor,meeting01_loso,fsdd,snn-ae,latency,dense,2,0.500000,0.800000,2,43,8220174658283660206,val,1,0.005509,0.019150,0.749712,0.000000,0.000000,0.000000,0.487604,406088.000000,16198.896484,11.875537,37286,36864
xtensor,meeting01_loso,fsdd,snn-ae,latency,dense,2,0.500000,0.900000,2,43,8220174658283660206,val,1,0.006104,0.019942,0.722621,0.000000,0.000000,0.000000,0.644661,418150.000000,15551.790039,11.757086,37286,36864
xtensor,meeting01_loso,fsdd,snn-ae,latency,dense,2,0.500000,0.990000,2,43,8220174658283660206,val,1,0.025337,0.037677,-0.151240,1.000000,0.040000,0.076923,0.602591,414919.000000,19882.695312,76.161278,37286,36864
xtensor,meeting01_loso,fsdd,snn-ae,latency,dense,2,1.000000,0.800000,2,43,8220174658283660206,val,1,0.027435,0.108894,-0.246559,0.000000,0.000000,0.000000,0.521771,408712.000000,11264.565430,10.745359,37286,36864
xtensor,meeting01_loso,fsdd,snn-ae,latency,dense,2,1.000000,0.900000,2,43,8220174658283660206,val,1,0.004745,0.014268,0.784430,0.000000,0.000000,0.000000,0.498620,406934.000000,28852.925781,10.685574,37286,36864
xtensor,meeting01_loso,fsdd,snn-ae,latency,dense,2,1.000000,0.990000,2,43,8220174658283660206,val,1,0.012014,0.027897,0.454171,1.000000,0.040000,0.076923,0.574297,412746.000000,17210.966797,11.805416,37286,36864
xtensor,meeting01_loso,fsdd,snn-ae,latency,dense,2,1.500000,0.800000,2,43,8220174658283660206,val,1,0.015420,0.085706,0.299388,0.000000,0.000000,0.000000,0.495195,406671.000000,16285.856445,12.172505,37286,36864
xtensor,meeting01_loso,fsdd,snn-ae,latency,dense,2,1.500000,0.900000,2,43,8220174658283660206,val,1,0.004084,0.012846,0.814471,0.000000,0.000000,0.000000,0.441510,402548.000000,14162.748047,11.029265,37286,36864
xtensor,meeting01_loso,fsdd,snn-ae,latency,dense,2,1.500000,0.990000,2,43,8220174658283660206,val,1,0.009281,0.023686,0.578313,1.000000,0.020000,0.039216,0.606016,415182.000000,18658.527344,12.248841,37286,36864
xtensor,meeting01_loso,fsdd,snn-ae,latency,conv1d,2,0.500000,0.800000,2,43,8220174658283660206,val,1,0.003438,0.015053,0.803483,0.000000,0.000000,0.000000,0.629961,417021.000000,7615.376465,13.577441,37286,36864
xtensor,meeting01_loso,fsdd,snn-ae,latency,conv1d,2,0.500000,0.900000,2,43,8220174658283660206,val,1,0.004883,0.017270,0.720881,0.000000,0.000000,0.000000,0.571185,412507.000000,30176.552734,12.301921,37286,36864
xtensor,meeting01_loso,fsdd,snn-ae,latency,conv1d,2,0.500000,0.990000,2,43,8220174658283660206,val,1,0.016265,0.041464,0.070144,1.000000,0.040000,0.076923,0.652174,418727.000000,11983.529297,11.917932,37286,36864
xtensor,meeting01_loso,fsdd,snn-ae,latency,conv1d,2,1.000000,0.800000,2,43,8220174658283660206,val,1,0.039658,0.137593,-1.267108,0.000000,0.000000,0.000000,0.508281,407676.000000,14533.374023,14.033787,37286,36864
xtensor,meeting01_loso,fsdd,snn-ae,latency,conv1d,2,1.000000,0.900000,2,43,8220174658283660206,val,1,0.004499,0.013847,0.742804,0.000000,0.000000,0.000000,0.431354,401768.000000,17010.425781,11.832027,37286,36864
xtensor,meeting01_loso,fsdd,snn-ae,latency,conv1d,2,1.000000,0.990000,2,43,8220174658283660206,val,1,0.015425,0.036592,0.118252,1.000000,0.040000,0.076923,0.664779,419695.000000,14121.043945,12.968701,37286,36864
xtensor,meeting01_loso,fsdd,snn-ae,latency,conv1d,2,1.500000,0.800000,2,43,8220174658283660206,val,1,0.019383,0.097332,-0.108061,0.000000,0.000000,0.000000,0.497904,406879.000000,14202.270508,13.430354,37286,36864
xtensor,meeting01_loso,fsdd,snn-ae,latency,conv1d,2,1.500000,0.900000,2,43,8220174658283660206,val,1,0.003173,0.020073,0.818610,0.000000,0.000000,0.000000,0.408724,400030.000000,9694.357422,12.101406,37286,36864
xtensor,meeting01_loso,fsdd,snn-ae,latency,conv1d,2,1.500000,0.990000,2,43,8220174658283660206,val,1,0.012884,0.036668,0.263460,1.000000,0.020000,0.039216,0.623320,416511.000000,6417.188477,14.281516,37286,36864
xtensor,meeting01_loso,fsdd,snn-ae,latency,recurrent,2,0.500000,0.800000,2,43,8220174658283660206,val,1,0.004964,0.016855,0.779248,0.000000,0.000000,0.000000,0.527982,409189.000000,67893.179688,887.436462,37286,36864
xtensor,meeting01_loso,fsdd,snn-ae,latency,recurrent,2,0.500000,0.900000,2,43,8220174658283660206,val,1,0.007865,0.024399,0.653936,0.000000,0.000000,0.000000,0.614440,415829.000000,37098.582031,814.967651,37286,36864
xtensor,meeting01_loso,fsdd,snn-ae,latency,recurrent,2,0.500000,0.990000,2,43,8220174658283660206,val,1,0.039860,0.059608,-0.724748,1.000000,0.040000,0.076923,0.654831,418931.000000,67311.898438,779.208069,37286,36864
xtensor,meeting01_loso,fsdd,snn-ae,latency,recurrent,2,1.000000,0.800000,2,43,8220174658283660206,val,1,0.015740,0.085689,0.078982,0.000000,0.000000,0.000000,0.516589,408314.000000,36479.800781,839.475403,37286,36864
xtensor,meeting01_loso,fsdd,snn-ae,latency,recurrent,2,1.000000,0.900000,2,43,8220174658283660206,val,1,0.006127,0.018091,0.667435,0.000000,0.000000,0.000000,0.522357,408757.000000,83927.484375,827.526855,37286,36864
xtensor,meeting01_loso,fsdd,snn-ae,latency,recurrent,2,1.000000,0.990000,2,43,8220174658283660206,val,1,0.025504,0.048145,-0.394803,1.000000,0.040000,0.076923,0.578633,413079.000000,73053.117188,748.265686,37286,36864
xtensor,meeting01_loso,fsdd,snn-ae,latency,recurrent,2,1.500000,0.800000,2,43,8220174658283660206,val,1,0.003824,0.026337,0.525380,0.000000,0.000000,0.000000,0.543789,410403.000000,157098.140625,896.550842,37286,36864
xtensor,meeting01_loso,fsdd,snn-ae,latency,recurrent,2,1.500000,0.900000,2,43,8220174658283660206,val,1,0.004696,0.020576,0.460790,0.000000,0.000000,0.000000,0.520560,408619.000000,66188.898438,779.264893,37286,36864
xtensor,meeting01_loso,fsdd,snn-ae,latency,recurrent,2,1.500000,0.990000,2,43,8220174658283660206,val,1,0.011714,0.035411,-0.123110,0.000000,0.000000,0.000000,0.658503,419213.000000,118669.429688,743.346497,37286,36864
xtensor,meeting01_loso,fsdd,snn-ae,latency,conv1d,2,1.500000,0.900000,2,43,8220174658283660206,test,1,0.121444,0.193588,0.427058,0.000000,0.000000,0.000000,0.719935,645095.000000,13672.884766,12.001254,37286,36864
xtensor,meeting01_loso,fsdd,lstm-ae,latency,lstm,1,0.000000,0.000000,3,44,8220174658283660206,val,1,0.002061,0.007967,0.906378,0.000000,0.000000,0.000000,0.000000,11842560.000000,1061488.875000,1709.987183,122472,1184256
xtensor,meeting01_loso,fsdd,lstm-ae,latency,lstm,1,0.000000,0.000000,3,44,8220174658283660206,test,1,0.135600,0.182512,0.421437,0.000000,0.000000,0.000000,0.000000,11842560.000000,0.000000,0.000000,122472,1184256
xtensor,meeting01_loso,fsdd,gru-ae,latency,gru,1,0.000000,0.000000,3,44,8220174658283660206,val,1,0.002169,0.013841,0.901470,0.000000,0.000000,0.000000,0.000000,8893440.000000,574273.250000,2759.884521,93032,889344
xtensor,meeting01_loso,fsdd,gru-ae,latency,gru,1,0.000000,0.000000,3,44,8220174658283660206,test,1,0.135637,0.195196,0.421091,0.000000,0.000000,0.000000,0.000000,8893440.000000,0.000000,0.000000,93032,889344
xtensor,meeting01_loso,fsdd,transformer-ae,latency,transformer,1,0.000000,0.000000,3,44,8220174658283660206,val,1,0.001513,0.007679,0.931245,0.000000,0.000000,0.000000,0.000000,47554560.000000,210753.578125,434.998932,139176,4755456
xtensor,meeting01_loso,fsdd,transformer-ae,latency,transformer,1,0.000000,0.000000,3,44,8220174658283660206,test,1,0.135792,0.191001,0.420544,0.000000,0.000000,0.000000,0.000000,47554560.000000,0.000000,0.000000,139176,4755456
xtensor,meeting01_loso,fsdd,snn-ae,latency,dense,2,0.500000,0.800000,3,44,8220174658283660206,val,1,0.005378,0.018396,0.755654,0.000000,0.000000,0.000000,0.673971,420401.000000,7454.681152,12.073819,37286,36864
xtensor,meeting01_loso,fsdd,snn-ae,latency,dense,2,0.500000,0.900000,3,44,8220174658283660206,val,1,0.006777,0.019396,0.692073,0.000000,0.000000,0.000000,0.632891,417246.000000,32333.433594,11.949431,37286,36864
xtensor,meeting01_loso,fsdd,snn-ae,latency,dense,2,0.500000,0.990000,3,44,8220174658283660206,val,1,0.017156,0.033844,0.220565,1.000000,0.040000,0.076923,0.608841,415399.000000,10912.141602,10.986034,37286,36864
xtensor,meeting01_loso,fsdd,snn-ae,latency,dense,2,1.000000,0.800000,3,44,8220174658283660206,val,1,0.053252,0.151140,-1.419606,0.000000,0.000000,0.000000,0.488607,406165.000000,7666.000977,12.584711,37286,36864
xtensor,meeting01_loso,fsdd,snn-ae,latency,dense,2,1.000000,0.900000,3,44,8220174658283660206,val,1,0.005430,0.016549,0.753300,0.000000,0.000000,0.000000,0.560078,411654.000000,20822.822266,10.942244,37286,36864
xtensor,meeting01_loso,fsdd,snn-ae,latency,dense,2,1.000000,0.990000,3,44,8220174658283660206,val,1,0.014720,0.027809,0.331186,1.000000,0.040000,0.076923,0.507695,407631.000000,24537.392578,11.655537,37286,36864
xtensor,meeting01_loso,fsdd,snn-ae,latency,dense,2,1.500000,0.800000,3,44,8220174658283660206,val,1,0.017164,0.086679,0.220109,0.000000,0.000000,0.000000,0.512057,407966.000000,19558.257812,12.345364,37286,36864
xtensor,meeting01_loso,fsdd,snn-ae,latency,dense,2,1.500000,0.900000,3,44,8220174658283660206,val,1,0.003996,0.013791,0.818438,0.000000,0.000000,0.000000,0.551536,410998.000000,13970.986328,11.805069,37286,36864
xtensor,meeting01_loso,fsdd,snn-ae,latency,dense,2,1.500000,0.990000,3,44,8220174658283660206,val,1,0.008710,0.022365,0.604258,0.000000,0.000000,0.000000,0.596979,414488.000000,21092.921875,10.831126,37286,36864
xtensor,meeting01_loso,fsdd,snn-ae,latency,conv1d,2,0.500000,0.800000,3,44,8220174658283660206,val,1,0.004063,0.019622,0.767726,0.000000,0.000000,0.000000,0.618568,416146.000000,7890.897461,12.074657,37286,36864
xtensor,meeting01_loso,fsdd,snn-ae,latency,conv1d,2,0.500000,0.900000,3,44,8220174658283660206,val,1,0.003921,0.014611,0.775867,0.000000,0.000000,0.000000,0.499557,407006.000000,32429.332031,14.261542,37286,36864
xtensor,meeting01_loso,fsdd,snn-ae,latency,conv1d,2,0.500000,0.990000,3,44,8220174658283660206,val,1,0.012545,0.030459,0.282864,1.000000,0.040000,0.076923,0.456354,403688.000000,32793.898438,13.341587,37286,36864
xtensor,meeting01_loso,fsdd,snn-ae,latency,conv1d,2,1.000000,0.800000,3,44,8220174658283660206,val,1,0.002395,0.013596,0.863118,0.000000,0.000000,0.000000,0.529544,409309.000000,6570.417480,12.049025,37286,36864
xtensor,meeting01_loso,fsdd,snn-ae,latency,conv1d,2,1.000000,0.900000,3,44,8220174658283660206,val,1,0.004219,0.015605,0.758821,0.000000,0.000000,0.000000,0.553893,411179.000000,32675.001953,55.541985,37286,36864
xtensor,meeting01_loso,fsdd,snn-ae,latency,conv1d,2,1.000000,0.990000,3,44,8220174658283660206,val,1,0.014376,0.034676,0.178150,1.000000,0.040000,0.076923,0.569948,412412.000000,6465.848633,11.792357,37286,36864
xtensor,meeting01_loso,fsdd,snn-ae,latency,conv1d,2,1.500000,0.800000,3,44,8220174658283660206,val,1,0.008677,0.039178,0.504018,0.000000,0.000000,0.000000,0.520443,408610.000000,14282.333008,11.947196,37286,36864
xtensor,meeting01_loso,fsdd,snn-ae,latency,conv1d,2,1.500000,0.900000,3,44,8220174658283660206,val,1,0.003147,0.016471,0.820105,0.000000,0.000000,0.000000,0.515990,408268.000000,21611.269531,13.057819,37286,36864
xtensor,meeting01_loso,fsdd,snn-ae,latency,conv1d,2,1.500000,0.990000,3,44,8220174658283660206,val,1,0.012413,0.030398,0.290423,1.000000,0.040000,0.076923,0.604766,415086.000000,17408.085938,12.409060,37286,36864
xtensor,meeting01_loso,fsdd,snn-ae,latency,recurrent,2,0.500000,0.800000,3,44,8220174658283660206,val,1,0.005390,0.016745,0.760255,0.000000,0.000000,0.000000,0.607409,415289.000000,52184.421875,911.623108,37286,36864
xtensor,meeting01_loso,fsdd,snn-ae,latency,recurrent,2,0.500000,0.900000,3,44,8220174658283660206,val,1,0.006871,0.018768,0.697692,0.000000,0.000000,0.000000,0.641237,417887.000000,155677.203125,822.411560,37286,36864
xtensor,meeting01_loso,fsdd,snn-ae,latency,recurrent,2,0.500000,0.990000,3,44,8220174658283660206,val,1,0.021717,0.040729,0.060384,1.000000,0.040000,0.076923,0.655508,418983.000000,31059.353516,794.616150,37286,36864
xtensor,meeting01_loso,fsdd,snn-ae,latency,recurrent,2,1.000000,0.800000,3,44,8220174658283660206,val,1,0.005350,0.021365,0.687013,0.000000,0.000000,0.000000,0.514674,408167.000000,123447.843750,823.849976,37286,36864
xtensor,meeting01_loso,fsdd,snn-ae,latency,recurrent,2,1.000000,0.900000,3,44,8220174658283660206,val,1,0.007257,0.021781,0.606078,0.000000,0.000000,0.000000,0.599427,414676.000000,77311.789062,837.684875,37286,36864
xtensor,meeting01_loso,fsdd,snn-ae,latency,recurrent,2,1.000000,0.990000,3,44,8220174658283660206,val,1,0.011137,0.033605,0.390911,0.000000,0.000000,0.000000,0.708177,423028.000000,31149.605469,796.743530,37286,36864
xtensor,meeting01_loso,fsdd,snn-ae,latency,recurrent,2,1.500000,0.800000,3,44,8220174658283660206,val,1,0.002685,0.015695,0.666706,0.000000,0.000000,0.000000,0.515599,408238.000000,65624.351562,826.749207,37286,36864
xtensor,meeting01_loso,fsdd,snn-ae,latency,recurrent,2,1.500000,0.900000,3,44,8220174658283660206,val,1,0.005524,0.020521,0.365681,0.000000,0.000000,0.000000,0.588359,413826.000000,50910.082031,784.266052,37286,36864
xtensor,meeting01_loso,fsdd,snn-ae,latency,recurrent,2,1.500000,0.990000,3,44,8220174658283660206,val,1,0.007815,0.022597,0.250746,0.000000,0.000000,0.000000,0.539961,410109.000000,102199.757812,799.048035,37286,36864
xtensor,meeting01_loso,fsdd,snn-ae,latency,conv1d,2,1.000000,0.800000,3,44,8220174658283660206,test,1,0.135457,0.202726,0.360765,0.000000,0.000000,0.000000,0.691008,633987.000000,24766.408203,11.842014,37286,36864
xtensor,meeting01_loso,fsdd,lstm-ae,latency,lstm,1,0.000000,0.000000,4,45,8220174658283660206,val,1,0.002061,0.007967,0.906378,0.000000,0.000000,0.000000,0.000000,11842560.000000,1070234.625000,1699.194702,122472,1184256
xtensor,meeting01_loso,fsdd,lstm-ae,latency,lstm,1,0.000000,0.000000,4,45,8220174658283660206,test,1,0.135600,0.182512,0.421437,0.000000,0.000000,0.000000,0.000000,11842560.000000,0.000000,0.000000,122472,1184256
xtensor,meeting01_loso,fsdd,gru-ae,latency,gru,1,0.000000,0.000000,4,45,8220174658283660206,val,1,0.002169,0.013841,0.901470,0.000000,0.000000,0.000000,0.000000,8893440.000000,566222.250000,2723.574707,93032,889344
xtensor,meeting01_loso,fsdd,gru-ae,latency,gru,1,0.000000,0.000000,4,45,8220174658283660206,test,1,0.135637,0.195196,0.421091,0.000000,0.000000,0.000000,0.000000,8893440.000000,0.000000,0.000000,93032,889344
xtensor,meeting01_loso,fsdd,transformer-ae,latency,transformer,1,0.000000,0.000000,4,45,8220174658283660206,val,1,0.001513,0.007679,0.931245,0.000000,0.000000,0.000000,0.000000,47554560.000000,211308.906250,444.100159,139176,4755456
xtensor,meeting01_loso,fsdd,transformer-ae,latency,transformer,1,0.000000,0.000000,4,45,8220174658283660206,test,1,0.135792,0.191001,0.420544,0.000000,0.000000,0.000000,0.000000,47554560.000000,0.000000,0.000000,139176,4755456
xtensor,meeting01_loso,fsdd,snn-ae,latency,dense,2,0.500000,0.800000,4,45,8220174658283660206,val,1,0.005711,0.021691,0.740547,0.000000,0.000000,0.000000,0.613268,415739.000000,7454.672852,11.672019,37286,36864
xtensor,meeting01_loso,fsdd,snn-ae,latency,dense,2,0.500000,0.900000,4,45,8220174658283660206,val,1,0.007312,0.021514,0.667756,0.000000,0.000000,0.000000,0.517096,408353.000000,19585.796875,11.057483,37286,36864
xtensor,meeting01_loso,fsdd,snn-ae,latency,dense,2,0.500000,0.990000,4,45,8220174658283660206,val,1,0.016143,0.032254,0.266560,1.000000,0.040000,0.076923,0.590664,414003.000000,32128.082031,11.523536,37286,36864
xtensor,meeting01_loso,fsdd,snn-ae,latency,dense,2,1.000000,0.800000,4,45,8220174658283660206,val,1,0.011016,0.066853,0.499446,0.000000,0.000000,0.000000,0.512604,408008.000000,15023.037109,12.604476,37286,36864
xtensor,meeting01_loso,fsdd,snn-ae,latency,dense,2,1.000000,0.900000,4,45,8220174658283660206,val,1,0.005747,0.019374,0.738917,0.000000,0.000000,0.000000,0.534206,409667.000000,9811.895508,11.233693,37286,36864
xtensor,meeting01_loso,fsdd,snn-ae,latency,dense,2,1.000000,0.990000,4,45,8220174658283660206,val,1,0.017593,0.057578,0.200741,1.000000,0.040000,0.076923,0.654557,418910.000000,28582.154297,10.805354,37286,36864
xtensor,meeting01_loso,fsdd,snn-ae,latency,dense,2,1.500000,0.800000,4,45,8220174658283660206,val,1,0.003971,0.014192,0.819603,1.000000,0.020000,0.039216,0.533190,409589.000000,7543.390625,10.833081,37286,36864
xtensor,meeting01_loso,fsdd,snn-ae,latency,dense,2,1.500000,0.900000,4,45,8220174658283660206,val,1,0.004626,0.014085,0.789837,0.000000,0.000000,0.000000,0.478438,405384.000000,21450.236328,10.907602,37286,36864
xtensor,meeting01_loso,fsdd,snn-ae,latency,dense,2,1.500000,0.990000,4,45,8220174658283660206,val,1,0.016505,0.030675,0.250133,1.000000,0.040000,0.076923,0.446146,402904.000000,23515.664062,11.723982,37286,36864
xtensor,meeting01_loso,fsdd,snn-ae,latency,conv1d,2,0.500000,0.800000,4,45,8220174658283660206,val,1,0.004561,0.021189,0.739267,0.000000,0.000000,0.000000,0.723346,424193.000000,9078.274414,13.930911,37286,36864
xtensor,meeting01_loso,fsdd,snn-ae,latency,conv1d,2,0.500000,0.900000,4,45,8220174658283660206,val,1,0.004681,0.017748,0.732467,0.000000,0.000000,0.000000,0.609440,415445.000000,23865.623047,15.614376,37286,36864
xtensor,meeting01_loso,fsdd,snn-ae,latency,conv1d,2,0.500000,0.990000,4,45,8220174658283660206,val,1,0.030646,0.055453,-0.751982,1.000000,0.040000,0.076923,0.738607,425365.000000,12697.784180,13.599721,37286,36864
xtensor,meeting01_loso,fsdd,snn-ae,latency,conv1d,2,1.000000,0.800000,4,45,8220174658283660206,val,1,0.002884,0.013195,0.835158,0.000000,0.000000,0.000000,0.482852,405723.000000,6550.640625,13.266646,37286,36864
xtensor,meeting01_loso,fsdd,snn-ae,latency,conv1d,2,1.000000,0.900000,4,45,8220174658283660206,val,1,0.004770,0.019668,0.727322,0.000000,0.000000,0.000000,0.543060,410347.000000,21139.621094,13.275865,37286,36864
xtensor,meeting01_loso,fsdd,snn-ae,latency,conv1d,2,1.000000,0.990000,4,45,8220174658283660206,val,1,0.016338,0.035507,0.066068,1.000000,0.040000,0.076923,0.608008,415335.000000,30035.873047,13.174036,37286,36864
xtensor,meeting01_loso,fsdd,snn-ae,latency,conv1d,2,1.500000,0.800000,4,45,8220174658283660206,val,1,0.001731,0.012280,0.901038,0.000000,0.000000,0.000000,0.500247,407059.000000,13675.916992,13.570737,37286,36864
xtensor,meeting01_loso,fsdd,snn-ae,latency,conv1d,2,1.500000,0.900000,4,45,8220174658283660206,val,1,0.002597,0.013973,0.851574,0.000000,0.000000,0.000000,0.481484,405618.000000,6195.047852,14.786541,37286,36864
xtensor,meeting01_loso,fsdd,snn-ae,latency,conv1d,2,1.500000,0.990000,4,45,8220174658283660206,val,1,0.011233,0.032516,0.357864,1.000000,0.020000,0.039216,0.638932,417710.000000,6700.124512,30.465452,37286,36864
xtensor,meeting01_loso,fsdd,snn-ae,latency,recurrent,2,0.500000,0.800000,4,45,8220174658283660206,val,1,0.029134,0.124456,-0.295800,0.000000,0.000000,0.000000,0.526549,409079.000000,94184.273438,798.110535,37286,36864
xtensor,meeting01_loso,fsdd,snn-ae,latency,recurrent,2,0.500000,0.900000,4,45,8220174658283660206,val,1,0.008569,0.020831,0.622978,0.000000,0.000000,0.000000,0.582721,413393.000000,154907.531250,919.244324,37286,36864
xtensor,meeting01_loso,fsdd,snn-ae,latency,recurrent,2,0.500000,0.990000,4,45,8220174658283660206,val,1,0.022019,0.033889,0.047282,1.000000,0.040000,0.076923,0.489219,406212.000000,156853.562500,812.990051,37286,36864
xtensor,meeting01_loso,fsdd,snn-ae,latency,recurrent,2,1.000000,0.800000,4,45,8220174658283660206,val,1,0.007721,0.032816,0.548260,0.000000,0.000000,0.000000,0.505325,407449.000000,78178.968750,770.256409,37286,36864
xtensor,meeting01_loso,fsdd,snn-ae,latency,recurrent,2,1.000000,0.900000,4,45,8220174658283660206,val,1,0.007209,0.036892,0.608656,0.000000,0.000000,0.000000,0.532253,409517.000000,77830.507812,782.139648,37286,36864
xtensor,meeting01_loso,fsdd,snn-ae,latency,recurrent,2,1.000000,0.990000,4,45,8220174658283660206,val,1,0.013316,0.030277,0.271764,1.000000,0.040000,0.076923,0.577565,412997.000000,72655.789062,809.709106,37286,36864
xtensor,meeting01_loso,fsdd,snn-ae,latency,recurrent,2,1.500000,0.800000,4,45,8220174658283660206,val,1,0.009223,0.053646,-0.144900,0.000000,0.000000,0.000000,0.521445,408687.000000,81351.515625,784.345154,37286,36864
xtensor,meeting01_loso,fsdd,snn-ae,latency,recurrent,2,1.500000,0.900000,4,45,8220174658283660206,val,1,0.004574,0.018154,0.474808,0.000000,0.000000,0.000000,0.556536,411382.000000,35866.765625,814.639160,37286,36864
xtensor,meeting01_loso,fsdd,snn-ae,latency,recurrent,2,1.500000,0.990000,4,45,8220174658283660206,val,1,0.013479,0.037031,-0.292266,0.500000,0.020000,0.038462,0.502500,407232.000000,72335.703125,832.085022,37286,36864
xtensor,meeting01_loso,fsdd,snn-ae,latency,conv1d,2,1.500000,0.800000,4,45,8220174658283660206,test,1,0.145840,0.241326,0.311637,0.000000,0.000000,0.000000,0.638331,613759.000000,14286.090820,29.732813,37286,36864
xtensor,meeting01_loso,fsdd,lstm-ae,latency,lstm,1,0.000000,0.000000,5,46,8220174658283660206,val,1,0.002061,0.007967,0.906378,0.000000,0.000000,0.000000,0.000000,11842560.000000,1063237.250000,1697.435181,122472,1184256
xtensor,meeting01_loso,fsdd,lstm-ae,latency,lstm,1,0.000000,0.000000,5,46,8220174658283660206,test,1,0.135600,0.182512,0.421437,0.000000,0.000000,0.000000,0.000000,11842560.000000,0.000000,0.000000,122472,1184256
xtensor,meeting01_loso,fsdd,gru-ae,latency,gru,1,0.000000,0.000000,5,46,8220174658283660206,val,1,0.002169,0.013841,0.901470,0.000000,0.000000,0.000000,0.000000,8893440.000000,577637.000000,2848.017822,93032,889344
xtensor,meeting01_loso,fsdd,gru-ae,latency,gru,1,0.000000,0.000000,5,46,8220174658283660206,test,1,0.135637,0.195196,0.421091,0.000000,0.000000,0.000000,0.000000,8893440.000000,0.000000,0.000000,93032,889344
xtensor,meeting01_loso,fsdd,transformer-ae,latency,transformer,1,0.000000,0.000000,5,46,8220174658283660206,val,1,0.001513,0.007679,0.931245,0.000000,0.000000,0.000000,0.000000,47554560.000000,211500.812500,446.180725,139176,4755456
xtensor,meeting01_loso,fsdd,transformer-ae,latency,transformer,1,0.000000,0.000000,5,46,8220174658283660206,test,1,0.135792,0.191001,0.420544,0.000000,0.000000,0.000000,0.000000,47554560.000000,0.000000,0.000000,139176,4755456
xtensor,meeting01_loso,fsdd,snn-ae,latency,dense,2,0.500000,0.800000,5,46,8220174658283660206,val,1,0.005280,0.019180,0.760107,0.000000,0.000000,0.000000,0.664635,419684.000000,7450.712891,50.062969,37286,36864
xtensor,meeting01_loso,fsdd,snn-ae,latency,dense,2,0.500000,0.900000,5,46,8220174658283660206,val,1,0.006952,0.019049,0.684117,0.000000,0.000000,0.000000,0.542057,410270.000000,21895.558594,12.240461,37286,36864
xtensor,meeting01_loso,fsdd,snn-ae,latency,dense,2,0.500000,0.990000,5,46,8220174658283660206,val,1,0.026654,0.036337,-0.211070,1.000000,0.040000,0.076923,0.614727,415851.000000,16089.404297,11.719372,37286,36864
xtensor,meeting01_loso,fsdd,snn-ae,latency,dense,2,1.000000,0.800000,5,46,8220174658283660206,val,1,0.004267,0.030260,0.806111,0.000000,0.000000,0.000000,0.546419,410605.000000,20082.839844,11.850395,37286,36864
xtensor,meeting01_loso,fsdd,snn-ae,latency,dense,2,1.000000,0.900000,5,46,8220174658283660206,val,1,0.004448,0.015406,0.797917,0.000000,0.000000,0.000000,0.550195,410895.000000,26804.914062,10.760166,37286,36864
xtensor,meeting01_loso,fsdd,snn-ae,latency,dense,2,1.000000,0.990000,5,46,8220174658283660206,val,1,0.016016,0.033543,0.272304,1.000000,0.040000,0.076923,0.594570,414303.000000,16185.871094,11.796129,37286,36864
xtensor,meeting01_loso,fsdd,snn-ae,latency,dense,2,1.500000,0.800000,5,46,8220174658283660206,val,1,0.005522,0.036786,0.749095,0.000000,0.000000,0.000000,0.504661,407398.000000,30221.199219,11.931342,37286,36864
xtensor,meeting01_loso,fsdd,snn-ae,latency,dense,2,1.500000,0.900000,5,46,8220174658283660206,val,1,0.021738,0.105024,0.012250,0.000000,0.000000,0.000000,0.496172,406746.000000,14048.393555,12.421631,37286,36864
xtensor,meeting01_loso,fsdd,snn-ae,latency,dense,2,1.500000,0.990000,5,46,8220174658283660206,val,1,0.014175,0.036954,0.355956,1.000000,0.040000,0.076923,0.657227,419115.000000,6602.679688,11.351865,37286,36864
xtensor,meeting01_loso,fsdd,snn-ae,latency,conv1d,2,0.500000,0.800000,5,46,8220174658283660206,val,1,0.003148,0.015767,0.820078,0.000000,0.000000,0.000000,0.522969,408804.000000,15427.246094,13.375111,37286,36864
xtensor,meeting01_loso,fsdd,snn-ae,latency,conv1d,2,0.500000,0.900000,5,46,8220174658283660206,val,1,0.005757,0.018611,0.670942,0.000000,0.000000,0.000000,0.592656,414156.000000,18566.365234,11.756039,37286,36864
xtensor,meeting01_loso,fsdd,snn-ae,latency,conv1d,2,0.500000,0.990000,5,46,8220174658283660206,val,1,0.027571,0.063339,-0.576124,1.000000,0.040000,0.076923,0.682200,421033.000000,10724.728516,12.054194,37286,36864
xtensor,meeting01_loso,fsdd,snn-ae,latency,conv1d,2,1.000000,0.800000,5,46,8220174658283660206,val,1,0.012298,0.077074,0.296971,0.000000,0.000000,0.000000,0.543346,410369.000000,14576.448242,12.913597,37286,36864
xtensor,meeting01_loso,fsdd,snn-ae,latency,conv1d,2,1.000000,0.900000,5,46,8220174658283660206,val,1,0.003720,0.014766,0.787343,0.000000,0.000000,0.000000,0.536471,409841.000000,6671.339355,13.533372,37286,36864
xtensor,meeting01_loso,fsdd,snn-ae,latency,conv1d,2,1.000000,0.990000,5,46,8220174658283660206,val,1,0.014128,0.033851,0.192346,1.000000,0.040000,0.076923,0.630130,417034.000000,18196.115234,13.370920,37286,36864
xtensor,meeting01_loso,fsdd,snn-ae,latency,conv1d,2,1.500000,0.800000,5,46,8220174658283660206,val,1,0.001449,0.011375,0.917149,0.000000,0.000000,0.000000,0.408711,400029.000000,13929.817383,44.724827,37286,36864
xtensor,meeting01_loso,fsdd,snn-ae,latency,conv1d,2,1.500000,0.900000,5,46,8220174658283660206,val,1,0.003141,0.014045,0.820428,0.000000,0.000000,0.000000,0.653047,418794.000000,7583.907227,12.799685,37286,36864
xtensor,meeting01_loso,fsdd,snn-ae,latency,conv1d,2,1.500000,0.990000,5,46,8220174658283660206,val,1,0.009912,0.027869,0.433370,1.000000,0.040000,0.076923,0.455117,403593.000000,19826.750000,12.909615,37286,36864
xtensor,meeting01_loso,fsdd,snn-ae,latency,recurrent,2,0.500000,0.800000,5,46,8220174658283660206,val,1,0.005630,0.015907,0.749611,0.000000,0.000000,0.000000,0.462539,404163.000000,81834.796875,777.853271,37286,36864
xtensor,meeting01_loso,fsdd,snn-ae,latency,recurrent,2,0.500000,0.900000,5,46,8220174658283660206,val,1,0.006099,0.016373,0.731647,0.000000,0.000000,0.000000,0.537109,409890.000000,70278.406250,791.525452,37286,36864
xtensor,meeting01_loso,fsdd,snn-ae,latency,recurrent,2,0.500000,0.990000,5,46,8220174658283660206,val,1,0.033873,0.055959,-0.465699,1.000000,0.040000,0.076923,0.687422,421434.000000,153315.406250,893.248962,37286,36864
xtensor,meeting01_loso,fsdd,snn-ae,latency,recurrent,2,1.000000,0.800000,5,46,8220174658283660206,val,1,0.006590,0.027564,0.614429,0.000000,0.000000,0.000000,0.511784,407945.000000,35225.593750,788.010132,37286,36864
xtensor,meeting01_loso,fsdd,snn-ae,latency,recurrent,2,1.000000,0.900000,5,46,8220174658283660206,val,1,0.006230,0.017980,0.661841,0.000000,0.000000,0.000000,0.511693,407938.000000,130727.250000,799.775024,37286,36864
xtensor,meeting01_loso,fsdd,snn-ae,latency,recurrent,2,1.000000,0.990000,5,46,8220174658283660206,val,1,0.018338,0.038553,-0.002937,1.000000,0.040000,0.076923,0.698086,422253.000000,118401.546875,849.218018,37286,36864
xtensor,meeting01_loso,fsdd,snn-ae,latency,recurrent,2,1.500000,0.800000,5,46,8220174658283660206,val,1,0.006919,0.042441,0.141106,0.000000,0.000000,0.000000,0.480977,405579.000000,67352.078125,892.924744,37286,36864
xtensor,meeting01_loso,fsdd,snn-ae,latency,recurrent,2,1.500000,0.900000,5,46,8220174658283660206,val,1,0.008321,0.038207,0.044592,0.000000,0.000000,0.000000,0.568294,412285.000000,51509.074219,801.070068,37286,36864
xtensor,meeting01_loso,fsdd,snn-ae,latency,recurrent,2,1.500000,0.990000,5,46,8220174658283660206,val,1,0.013578,0.036003,-0.301765,0.000000,0.000000,0.000000,0.616445,415983.000000,76236.976562,932.256104,37286,36864
xtensor,meeting01_loso,fsdd,snn-ae,latency,conv1d,2,1.500000,0.800000,5,46,8220174658283660206,test,1,0.138755,0.230037,0.345317,0.000000,0.000000,0.000000,0.688648,633081.000000,15295.900391,29.828356,37286,36864
