backend,profile,dataset,model,encoding,architecture,layers,v_th,alpha,run,seed,config_hash,split,cv_fold,mse,mae,r2,precision,recall,f1,spike_rate,energy,train_ms,infer_ms,param_count,macs
xtensor,meeting01_loso,fsdd,lstm-ae,direct,lstm,1,0.000000,0.000000,1,42,16470453339372834741,val,0,0.163974,0.229870,0.836026,0.000000,0.000000,0.000000,0.000000,11842560.000000,511337.500000,1642.642334,122472,1184256
xtensor,meeting01_loso,fsdd,lstm-ae,direct,lstm,1,0.000000,0.000000,1,42,16470453339372834741,test,0,1.270578,0.674070,-0.270368,0.000000,0.000000,0.000000,0.000000,11842560.000000,0.000000,0.000000,122472,1184256
xtensor,meeting01_loso,fsdd,gru-ae,direct,gru,1,0.000000,0.000000,1,42,16470453339372834741,val,0,0.134305,0.203680,0.865694,0.000000,0.000000,0.000000,0.000000,8893440.000000,348460.031250,18458.609375,93032,889344
xtensor,meeting01_loso,fsdd,gru-ae,direct,gru,1,0.000000,0.000000,1,42,16470453339372834741,test,0,1.349568,0.670861,-0.349418,0.000000,0.000000,0.000000,0.000000,8893440.000000,0.000000,0.000000,93032,889344
xtensor,meeting01_loso,fsdd,transformer-ae,direct,transformer,1,0.000000,0.000000,1,42,16470453339372834741,val,0,0.133881,0.203484,0.866119,0.000000,0.000000,0.000000,0.000000,47554560.000000,149278.406250,861.492981,139176,4755456
xtensor,meeting01_loso,fsdd,transformer-ae,direct,transformer,1,0.000000,0.000000,1,42,16470453339372834741,test,0,1.348076,0.671650,-0.347902,0.000000,0.000000,0.000000,0.000000,47554560.000000,0.000000,0.000000,139176,4755456
xtensor,meeting01_loso,fsdd,snn-ae,direct,dense,2,0.500000,0.800000,1,42,16470453339372834741,val,0,0.131764,0.211238,0.868236,0.285714,0.040000,0.070175,0.113294,377341.000000,28508.107422,12.870983,37286,36864
xtensor,meeting01_loso,fsdd,snn-ae,direct,dense,2,0.500000,0.900000,1,42,16470453339372834741,val,0,0.124903,0.204531,0.875096,0.600000,0.180000,0.276923,0.096289,376035.000000,24866.476562,13.534618,37286,36864
xtensor,meeting01_loso,fsdd,snn-ae,direct,dense,2,0.500000,0.990000,1,42,16470453339372834741,val,0,0.126330,0.206511,0.873669,0.444444,0.080000,0.135593,0.101354,376424.000000,20193.140625,11.148268,37286,36864
xtensor,meeting01_loso,fsdd,snn-ae,direct,dense,2,1.000000,0.800000,1,42,16470453339372834741,val,0,0.139493,0.225465,0.860506,0.611111,0.220000,0.323529,0.146888,379921.000000,20248.048828,12.475540,37286,36864
xtensor,meeting01_loso,fsdd,snn-ae,direct,dense,2,1.000000,0.900000,1,42,16470453339372834741,val,0,0.127104,0.209418,0.872895,0.583333,0.140000,0.225806,0.119492,377817.000000,25629.892578,20.844179,37286,36864
xtensor,meeting01_loso,fsdd,snn-ae,direct,dense,2,1.000000,0.990000,1,42,16470453339372834741,val,0,0.131463,0.204790,0.868537,0.285714,0.040000,0.070175,0.079375,374736.000000,41814.101562,10.950616,37286,36864
xtensor,meeting01_loso,fsdd,snn-ae,direct,dense,2,1.500000,0.800000,1,42,16470453339372834741,val,0,0.161997,0.240883,0.838002,0.703704,0.380000,0.493506,0.169844,381684.000000,18239.783203,10.839079,37286,36864
xtensor,meeting01_loso,fsdd,snn-ae,direct,dense,2,1.500000,0.900000,1,42,16470453339372834741,val,0,0.127973,0.210844,0.872026,0.363636,0.080000,0.131148,0.113568,377362.000000,18607.593750,10.356752,37286,36864
xtensor,meeting01_loso,fsdd,snn-ae,direct,dense,2,1.500000,0.990000,1,42,16470453339372834741,val,0,0.127393,0.208649,0.872607,0.285714,0.040000,0.070175,0.095560,375979.000000,39973.738281,19.553644,37286,36864
xtensor,meeting01_loso,fsdd,snn-ae,direct,conv1d,2,0.500000,0.800000,1,42,16470453339372834741,val,0,0.119316,0.194925,0.843717,0.636364,0.140000,0.229508,0.135807,379070.000000,27506.992188,16.443943,37286,36864
xtensor,meeting01_loso,fsdd,snn-ae,direct,conv1d,2,0.500000,0.900000,1,42,16470453339372834741,val,0,0.115897,0.190435,0.848195,0.285714,0.040000,0.070175,0.124427,378196.000000,34026.796875,18.054493,37286,36864
xtensor,meeting01_loso,fsdd,snn-ae,direct,conv1d,2,0.500000,0.990000,1,42,16470453339372834741,val,0,0.114810,0.186496,0.849619,0.333333,0.040000,0.071429,0.103125,376560.000000,39206.285156,18.570272,37286,36864
xtensor,meeting01_loso,fsdd,snn-ae,direct,conv1d,2,1.000000,0.800000,1,42,16470453339372834741,val,0,0.147114,0.221222,0.807306,0.684211,0.260000,0.376812,0.181055,382545.000000,44308.218750,13.821040,37286,36864
xtensor,meeting01_loso,fsdd,snn-ae,direct,conv1d,2,1.000000,0.900000,1,42,16470453339372834741,val,0,0.127625,0.205163,0.832834,0.600000,0.240000,0.342857,0.156107,380629.000000,28007.091797,12.382719,37286,36864
xtensor,meeting01_loso,fsdd,snn-ae,direct,conv1d,2,1.000000,0.990000,1,42,16470453339372834741,val,0,0.116103,0.203165,0.847924,0.300000,0.060000,0.100000,0.133529,378895.000000,23945.535156,14.649431,37286,36864
xtensor,meeting01_loso,fsdd,snn-ae,direct,conv1d,2,1.500000,0.800000,1,42,16470453339372834741,val,0,0.158329,0.231388,0.792617,0.629630,0.340000,0.441558,0.198750,383904.000000,24960.910156,13.287798,37286,36864
xtensor,meeting01_loso,fsdd,snn-ae,direct,conv1d,2,1.500000,0.900000,1,42,16470453339372834741,val,0,0.151544,0.228438,0.801504,0.708333,0.340000,0.459459,0.187409,383033.000000,28415.158203,17.981647,37286,36864
xtensor,meeting01_loso,fsdd,snn-ae,direct,conv1d,2,1.500000,0.990000,1,42,16470453339372834741,val,0,0.112574,0.189139,0.852548,0.454545,0.100000,0.163934,0.116302,377572.000000,17823.259766,14.041530,37286,36864
xtensor,meeting01_loso,fsdd,snn-ae,direct,recurrent,2,0.500000,0.800000,1,42,16470453339372834741,val,0,0.055118,0.100476,0.514386,0.500000,0.040000,0.074074,0.516810,408331.000000,95961.781250,1035.074707,37286,36864
xtensor,meeting01_loso,fsdd,snn-ae,direct,recurrent,2,0.500000,0.900000,1,42,16470453339372834741,val,0,0.034814,0.063648,0.701148,0.000000,0.000000,0.000000,0.513047,408042.000000,92171.625000,959.300293,37286,36864
xtensor,meeting01_loso,fsdd,snn-ae,direct,recurrent,2,0.500000,0.990000,1,42,16470453339372834741,val,0,0.009472,0.029296,0.945238,0.000000,0.000000,0.000000,0.634154,417343.000000,120922.164062,1118.708618,37286,36864
xtensor,meeting01_loso,fsdd,snn-ae,direct,recurrent,2,1.000000,0.800000,1,42,16470453339372834741,val,0,0.021644,0.047959,0.743367,0.000000,0.000000,0.000000,0.571966,412567.000000,107232.976562,1000.019775,37286,36864
xtensor,meeting01_loso,fsdd,snn-ae,direct,recurrent,2,1.000000,0.900000,1,42,16470453339372834741,val,0,0.020586,0.043766,0.781634,0.500000,0.020000,0.038462,0.596380,414442.000000,126997.273438,1371.739136,37286,36864
xtensor,meeting01_loso,fsdd,snn-ae,direct,recurrent,2,1.000000,0.990000,1,42,16470453339372834741,val,0,0.002148,0.007973,0.982368,0.000000,0.000000,0.000000,0.580964,413258.000000,70467.187500,754.494324,37286,36864
xtensor,meeting01_loso,fsdd,snn-ae,direct,recurrent,2,1.500000,0.800000,1,42,16470453339372834741,val,0,0.025062,0.055690,0.626873,0.500000,0.020000,0.038462,0.571497,412531.000000,84251.242188,1135.804565,37286,36864
xtensor,meeting01_loso,fsdd,snn-ae,direct,recurrent,2,1.500000,0.900000,1,42,16470453339372834741,val,0,0.011232,0.030901,0.851365,0.000000,0.000000,0.000000,0.550846,410945.000000,162970.343750,1017.931274,37286,36864
xtensor,meeting01_loso,fsdd,snn-ae,direct,recurrent,2,1.500000,0.990000,1,42,16470453339372834741,val,0,0.015389,0.049090,0.835284,0.000000,0.000000,0.000000,0.536667,409856.000000,133522.781250,1573.100464,37286,36864
xtensor,meeting01_loso,fsdd,snn-ae,direct,recurrent,2,1.000000,0.990000,1,42,16470453339372834741,test,0,0.062891,0.111092,0.147739,0.000000,0.000000,0.000000,0.583768,592807.000000,103373.523438,1105.144287,37286,36864
xtensor,meeting01_loso,fsdd,lstm-ae,direct,lstm,1,0.000000,0.000000,2,43,16470453339372834741,val,0,0.163974,0.229870,0.836026,0.000000,0.000000,0.000000,0.000000,11842560.000000,677949.687500,2364.221680,122472,1184256
xtensor,meeting01_loso,fsdd,lstm-ae,direct,lstm,1,0.000000,0.000000,2,43,16470453339372834741,test,0,1.270578,0.674070,-0.270368,0.000000,0.000000,0.000000,0.000000,11842560.000000,0.000000,0.000000,122472,1184256
xtensor,meeting01_loso,fsdd,gru-ae,direct,gru,1,0.000000,0.000000,2,43,16470453339372834741,val,0,0.134305,0.203680,0.865694,0.000000,0.000000,0.000000,0.000000,8893440.000000,530866.250000,8490.909180,93032,889344
xtensor,meeting01_loso,fsdd,gru-ae,direct,gru,1,0.000000,0.000000,2,43,16470453339372834741,test,0,1.349568,0.670861,-0.349418,0.000000,0.000000,0.000000,0.000000,8893440.000000,0.000000,0.000000,93032,889344
xtensor,meeting01_loso,fsdd,transformer-ae,direct,transformer,1,0.000000,0.000000,2,43,16470453339372834741,val,0,0.133881,0.203484,0.866119,0.000000,0.000000,0.000000,0.000000,47554560.000000,217097.062500,573.719543,139176,4755456
xtensor,meeting01_loso,fsdd,transformer-ae,direct,transformer,1,0.000000,0.000000,2,43,16470453339372834741,test,0,1.348076,0.671650,-0.347902,0.000000,0.000000,0.000000,0.000000,47554560.000000,0.000000,0.000000,139176,4755456
xtensor,meeting01_loso,fsdd,snn-ae,direct,dense,2,0.500000,0.800000,2,43,16470453339372834741,val,0,0.132213,0.212965,0.867787,0.333333,0.060000,0.101695,0.108177,376948.000000,36719.359375,16.699999,37286,36864
xtensor,meeting01_loso,fsdd,snn-ae,direct,dense,2,0.500000,0.900000,2,43,16470453339372834741,val,0,0.124165,0.202000,0.875835,0.375000,0.060000,0.103448,0.090221,375569.000000,26882.310547,14.766989,37286,36864
xtensor,meeting01_loso,fsdd,snn-ae,direct,dense,2,0.500000,0.990000,2,43,16470453339372834741,val,0,0.127498,0.204797,0.872502,0.333333,0.060000,0.101695,0.085898,375237.000000,28445.001953,16.444307,37286,36864
xtensor,meeting01_loso,fsdd,snn-ae,direct,dense,2,1.000000,0.800000,2,43,16470453339372834741,val,0,0.141861,0.221908,0.858138,0.526316,0.200000,0.289855,0.136784,379145.000000,25094.873047,13.078005,37286,36864
xtensor,meeting01_loso,fsdd,snn-ae,direct,dense,2,1.000000,0.900000,2,43,16470453339372834741,val,0,0.148776,0.227928,0.851224,0.631579,0.240000,0.347826,0.135729,379064.000000,17267.328125,12.008728,37286,36864
xtensor,meeting01_loso,fsdd,snn-ae,direct,dense,2,1.000000,0.990000,2,43,16470453339372834741,val,0,0.129869,0.208369,0.870131,0.400000,0.080000,0.133333,0.104883,376695.000000,17140.378906,11.269523,37286,36864
xtensor,meeting01_loso,fsdd,snn-ae,direct,dense,2,1.500000,0.800000,2,43,16470453339372834741,val,0,0.147176,0.229277,0.852823,0.555556,0.200000,0.294118,0.156042,380624.000000,18663.070312,10.548197,37286,36864
xtensor,meeting01_loso,fsdd,snn-ae,direct,dense,2,1.500000,0.900000,2,43,16470453339372834741,val,0,0.137948,0.215760,0.862052,0.444444,0.080000,0.135593,0.110182,377102.000000,17191.521484,12.564318,37286,36864
xtensor,meeting01_loso,fsdd,snn-ae,direct,dense,2,1.500000,0.990000,2,43,16470453339372834741,val,0,0.123562,0.199574,0.876439,0.375000,0.060000,0.103448,0.078581,374675.000000,25028.982422,13.458501,37286,36864
xtensor,meeting01_loso,fsdd,snn-ae,direct,conv1d,2,0.500000,0.800000,2,43,16470453339372834741,val,0,0.154189,0.223123,0.798040,0.611111,0.220000,0.323529,0.171328,381798.000000,21758.468750,16.125128,37286,36864
xtensor,meeting01_loso,fsdd,snn-ae,direct,conv1d,2,0.500000,0.900000,2,43,16470453339372834741,val,0,0.113831,0.193652,0.850901,0.583333,0.140000,0.225806,0.132526,378818.000000,83795.531250,21.422272,37286,36864
xtensor,meeting01_loso,fsdd,snn-ae,direct,conv1d,2,0.500000,0.990000,2,43,16470453339372834741,val,0,0.108922,0.183960,0.857331,0.375000,0.060000,0.103448,0.100872,376387.000000,66073.187500,21.072575,37286,36864
xtensor,meeting01_loso,fsdd,snn-ae,direct,conv1d,2,1.000000,0.800000,2,43,16470453339372834741,val,0,0.168505,0.236456,0.779288,0.677419,0.420000,0.518519,0.205000,384384.000000,43983.347656,14.810356,37286,36864
xtensor,meeting01_loso,fsdd,snn-ae,direct,conv1d,2,1.000000,0.900000,2,43,16470453339372834741,val,0,0.125320,0.203958,0.835853,0.470588,0.160000,0.238806,0.158828,380838.000000,98125.484375,18.349863,37286,36864
xtensor,meeting01_loso,fsdd,snn-ae,direct,conv1d,2,1.000000,0.990000,2,43,16470453339372834741,val,0,0.112081,0.186274,0.853193,0.375000,0.060000,0.103448,0.114466,377431.000000,27734.322266,25.090216,37286,36864
xtensor,meeting01_loso,fsdd,snn-ae,direct,conv1d,2,1.500000,0.800000,2,43,16470453339372834741,val,0,0.140044,0.222573,0.816568,0.571429,0.320000,0.410256,0.207031,384540.000000,27462.816406,20.885956,37286,36864
xtensor,meeting01_loso,fsdd,snn-ae,direct,conv1d,2,1.500000,0.900000,2,43,16470453339372834741,val,0,0.116768,0.197299,0.847053,0.555556,0.100000,0.169492,0.141914,379539.000000,23696.158203,24.343678,37286,36864
xtensor,meeting01_loso,fsdd,snn-ae,direct,conv1d,2,1.500000,0.990000,2,43,16470453339372834741,val,0,0.112334,0.188176,0.852862,0.285714,0.040000,0.070175,0.115638,377521.000000,24689.466797,16.071556,37286,36864
xtensor,meeting01_loso,fsdd,snn-ae,direct,recurrent,2,0.500000,0.800000,2,43,16470453339372834741,val,0,0.048290,0.094024,0.574546,0.285714,0.040000,0.070175,0.559818,411634.000000,55001.800781,1180.186890,37286,36864
xtensor,meeting01_loso,fsdd,snn-ae,direct,recurrent,2,0.500000,0.900000,2,43,16470453339372834741,val,0,0.034402,0.076522,0.704683,0.500000,0.020000,0.038462,0.511706,407939.000000,69223.625000,777.544250,37286,36864
xtensor,meeting01_loso,fsdd,snn-ae,direct,recurrent,2,0.500000,0.990000,2,43,16470453339372834741,val,0,0.014733,0.060018,0.914823,0.000000,0.000000,0.000000,0.597513,414529.000000,107520.953125,1358.116455,37286,36864
xtensor,meeting01_loso,fsdd,snn-ae,direct,recurrent,2,1.000000,0.800000,2,43,16470453339372834741,val,0,0.027025,0.056239,0.679565,0.000000,0.000000,0.000000,0.500755,407098.000000,132505.890625,1380.729980,37286,36864
xtensor,meeting01_loso,fsdd,snn-ae,direct,recurrent,2,1.000000,0.900000,2,43,16470453339372834741,val,0,0.012729,0.032346,0.864982,0.000000,0.000000,0.000000,0.548477,410763.000000,138886.093750,1373.680054,37286,36864
xtensor,meeting01_loso,fsdd,snn-ae,direct,recurrent,2,1.000000,0.990000,2,43,16470453339372834741,val,0,0.004155,0.015758,0.965894,0.000000,0.000000,0.000000,0.578763,413089.000000,376142.437500,3688.205566,37286,36864
xtensor,meeting01_loso,fsdd,snn-ae,direct,recurrent,2,1.500000,0.800000,2,43,16470453339372834741,val,0,0.016106,0.038053,0.760212,0.000000,0.000000,0.000000,0.534740,409708.000000,387098.125000,1568.297852,37286,36864
xtensor,meeting01_loso,fsdd,snn-ae,direct,recurrent,2,1.500000,0.900000,2,43,16470453339372834741,val,0,0.011757,0.030085,0.844411,0.000000,0.000000,0.000000,0.613633,415767.000000,268777.718750,2792.219238,37286,36864
xtensor,meeting01_loso,fsdd,snn-ae,direct,recurrent,2,1.500000,0.990000,2,43,16470453339372834741,val,0,0.018291,0.041809,0.804230,0.227273,0.100000,0.138889,0.571094,412500.000000,294347.000000,2632.611816,37286,36864
xtensor,meeting01_loso,fsdd,snn-ae,direct,recurrent,2,1.000000,0.990000,2,43,16470453339372834741,test,0,0.101330,0.127747,-0.373949,0.000000,0.000000,0.000000,0.580414,591519.000000,374258.531250,1134.886841,37286,36864
xtensor,meeting01_loso,fsdd,lstm-ae,direct,lstm,1,0.000000,0.000000,3,44,16470453339372834741,val,0,0.163974,0.229870,0.836026,0.000000,0.000000,0.000000,0.000000,11842560.000000,675419.375000,1631.749878,122472,1184256
xtensor,meeting01_loso,fsdd,lstm-ae,direct,lstm,1,0.000000,0.000000,3,44,16470453339372834741,test,0,1.270578,0.674070,-0.270368,0.000000,0.000000,0.000000,0.000000,11842560.000000,0.000000,0.000000,122472,1184256
xtensor,meeting01_loso,fsdd,gru-ae,direct,gru,1,0.000000,0.000000,3,44,16470453339372834741,val,0,0.134305,0.203680,0.865694,0.000000,0.000000,0.000000,0.000000,8893440.000000,272006.406250,2428.944580,93032,889344
xtensor,meeting01_loso,fsdd,gru-ae,direct,gru,1,0.000000,0.000000,3,44,16470453339372834741,test,0,1.349568,0.670861,-0.349418,0.000000,0.000000,0.000000,0.000000,8893440.000000,0.000000,0.000000,93032,889344
xtensor,meeting01_loso,fsdd,transformer-ae,direct,transformer,1,0.000000,0.000000,3,44,16470453339372834741,val,0,0.133881,0.203484,0.866119,0.000000,0.000000,0.000000,0.000000,47554560.000000,106788.078125,383.774597,139176,4755456
xtensor,meeting01_loso,fsdd,transformer-ae,direct,transformer,1,0.000000,0.000000,3,44,16470453339372834741,test,0,1.348076,0.671650,-0.347902,0.000000,0.000000,0.000000,0.000000,47554560.000000,0.000000,0.000000,139176,4755456
xtensor,meeting01_loso,fsdd,snn-ae,direct,dense,2,0.500000,0.800000,3,44,16470453339372834741,val,0,0.143102,0.223666,0.856898,0.666667,0.200000,0.307692,0.132057,378782.000000,17899.654297,10.232371,37286,36864
xtensor,meeting01_loso,fsdd,snn-ae,direct,dense,2,0.500000,0.900000,3,44,16470453339372834741,val,0,0.127708,0.206025,0.872292,0.500000,0.140000,0.218750,0.094635,375908.000000,18575.201172,10.219171,37286,36864
xtensor,meeting01_loso,fsdd,snn-ae,direct,dense,2,0.500000,0.990000,3,44,16470453339372834741,val,0,0.131127,0.201804,0.868873,0.250000,0.040000,0.068966,0.061641,373374.000000,22520.195312,10.027316,37286,36864
xtensor,meeting01_loso,fsdd,snn-ae,direct,dense,2,1.000000,0.800000,3,44,16470453339372834741,val,0,0.168555,0.244200,0.831446,0.695652,0.320000,0.438356,0.169661,381670.000000,17675.568359,10.554830,37286,36864
xtensor,meeting01_loso,fsdd,snn-ae,direct,dense,2,1.000000,0.900000,3,44,16470453339372834741,val,0,0.129267,0.209736,0.870733,0.500000,0.140000,0.218750,0.117044,377629.000000,13669.908203,10.212536,37286,36864
xtensor,meeting01_loso,fsdd,snn-ae,direct,dense,2,1.000000,0.990000,3,44,16470453339372834741,val,0,0.129000,0.206175,0.871000,0.500000,0.100000,0.166667,0.101016,376398.000000,13699.560547,11.243609,37286,36864
xtensor,meeting01_loso,fsdd,snn-ae,direct,dense,2,1.500000,0.800000,3,44,16470453339372834741,val,0,0.131825,0.221183,0.868174,0.545455,0.240000,0.333333,0.150716,380215.000000,14797.019531,13.769645,37286,36864
xtensor,meeting01_loso,fsdd,snn-ae,direct,dense,2,1.500000,0.900000,3,44,16470453339372834741,val,0,0.141695,0.223948,0.858303,0.578947,0.220000,0.318841,0.141693,379522.000000,15535.343750,11.676697,37286,36864
xtensor,meeting01_loso,fsdd,snn-ae,direct,dense,2,1.500000,0.990000,3,44,16470453339372834741,val,0,0.123779,0.200487,0.876221,0.333333,0.040000,0.071429,0.077279,374575.000000,15313.194336,10.392168,37286,36864
xtensor,meeting01_loso,fsdd,snn-ae,direct,conv1d,2,0.500000,0.800000,3,44,16470453339372834741,val,0,0.157542,0.228010,0.793648,0.687500,0.220000,0.333333,0.174141,382014.000000,20633.007812,11.319877,37286,36864
xtensor,meeting01_loso,fsdd,snn-ae,direct,conv1d,2,0.500000,0.900000,3,44,16470453339372834741,val,0,0.111580,0.186696,0.853849,0.285714,0.040000,0.070175,0.107448,376892.000000,15925.758789,12.720692,37286,36864
xtensor,meeting01_loso,fsdd,snn-ae,direct,conv1d,2,0.500000,0.990000,3,44,16470453339372834741,val,0,0.112558,0.191141,0.852567,0.375000,0.060000,0.103448,0.112982,377317.000000,12184.337891,12.636811,37286,36864
xtensor,meeting01_loso,fsdd,snn-ae,direct,conv1d,2,1.000000,0.800000,3,44,16470453339372834741,val,0,0.191801,0.265681,0.748772,0.681818,0.600000,0.638298,0.224609,385890.000000,17816.884766,12.657206,37286,36864
xtensor,meeting01_loso,fsdd,snn-ae,direct,conv1d,2,1.000000,0.900000,3,44,16470453339372834741,val,0,0.166719,0.231675,0.781626,0.526316,0.200000,0.289855,0.170221,381713.000000,18927.927734,12.149735,37286,36864
xtensor,meeting01_loso,fsdd,snn-ae,direct,conv1d,2,1.000000,0.990000,3,44,16470453339372834741,val,0,0.111013,0.183388,0.854592,0.285714,0.040000,0.070175,0.094609,375906.000000,16963.054688,11.871347,37286,36864
xtensor,meeting01_loso,fsdd,snn-ae,direct,conv1d,2,1.500000,0.800000,3,44,16470453339372834741,val,0,0.130497,0.209669,0.829071,0.500000,0.160000,0.242424,0.169518,381659.000000,12838.732422,12.735289,37286,36864
xtensor,meeting01_loso,fsdd,snn-ae,direct,conv1d,2,1.500000,0.900000,3,44,16470453339372834741,val,0,0.133656,0.207334,0.824935,0.555556,0.100000,0.169492,0.153854,380456.000000,13819.023438,14.012414,37286,36864
xtensor,meeting01_loso,fsdd,snn-ae,direct,conv1d,2,1.500000,0.990000,3,44,16470453339372834741,val,0,0.113740,0.190967,0.851020,0.285714,0.040000,0.070175,0.114609,377442.000000,14457.212891,11.230270,37286,36864
xtensor,meeting01_loso,fsdd,snn-ae,direct,recurrent,2,0.500000,0.800000,3,44,16470453339372834741,val,0,0.067350,0.106707,0.406621,0.166667,0.020000,0.035714,0.479753,405485.000000,32145.847656,721.977051,37286,36864
xtensor,meeting01_loso,fsdd,snn-ae,direct,recurrent,2,0.500000,0.900000,3,44,16470453339372834741,val,0,0.054966,0.102931,0.528147,0.200000,0.020000,0.036364,0.509948,407804.000000,65155.164062,790.697144,37286,36864
xtensor,meeting01_loso,fsdd,snn-ae,direct,recurrent,2,0.500000,0.990000,3,44,16470453339372834741,val,0,0.010348,0.044343,0.940169,0.000000,0.000000,0.000000,0.654310,418891.000000,77967.281250,857.523315,37286,36864
xtensor,meeting01_loso,fsdd,snn-ae,direct,recurrent,2,1.000000,0.800000,3,44,16470453339372834741,val,0,0.031918,0.072203,0.621555,0.000000,0.000000,0.000000,0.586654,413695.000000,27751.162109,737.973450,37286,36864
xtensor,meeting01_loso,fsdd,snn-ae,direct,recurrent,2,1.000000,0.900000,3,44,16470453339372834741,val,0,0.008652,0.021562,0.908220,0.000000,0.000000,0.000000,0.636237,417503.000000,55642.500000,731.292664,37286,36864
xtensor,meeting01_loso,fsdd,snn-ae,direct,recurrent,2,1.000000,0.990000,3,44,16470453339372834741,val,0,0.008416,0.039710,0.930914,0.000000,0.000000,0.000000,0.526680,409089.000000,87210.843750,733.513306,37286,36864
xtensor,meeting01_loso,fsdd,snn-ae,direct,recurrent,2,1.500000,0.800000,3,44,16470453339372834741,val,0,0.034353,0.062785,0.488554,0.000000,0.000000,0.000000,0.575820,412863.000000,96767.203125,724.230469,37286,36864
xtensor,meeting01_loso,fsdd,snn-ae,direct,recurrent,2,1.500000,0.900000,3,44,16470453339372834741,val,0,0.007617,0.025129,0.899198,0.000000,0.000000,0.000000,0.480052,405508.000000,82566.234375,723.948608,37286,36864
xtensor,meeting01_loso,fsdd,snn-ae,direct,recurrent,2,1.500000,0.990000,3,44,16470453339372834741,val,0,0.011990,0.047411,0.871666,0.000000,0.000000,0.000000,0.544388,410449.000000,97221.640625,880.842041,37286,36864
xtensor,meeting01_loso,fsdd,snn-ae,direct,recurrent,2,1.500000,0.900000,3,44,16470453339372834741,test,0,0.162627,0.215825,-1.100324,0.000000,0.000000,0.000000,0.561125,584112.000000,91764.492188,753.455505,37286,36864
xtensor,meeting01_loso,fsdd,lstm-ae,direct,lstm,1,0.000000,0.000000,4,45,16470453339372834741,val,0,0.163974,0.229870,0.836026,0.000000,0.000000,0.000000,0.000000,11842560.000000,377954.531250,1569.503418,122472,1184256
xtensor,meeting01_loso,fsdd,lstm-ae,direct,lstm,1,0.000000,0.000000,4,45,16470453339372834741,test,0,1.270578,0.674070,-0.270368,0.000000,0.000000,0.000000,0.000000,11842560.000000,0.000000,0.000000,122472,1184256
xtensor,meeting01_loso,fsdd,gru-ae,direct,gru,1,0.000000,0.000000,4,45,16470453339372834741,val,0,0.134305,0.203680,0.865694,0.000000,0.000000,0.000000,0.000000,8893440.000000,268847.125000,2400.017578,93032,889344
xtensor,meeting01_loso,fsdd,gru-ae,direct,gru,1,0.000000,0.000000,4,45,16470453339372834741,test,0,1.349568,0.670861,-0.349418,0.000000,0.000000,0.000000,0.000000,8893440.000000,0.000000,0.000000,93032,889344
xtensor,meeting01_loso,fsdd,transformer-ae,direct,transformer,1,0.000000,0.000000,4,45,16470453339372834741,val,0,0.133881,0.203484,0.866119,0.000000,0.000000,0.000000,0.000000,47554560.000000,107959.960938,375.845917,139176,4755456
xtensor,meeting01_loso,fsdd,transformer-ae,direct,transformer,1,0.000000,0.000000,4,45,16470453339372834741,test,0,1.348076,0.671650,-0.347902,0.000000,0.000000,0.000000,0.000000,47554560.000000,0.000000,0.000000,139176,4755456
xtensor,meeting01_loso,fsdd,snn-ae,direct,dense,2,0.500000,0.800000,4,45,16470453339372834741,val,0,0.129259,0.208214,0.870741,0.444444,0.080000,0.135593,0.100286,376342.000000,18843.638672,10.379388,37286,36864
xtensor,meeting01_loso,fsdd,snn-ae,direct,dense,2,0.500000,0.900000,4,45,16470453339372834741,val,0,0.130131,0.207530,0.869869,0.500000,0.140000,0.218750,0.103307,376574.000000,17473.037109,10.261215,37286,36864
xtensor,meeting01_loso,fsdd,snn-ae,direct,dense,2,0.500000,0.990000,4,45,16470453339372834741,val,0,0.127700,0.203636,0.872300,0.363636,0.080000,0.131148,0.079870,374774.000000,18349.199219,10.529547,37286,36864
xtensor,meeting01_loso,fsdd,snn-ae,direct,dense,2,1.000000,0.800000,4,45,16470453339372834741,val,0,0.183075,0.256747,0.816924,0.657143,0.460000,0.541176,0.177982,382309.000000,18488.173828,10.680964,37286,36864
xtensor,meeting01_loso,fsdd,snn-ae,direct,dense,2,1.000000,0.900000,4,45,16470453339372834741,val,0,0.132638,0.215444,0.867363,0.294118,0.100000,0.149254,0.127786,378454.000000,18543.505859,10.140598,37286,36864
xtensor,meeting01_loso,fsdd,snn-ae,direct,dense,2,1.000000,0.990000,4,45,16470453339372834741,val,0,0.127856,0.206248,0.872144,0.272727,0.060000,0.098361,0.099674,376295.000000,15850.960938,10.386861,37286,36864
xtensor,meeting01_loso,fsdd,snn-ae,direct,dense,2,1.500000,0.800000,4,45,16470453339372834741,val,0,0.128137,0.211096,0.871863,0.500000,0.060000,0.107143,0.120065,377861.000000,15604.831055,11.171462,37286,36864
xtensor,meeting01_loso,fsdd,snn-ae,direct,dense,2,1.500000,0.900000,4,45,16470453339372834741,val,0,0.148664,0.229043,0.851336,0.571429,0.240000,0.338028,0.145443,379810.000000,14767.431641,10.259259,37286,36864
xtensor,meeting01_loso,fsdd,snn-ae,direct,dense,2,1.500000,0.990000,4,45,16470453339372834741,val,0,0.145112,0.232921,0.854889,0.514286,0.360000,0.423529,0.165807,381374.000000,5629.814941,10.029201,37286,36864
xtensor,meeting01_loso,fsdd,snn-ae,direct,conv1d,2,0.500000,0.800000,4,45,16470453339372834741,val,0,0.138321,0.212740,0.818824,0.625000,0.200000,0.303030,0.150404,380191.000000,15747.190430,12.016966,37286,36864
xtensor,meeting01_loso,fsdd,snn-ae,direct,conv1d,2,0.500000,0.900000,4,45,16470453339372834741,val,0,0.109325,0.186272,0.856803,0.555556,0.100000,0.169492,0.121497,377971.000000,17962.109375,12.985111,37286,36864
xtensor,meeting01_loso,fsdd,snn-ae,direct,conv1d,2,0.500000,0.990000,4,45,16470453339372834741,val,0,0.114972,0.188623,0.849407,0.250000,0.040000,0.068966,0.109635,377060.000000,19856.220703,11.769098,37286,36864
xtensor,meeting01_loso,fsdd,snn-ae,direct,conv1d,2,1.000000,0.800000,4,45,16470453339372834741,val,0,0.161690,0.234805,0.788214,0.782609,0.360000,0.493151,0.201706,384131.000000,15765.689453,12.511724,37286,36864
xtensor,meeting01_loso,fsdd,snn-ae,direct,conv1d,2,1.000000,0.900000,4,45,16470453339372834741,val,0,0.147282,0.228857,0.807087,0.696970,0.460000,0.554217,0.202747,384211.000000,18621.451172,13.125144,37286,36864
xtensor,meeting01_loso,fsdd,snn-ae,direct,conv1d,2,1.000000,0.990000,4,45,16470453339372834741,val,0,0.111185,0.186332,0.854367,0.285714,0.040000,0.070175,0.108854,377000.000000,19497.146484,12.194015,37286,36864
xtensor,meeting01_loso,fsdd,snn-ae,direct,conv1d,2,1.500000,0.800000,4,45,16470453339372834741,val,0,0.156281,0.232243,0.795300,0.608696,0.280000,0.383562,0.200339,384026.000000,15378.677734,11.148624,37286,36864
xtensor,meeting01_loso,fsdd,snn-ae,direct,conv1d,2,1.500000,0.900000,4,45,16470453339372834741,val,0,0.133730,0.208766,0.824836,0.600000,0.180000,0.276923,0.150977,380235.000000,13987.411133,12.673478,37286,36864
xtensor,meeting01_loso,fsdd,snn-ae,direct,conv1d,2,1.500000,0.990000,4,45,16470453339372834741,val,0,0.111056,0.184028,0.854536,0.333333,0.040000,0.071429,0.097891,376158.000000,22050.982422,11.644290,37286,36864
xtensor,meeting01_loso,fsdd,snn-ae,direct,recurrent,2,0.500000,0.800000,4,45,16470453339372834741,val,0,0.064246,0.114720,0.433973,0.333333,0.040000,0.071429,0.538893,410027.000000,46172.253906,753.087463,37286,36864
xtensor,meeting01_loso,fsdd,snn-ae,direct,recurrent,2,0.500000,0.900000,4,45,16470453339372834741,val,0,0.028361,0.055059,0.756542,0.000000,0.000000,0.000000,0.544544,410461.000000,59739.433594,730.099731,37286,36864
xtensor,meeting01_loso,fsdd,snn-ae,direct,recurrent,2,0.500000,0.990000,4,45,16470453339372834741,val,0,0.009922,0.030233,0.942632,0.000000,0.000000,0.000000,0.600872,414787.000000,64630.972656,723.463196,37286,36864
xtensor,meeting01_loso,fsdd,snn-ae,direct,recurrent,2,1.000000,0.800000,4,45,16470453339372834741,val,0,0.042484,0.073364,0.496266,0.333333,0.020000,0.037736,0.430065,401669.000000,50712.203125,727.955933,37286,36864
xtensor,meeting01_loso,fsdd,snn-ae,direct,recurrent,2,1.000000,0.900000,4,45,16470453339372834741,val,0,0.017831,0.037331,0.810853,0.000000,0.000000,0.000000,0.573255,412666.000000,50497.550781,760.556763,37286,36864
xtensor,meeting01_loso,fsdd,snn-ae,direct,recurrent,2,1.000000,0.990000,4,45,16470453339372834741,val,0,0.001627,0.004819,0.986643,0.000000,0.000000,0.000000,0.581810,413323.000000,106630.484375,724.603088,37286,36864
xtensor,meeting01_loso,fsdd,snn-ae,direct,recurrent,2,1.500000,0.800000,4,45,16470453339372834741,val,0,0.028671,0.054809,0.573143,0.000000,0.000000,0.000000,0.553398,411141.000000,87249.679688,732.372131,37286,36864
xtensor,meeting01_loso,fsdd,snn-ae,direct,recurrent,2,1.500000,0.900000,4,45,16470453339372834741,val,0,0.007294,0.018462,0.903478,0.000000,0.000000,0.000000,0.423216,401143.000000,96845.078125,848.231506,37286,36864
xtensor,meeting01_loso,fsdd,snn-ae,direct,recurrent,2,1.500000,0.990000,4,45,16470453339372834741,val,0,0.005290,0.024350,0.943377,0.000000,0.000000,0.000000,0.542044,410269.000000,124534.570312,724.387695,37286,36864
xtensor,meeting01_loso,fsdd,snn-ae,direct,recurrent,2,1.000000,0.990000,4,45,16470453339372834741,test,0,0.125367,0.169169,-0.699826,0.000000,0.000000,0.000000,0.572281,588396.000000,127345.476562,716.135315,37286,36864
xtensor,meeting01_loso,fsdd,lstm-ae,direct,lstm,1,0.000000,0.000000,5,46,16470453339372834741,val,0,0.163974,0.229870,0.836026,0.000000,0.000000,0.000000,0.000000,11842560.000000,373955.687500,1669.121338,122472,1184256
xtensor,meeting01_loso,fsdd,lstm-ae,direct,lstm,1,0.000000,0.000000,5,46,16470453339372834741,test,0,1.270578,0.674070,-0.270368,0.000000,0.000000,0.000000,0.000000,11842560.000000,0.000000,0.000000,122472,1184256
xtensor,meeting01_loso,fsdd,gru-ae,direct,gru,1,0.000000,0.000000,5,46,16470453339372834741,val,0,0.134305,0.203680,0.865694,0.000000,0.000000,0.000000,0.000000,8893440.000000,267565.093750,2437.187988,93032,889344
xtensor,meeting01_loso,fsdd,gru-ae,direct,gru,1,0.000000,0.000000,5,46,16470453339372834741,test,0,1.349568,0.670861,-0.349418,0.000000,0.000000,0.000000,0.000000,8893440.000000,0.000000,0.000000,93032,889344
xtensor,meeting01_loso,fsdd,transformer-ae,direct,transformer,1,0.000000,0.000000,5,46,16470453339372834741,val,0,0.133881,0.203484,0.866119,0.000000,0.000000,0.000000,0.000000,47554560.000000,107230.539062,374.514099,139176,4755456
xtensor,meeting01_loso,fsdd,transformer-ae,direct,transformer,1,0.000000,0.000000,5,46,16470453339372834741,test,0,1.348076,0.671650,-0.347902,0.000000,0.000000,0.000000,0.000000,47554560.000000,0.000000,0.000000,139176,4755456
xtensor,meeting01_loso,fsdd,snn-ae,direct,dense,2,0.500000,0.800000,5,46,16470453339372834741,val,0,0.128565,0.209357,0.871435,0.400000,0.080000,0.133333,0.111589,377210.000000,15543.826172,12.570880,37286,36864
xtensor,meeting01_loso,fsdd,snn-ae,direct,dense,2,0.500000,0.900000,5,46,16470453339372834741,val,0,0.126620,0.205551,0.873380,0.375000,0.060000,0.103448,0.103958,376624.000000,13613.471680,10.468785,37286,36864
xtensor,meeting01_loso,fsdd,snn-ae,direct,dense,2,0.500000,0.990000,5,46,16470453339372834741,val,0,0.124078,0.200706,0.875921,0.428571,0.060000,0.105263,0.082891,375006.000000,17557.826172,10.699332,37286,36864
xtensor,meeting01_loso,fsdd,snn-ae,direct,dense,2,1.000000,0.800000,5,46,16470453339372834741,val,0,0.156030,0.231968,0.843970,0.666667,0.240000,0.352941,0.145130,379786.000000,16303.708008,10.241379,37286,36864
xtensor,meeting01_loso,fsdd,snn-ae,direct,dense,2,1.000000,0.900000,5,46,16470453339372834741,val,0,0.129975,0.215812,0.870024,0.600000,0.180000,0.276923,0.124076,378169.000000,17272.722656,10.186624,37286,36864
xtensor,meeting01_loso,fsdd,snn-ae,direct,dense,2,1.000000,0.990000,5,46,16470453339372834741,val,0,0.124271,0.200488,0.875729,0.500000,0.100000,0.166667,0.083685,375067.000000,18446.966797,12.684024,37286,36864
xtensor,meeting01_loso,fsdd,snn-ae,direct,dense,2,1.500000,0.800000,5,46,16470453339372834741,val,0,0.153867,0.232039,0.846133,0.650000,0.260000,0.371429,0.152891,380382.000000,15476.320312,10.522144,37286,36864
xtensor,meeting01_loso,fsdd,snn-ae,direct,dense,2,1.500000,0.900000,5,46,16470453339372834741,val,0,0.135454,0.218095,0.864545,0.615385,0.160000,0.253968,0.133346,378881.000000,15743.394531,11.353679,37286,36864
xtensor,meeting01_loso,fsdd,snn-ae,direct,dense,2,1.500000,0.990000,5,46,16470453339372834741,val,0,0.129980,0.205877,0.870021,0.400000,0.080000,0.133333,0.087070,375327.000000,18613.689453,10.635357,37286,36864
xtensor,meeting01_loso,fsdd,snn-ae,direct,conv1d,2,0.500000,0.800000,5,46,16470453339372834741,val,0,0.150042,0.222442,0.803472,0.650000,0.260000,0.371429,0.173359,381954.000000,18174.117188,12.334955,37286,36864
xtensor,meeting01_loso,fsdd,snn-ae,direct,conv1d,2,0.500000,0.900000,5,46,16470453339372834741,val,0,0.114460,0.192684,0.850077,0.444444,0.080000,0.135593,0.127474,378430.000000,17617.406250,11.483585,37286,36864
xtensor,meeting01_loso,fsdd,snn-ae,direct,conv1d,2,0.500000,0.990000,5,46,16470453339372834741,val,0,0.115977,0.192419,0.848090,0.400000,0.080000,0.133333,0.112135,377252.000000,15706.688477,12.022762,37286,36864
xtensor,meeting01_loso,fsdd,snn-ae,direct,conv1d,2,1.000000,0.800000,5,46,16470453339372834741,val,0,0.167259,0.240387,0.780921,0.709677,0.440000,0.543210,0.200625,384048.000000,15701.989258,11.470664,37286,36864
xtensor,meeting01_loso,fsdd,snn-ae,direct,conv1d,2,1.000000,0.900000,5,46,16470453339372834741,val,0,0.127168,0.202193,0.833432,0.545455,0.120000,0.196721,0.151979,380312.000000,15349.421875,11.331818,37286,36864
xtensor,meeting01_loso,fsdd,snn-ae,direct,conv1d,2,1.000000,0.990000,5,46,16470453339372834741,val,0,0.114592,0.192618,0.849903,0.428571,0.060000,0.105263,0.117357,377653.000000,15695.199219,11.276085,37286,36864
xtensor,meeting01_loso,fsdd,snn-ae,direct,conv1d,2,1.500000,0.800000,5,46,16470453339372834741,val,0,0.158883,0.231555,0.791892,0.680000,0.340000,0.453333,0.201328,384102.000000,17753.136719,12.023042,37286,36864
xtensor,meeting01_loso,fsdd,snn-ae,direct,conv1d,2,1.500000,0.900000,5,46,16470453339372834741,val,0,0.144838,0.222586,0.810288,0.736842,0.280000,0.405797,0.177422,382266.000000,15601.732422,11.522626,37286,36864
xtensor,meeting01_loso,fsdd,snn-ae,direct,conv1d,2,1.500000,0.990000,5,46,16470453339372834741,val,0,0.111683,0.185550,0.853715,0.333333,0.040000,0.071429,0.097240,376108.000000,21293.746094,11.250872,37286,36864
xtensor,meeting01_loso,fsdd,snn-ae,direct,recurrent,2,0.500000,0.800000,5,46,16470453339372834741,val,0,0.053694,0.099286,0.526934,0.250000,0.020000,0.037037,0.554700,411241.000000,41403.582031,748.880920,37286,36864
xtensor,meeting01_loso,fsdd,snn-ae,direct,recurrent,2,0.500000,0.900000,5,46,16470453339372834741,val,0,0.022106,0.054334,0.810244,0.000000,0.000000,0.000000,0.546055,410577.000000,50659.343750,729.976990,37286,36864
xtensor,meeting01_loso,fsdd,snn-ae,direct,recurrent,2,0.500000,0.990000,5,46,16470453339372834741,val,0,0.003748,0.017470,0.978333,0.000000,0.000000,0.000000,0.638281,417660.000000,55045.894531,721.369934,37286,36864
xtensor,meeting01_loso,fsdd,snn-ae,direct,recurrent,2,1.000000,0.800000,5,46,16470453339372834741,val,0,0.033745,0.074845,0.599888,0.000000,0.000000,0.000000,0.543490,410380.000000,60194.160156,736.437927,37286,36864
xtensor,meeting01_loso,fsdd,snn-ae,direct,recurrent,2,1.000000,0.900000,5,46,16470453339372834741,val,0,0.009786,0.019109,0.896197,0.000000,0.000000,0.000000,0.534557,409694.000000,96280.531250,831.553040,37286,36864
xtensor,meeting01_loso,fsdd,snn-ae,direct,recurrent,2,1.000000,0.990000,5,46,16470453339372834741,val,0,0.016187,0.054492,0.867133,0.000000,0.000000,0.000000,0.584518,413531.000000,114960.281250,727.460938,37286,36864
xtensor,meeting01_loso,fsdd,snn-ae,direct,recurrent,2,1.500000,0.800000,5,46,16470453339372834741,val,0,0.014992,0.039681,0.776803,0.000000,0.000000,0.000000,0.590469,413988.000000,41141.410156,725.857971,37286,36864
xtensor,meeting01_loso,fsdd,snn-ae,direct,recurrent,2,1.500000,0.900000,5,46,16470453339372834741,val,0,0.010472,0.026495,0.861423,0.000000,0.000000,0.000000,0.594284,414281.000000,100776.523438,722.947571,37286,36864
xtensor,meeting01_loso,fsdd,snn-ae,direct,recurrent,2,1.500000,0.990000,5,46,16470453339372834741,val,0,0.005388,0.027023,0.942323,0.000000,0.000000,0.000000,0.590221,413969.000000,97296.320312,721.365662,37286,36864
xtensor,meeting01_loso,fsdd,snn-ae,direct,recurrent,2,0.500000,0.990000,5,46,16470453339372834741,test,0,0.157333,0.185928,-0.345431,0.000000,0.000000,0.000000,0.607349,601862.000000,86236.898438,730.433289,37286,36864
xtensor,meeting01_loso,fsdd,lstm-ae,poisson,lstm,1,0.000000,0.000000,1,42,16470453339372834741,val,0,0.016583,0.028470,0.510514,0.000000,0.000000,0.000000,0.000000,11842560.000000,280730.406250,1567.364136,122472,1184256
xtensor,meeting01_loso,fsdd,lstm-ae,poisson,lstm,1,0.000000,0.000000,1,42,16470453339372834741,test,0,0.104074,0.115578,-0.140776,0.000000,0.000000,0.000000,0.000000,11842560.000000,0.000000,0.000000,122472,1184256
xtensor,meeting01_loso,fsdd,gru-ae,poisson,gru,1,0.000000,0.000000,1,42,16470453339372834741,val,0,0.016577,0.027068,0.510650,0.000000,0.000000,0.000000,0.000000,8893440.000000,572512.250000,2439.821045,93032,889344
xtensor,meeting01_loso,fsdd,gru-ae,poisson,gru,1,0.000000,0.000000,1,42,16470453339372834741,test,0,0.104016,0.114256,-0.140284,0.000000,0.000000,0.000000,0.000000,8893440.000000,0.000000,0.000000,93032,889344
xtensor,meeting01_loso,fsdd,transformer-ae,poisson,transformer,1,0.000000,0.000000,1,42,16470453339372834741,val,0,0.010978,0.015994,0.675913,0.000000,0.000000,0.000000,0.000000,47554560.000000,168150.750000,374.161224,139176,4755456
xtensor,meeting01_loso,fsdd,transformer-ae,poisson,transformer,1,0.000000,0.000000,1,42,16470453339372834741,test,0,0.098634,0.103296,-0.081304,0.000000,0.000000,0.000000,0.000000,47554560.000000,0.000000,0.000000,139176,4755456
xtensor,meeting01_loso,fsdd,snn-ae,poisson,dense,2,0.500000,0.800000,1,42,16470453339372834741,val,0,0.042172,0.136069,-0.244953,0.666667,0.040000,0.075472,0.504362,407375.000000,13726.548828,12.180116,37286,36864
xtensor,meeting01_loso,fsdd,snn-ae,poisson,dense,2,0.500000,0.900000,1,42,16470453339372834741,val,0,0.055920,0.158173,-0.650842,0.500000,0.140000,0.218750,0.497969,406884.000000,11965.208008,11.679770,37286,36864
xtensor,meeting01_loso,fsdd,snn-ae,poisson,dense,2,0.500000,0.990000,1,42,16470453339372834741,val,0,0.164571,0.306870,-3.858417,0.513158,0.780000,0.619048,0.517096,408353.000000,14687.359375,11.915555,37286,36864
xtensor,meeting01_loso,fsdd,snn-ae,poisson,dense,2,1.000000,0.800000,1,42,16470453339372834741,val,0,0.027720,0.098222,0.181673,0.000000,0.000000,0.000000,0.501250,407136.000000,11736.464844,11.910108,37286,36864
xtensor,meeting01_loso,fsdd,snn-ae,poisson,dense,2,1.000000,0.900000,1,42,16470453339372834741,val,0,0.049876,0.137692,-0.472387,0.500000,0.120000,0.193548,0.501602,407163.000000,16743.117188,11.326720,37286,36864
xtensor,meeting01_loso,fsdd,snn-ae,poisson,dense,2,1.000000,0.990000,1,42,16470453339372834741,val,0,0.166078,0.305285,-3.902955,0.551282,0.860000,0.671875,0.504948,407420.000000,18732.060547,11.854304,37286,36864
xtensor,meeting01_loso,fsdd,snn-ae,poisson,dense,2,1.500000,0.800000,1,42,16470453339372834741,val,0,0.016943,0.060645,0.499837,0.000000,0.000000,0.000000,0.487266,406062.000000,16582.031250,11.534918,37286,36864
xtensor,meeting01_loso,fsdd,snn-ae,poisson,dense,2,1.500000,0.900000,1,42,16470453339372834741,val,0,0.043255,0.134921,-0.276941,0.500000,0.060000,0.107143,0.513945,408111.000000,12888.532227,11.838450,37286,36864
xtensor,meeting01_loso,fsdd,snn-ae,poisson,dense,2,1.500000,0.990000,1,42,16470453339372834741,val,0,0.120489,0.248146,-2.557018,0.456140,0.520000,0.485981,0.540299,410135.000000,15547.295898,11.795498,37286,36864
xtensor,meeting01_loso,fsdd,snn-ae,poisson,conv1d,2,0.500000,0.800000,1,42,16470453339372834741,val,0,0.036932,0.129047,-0.867277,0.500000,0.040000,0.074074,0.530195,409359.000000,20296.523438,12.747091,37286,36864
xtensor,meeting01_loso,fsdd,snn-ae,poisson,conv1d,2,0.500000,0.900000,1,42,16470453339372834741,val,0,0.130542,0.273113,-5.600237,0.525424,0.620000,0.568807,0.510846,407873.000000,14837.888672,12.872806,37286,36864
xtensor,meeting01_loso,fsdd,snn-ae,poisson,conv1d,2,0.500000,0.990000,1,42,16470453339372834741,val,0,0.072053,0.176950,-2.642948,0.636364,0.420000,0.506024,0.520885,408644.000000,12779.622070,14.183735,37286,36864
xtensor,meeting01_loso,fsdd,snn-ae,poisson,conv1d,2,1.000000,0.800000,1,42,16470453339372834741,val,0,0.029212,0.107071,-0.476954,0.500000,0.020000,0.038462,0.499505,407002.000000,24597.310547,15.634138,37286,36864
xtensor,meeting01_loso,fsdd,snn-ae,poisson,conv1d,2,1.000000,0.900000,1,42,16470453339372834741,val,0,0.067187,0.178056,-2.396997,0.526316,0.200000,0.289855,0.498633,406935.000000,20608.275391,12.513191,37286,36864
xtensor,meeting01_loso,fsdd,snn-ae,poisson,conv1d,2,1.000000,0.990000,1,42,16470453339372834741,val,0,0.054573,0.154355,-1.759218,0.521739,0.240000,0.328767,0.514232,408133.000000,15604.939453,12.890826,37286,36864
xtensor,meeting01_loso,fsdd,snn-ae,poisson,conv1d,2,1.500000,0.800000,1,42,16470453339372834741,val,0,0.022897,0.090595,-0.157641,0.500000,0.020000,0.038462,0.503203,407286.000000,24780.406250,13.751065,37286,36864
xtensor,meeting01_loso,fsdd,snn-ae,poisson,conv1d,2,1.500000,0.900000,1,42,16470453339372834741,val,0,0.049385,0.143492,-1.496847,0.444444,0.160000,0.235294,0.505313,407448.000000,15657.467773,13.596506,37286,36864
xtensor,meeting01_loso,fsdd,snn-ae,poisson,conv1d,2,1.500000,0.990000,1,42,16470453339372834741,val,0,0.057166,0.171531,-1.890322,0.555556,0.200000,0.294118,0.527201,409129.000000,15807.553711,12.439857,37286,36864
xtensor,meeting01_loso,fsdd,snn-ae,poisson,recurrent,2,0.500000,0.800000,1,42,16470453339372834741,val,0,0.060694,0.155095,-0.414304,0.571429,0.160000,0.250000,0.502695,407247.000000,78466.843750,853.800354,37286,36864
xtensor,meeting01_loso,fsdd,snn-ae,poisson,recurrent,2,0.500000,0.900000,1,42,16470453339372834741,val,0,0.087565,0.189414,-0.794991,0.545455,0.360000,0.433735,0.537943,409954.000000,51213.343750,721.364929,37286,36864
xtensor,meeting01_loso,fsdd,snn-ae,poisson,recurrent,2,0.500000,0.990000,1,42,16470453339372834741,val,0,0.091015,0.212737,-0.484946,0.551724,0.320000,0.405063,0.543398,410373.000000,46269.097656,727.568726,37286,36864
xtensor,meeting01_loso,fsdd,snn-ae,poisson,recurrent,2,1.000000,0.800000,1,42,16470453339372834741,val,0,0.025975,0.096855,-0.145957,0.000000,0.000000,0.000000,0.510104,407816.000000,50327.082031,751.261597,37286,36864
xtensor,meeting01_loso,fsdd,snn-ae,poisson,recurrent,2,1.000000,0.900000,1,42,16470453339372834741,val,0,0.032511,0.116760,-0.295855,0.800000,0.080000,0.145455,0.500339,407066.000000,55723.191406,821.034546,37286,36864
xtensor,meeting01_loso,fsdd,snn-ae,poisson,recurrent,2,1.000000,0.990000,1,42,16470453339372834741,val,0,0.149144,0.276424,-3.933870,0.507463,0.680000,0.581197,0.502070,407199.000000,73078.242188,720.533203,37286,36864
xtensor,meeting01_loso,fsdd,snn-ae,poisson,recurrent,2,1.500000,0.800000,1,42,16470453339372834741,val,0,0.007328,0.030584,0.384602,0.000000,0.000000,0.000000,0.501393,407147.000000,115790.117188,742.231384,37286,36864
xtensor,meeting01_loso,fsdd,snn-ae,poisson,recurrent,2,1.500000,0.900000,1,42,16470453339372834741,val,0,0.013869,0.057689,-0.007177,0.000000,0.000000,0.000000,0.519518,408539.000000,139651.609375,722.923462,37286,36864
xtensor,meeting01_loso,fsdd,snn-ae,poisson,recurrent,2,1.500000,0.990000,1,42,16470453339372834741,val,0,0.083705,0.211888,-3.418765,0.500000,0.380000,0.431818,0.511667,407936.000000,50345.253906,743.706787,37286,36864
xtensor,meeting01_loso,fsdd,snn-ae,poisson,recurrent,2,1.500000,0.800000,1,42,16470453339372834741,test,0,0.062799,0.137722,-0.902100,0.000000,0.000000,0.000000,0.529690,572041.000000,137051.640625,769.077148,37286,36864
xtensor,meeting01_loso,fsdd,lstm-ae,poisson,lstm,1,0.000000,0.000000,2,43,16470453339372834741,val,0,0.016321,0.028900,0.519579,0.000000,0.000000,0.000000,0.000000,11842560.000000,625997.375000,1499.107788,122472,1184256
xtensor,meeting01_loso,fsdd,lstm-ae,poisson,lstm,1,0.000000,0.000000,2,43,16470453339372834741,test,0,0.102953,0.115489,-0.120798,0.000000,0.000000,0.000000,0.000000,11842560.000000,0.000000,0.000000,122472,1184256
xtensor,meeting01_loso,fsdd,gru-ae,poisson,gru,1,0.000000,0.000000,2,43,16470453339372834741,val,0,0.014574,0.029501,0.570961,0.000000,0.000000,0.000000,0.000000,8893440.000000,1009305.187500,2394.967773,93032,889344
xtensor,meeting01_loso,fsdd,gru-ae,poisson,gru,1,0.000000,0.000000,2,43,16470453339372834741,test,0,0.098147,0.118349,-0.067802,0.000000,0.000000,0.000000,0.000000,8893440.000000,0.000000,0.000000,93032,889344
xtensor,meeting01_loso,fsdd,transformer-ae,poisson,transformer,1,0.000000,0.000000,2,43,16470453339372834741,val,0,0.010928,0.017845,0.678309,0.000000,0.000000,0.000000,0.000000,47554560.000000,160068.312500,421.310516,139176,4755456
xtensor,meeting01_loso,fsdd,transformer-ae,poisson,transformer,1,0.000000,0.000000,2,43,16470453339372834741,test,0,0.097344,0.103861,-0.059643,0.000000,0.000000,0.000000,0.000000,47554560.000000,0.000000,0.000000,139176,4755456
xtensor,meeting01_loso,fsdd,snn-ae,poisson,dense,2,0.500000,0.800000,2,43,16470453339372834741,val,0,0.061137,0.160921,-0.799825,0.400000,0.160000,0.228571,0.504049,407351.000000,14773.300781,13.020801,37286,36864
xtensor,meeting01_loso,fsdd,snn-ae,poisson,dense,2,0.500000,0.900000,2,43,16470453339372834741,val,0,0.079957,0.199110,-1.353851,0.500000,0.300000,0.375000,0.518047,408426.000000,11860.870117,11.438607,37286,36864
xtensor,meeting01_loso,fsdd,snn-ae,poisson,dense,2,0.500000,0.990000,2,43,16470453339372834741,val,0,0.145048,0.256305,-3.270093,0.547170,0.580000,0.563107,0.526758,409095.000000,12957.954102,12.059010,37286,36864
xtensor,meeting01_loso,fsdd,snn-ae,poisson,dense,2,1.000000,0.800000,2,43,16470453339372834741,val,0,0.029687,0.100450,0.126037,1.000000,0.020000,0.039216,0.507539,407619.000000,15789.105469,12.135977,37286,36864
xtensor,meeting01_loso,fsdd,snn-ae,poisson,dense,2,1.000000,0.900000,2,43,16470453339372834741,val,0,0.061957,0.162711,-0.823939,0.562500,0.180000,0.272727,0.502656,407244.000000,12929.446289,12.003557,37286,36864
xtensor,meeting01_loso,fsdd,snn-ae,poisson,dense,2,1.000000,0.990000,2,43,16470453339372834741,val,0,0.128025,0.253780,-2.768978,0.540000,0.540000,0.540000,0.504245,407366.000000,13701.736328,11.736272,37286,36864
xtensor,meeting01_loso,fsdd,snn-ae,poisson,dense,2,1.500000,0.800000,2,43,16470453339372834741,val,0,0.016642,0.057940,0.510090,0.000000,0.000000,0.000000,0.509076,407737.000000,26444.640625,12.420581,37286,36864
xtensor,meeting01_loso,fsdd,snn-ae,poisson,dense,2,1.500000,0.900000,2,43,16470453339372834741,val,0,0.046891,0.137821,-0.380424,0.400000,0.080000,0.133333,0.500625,407088.000000,13593.327148,12.118027,37286,36864
xtensor,meeting01_loso,fsdd,snn-ae,poisson,dense,2,1.500000,0.990000,2,43,16470453339372834741,val,0,0.120902,0.255946,-2.559313,0.561404,0.640000,0.598131,0.526016,409038.000000,10535.265625,11.582690,37286,36864
xtensor,meeting01_loso,fsdd,snn-ae,poisson,conv1d,2,0.500000,0.800000,2,43,16470453339372834741,val,0,0.044817,0.137450,-1.256570,0.666667,0.160000,0.258065,0.496836,406797.000000,16372.819336,12.529324,37286,36864
xtensor,meeting01_loso,fsdd,snn-ae,poisson,conv1d,2,0.500000,0.900000,2,43,16470453339372834741,val,0,0.033362,0.122874,-0.679797,0.500000,0.020000,0.038462,0.524909,408953.000000,14774.583984,12.682557,37286,36864
xtensor,meeting01_loso,fsdd,snn-ae,poisson,conv1d,2,0.500000,0.990000,2,43,16470453339372834741,val,0,0.118261,0.255222,-4.954563,0.561404,0.640000,0.598131,0.514427,408148.000000,15761.774414,12.627731,37286,36864
xtensor,meeting01_loso,fsdd,snn-ae,poisson,conv1d,2,1.000000,0.800000,2,43,16470453339372834741,val,0,0.031843,0.111350,-0.603346,0.666667,0.080000,0.142857,0.521940,408725.000000,23326.986328,12.892432,37286,36864
xtensor,meeting01_loso,fsdd,snn-ae,poisson,conv1d,2,1.000000,0.900000,2,43,16470453339372834741,val,0,0.072228,0.194863,-2.636798,0.523810,0.220000,0.309859,0.508411,407686.000000,18906.705078,13.987690,37286,36864
xtensor,meeting01_loso,fsdd,snn-ae,poisson,conv1d,2,1.000000,0.990000,2,43,16470453339372834741,val,0,0.051993,0.158007,-1.617932,0.642857,0.180000,0.281250,0.528997,409267.000000,13807.005859,14.035950,37286,36864
xtensor,meeting01_loso,fsdd,snn-ae,poisson,conv1d,2,1.500000,0.800000,2,43,16470453339372834741,val,0,0.015481,0.064685,0.220529,1.000000,0.020000,0.039216,0.551224,410974.000000,25396.035156,13.324193,37286,36864
xtensor,meeting01_loso,fsdd,snn-ae,poisson,conv1d,2,1.500000,0.900000,2,43,16470453339372834741,val,0,0.032086,0.112694,-0.615568,0.500000,0.040000,0.074074,0.524831,408947.000000,15793.030273,13.733885,37286,36864
xtensor,meeting01_loso,fsdd,snn-ae,poisson,conv1d,2,1.500000,0.990000,2,43,16470453339372834741,val,0,0.101752,0.233566,-4.123353,0.428571,0.360000,0.391304,0.515586,408237.000000,14888.497070,13.692887,37286,36864
xtensor,meeting01_loso,fsdd,snn-ae,poisson,recurrent,2,0.500000,0.800000,2,43,16470453339372834741,val,0,0.067486,0.184700,-0.570077,0.777778,0.280000,0.411765,0.521055,408657.000000,55102.960938,751.839172,37286,36864
xtensor,meeting01_loso,fsdd,snn-ae,poisson,recurrent,2,0.500000,0.900000,2,43,16470453339372834741,val,0,0.104707,0.212711,-1.151098,0.545455,0.360000,0.433735,0.497539,406851.000000,64637.472656,722.834839,37286,36864
xtensor,meeting01_loso,fsdd,snn-ae,poisson,recurrent,2,0.500000,0.990000,2,43,16470453339372834741,val,0,0.165130,0.295804,-1.690922,0.507692,0.660000,0.573913,0.513906,408108.000000,50218.976562,760.018066,37286,36864
xtensor,meeting01_loso,fsdd,snn-ae,poisson,recurrent,2,1.000000,0.800000,2,43,16470453339372834741,val,0,0.020909,0.076292,0.080032,0.000000,0.000000,0.000000,0.517096,408353.000000,63721.683594,721.676697,37286,36864
xtensor,meeting01_loso,fsdd,snn-ae,poisson,recurrent,2,1.000000,0.900000,2,43,16470453339372834741,val,0,0.046454,0.133304,-0.843839,0.705882,0.240000,0.358209,0.528906,409260.000000,73096.304688,720.986877,37286,36864
xtensor,meeting01_loso,fsdd,snn-ae,poisson,recurrent,2,1.000000,0.990000,2,43,16470453339372834741,val,0,0.141907,0.254139,-3.682145,0.512195,0.420000,0.461538,0.534349,409678.000000,59772.644531,785.240662,37286,36864
xtensor,meeting01_loso,fsdd,snn-ae,poisson,recurrent,2,1.500000,0.800000,2,43,16470453339372834741,val,0,0.005869,0.035826,0.505004,0.000000,0.000000,0.000000,0.493815,406565.000000,73744.578125,741.932312,37286,36864
xtensor,meeting01_loso,fsdd,snn-ae,poisson,recurrent,2,1.500000,0.900000,2,43,16470453339372834741,val,0,0.014468,0.061628,-0.059297,0.000000,0.000000,0.000000,0.509401,407762.000000,55201.652344,716.038391,37286,36864
xtensor,meeting01_loso,fsdd,snn-ae,poisson,recurrent,2,1.500000,0.990000,2,43,16470453339372834741,val,0,0.046727,0.117424,-1.455424,0.611111,0.220000,0.323529,0.522122,408739.000000,54817.742188,714.623596,37286,36864
xtensor,meeting01_loso,fsdd,snn-ae,poisson,recurrent,2,1.500000,0.800000,2,43,16470453339372834741,test,0,0.048893,0.103308,-0.471559,0.000000,0.000000,0.000000,0.485500,555072.000000,95775.023438,737.358521,37286,36864
xtensor,meeting01_loso,fsdd,lstm-ae,poisson,lstm,1,0.000000,0.000000,3,44,16470453339372834741,val,0,0.016350,0.030335,0.513135,0.000000,0.000000,0.000000,0.000000,11842560.000000,250315.968750,1618.605103,122472,1184256
xtensor,meeting01_loso,fsdd,lstm-ae,poisson,lstm,1,0.000000,0.000000,3,44,16470453339372834741,test,0,0.103151,0.116784,-0.124545,0.000000,0.000000,0.000000,0.000000,11842560.000000,0.000000,0.000000,122472,1184256
xtensor,meeting01_loso,fsdd,gru-ae,poisson,gru,1,0.000000,0.000000,3,44,16470453339372834741,val,0,0.016361,0.029228,0.512826,0.000000,0.000000,0.000000,0.000000,8893440.000000,301584.281250,2470.674316,93032,889344
xtensor,meeting01_loso,fsdd,gru-ae,poisson,gru,1,0.000000,0.000000,3,44,16470453339372834741,test,0,0.103298,0.115687,-0.126374,0.000000,0.000000,0.000000,0.000000,8893440.000000,0.000000,0.000000,93032,889344
xtensor,meeting01_loso,fsdd,transformer-ae,poisson,transformer,1,0.000000,0.000000,3,44,16470453339372834741,val,0,0.008329,0.011661,0.751972,0.000000,0.000000,0.000000,0.000000,47554560.000000,267132.375000,373.302490,139176,4755456
xtensor,meeting01_loso,fsdd,transformer-ae,poisson,transformer,1,0.000000,0.000000,3,44,16470453339372834741,test,0,0.095899,0.099597,-0.045827,0.000000,0.000000,0.000000,0.000000,47554560.000000,0.000000,0.000000,139176,4755456
xtensor,meeting01_loso,fsdd,snn-ae,poisson,dense,2,0.500000,0.800000,3,44,16470453339372834741,val,0,0.051063,0.154577,-0.520681,0.500000,0.100000,0.166667,0.512370,407990.000000,11696.713867,11.671249,37286,36864
xtensor,meeting01_loso,fsdd,snn-ae,poisson,dense,2,0.500000,0.900000,3,44,16470453339372834741,val,0,0.081490,0.193298,-1.426781,0.413793,0.240000,0.303797,0.510273,407829.000000,14978.307617,11.648969,37286,36864
xtensor,meeting01_loso,fsdd,snn-ae,poisson,dense,2,0.500000,0.990000,3,44,16470453339372834741,val,0,0.085235,0.209882,-1.538347,0.515152,0.340000,0.409639,0.524857,408949.000000,10795.278320,11.871346,37286,36864
xtensor,meeting01_loso,fsdd,snn-ae,poisson,dense,2,1.000000,0.800000,3,44,16470453339372834741,val,0,0.018825,0.067659,0.439400,1.000000,0.020000,0.039216,0.522292,408752.000000,20595.519531,11.536595,37286,36864
xtensor,meeting01_loso,fsdd,snn-ae,poisson,dense,2,1.000000,0.900000,3,44,16470453339372834741,val,0,0.058529,0.161823,-0.743030,0.411765,0.140000,0.208955,0.512448,407996.000000,13957.627930,11.586461,37286,36864
xtensor,meeting01_loso,fsdd,snn-ae,poisson,dense,2,1.000000,0.990000,3,44,16470453339372834741,val,0,0.096315,0.211759,-1.868277,0.488372,0.420000,0.451613,0.540482,410149.000000,15667.745117,11.531077,37286,36864
xtensor,meeting01_loso,fsdd,snn-ae,poisson,dense,2,1.500000,0.800000,3,44,16470453339372834741,val,0,0.021111,0.073722,0.371305,0.000000,0.000000,0.000000,0.502396,407224.000000,18227.208984,15.224796,37286,36864
xtensor,meeting01_loso,fsdd,snn-ae,poisson,dense,2,1.500000,0.900000,3,44,16470453339372834741,val,0,0.046836,0.139327,-0.394785,0.666667,0.040000,0.075472,0.508060,407659.000000,12763.750000,12.799962,37286,36864
xtensor,meeting01_loso,fsdd,snn-ae,poisson,dense,2,1.500000,0.990000,3,44,16470453339372834741,val,0,0.106107,0.229747,-2.159952,0.536585,0.440000,0.483517,0.516654,408319.000000,14797.371094,12.101335,37286,36864
xtensor,meeting01_loso,fsdd,snn-ae,poisson,conv1d,2,0.500000,0.800000,3,44,16470453339372834741,val,0,0.046663,0.144175,-1.378243,0.642857,0.180000,0.281250,0.513815,408101.000000,20908.562500,12.720411,37286,36864
xtensor,meeting01_loso,fsdd,snn-ae,poisson,conv1d,2,0.500000,0.900000,3,44,16470453339372834741,val,0,0.069449,0.185819,-2.539564,0.590909,0.260000,0.361111,0.578542,413072.000000,14613.980469,13.153221,37286,36864
xtensor,meeting01_loso,fsdd,snn-ae,poisson,conv1d,2,0.500000,0.990000,3,44,16470453339372834741,val,0,0.044464,0.133814,-1.266112,0.500000,0.160000,0.242424,0.535547,409770.000000,15623.262695,14.086166,37286,36864
xtensor,meeting01_loso,fsdd,snn-ae,poisson,conv1d,2,1.000000,0.800000,3,44,16470453339372834741,val,0,0.040095,0.124795,-1.043472,0.750000,0.120000,0.206897,0.507161,407590.000000,18708.554688,13.852546,37286,36864
xtensor,meeting01_loso,fsdd,snn-ae,poisson,conv1d,2,1.000000,0.900000,3,44,16470453339372834741,val,0,0.070335,0.182375,-2.584777,0.515152,0.340000,0.409639,0.490091,406279.000000,19699.095703,13.808266,37286,36864
xtensor,meeting01_loso,fsdd,snn-ae,poisson,conv1d,2,1.000000,0.990000,3,44,16470453339372834741,val,0,0.054406,0.170026,-1.772918,0.375000,0.060000,0.103448,0.527747,409171.000000,13951.326172,13.907720,37286,36864
xtensor,meeting01_loso,fsdd,snn-ae,poisson,conv1d,2,1.500000,0.800000,3,44,16470453339372834741,val,0,0.010357,0.051483,0.472140,0.000000,0.000000,0.000000,0.518581,408467.000000,19973.734375,14.061512,37286,36864
xtensor,meeting01_loso,fsdd,snn-ae,poisson,conv1d,2,1.500000,0.900000,3,44,16470453339372834741,val,0,0.045442,0.141988,-1.316003,0.384615,0.100000,0.158730,0.522669,408781.000000,18479.845703,14.550125,37286,36864
xtensor,meeting01_loso,fsdd,snn-ae,poisson,conv1d,2,1.500000,0.990000,3,44,16470453339372834741,val,0,0.058248,0.149412,-1.968648,0.666667,0.320000,0.432432,0.538958,410032.000000,16480.886719,13.215240,37286,36864
xtensor,meeting01_loso,fsdd,snn-ae,poisson,recurrent,2,0.500000,0.800000,3,44,16470453339372834741,val,0,0.047722,0.142418,-0.123892,0.555556,0.100000,0.169492,0.520156,408588.000000,54969.554688,721.879150,37286,36864
xtensor,meeting01_loso,fsdd,snn-ae,poisson,recurrent,2,0.500000,0.900000,3,44,16470453339372834741,val,0,0.086981,0.197729,-0.805338,0.527778,0.380000,0.441860,0.523919,408877.000000,50208.796875,857.231323,37286,36864
xtensor,meeting01_loso,fsdd,snn-ae,poisson,recurrent,2,0.500000,0.990000,3,44,16470453339372834741,val,0,0.125000,0.244187,-1.061509,0.490196,0.500000,0.495049,0.550781,410940.000000,55305.578125,720.127991,37286,36864
xtensor,meeting01_loso,fsdd,snn-ae,poisson,recurrent,2,1.000000,0.800000,3,44,16470453339372834741,val,0,0.024253,0.093432,-0.083292,0.000000,0.000000,0.000000,0.508294,407677.000000,54784.558594,729.664307,37286,36864
xtensor,meeting01_loso,fsdd,snn-ae,poisson,recurrent,2,1.000000,0.900000,3,44,16470453339372834741,val,0,0.046093,0.143295,-0.854144,0.333333,0.040000,0.071429,0.507656,407628.000000,50304.542969,750.388306,37286,36864
xtensor,meeting01_loso,fsdd,snn-ae,poisson,recurrent,2,1.000000,0.990000,3,44,16470453339372834741,val,0,0.189317,0.290788,-5.326466,0.543860,0.620000,0.579439,0.517044,408349.000000,118899.000000,898.519714,37286,36864
xtensor,meeting01_loso,fsdd,snn-ae,poisson,recurrent,2,1.500000,0.800000,3,44,16470453339372834741,val,0,0.008777,0.049184,0.246211,0.000000,0.000000,0.000000,0.500234,407058.000000,110592.835938,782.965393,37286,36864
xtensor,meeting01_loso,fsdd,snn-ae,poisson,recurrent,2,1.500000,0.900000,3,44,16470453339372834741,val,0,0.015552,0.064671,-0.143934,0.000000,0.000000,0.000000,0.486003,405965.000000,137501.984375,714.578796,37286,36864
xtensor,meeting01_loso,fsdd,snn-ae,poisson,recurrent,2,1.500000,0.990000,3,44,16470453339372834741,val,0,0.098566,0.231498,-4.233212,0.520000,0.520000,0.520000,0.509622,407779.000000,41829.300781,732.306763,37286,36864
xtensor,meeting01_loso,fsdd,snn-ae,poisson,recurrent,2,1.500000,0.800000,3,44,16470453339372834741,test,0,0.076735,0.153970,-1.310750,0.000000,0.000000,0.000000,0.508625,563952.000000,105127.273438,785.464172,37286,36864
xtensor,meeting01_loso,fsdd,lstm-ae,poisson,lstm,1,0.000000,0.000000,4,45,16470453339372834741,val,0,0.017647,0.039978,0.481560,0.000000,0.000000,0.000000,0.000000,11842560.000000,750784.062500,1508.539307,122472,1184256
xtensor,meeting01_loso,fsdd,lstm-ae,poisson,lstm,1,0.000000,0.000000,4,45,16470453339372834741,test,0,0.099593,0.122369,-0.082992,0.000000,0.000000,0.000000,0.000000,11842560.000000,0.000000,0.000000,122472,1184256
xtensor,meeting01_loso,fsdd,gru-ae,poisson,gru,1,0.000000,0.000000,4,45,16470453339372834741,val,0,0.016753,0.029430,0.507853,0.000000,0.000000,0.000000,0.000000,8893440.000000,335996.906250,2430.307617,93032,889344
xtensor,meeting01_loso,fsdd,gru-ae,poisson,gru,1,0.000000,0.000000,4,45,16470453339372834741,test,0,0.103422,0.115863,-0.125129,0.000000,0.000000,0.000000,0.000000,8893440.000000,0.000000,0.000000,93032,889344
xtensor,meeting01_loso,fsdd,transformer-ae,poisson,transformer,1,0.000000,0.000000,4,45,16470453339372834741,val,0,0.010376,0.014155,0.695155,0.000000,0.000000,0.000000,0.000000,47554560.000000,256386.484375,433.831055,139176,4755456
xtensor,meeting01_loso,fsdd,transformer-ae,poisson,transformer,1,0.000000,0.000000,4,45,16470453339372834741,test,0,0.100081,0.104215,-0.089028,0.000000,0.000000,0.000000,0.000000,47554560.000000,0.000000,0.000000,139176,4755456
xtensor,meeting01_loso,fsdd,snn-ae,poisson,dense,2,0.500000,0.800000,4,45,16470453339372834741,val,0,0.092930,0.216502,-1.730321,0.525000,0.420000,0.466667,0.511862,407951.000000,13562.522461,13.235075,37286,36864
xtensor,meeting01_loso,fsdd,snn-ae,poisson,dense,2,0.500000,0.900000,4,45,16470453339372834741,val,0,0.073111,0.195458,-1.148058,0.360000,0.180000,0.240000,0.516784,408329.000000,11728.130859,11.409692,37286,36864
xtensor,meeting01_loso,fsdd,snn-ae,poisson,dense,2,0.500000,0.990000,4,45,16470453339372834741,val,0,0.133707,0.259395,-2.928361,0.525424,0.620000,0.568807,0.518529,408463.000000,14601.748047,12.903956,37286,36864
xtensor,meeting01_loso,fsdd,snn-ae,poisson,dense,2,1.000000,0.800000,4,45,16470453339372834741,val,0,0.027854,0.093266,0.181659,1.000000,0.040000,0.076923,0.493203,406518.000000,14943.485352,11.443355,37286,36864
xtensor,meeting01_loso,fsdd,snn-ae,poisson,dense,2,1.000000,0.900000,4,45,16470453339372834741,val,0,0.053209,0.147005,-0.563277,0.416667,0.100000,0.161290,0.509492,407769.000000,14809.533203,11.589464,37286,36864
xtensor,meeting01_loso,fsdd,snn-ae,poisson,dense,2,1.000000,0.990000,4,45,16470453339372834741,val,0,0.127511,0.266414,-2.746318,0.492308,0.640000,0.556522,0.501966,407191.000000,11669.927734,13.342492,37286,36864
xtensor,meeting01_loso,fsdd,snn-ae,poisson,dense,2,1.500000,0.800000,4,45,16470453339372834741,val,0,0.024628,0.080917,0.276443,0.500000,0.020000,0.038462,0.501523,407157.000000,17608.373047,11.256040,37286,36864
xtensor,meeting01_loso,fsdd,snn-ae,poisson,dense,2,1.500000,0.900000,4,45,16470453339372834741,val,0,0.047994,0.139751,-0.410066,0.400000,0.080000,0.133333,0.521784,408713.000000,15750.978516,15.916439,37286,36864
xtensor,meeting01_loso,fsdd,snn-ae,poisson,dense,2,1.500000,0.990000,4,45,16470453339372834741,val,0,0.076734,0.189213,-1.254458,0.487179,0.380000,0.426966,0.520573,408620.000000,13419.017578,11.564043,37286,36864
xtensor,meeting01_loso,fsdd,snn-ae,poisson,conv1d,2,0.500000,0.800000,4,45,16470453339372834741,val,0,0.023927,0.097180,-0.207175,0.250000,0.020000,0.037037,0.514036,408118.000000,14596.391602,12.396905,37286,36864
xtensor,meeting01_loso,fsdd,snn-ae,poisson,conv1d,2,0.500000,0.900000,4,45,16470453339372834741,val,0,0.067423,0.173641,-2.401653,0.545455,0.360000,0.433735,0.520065,408581.000000,16282.236328,13.589312,37286,36864
xtensor,meeting01_loso,fsdd,snn-ae,poisson,conv1d,2,0.500000,0.990000,4,45,16470453339372834741,val,0,0.068095,0.184911,-2.435612,0.566667,0.340000,0.425000,0.536393,409835.000000,14032.745117,14.192605,37286,36864
xtensor,meeting01_loso,fsdd,snn-ae,poisson,conv1d,2,1.000000,0.800000,4,45,16470453339372834741,val,0,0.031367,0.112082,-0.582547,0.666667,0.040000,0.075472,0.535794,409789.000000,20829.496094,13.582118,37286,36864
xtensor,meeting01_loso,fsdd,snn-ae,poisson,conv1d,2,1.000000,0.900000,4,45,16470453339372834741,val,0,0.073089,0.194314,-2.687639,0.434783,0.200000,0.273973,0.509284,407753.000000,15843.364258,13.440899,37286,36864
xtensor,meeting01_loso,fsdd,snn-ae,poisson,conv1d,2,1.000000,0.990000,4,45,16470453339372834741,val,0,0.050139,0.141516,-1.529621,0.730769,0.380000,0.500000,0.533776,409634.000000,16072.519531,13.079538,37286,36864
xtensor,meeting01_loso,fsdd,snn-ae,poisson,conv1d,2,1.500000,0.800000,4,45,16470453339372834741,val,0,0.013138,0.060437,0.337152,0.000000,0.000000,0.000000,0.492409,406457.000000,25034.281250,13.398365,37286,36864
xtensor,meeting01_loso,fsdd,snn-ae,poisson,conv1d,2,1.500000,0.900000,4,45,16470453339372834741,val,0,0.035297,0.120527,-0.780831,0.166667,0.020000,0.035714,0.541641,410238.000000,14884.536133,13.477915,37286,36864
xtensor,meeting01_loso,fsdd,snn-ae,poisson,conv1d,2,1.500000,0.990000,4,45,16470453339372834741,val,0,0.064438,0.168056,-2.251085,0.500000,0.240000,0.324324,0.540846,410177.000000,15007.480469,12.696386,37286,36864
xtensor,meeting01_loso,fsdd,snn-ae,poisson,recurrent,2,0.500000,0.800000,4,45,16470453339372834741,val,0,0.051038,0.139852,-0.185250,0.545455,0.120000,0.196721,0.509258,407751.000000,69300.164062,738.822083,37286,36864
xtensor,meeting01_loso,fsdd,snn-ae,poisson,recurrent,2,0.500000,0.900000,4,45,16470453339372834741,val,0,0.079581,0.189547,-0.629641,0.517241,0.300000,0.379747,0.518359,408450.000000,50420.570312,716.140991,37286,36864
xtensor,meeting01_loso,fsdd,snn-ae,poisson,recurrent,2,0.500000,0.990000,4,45,16470453339372834741,val,0,0.113606,0.244094,-0.850986,0.470588,0.480000,0.475248,0.530521,409384.000000,59738.683594,719.012939,37286,36864
xtensor,meeting01_loso,fsdd,snn-ae,poisson,recurrent,2,1.000000,0.800000,4,45,16470453339372834741,val,0,0.023928,0.090744,-0.054515,0.000000,0.000000,0.000000,0.492318,406450.000000,59729.832031,728.896118,37286,36864
xtensor,meeting01_loso,fsdd,snn-ae,poisson,recurrent,2,1.000000,0.900000,4,45,16470453339372834741,val,0,0.049910,0.130987,-0.981904,0.714286,0.200000,0.312500,0.514258,408135.000000,64453.738281,732.749084,37286,36864
xtensor,meeting01_loso,fsdd,snn-ae,poisson,recurrent,2,1.000000,0.990000,4,45,16470453339372834741,val,0,0.165029,0.292403,-4.430426,0.476190,0.600000,0.530973,0.526159,409049.000000,55232.050781,714.451965,37286,36864
xtensor,meeting01_loso,fsdd,snn-ae,poisson,recurrent,2,1.500000,0.800000,4,45,16470453339372834741,val,0,0.013801,0.053894,-0.162777,1.000000,0.060000,0.113208,0.511289,407907.000000,100088.679688,715.606201,37286,36864
xtensor,meeting01_loso,fsdd,snn-ae,poisson,recurrent,2,1.500000,0.900000,4,45,16470453339372834741,val,0,0.032777,0.118149,-1.365416,0.000000,0.000000,0.000000,0.493620,406550.000000,60994.246094,744.182373,37286,36864
xtensor,meeting01_loso,fsdd,snn-ae,poisson,recurrent,2,1.500000,0.990000,4,45,16470453339372834741,val,0,0.050454,0.145112,-1.637945,0.250000,0.040000,0.068966,0.514115,408124.000000,41396.664062,737.377075,37286,36864
xtensor,meeting01_loso,fsdd,snn-ae,poisson,conv1d,2,1.500000,0.800000,4,45,16470453339372834741,test,0,0.130314,0.246985,-1.611565,0.000000,0.000000,0.000000,0.538810,575543.000000,27601.388672,19.988840,37286,36864
xtensor,meeting01_loso,fsdd,lstm-ae,poisson,lstm,1,0.000000,0.000000,5,46,16470453339372834741,val,0,0.016390,0.029093,0.512473,0.000000,0.000000,0.000000,0.000000,11842560.000000,295291.687500,1546.898926,122472,1184256
xtensor,meeting01_loso,fsdd,lstm-ae,poisson,lstm,1,0.000000,0.000000,5,46,16470453339372834741,test,0,0.104838,0.117110,-0.144795,0.000000,0.000000,0.000000,0.000000,11842560.000000,0.000000,0.000000,122472,1184256
xtensor,meeting01_loso,fsdd,gru-ae,poisson,gru,1,0.000000,0.000000,5,46,16470453339372834741,val,0,0.016230,0.030942,0.517206,0.000000,0.000000,0.000000,0.000000,8893440.000000,707839.500000,2447.513184,93032,889344
xtensor,meeting01_loso,fsdd,gru-ae,poisson,gru,1,0.000000,0.000000,5,46,16470453339372834741,test,0,0.104324,0.118711,-0.138891,0.000000,0.000000,0.000000,0.000000,8893440.000000,0.000000,0.000000,93032,889344
xtensor,meeting01_loso,fsdd,transformer-ae,poisson,transformer,1,0.000000,0.000000,5,46,16470453339372834741,val,0,0.008308,0.013027,0.752843,0.000000,0.000000,0.000000,0.000000,47554560.000000,268844.875000,384.961060,139176,4755456
xtensor,meeting01_loso,fsdd,transformer-ae,poisson,transformer,1,0.000000,0.000000,5,46,16470453339372834741,test,0,0.099902,0.105595,-0.090877,0.000000,0.000000,0.000000,0.000000,47554560.000000,0.000000,0.000000,139176,4755456
xtensor,meeting01_loso,fsdd,snn-ae,poisson,dense,2,0.500000,0.800000,5,46,16470453339372834741,val,0,0.055239,0.152197,-0.643374,0.400000,0.120000,0.184615,0.494635,406628.000000,13959.597656,12.463184,37286,36864
xtensor,meeting01_loso,fsdd,snn-ae,poisson,dense,2,0.500000,0.900000,5,46,16470453339372834741,val,0,0.075717,0.183567,-1.252590,0.500000,0.300000,0.375000,0.514141,408126.000000,11765.764648,12.728303,37286,36864
xtensor,meeting01_loso,fsdd,snn-ae,poisson,dense,2,0.500000,0.990000,5,46,16470453339372834741,val,0,0.150023,0.272670,-3.463282,0.491803,0.600000,0.540541,0.515521,408232.000000,19655.892578,11.991194,37286,36864
xtensor,meeting01_loso,fsdd,snn-ae,poisson,dense,2,1.000000,0.800000,5,46,16470453339372834741,val,0,0.039368,0.116861,-0.171202,0.545455,0.120000,0.196721,0.513776,408098.000000,18485.587891,12.560334,37286,36864
xtensor,meeting01_loso,fsdd,snn-ae,poisson,dense,2,1.000000,0.900000,5,46,16470453339372834741,val,0,0.061982,0.171837,-0.843992,0.555556,0.200000,0.294118,0.498060,406891.000000,14633.722656,12.502645,37286,36864
xtensor,meeting01_loso,fsdd,snn-ae,poisson,dense,2,1.000000,0.990000,5,46,16470453339372834741,val,0,0.129193,0.266225,-2.843579,0.538462,0.560000,0.549020,0.526914,409107.000000,11886.737305,12.927353,37286,36864
xtensor,meeting01_loso,fsdd,snn-ae,poisson,dense,2,1.500000,0.800000,5,46,16470453339372834741,val,0,0.018041,0.064563,0.463273,0.000000,0.000000,0.000000,0.522305,408753.000000,14492.945312,11.428061,37286,36864
xtensor,meeting01_loso,fsdd,snn-ae,poisson,dense,2,1.500000,0.900000,5,46,16470453339372834741,val,0,0.042901,0.137562,-0.276311,0.500000,0.020000,0.038462,0.498281,406908.000000,11582.770508,11.820291,37286,36864
xtensor,meeting01_loso,fsdd,snn-ae,poisson,dense,2,1.500000,0.990000,5,46,16470453339372834741,val,0,0.143317,0.279153,-3.263799,0.500000,0.660000,0.568965,0.527826,409177.000000,12673.483398,13.596157,37286,36864
xtensor,meeting01_loso,fsdd,snn-ae,poisson,conv1d,2,0.500000,0.800000,5,46,16470453339372834741,val,0,0.058528,0.156280,-1.987433,0.541667,0.260000,0.351351,0.521159,408665.000000,16847.419922,14.095944,37286,36864
xtensor,meeting01_loso,fsdd,snn-ae,poisson,conv1d,2,0.500000,0.900000,5,46,16470453339372834741,val,0,0.063539,0.179511,-2.243261,0.541667,0.260000,0.351351,0.524883,408951.000000,16364.691406,15.086928,37286,36864
xtensor,meeting01_loso,fsdd,snn-ae,poisson,conv1d,2,0.500000,0.990000,5,46,16470453339372834741,val,0,0.053943,0.155390,-1.753372,0.476190,0.200000,0.281690,0.534818,409714.000000,12694.447266,13.815879,37286,36864
xtensor,meeting01_loso,fsdd,snn-ae,poisson,conv1d,2,1.000000,0.800000,5,46,16470453339372834741,val,0,0.032046,0.119225,-0.635744,0.666667,0.040000,0.075472,0.527005,409114.000000,19427.707031,13.686183,37286,36864
xtensor,meeting01_loso,fsdd,snn-ae,poisson,conv1d,2,1.000000,0.900000,5,46,16470453339372834741,val,0,0.040000,0.139073,-1.041735,0.500000,0.060000,0.107143,0.543190,410357.000000,20791.699219,12.780616,37286,36864
xtensor,meeting01_loso,fsdd,snn-ae,poisson,conv1d,2,1.000000,0.990000,5,46,16470453339372834741,val,0,0.079847,0.192017,-3.075589,0.513514,0.380000,0.436782,0.531328,409446.000000,17635.544922,12.529325,37286,36864
xtensor,meeting01_loso,fsdd,snn-ae,poisson,conv1d,2,1.500000,0.800000,5,46,16470453339372834741,val,0,0.012307,0.059665,0.371837,0.000000,0.000000,0.000000,0.516875,408336.000000,22579.425781,13.574087,37286,36864
xtensor,meeting01_loso,fsdd,snn-ae,poisson,conv1d,2,1.500000,0.900000,5,46,16470453339372834741,val,0,0.047877,0.150272,-1.443803,0.600000,0.120000,0.200000,0.528919,409261.000000,17114.328125,13.034001,37286,36864
xtensor,meeting01_loso,fsdd,snn-ae,poisson,conv1d,2,1.500000,0.990000,5,46,16470453339372834741,val,0,0.031739,0.113121,-0.620022,0.000000,0.000000,0.000000,0.550352,410907.000000,13924.045898,13.159367,37286,36864
xtensor,meeting01_loso,fsdd,snn-ae,poisson,recurrent,2,0.500000,0.800000,5,46,16470453339372834741,val,0,0.061900,0.167742,-0.455990,0.625000,0.200000,0.303030,0.516224,408286.000000,50458.878906,725.179138,37286,36864
xtensor,meeting01_loso,fsdd,snn-ae,poisson,recurrent,2,0.500000,0.900000,5,46,16470453339372834741,val,0,0.081486,0.201287,-0.690904,0.500000,0.300000,0.375000,0.520182,408590.000000,50480.894531,723.999573,37286,36864
xtensor,meeting01_loso,fsdd,snn-ae,poisson,recurrent,2,0.500000,0.990000,5,46,16470453339372834741,val,0,0.145645,0.260891,-1.402385,0.534483,0.620000,0.574074,0.554115,411196.000000,82318.835938,722.774414,37286,36864
xtensor,meeting01_loso,fsdd,snn-ae,poisson,recurrent,2,1.000000,0.800000,5,46,16470453339372834741,val,0,0.016092,0.060975,0.281624,0.000000,0.000000,0.000000,0.489570,406239.000000,73769.632812,721.891907,37286,36864
xtensor,meeting01_loso,fsdd,snn-ae,poisson,recurrent,2,1.000000,0.900000,5,46,16470453339372834741,val,0,0.042514,0.134882,-0.710142,0.428571,0.060000,0.105263,0.508529,407695.000000,50795.683594,734.961060,37286,36864
xtensor,meeting01_loso,fsdd,snn-ae,poisson,recurrent,2,1.000000,0.990000,5,46,16470453339372834741,val,0,0.096797,0.207672,-2.233463,0.547619,0.460000,0.500000,0.530534,409385.000000,56322.480469,744.892334,37286,36864
xtensor,meeting01_loso,fsdd,snn-ae,poisson,recurrent,2,1.500000,0.800000,5,46,16470453339372834741,val,0,0.015920,0.062261,-0.361415,0.750000,0.060000,0.111111,0.502292,407216.000000,77807.109375,745.469788,37286,36864
xtensor,meeting01_loso,fsdd,snn-ae,poisson,recurrent,2,1.500000,0.900000,5,46,16470453339372834741,val,0,0.018163,0.065321,-0.340929,0.375000,0.060000,0.103448,0.525273,408981.000000,96811.507812,733.218140,37286,36864
xtensor,meeting01_loso,fsdd,snn-ae,poisson,recurrent,2,1.500000,0.990000,5,46,16470453339372834741,val,0,0.143119,0.276911,-6.583956,0.535714,0.600000,0.566038,0.516810,408331.000000,41825.332031,767.526794,37286,36864
xtensor,meeting01_loso,fsdd,snn-ae,poisson,conv1d,2,1.500000,0.800000,5,46,16470453339372834741,test,0,0.072236,0.167306,-0.456241,0.000000,0.000000,0.000000,0.528651,571642.000000,20139.529297,13.936146,37286,36864
xtensor,meeting01_loso,fsdd,lstm-ae,latency,lstm,1,0.000000,0.000000,1,42,16470453339372834741,val,0,0.020198,0.042959,0.805509,0.000000,0.000000,0.000000,0.000000,11842560.000000,938895.062500,1537.143677,122472,1184256
xtensor,meeting01_loso,fsdd,lstm-ae,latency,lstm,1,0.000000,0.000000,1,42,16470453339372834741,test,0,0.132067,0.176115,0.430925,0.000000,0.000000,0.000000,0.000000,11842560.000000,0.000000,0.000000,122472,1184256
xtensor,meeting01_loso,fsdd,gru-ae,latency,gru,1,0.000000,0.000000,1,42,16470453339372834741,val,0,0.022785,0.059650,0.780609,0.000000,0.000000,0.000000,0.000000,8893440.000000,708217.500000,2460.872803,93032,889344
xtensor,meeting01_loso,fsdd,gru-ae,latency,gru,1,0.000000,0.000000,1,42,16470453339372834741,test,0,0.129175,0.190317,0.443449,0.000000,0.000000,0.000000,0.000000,8893440.000000,0.000000,0.000000,93032,889344
xtensor,meeting01_loso,fsdd,transformer-ae,latency,transformer,1,0.000000,0.000000,1,42,16470453339372834741,val,0,0.018402,0.038353,0.822805,0.000000,0.000000,0.000000,0.000000,47554560.000000,264638.000000,386.291931,139176,4755456
xtensor,meeting01_loso,fsdd,transformer-ae,latency,transformer,1,0.000000,0.000000,1,42,16470453339372834741,test,0,0.139073,0.182723,0.400698,0.000000,0.000000,0.000000,0.000000,47554560.000000,0.000000,0.000000,139176,4755456
xtensor,meeting01_loso,fsdd,snn-ae,latency,dense,2,0.500000,0.800000,1,42,16470453339372834741,val,0,0.041008,0.085216,0.605141,0.000000,0.000000,0.000000,0.645417,418208.000000,16795.197266,11.361292,37286,36864
xtensor,meeting01_loso,fsdd,snn-ae,latency,dense,2,0.500000,0.900000,1,42,16470453339372834741,val,0,0.043989,0.090522,0.576425,0.000000,0.000000,0.000000,0.637448,417596.000000,18745.298828,10.875403,37286,36864
xtensor,meeting01_loso,fsdd,snn-ae,latency,dense,2,0.500000,0.990000,1,42,16470453339372834741,val,0,0.060226,0.125272,0.420056,0.000000,0.000000,0.000000,0.610820,415551.000000,13616.164062,15.796869,37286,36864
xtensor,meeting01_loso,fsdd,snn-ae,latency,dense,2,1.000000,0.800000,1,42,16470453339372834741,val,0,0.031538,0.071371,0.696327,0.000000,0.000000,0.000000,0.609648,415461.000000,19586.824219,11.927149,37286,36864
xtensor,meeting01_loso,fsdd,snn-ae,latency,dense,2,1.000000,0.900000,1,42,16470453339372834741,val,0,0.035914,0.073808,0.654204,0.000000,0.000000,0.000000,0.646055,418257.000000,19379.724609,11.039181,37286,36864
xtensor,meeting01_loso,fsdd,snn-ae,latency,dense,2,1.000000,0.990000,1,42,16470453339372834741,val,0,0.083296,0.140794,0.197946,0.590909,0.260000,0.361111,0.706862,422927.000000,8014.418457,12.793676,37286,36864
xtensor,meeting01_loso,fsdd,snn-ae,latency,dense,2,1.500000,0.800000,1,42,16470453339372834741,val,0,0.028721,0.066185,0.723450,0.000000,0.000000,0.000000,0.596549,414455.000000,19858.341797,11.950406,37286,36864
xtensor,meeting01_loso,fsdd,snn-ae,latency,dense,2,1.500000,0.900000,1,42,16470453339372834741,val,0,0.034994,0.074823,0.663045,0.000000,0.000000,0.000000,0.646276,418274.000000,18490.853516,10.944127,37286,36864
xtensor,meeting01_loso,fsdd,snn-ae,latency,dense,2,1.500000,0.990000,1,42,16470453339372834741,val,0,0.066746,0.138535,0.357280,0.500000,0.040000,0.074074,0.659974,419326.000000,11795.038086,11.441331,37286,36864
xtensor,meeting01_loso,fsdd,snn-ae,latency,conv1d,2,0.500000,0.800000,1,42,16470453339372834741,val,0,0.038067,0.092261,0.602280,0.000000,0.000000,0.000000,0.636888,417553.000000,15668.502930,13.083030,37286,36864
xtensor,meeting01_loso,fsdd,snn-ae,latency,conv1d,2,0.500000,0.900000,1,42,16470453339372834741,val,0,0.029426,0.075526,0.692571,0.000000,0.000000,0.000000,0.605130,415114.000000,22806.837891,13.603630,37286,36864
xtensor,meeting01_loso,fsdd,snn-ae,latency,conv1d,2,0.500000,0.990000,1,42,16470453339372834741,val,0,0.074227,0.153689,0.224467,0.640000,0.320000,0.426667,0.708255,423034.000000,8834.489258,13.594481,37286,36864
xtensor,meeting01_loso,fsdd,snn-ae,latency,conv1d,2,1.000000,0.800000,1,42,16470453339372834741,val,0,0.021907,0.058723,0.771119,0.000000,0.000000,0.000000,0.560352,411675.000000,27551.521484,13.750926,37286,36864
xtensor,meeting01_loso,fsdd,snn-ae,latency,conv1d,2,1.000000,0.900000,1,42,16470453339372834741,val,0,0.032064,0.076967,0.664991,0.000000,0.000000,0.000000,0.572031,412572.000000,25030.537109,15.421679,37286,36864
xtensor,meeting01_loso,fsdd,snn-ae,latency,conv1d,2,1.000000,0.990000,1,42,16470453339372834741,val,0,0.104819,0.145556,-0.095149,0.666667,0.280000,0.394366,0.721745,424070.000000,8798.469727,13.571921,37286,36864
xtensor,meeting01_loso,fsdd,snn-ae,latency,conv1d,2,1.500000,0.800000,1,42,16470453339372834741,val,0,0.021135,0.064152,0.779173,0.000000,0.000000,0.000000,0.590417,413984.000000,18826.464844,13.379997,37286,36864
xtensor,meeting01_loso,fsdd,snn-ae,latency,conv1d,2,1.500000,0.900000,1,42,16470453339372834741,val,0,0.026955,0.062524,0.718385,0.000000,0.000000,0.000000,0.606523,415221.000000,13489.122070,11.912622,37286,36864
xtensor,meeting01_loso,fsdd,snn-ae,latency,conv1d,2,1.500000,0.990000,1,42,16470453339372834741,val,0,0.048759,0.101912,0.490573,0.625000,0.100000,0.172414,0.656354,419048.000000,7801.112305,11.832094,37286,36864
xtensor,meeting01_loso,fsdd,snn-ae,latency,recurrent,2,0.500000,0.800000,1,42,16470453339372834741,val,0,0.035459,0.071988,0.675146,0.000000,0.000000,0.000000,0.585247,413587.000000,64593.406250,787.492981,37286,36864
xtensor,meeting01_loso,fsdd,snn-ae,latency,recurrent,2,0.500000,0.900000,1,42,16470453339372834741,val,0,0.037951,0.094446,0.665549,0.000000,0.000000,0.000000,0.656185,419035.000000,73615.398438,742.420166,37286,36864
xtensor,meeting01_loso,fsdd,snn-ae,latency,recurrent,2,0.500000,0.990000,1,42,16470453339372834741,val,0,0.045790,0.090391,0.613188,0.000000,0.000000,0.000000,0.599284,414665.000000,63912.707031,759.422485,37286,36864
xtensor,meeting01_loso,fsdd,snn-ae,latency,recurrent,2,1.000000,0.800000,1,42,16470453339372834741,val,0,0.038010,0.088570,0.525761,0.000000,0.000000,0.000000,0.606003,415181.000000,73932.468750,760.535339,37286,36864
xtensor,meeting01_loso,fsdd,snn-ae,latency,recurrent,2,1.000000,0.900000,1,42,16470453339372834741,val,0,0.039920,0.081693,0.556405,0.000000,0.000000,0.000000,0.620599,416302.000000,91519.359375,718.743469,37286,36864
xtensor,meeting01_loso,fsdd,snn-ae,latency,recurrent,2,1.000000,0.990000,1,42,16470453339372834741,val,0,0.069824,0.135972,0.303709,0.818182,0.180000,0.295082,0.687383,421431.000000,55246.175781,710.625366,37286,36864
xtensor,meeting01_loso,fsdd,snn-ae,latency,recurrent,2,1.500000,0.800000,1,42,16470453339372834741,val,0,0.024395,0.067392,0.529084,0.000000,0.000000,0.000000,0.526380,409066.000000,68293.804688,752.741455,37286,36864
xtensor,meeting01_loso,fsdd,snn-ae,latency,recurrent,2,1.500000,0.900000,1,42,16470453339372834741,val,0,0.040417,0.105687,0.294020,0.000000,0.000000,0.000000,0.590065,413957.000000,59675.582031,729.129639,37286,36864
xtensor,meeting01_loso,fsdd,snn-ae,latency,recurrent,2,1.500000,0.990000,1,42,16470453339372834741,val,0,0.052179,0.114115,0.227234,0.000000,0.000000,0.000000,0.674609,420450.000000,114456.781250,722.669861,37286,36864
xtensor,meeting01_loso,fsdd,snn-ae,latency,conv1d,2,1.500000,0.800000,1,42,16470453339372834741,test,0,0.105406,0.190243,0.487898,0.000000,0.000000,0.000000,0.684211,631377.000000,24674.460938,13.019753,37286,36864
xtensor,meeting01_loso,fsdd,lstm-ae,latency,lstm,1,0.000000,0.000000,2,43,16470453339372834741,val,0,0.020198,0.042959,0.805509,0.000000,0.000000,0.000000,0.000000,11842560.000000,936789.437500,1493.575073,122472,1184256
xtensor,meeting01_loso,fsdd,lstm-ae,latency,lstm,1,0.000000,0.000000,2,43,16470453339372834741,test,0,0.132067,0.176115,0.430925,0.000000,0.000000,0.000000,0.000000,11842560.000000,0.000000,0.000000,122472,1184256
xtensor,meeting01_loso,fsdd,gru-ae,latency,gru,1,0.000000,0.000000,2,43,16470453339372834741,val,0,0.022785,0.059650,0.780609,0.000000,0.000000,0.000000,0.000000,8893440.000000,707761.875000,2401.373779,93032,889344
xtensor,meeting01_loso,fsdd,gru-ae,latency,gru,1,0.000000,0.000000,2,43,16470453339372834741,test,0,0.129175,0.190317,0.443449,0.000000,0.000000,0.000000,0.000000,8893440.000000,0.000000,0.000000,93032,889344
xtensor,meeting01_loso,fsdd,transformer-ae,latency,transformer,1,0.000000,0.000000,2,43,16470453339372834741,val,0,0.018402,0.038353,0.822805,0.000000,0.000000,0.000000,0.000000,47554560.000000,267401.781250,443.806702,139176,4755456
xtensor,meeting01_loso,fsdd,transformer-ae,latency,transformer,1,0.000000,0.000000,2,43,16470453339372834741,test,0,0.139073,0.182723,0.400698,0.000000,0.000000,0.000000,0.000000,47554560.000000,0.000000,0.000000,139176,4755456
xtensor,meeting01_loso,fsdd,snn-ae,latency,dense,2,0.500000,0.800000,2,43,16470453339372834741,val,0,0.034671,0.072064,0.666163,0.000000,0.000000,0.000000,0.620299,416279.000000,13916.546875,11.049798,37286,36864
xtensor,meeting01_loso,fsdd,snn-ae,latency,dense,2,0.500000,0.900000,2,43,16470453339372834741,val,0,0.046167,0.102448,0.555449,0.000000,0.000000,0.000000,0.672630,420298.000000,9764.519531,11.440842,37286,36864
xtensor,meeting01_loso,fsdd,snn-ae,latency,dense,2,0.500000,0.990000,2,43,16470453339372834741,val,0,0.055742,0.104461,0.463245,0.000000,0.000000,0.000000,0.691693,421762.000000,14725.648438,12.224046,37286,36864
xtensor,meeting01_loso,fsdd,snn-ae,latency,dense,2,1.000000,0.800000,2,43,16470453339372834741,val,0,0.030058,0.071616,0.710576,0.000000,0.000000,0.000000,0.629727,417003.000000,18684.011719,11.558385,37286,36864
xtensor,meeting01_loso,fsdd,snn-ae,latency,dense,2,1.000000,0.900000,2,43,16470453339372834741,val,0,0.038725,0.085228,0.627126,0.000000,0.000000,0.000000,0.636211,417501.000000,15373.109375,11.326999,37286,36864
xtensor,meeting01_loso,fsdd,snn-ae,latency,dense,2,1.000000,0.990000,2,43,16470453339372834741,val,0,0.064608,0.119076,0.377871,0.000000,0.000000,0.000000,0.637357,417589.000000,16160.122070,12.331044,37286,36864
xtensor,meeting01_loso,fsdd,snn-ae,latency,dense,2,1.500000,0.800000,2,43,16470453339372834741,val,0,0.024584,0.060687,0.763277,0.000000,0.000000,0.000000,0.590104,413960.000000,24975.337891,11.717135,37286,36864
xtensor,meeting01_loso,fsdd,snn-ae,latency,dense,2,1.500000,0.900000,2,43,16470453339372834741,val,0,0.030933,0.071135,0.702150,0.000000,0.000000,0.000000,0.615391,415902.000000,19066.572266,11.181100,37286,36864
xtensor,meeting01_loso,fsdd,snn-ae,latency,dense,2,1.500000,0.990000,2,43,16470453339372834741,val,0,0.043822,0.084591,0.578038,0.000000,0.000000,0.000000,0.635938,417480.000000,14461.384766,11.382872,37286,36864
xtensor,meeting01_loso,fsdd,snn-ae,latency,conv1d,2,0.500000,0.800000,2,43,16470453339372834741,val,0,0.036000,0.084823,0.623881,0.000000,0.000000,0.000000,0.608581,415379.000000,16947.722656,13.189259,37286,36864
xtensor,meeting01_loso,fsdd,snn-ae,latency,conv1d,2,0.500000,0.900000,2,43,16470453339372834741,val,0,0.037104,0.084992,0.612344,0.000000,0.000000,0.000000,0.592708,414160.000000,13661.651367,13.898921,37286,36864
xtensor,meeting01_loso,fsdd,snn-ae,latency,conv1d,2,0.500000,0.990000,2,43,16470453339372834741,val,0,0.062077,0.125985,0.351422,0.000000,0.000000,0.000000,0.656862,419087.000000,11674.211914,13.159646,37286,36864
xtensor,meeting01_loso,fsdd,snn-ae,latency,conv1d,2,1.000000,0.800000,2,43,16470453339372834741,val,0,0.027796,0.072706,0.709597,0.000000,0.000000,0.000000,0.659896,419320.000000,9528.275391,12.044204,37286,36864
xtensor,meeting01_loso,fsdd,snn-ae,latency,conv1d,2,1.000000,0.900000,2,43,16470453339372834741,val,0,0.028699,0.063234,0.700165,0.000000,0.000000,0.000000,0.618893,416171.000000,16888.613281,13.374060,37286,36864
xtensor,meeting01_loso,fsdd,snn-ae,latency,conv1d,2,1.000000,0.990000,2,43,16470453339372834741,val,0,0.039066,0.089303,0.591830,0.000000,0.000000,0.000000,0.643776,418082.000000,15691.255859,13.842977,37286,36864
xtensor,meeting01_loso,fsdd,snn-ae,latency,conv1d,2,1.500000,0.800000,2,43,16470453339372834741,val,0,0.021945,0.065792,0.770711,0.000000,0.000000,0.000000,0.579518,413147.000000,19317.287109,12.148548,37286,36864
xtensor,meeting01_loso,fsdd,snn-ae,latency,conv1d,2,1.500000,0.900000,2,43,16470453339372834741,val,0,0.027951,0.072481,0.707974,0.000000,0.000000,0.000000,0.657070,419103.000000,26031.314453,13.768037,37286,36864
xtensor,meeting01_loso,fsdd,snn-ae,latency,conv1d,2,1.500000,0.990000,2,43,16470453339372834741,val,0,0.069541,0.141811,0.273435,0.619048,0.260000,0.366197,0.655078,418950.000000,8657.133789,12.450194,37286,36864
xtensor,meeting01_loso,fsdd,snn-ae,latency,recurrent,2,0.500000,0.800000,2,43,16470453339372834741,val,0,0.043771,0.093401,0.598973,0.000000,0.000000,0.000000,0.628060,416875.000000,82806.375000,723.124329,37286,36864
xtensor,meeting01_loso,fsdd,snn-ae,latency,recurrent,2,0.500000,0.900000,2,43,16470453339372834741,val,0,0.038413,0.082512,0.661496,0.000000,0.000000,0.000000,0.661289,419427.000000,137383.953125,740.165588,37286,36864
xtensor,meeting01_loso,fsdd,snn-ae,latency,recurrent,2,0.500000,0.990000,2,43,16470453339372834741,val,0,0.125262,0.190180,-0.058116,0.588235,0.400000,0.476190,0.716458,423664.000000,36495.089844,800.692139,37286,36864
xtensor,meeting01_loso,fsdd,snn-ae,latency,recurrent,2,1.000000,0.800000,2,43,16470453339372834741,val,0,0.036742,0.088234,0.541577,0.000000,0.000000,0.000000,0.618242,416121.000000,92536.765625,765.027283,37286,36864
xtensor,meeting01_loso,fsdd,snn-ae,latency,recurrent,2,1.000000,0.900000,2,43,16470453339372834741,val,0,0.040433,0.079579,0.550714,0.000000,0.000000,0.000000,0.605495,415142.000000,119139.039062,728.421875,37286,36864
xtensor,meeting01_loso,fsdd,snn-ae,latency,recurrent,2,1.000000,0.990000,2,43,16470453339372834741,val,0,0.055397,0.115078,0.447560,0.000000,0.000000,0.000000,0.613112,415727.000000,59869.867188,719.406311,37286,36864
xtensor,meeting01_loso,fsdd,snn-ae,latency,recurrent,2,1.500000,0.800000,2,43,16470453339372834741,val,0,0.023930,0.063526,0.538072,0.000000,0.000000,0.000000,0.587995,413798.000000,96276.125000,748.075073,37286,36864
xtensor,meeting01_loso,fsdd,snn-ae,latency,recurrent,2,1.500000,0.900000,2,43,16470453339372834741,val,0,0.037398,0.084321,0.346770,0.000000,0.000000,0.000000,0.565690,412085.000000,87950.640625,717.178650,37286,36864
xtensor,meeting01_loso,fsdd,snn-ae,latency,recurrent,2,1.500000,0.990000,2,43,16470453339372834741,val,0,0.068016,0.143172,-0.007328,0.750000,0.120000,0.206897,0.653776,418850.000000,40868.023438,721.584167,37286,36864
xtensor,meeting01_loso,fsdd,snn-ae,latency,conv1d,2,1.500000,0.800000,2,43,16470453339372834741,test,0,0.105422,0.187005,0.487819,0.000000,0.000000,0.000000,0.669391,625686.000000,18173.837891,12.167754,37286,36864
xtensor,meeting01_loso,fsdd,lstm-ae,latency,lstm,1,0.000000,0.000000,3,44,16470453339372834741,val,0,0.020198,0.042959,0.805509,0.000000,0.000000,0.000000,0.000000,11842560.000000,938674.250000,1549.732422,122472,1184256
xtensor,meeting01_loso,fsdd,lstm-ae,latency,lstm,1,0.000000,0.000000,3,44,16470453339372834741,test,0,0.132067,0.176115,0.430925,0.000000,0.000000,0.000000,0.000000,11842560.000000,0.000000,0.000000,122472,1184256
xtensor,meeting01_loso,fsdd,gru-ae,latency,gru,1,0.000000,0.000000,3,44,16470453339372834741,val,0,0.022785,0.059650,0.780609,0.000000,0.000000,0.000000,0.000000,8893440.000000,713757.750000,2489.286865,93032,889344
xtensor,meeting01_loso,fsdd,gru-ae,latency,gru,1,0.000000,0.000000,3,44,16470453339372834741,test,0,0.129175,0.190317,0.443449,0.000000,0.000000,0.000000,0.000000,8893440.000000,0.000000,0.000000,93032,889344
xtensor,meeting01_loso,fsdd,transformer-ae,latency,transformer,1,0.000000,0.000000,3,44,16470453339372834741,val,0,0.018402,0.038353,0.822805,0.000000,0.000000,0.000000,0.000000,47554560.000000,274913.187500,416.835449,139176,4755456
xtensor,meeting01_loso,fsdd,transformer-ae,latency,transformer,1,0.000000,0.000000,3,44,16470453339372834741,test,0,0.139073,0.182723,0.400698,0.000000,0.000000,0.000000,0.000000,47554560.000000,0.000000,0.000000,139176,4755456
xtensor,meeting01_loso,fsdd,snn-ae,latency,dense,2,0.500000,0.800000,3,44,16470453339372834741,val,0,0.042623,0.084544,0.589589,0.000000,0.000000,0.000000,0.627578,416838.000000,10833.588867,12.263750,37286,36864
xtensor,meeting01_loso,fsdd,snn-ae,latency,dense,2,0.500000,0.900000,3,44,16470453339372834741,val,0,0.037550,0.078199,0.638445,0.000000,0.000000,0.000000,0.633750,417312.000000,12493.041992,10.893661,37286,36864
xtensor,meeting01_loso,fsdd,snn-ae,latency,dense,2,0.500000,0.990000,3,44,16470453339372834741,val,0,0.048537,0.096982,0.532610,0.000000,0.000000,0.000000,0.634388,417361.000000,12904.835938,11.687274,37286,36864
xtensor,meeting01_loso,fsdd,snn-ae,latency,dense,2,1.000000,0.800000,3,44,16470453339372834741,val,0,0.030190,0.067347,0.709301,0.000000,0.000000,0.000000,0.625234,416658.000000,29324.138672,11.545005,37286,36864
xtensor,meeting01_loso,fsdd,snn-ae,latency,dense,2,1.000000,0.900000,3,44,16470453339372834741,val,0,0.034836,0.079472,0.664571,0.000000,0.000000,0.000000,0.632161,417190.000000,15729.530273,12.409018,37286,36864
xtensor,meeting01_loso,fsdd,snn-ae,latency,dense,2,1.000000,0.990000,3,44,16470453339372834741,val,0,0.098027,0.172002,0.056059,0.666667,0.440000,0.530120,0.692656,421836.000000,8684.023438,11.717094,37286,36864
xtensor,meeting01_loso,fsdd,snn-ae,latency,dense,2,1.500000,0.800000,3,44,16470453339372834741,val,0,0.028182,0.071852,0.728637,0.000000,0.000000,0.000000,0.566549,412151.000000,19461.789062,11.134542,37286,36864
xtensor,meeting01_loso,fsdd,snn-ae,latency,dense,2,1.500000,0.900000,3,44,16470453339372834741,val,0,0.033584,0.070084,0.676623,0.000000,0.000000,0.000000,0.618776,416162.000000,11672.001953,13.170712,37286,36864
xtensor,meeting01_loso,fsdd,snn-ae,latency,dense,2,1.500000,0.990000,3,44,16470453339372834741,val,0,0.102420,0.165544,0.013764,0.555556,0.200000,0.294118,0.655690,418997.000000,7950.234863,13.718691,37286,36864
xtensor,meeting01_loso,fsdd,snn-ae,latency,conv1d,2,0.500000,0.800000,3,44,16470453339372834741,val,0,0.030080,0.082562,0.685725,0.000000,0.000000,0.000000,0.594596,414305.000000,20625.849609,13.707585,37286,36864
xtensor,meeting01_loso,fsdd,snn-ae,latency,conv1d,2,0.500000,0.900000,3,44,16470453339372834741,val,0,0.048333,0.117025,0.495020,0.857143,0.120000,0.210526,0.640859,417858.000000,17901.900391,14.270790,37286,36864
xtensor,meeting01_loso,fsdd,snn-ae,latency,conv1d,2,0.500000,0.990000,3,44,16470453339372834741,val,0,0.080401,0.140250,0.159950,0.500000,0.060000,0.107143,0.659544,419293.000000,6748.026367,13.366127,37286,36864
xtensor,meeting01_loso,fsdd,snn-ae,latency,conv1d,2,1.000000,0.800000,3,44,16470453339372834741,val,0,0.023360,0.061014,0.755937,0.000000,0.000000,0.000000,0.637826,417625.000000,25739.621094,12.327229,37286,36864
xtensor,meeting01_loso,fsdd,snn-ae,latency,conv1d,2,1.000000,0.900000,3,44,16470453339372834741,val,0,0.032442,0.072950,0.661057,0.000000,0.000000,0.000000,0.597656,414540.000000,12717.044922,13.816257,37286,36864
xtensor,meeting01_loso,fsdd,snn-ae,latency,conv1d,2,1.000000,0.990000,3,44,16470453339372834741,val,0,0.067068,0.123955,0.299268,0.500000,0.060000,0.107143,0.674349,420430.000000,7689.234863,12.643053,37286,36864
xtensor,meeting01_loso,fsdd,snn-ae,latency,conv1d,2,1.500000,0.800000,3,44,16470453339372834741,val,0,0.026066,0.077936,0.727653,0.000000,0.000000,0.000000,0.564961,412029.000000,14473.715820,12.163519,37286,36864
xtensor,meeting01_loso,fsdd,snn-ae,latency,conv1d,2,1.500000,0.900000,3,44,16470453339372834741,val,0,0.026772,0.067780,0.720292,0.000000,0.000000,0.000000,0.576315,412901.000000,10549.366211,13.698503,37286,36864
xtensor,meeting01_loso,fsdd,snn-ae,latency,conv1d,2,1.500000,0.990000,3,44,16470453339372834741,val,0,0.061779,0.104093,0.354569,0.000000,0.000000,0.000000,0.650286,418582.000000,7914.377930,13.658484,37286,36864
xtensor,meeting01_loso,fsdd,snn-ae,latency,recurrent,2,0.500000,0.800000,3,44,16470453339372834741,val,0,0.032677,0.065683,0.700632,0.000000,0.000000,0.000000,0.598815,414629.000000,64976.234375,751.974121,37286,36864
xtensor,meeting01_loso,fsdd,snn-ae,latency,recurrent,2,0.500000,0.900000,3,44,16470453339372834741,val,0,0.033280,0.070878,0.706730,0.000000,0.000000,0.000000,0.642070,417951.000000,59878.785156,762.857910,37286,36864
xtensor,meeting01_loso,fsdd,snn-ae,latency,recurrent,2,0.500000,0.990000,3,44,16470453339372834741,val,0,0.084916,0.147011,0.282706,0.727273,0.160000,0.262295,0.695794,422077.000000,41332.691406,1176.359131,37286,36864
xtensor,meeting01_loso,fsdd,snn-ae,latency,recurrent,2,1.000000,0.800000,3,44,16470453339372834741,val,0,0.039778,0.087711,0.503694,0.000000,0.000000,0.000000,0.577656,413004.000000,171177.328125,831.040283,37286,36864
xtensor,meeting01_loso,fsdd,snn-ae,latency,recurrent,2,1.000000,0.900000,3,44,16470453339372834741,val,0,0.037550,0.080087,0.582734,0.000000,0.000000,0.000000,0.606562,415224.000000,257916.218750,909.141479,37286,36864
xtensor,meeting01_loso,fsdd,snn-ae,latency,recurrent,2,1.000000,0.990000,3,44,16470453339372834741,val,0,0.048876,0.103930,0.512615,0.000000,0.000000,0.000000,0.629154,416959.000000,65572.843750,767.821167,37286,36864
xtensor,meeting01_loso,fsdd,snn-ae,latency,recurrent,2,1.500000,0.800000,3,44,16470453339372834741,val,0,0.023270,0.059685,0.550815,0.000000,0.000000,0.000000,0.519049,408503.000000,149664.984375,1111.436523,37286,36864
xtensor,meeting01_loso,fsdd,snn-ae,latency,recurrent,2,1.500000,0.900000,3,44,16470453339372834741,val,0,0.035616,0.090437,0.377896,0.000000,0.000000,0.000000,0.613477,415755.000000,140235.984375,1031.653931,37286,36864
xtensor,meeting01_loso,fsdd,snn-ae,latency,recurrent,2,1.500000,0.990000,3,44,16470453339372834741,val,0,0.044619,0.093695,0.339192,0.000000,0.000000,0.000000,0.648841,418471.000000,182325.859375,794.465271,37286,36864
xtensor,meeting01_loso,fsdd,snn-ae,latency,recurrent,2,1.500000,0.800000,3,44,16470453339372834741,test,0,0.101308,0.157214,0.302721,0.000000,0.000000,0.000000,0.599878,598993.000000,304357.875000,1077.391602,37286,36864
xtensor,meeting01_loso,fsdd,lstm-ae,latency,lstm,1,0.000000,0.000000,4,45,16470453339372834741,val,0,0.020198,0.042959,0.805509,0.000000,0.000000,0.000000,0.000000,11842560.000000,1715741.625000,1862.342529,122472,1184256
xtensor,meeting01_loso,fsdd,lstm-ae,latency,lstm,1,0.000000,0.000000,4,45,16470453339372834741,test,0,0.132067,0.176115,0.430925,0.000000,0.000000,0.000000,0.000000,11842560.000000,0.000000,0.000000,122472,1184256
xtensor,meeting01_loso,fsdd,gru-ae,latency,gru,1,0.000000,0.000000,4,45,16470453339372834741,val,0,0.022785,0.059650,0.780609,0.000000,0.000000,0.000000,0.000000,8893440.000000,925554.562500,3414.211426,93032,889344
xtensor,meeting01_loso,fsdd,gru-ae,latency,gru,1,0.000000,0.000000,4,45,16470453339372834741,test,0,0.129175,0.190317,0.443449,0.000000,0.000000,0.000000,0.000000,8893440.000000,0.000000,0.000000,93032,889344
xtensor,meeting01_loso,fsdd,transformer-ae,latency,transformer,1,0.000000,0.000000,4,45,16470453339372834741,val,0,0.018402,0.038353,0.822805,0.000000,0.000000,0.000000,0.000000,47554560.000000,370375.937500,632.293701,139176,4755456
xtensor,meeting01_loso,fsdd,transformer-ae,latency,transformer,1,0.000000,0.000000,4,45,16470453339372834741,test,0,0.139073,0.182723,0.400698,0.000000,0.000000,0.000000,0.000000,47554560.000000,0.000000,0.000000,139176,4755456
xtensor,meeting01_loso,fsdd,snn-ae,latency,dense,2,0.500000,0.800000,4,45,16470453339372834741,val,0,0.033824,0.071281,0.674310,0.000000,0.000000,0.000000,0.606719,415236.000000,28739.814453,14.695818,37286,36864
xtensor,meeting01_loso,fsdd,snn-ae,latency,dense,2,0.500000,0.900000,4,45,16470453339372834741,val,0,0.053201,0.108120,0.487738,0.000000,0.000000,0.000000,0.658633,419223.000000,13445.746094,12.801800,37286,36864
xtensor,meeting01_loso,fsdd,snn-ae,latency,dense,2,0.500000,0.990000,4,45,16470453339372834741,val,0,0.055722,0.100769,0.463472,0.000000,0.000000,0.000000,0.670937,420168.000000,16129.011719,13.422213,37286,36864
xtensor,meeting01_loso,fsdd,snn-ae,latency,dense,2,1.000000,0.800000,4,45,16470453339372834741,val,0,0.031068,0.068552,0.700842,0.000000,0.000000,0.000000,0.595990,414412.000000,25500.810547,12.699158,37286,36864
xtensor,meeting01_loso,fsdd,snn-ae,latency,dense,2,1.000000,0.900000,4,45,16470453339372834741,val,0,0.040423,0.089862,0.610773,0.000000,0.000000,0.000000,0.687995,421478.000000,24406.531250,13.272919,37286,36864
xtensor,meeting01_loso,fsdd,snn-ae,latency,dense,2,1.000000,0.990000,4,45,16470453339372834741,val,0,0.091733,0.158450,0.116693,0.607143,0.340000,0.435897,0.650026,418562.000000,17757.488281,16.335764,37286,36864
xtensor,meeting01_loso,fsdd,snn-ae,latency,dense,2,1.500000,0.800000,4,45,16470453339372834741,val,0,0.026907,0.067818,0.740914,0.000000,0.000000,0.000000,0.605951,415177.000000,16546.052734,12.669710,37286,36864
xtensor,meeting01_loso,fsdd,snn-ae,latency,dense,2,1.500000,0.900000,4,45,16470453339372834741,val,0,0.041055,0.092392,0.604686,0.000000,0.000000,0.000000,0.638346,417665.000000,14276.030273,11.795575,37286,36864
xtensor,meeting01_loso,fsdd,snn-ae,latency,dense,2,1.500000,0.990000,4,45,16470453339372834741,val,0,0.043329,0.089259,0.582768,0.000000,0.000000,0.000000,0.664831,419699.000000,16550.521484,40.742344,37286,36864
xtensor,meeting01_loso,fsdd,snn-ae,latency,conv1d,2,0.500000,0.800000,4,45,16470453339372834741,val,0,0.035751,0.080542,0.626478,0.000000,0.000000,0.000000,0.617617,416073.000000,21015.035156,13.230624,37286,36864
xtensor,meeting01_loso,fsdd,snn-ae,latency,conv1d,2,0.500000,0.900000,4,45,16470453339372834741,val,0,0.035939,0.081533,0.624508,0.000000,0.000000,0.000000,0.687461,421437.000000,36252.175781,14.596597,37286,36864
xtensor,meeting01_loso,fsdd,snn-ae,latency,conv1d,2,0.500000,0.990000,4,45,16470453339372834741,val,0,0.129387,0.207992,-0.351831,0.653846,0.340000,0.447368,0.688802,421540.000000,12002.757812,38.177586,37286,36864
xtensor,meeting01_loso,fsdd,snn-ae,latency,conv1d,2,1.000000,0.800000,4,45,16470453339372834741,val,0,0.023591,0.059782,0.753529,0.000000,0.000000,0.000000,0.574883,412791.000000,22655.675781,14.743061,37286,36864
xtensor,meeting01_loso,fsdd,snn-ae,latency,conv1d,2,1.000000,0.900000,4,45,16470453339372834741,val,0,0.032053,0.070118,0.665117,0.000000,0.000000,0.000000,0.635924,417479.000000,18162.105469,42.123108,37286,36864
xtensor,meeting01_loso,fsdd,snn-ae,latency,conv1d,2,1.000000,0.990000,4,45,16470453339372834741,val,0,0.129261,0.206942,-0.350518,0.655172,0.380000,0.481013,0.685026,421250.000000,10476.752930,15.062522,37286,36864
xtensor,meeting01_loso,fsdd,snn-ae,latency,conv1d,2,1.500000,0.800000,4,45,16470453339372834741,val,0,0.020301,0.060444,0.787897,0.000000,0.000000,0.000000,0.648802,418468.000000,18927.939453,13.383106,37286,36864
xtensor,meeting01_loso,fsdd,snn-ae,latency,conv1d,2,1.500000,0.900000,4,45,16470453339372834741,val,0,0.028459,0.064541,0.702667,0.000000,0.000000,0.000000,0.647565,418373.000000,19514.255859,14.420400,37286,36864
xtensor,meeting01_loso,fsdd,snn-ae,latency,conv1d,2,1.500000,0.990000,4,45,16470453339372834741,val,0,0.058347,0.109801,0.390373,0.500000,0.020000,0.038462,0.583607,413461.000000,21474.935547,13.941634,37286,36864
xtensor,meeting01_loso,fsdd,snn-ae,latency,recurrent,2,0.500000,0.800000,4,45,16470453339372834741,val,0,0.036729,0.099930,0.663488,0.000000,0.000000,0.000000,0.617396,416056.000000,95316.992188,1033.479004,37286,36864
xtensor,meeting01_loso,fsdd,snn-ae,latency,recurrent,2,0.500000,0.900000,4,45,16470453339372834741,val,0,0.040015,0.086571,0.647377,0.000000,0.000000,0.000000,0.665898,419781.000000,108423.039062,1734.639648,37286,36864
xtensor,meeting01_loso,fsdd,snn-ae,latency,recurrent,2,0.500000,0.990000,4,45,16470453339372834741,val,0,0.064772,0.119512,0.452849,0.000000,0.000000,0.000000,0.682852,421083.000000,97348.859375,1057.531128,37286,36864
xtensor,meeting01_loso,fsdd,snn-ae,latency,recurrent,2,1.000000,0.800000,4,45,16470453339372834741,val,0,0.041563,0.096520,0.481423,0.000000,0.000000,0.000000,0.573138,412657.000000,97811.500000,1229.159058,37286,36864
xtensor,meeting01_loso,fsdd,snn-ae,latency,recurrent,2,1.000000,0.900000,4,45,16470453339372834741,val,0,0.043679,0.096597,0.514621,0.000000,0.000000,0.000000,0.583841,413479.000000,98931.812500,1234.693848,37286,36864
xtensor,meeting01_loso,fsdd,snn-ae,latency,recurrent,2,1.000000,0.990000,4,45,16470453339372834741,val,0,0.050764,0.107547,0.493762,0.000000,0.000000,0.000000,0.662852,419547.000000,125806.468750,1141.428467,37286,36864
xtensor,meeting01_loso,fsdd,snn-ae,latency,recurrent,2,1.500000,0.800000,4,45,16470453339372834741,val,0,0.023584,0.061057,0.544761,0.000000,0.000000,0.000000,0.611211,415581.000000,75071.453125,1138.240601,37286,36864
xtensor,meeting01_loso,fsdd,snn-ae,latency,recurrent,2,1.500000,0.900000,4,45,16470453339372834741,val,0,0.035540,0.092946,0.379210,0.000000,0.000000,0.000000,0.585247,413587.000000,92151.210938,1143.526123,37286,36864
xtensor,meeting01_loso,fsdd,snn-ae,latency,recurrent,2,1.500000,0.990000,4,45,16470453339372834741,val,0,0.069531,0.158391,-0.029748,0.000000,0.000000,0.000000,0.580026,413186.000000,109215.250000,1152.128052,37286,36864
xtensor,meeting01_loso,fsdd,snn-ae,latency,conv1d,2,1.500000,0.800000,4,45,16470453339372834741,test,0,0.095918,0.168513,0.534046,0.000000,0.000000,0.000000,0.711966,642035.000000,28291.755859,66.645432,37286,36864
xtensor,meeting01_loso,fsdd,lstm-ae,latency,lstm,1,0.000000,0.000000,5,46,16470453339372834741,val,0,0.020198,0.042959,0.805509,0.000000,0.000000,0.000000,0.000000,11842560.000000,1623379.375000,2345.630371,122472,1184256
xtensor,meeting01_loso,fsdd,lstm-ae,latency,lstm,1,0.000000,0.000000,5,46,16470453339372834741,test,0,0.132067,0.176115,0.430925,0.000000,0.000000,0.000000,0.000000,11842560.000000,0.000000,0.000000,122472,1184256
xtensor,meeting01_loso,fsdd,gru-ae,latency,gru,1,0.000000,0.000000,5,46,16470453339372834741,val,0,0.022785,0.059650,0.780609,0.000000,0.000000,0.000000,0.000000,8893440.000000,1068302.500000,3222.520996,93032,889344
xtensor,meeting01_loso,fsdd,gru-ae,latency,gru,1,0.000000,0.000000,5,46,16470453339372834741,test,0,0.129175,0.190317,0.443449,0.000000,0.000000,0.000000,0.000000,8893440.000000,0.000000,0.000000,93032,889344
xtensor,meeting01_loso,fsdd,transformer-ae,latency,transformer,1,0.000000,0.000000,5,46,16470453339372834741,val,0,0.018402,0.038353,0.822805,0.000000,0.000000,0.000000,0.000000,47554560.000000,432014.187500,529.328003,139176,4755456
xtensor,meeting01_loso,fsdd,transformer-ae,latency,transformer,1,0.000000,0.000000,5,46,16470453339372834741,test,0,0.139073,0.182723,0.400698,0.000000,0.000000,0.000000,0.000000,47554560.000000,0.000000,0.000000,139176,4755456
xtensor,meeting01_loso,fsdd,snn-ae,latency,dense,2,0.500000,0.800000,5,46,16470453339372834741,val,0,0.036904,0.074209,0.644657,0.000000,0.000000,0.000000,0.628893,416939.000000,29478.230469,13.183423,37286,36864
xtensor,meeting01_loso,fsdd,snn-ae,latency,dense,2,0.500000,0.900000,5,46,16470453339372834741,val,0,0.046310,0.084698,0.554091,0.000000,0.000000,0.000000,0.597331,414515.000000,19943.212891,12.385979,37286,36864
xtensor,meeting01_loso,fsdd,snn-ae,latency,dense,2,0.500000,0.990000,5,46,16470453339372834741,val,0,0.126770,0.188307,-0.220709,0.640000,0.320000,0.426667,0.682956,421091.000000,12051.063477,12.144399,37286,36864
xtensor,meeting01_loso,fsdd,snn-ae,latency,dense,2,1.000000,0.800000,5,46,16470453339372834741,val,0,0.038880,0.096070,0.625620,1.000000,0.020000,0.039216,0.633372,417283.000000,14356.793945,12.681480,37286,36864
xtensor,meeting01_loso,fsdd,snn-ae,latency,dense,2,1.000000,0.900000,5,46,16470453339372834741,val,0,0.039423,0.099851,0.620386,0.000000,0.000000,0.000000,0.648503,418445.000000,15836.270508,13.942046,37286,36864
xtensor,meeting01_loso,fsdd,snn-ae,latency,dense,2,1.000000,0.990000,5,46,16470453339372834741,val,0,0.072359,0.126092,0.303224,0.500000,0.020000,0.038462,0.649518,418523.000000,12441.023438,12.982708,37286,36864
xtensor,meeting01_loso,fsdd,snn-ae,latency,dense,2,1.500000,0.800000,5,46,16470453339372834741,val,0,0.027810,0.067278,0.732226,0.000000,0.000000,0.000000,0.584141,413502.000000,25899.945312,106.362984,37286,36864
xtensor,meeting01_loso,fsdd,snn-ae,latency,dense,2,1.500000,0.900000,5,46,16470453339372834741,val,0,0.031787,0.070219,0.693929,0.000000,0.000000,0.000000,0.564687,412008.000000,28708.964844,14.708352,37286,36864
xtensor,meeting01_loso,fsdd,snn-ae,latency,dense,2,1.500000,0.990000,5,46,16470453339372834741,val,0,0.058637,0.105811,0.435382,0.000000,0.000000,0.000000,0.675990,420556.000000,22489.236328,14.854044,37286,36864
xtensor,meeting01_loso,fsdd,snn-ae,latency,conv1d,2,0.500000,0.800000,5,46,16470453339372834741,val,0,0.032478,0.077058,0.660681,0.000000,0.000000,0.000000,0.645417,418208.000000,15838.541016,15.395316,37286,36864
xtensor,meeting01_loso,fsdd,snn-ae,latency,conv1d,2,0.500000,0.900000,5,46,16470453339372834741,val,0,0.032361,0.089542,0.661882,0.000000,0.000000,0.000000,0.583099,413422.000000,35050.476562,14.334570,37286,36864
xtensor,meeting01_loso,fsdd,snn-ae,latency,conv1d,2,0.500000,0.990000,5,46,16470453339372834741,val,0,0.047908,0.105433,0.499442,0.000000,0.000000,0.000000,0.622891,416478.000000,25517.390625,15.910541,37286,36864
xtensor,meeting01_loso,fsdd,snn-ae,latency,conv1d,2,1.000000,0.800000,5,46,16470453339372834741,val,0,0.026592,0.074268,0.722165,0.000000,0.000000,0.000000,0.598060,414571.000000,21707.312500,13.125133,37286,36864
xtensor,meeting01_loso,fsdd,snn-ae,latency,conv1d,2,1.000000,0.900000,5,46,16470453339372834741,val,0,0.033233,0.071902,0.652791,0.000000,0.000000,0.000000,0.578190,413045.000000,19337.775391,13.778640,37286,36864
xtensor,meeting01_loso,fsdd,snn-ae,latency,conv1d,2,1.000000,0.990000,5,46,16470453339372834741,val,0,0.083613,0.136694,0.126405,0.590909,0.260000,0.361111,0.687487,421439.000000,11881.115234,12.583935,37286,36864
xtensor,meeting01_loso,fsdd,snn-ae,latency,conv1d,2,1.500000,0.800000,5,46,16470453339372834741,val,0,0.021874,0.061728,0.771464,0.000000,0.000000,0.000000,0.623529,416527.000000,27265.029297,16.507624,37286,36864
xtensor,meeting01_loso,fsdd,snn-ae,latency,conv1d,2,1.500000,0.900000,5,46,16470453339372834741,val,0,0.027505,0.066507,0.712637,0.000000,0.000000,0.000000,0.622083,416416.000000,31099.625000,16.813950,37286,36864
xtensor,meeting01_loso,fsdd,snn-ae,latency,conv1d,2,1.500000,0.990000,5,46,16470453339372834741,val,0,0.058222,0.138982,0.391683,0.000000,0.000000,0.000000,0.656589,419066.000000,27417.041016,14.604312,37286,36864
xtensor,meeting01_loso,fsdd,snn-ae,latency,recurrent,2,0.500000,0.800000,5,46,16470453339372834741,val,0,0.041972,0.098487,0.615455,0.000000,0.000000,0.000000,0.616862,416015.000000,147312.671875,1064.932495,37286,36864
xtensor,meeting01_loso,fsdd,snn-ae,latency,recurrent,2,0.500000,0.900000,5,46,16470453339372834741,val,0,0.043964,0.101695,0.612588,0.000000,0.000000,0.000000,0.643216,418039.000000,110130.789062,998.897766,37286,36864
xtensor,meeting01_loso,fsdd,snn-ae,latency,recurrent,2,0.500000,0.990000,5,46,16470453339372834741,val,0,0.051109,0.114069,0.568269,0.000000,0.000000,0.000000,0.659232,419269.000000,100584.156250,949.457581,37286,36864
xtensor,meeting01_loso,fsdd,snn-ae,latency,recurrent,2,1.000000,0.800000,5,46,16470453339372834741,val,0,0.047192,0.121941,0.411187,0.000000,0.000000,0.000000,0.607852,415323.000000,59612.359375,1105.036621,37286,36864
xtensor,meeting01_loso,fsdd,snn-ae,latency,recurrent,2,1.000000,0.900000,5,46,16470453339372834741,val,0,0.047610,0.105074,0.470959,0.000000,0.000000,0.000000,0.637708,417616.000000,78677.492188,917.698914,37286,36864
xtensor,meeting01_loso,fsdd,snn-ae,latency,recurrent,2,1.000000,0.990000,5,46,16470453339372834741,val,0,0.113719,0.163509,-0.134026,0.650000,0.260000,0.371429,0.700208,422416.000000,53419.902344,1120.811157,37286,36864
xtensor,meeting01_loso,fsdd,snn-ae,latency,recurrent,2,1.500000,0.800000,5,46,16470453339372834741,val,0,0.024173,0.064653,0.533386,0.000000,0.000000,0.000000,0.537734,409938.000000,94118.601562,946.106812,37286,36864
xtensor,meeting01_loso,fsdd,snn-ae,latency,recurrent,2,1.500000,0.900000,5,46,16470453339372834741,val,0,0.034856,0.085920,0.391176,0.000000,0.000000,0.000000,0.588906,413868.000000,86034.523438,1042.336426,37286,36864
xtensor,meeting01_loso,fsdd,snn-ae,latency,recurrent,2,1.500000,0.990000,5,46,16470453339372834741,val,0,0.061492,0.148771,0.089299,1.000000,0.020000,0.039216,0.610937,415560.000000,81363.023438,942.926575,37286,36864
xtensor,meeting01_loso,fsdd,snn-ae,latency,conv1d,2,1.500000,0.800000,5,46,16470453339372834741,test,0,0.103313,0.189515,0.498087,0.000000,0.000000,0.000000,0.704471,639157.000000,21761.230469,14.113704,37286,36864
