backend,profile,dataset,model,encoding,architecture,layers,v_th,alpha,run,seed,config_hash,split,cv_fold,mse,mae,r2,precision,recall,f1,spike_rate,energy,train_ms,infer_ms,param_count,macs
xtensor,meeting01_loso,fsdd,lstm-ae,direct,lstm,1,0.000000,0.000000,1,42,10847152482836004592,val,4,0.008245,0.053540,0.991753,0.000000,0.000000,0.000000,0.000000,11842560.000000,354377.156250,2206.472168,122472,1184256
xtensor,meeting01_loso,fsdd,lstm-ae,direct,lstm,1,0.000000,0.000000,1,42,10847152482836004592,test,4,1.286785,0.659861,-0.286771,0.000000,0.000000,0.000000,0.000000,11842560.000000,0.000000,0.000000,122472,1184256
xtensor,meeting01_loso,fsdd,gru-ae,direct,gru,1,0.000000,0.000000,1,42,10847152482836004592,val,4,0.008785,0.056585,0.991213,0.000000,0.000000,0.000000,0.000000,8893440.000000,375294.906250,3401.421631,93032,889344
xtensor,meeting01_loso,fsdd,gru-ae,direct,gru,1,0.000000,0.000000,1,42,10847152482836004592,test,4,1.304962,0.663355,-0.304963,0.000000,0.000000,0.000000,0.000000,8893440.000000,0.000000,0.000000,93032,889344
xtensor,meeting01_loso,fsdd,transformer-ae,direct,transformer,1,0.000000,0.000000,1,42,10847152482836004592,val,4,0.007438,0.042010,0.992561,0.000000,0.000000,0.000000,0.000000,47554560.000000,99813.007812,467.719421,139176,4755456
xtensor,meeting01_loso,fsdd,transformer-ae,direct,transformer,1,0.000000,0.000000,1,42,10847152482836004592,test,4,1.306647,0.659433,-0.306791,0.000000,0.000000,0.000000,0.000000,47554560.000000,0.000000,0.000000,139176,4755456
xtensor,meeting01_loso,fsdd,snn-ae,direct,dense,2,0.500000,0.800000,1,42,10847152482836004592,val,4,0.011196,0.064322,0.988802,0.000000,0.000000,0.000000,0.062917,373472.000000,10570.554688,11.480705,37286,36864
xtensor,meeting01_loso,fsdd,snn-ae,direct,dense,2,0.500000,0.900000,1,42,10847152482836004592,val,4,0.014152,0.081941,0.985845,0.000000,0.000000,0.000000,0.066563,373752.000000,10333.833008,11.695469,37286,36864
xtensor,meeting01_loso,fsdd,snn-ae,direct,dense,2,0.500000,0.990000,1,42,10847152482836004592,val,4,0.015633,0.086963,0.984364,0.000000,0.000000,0.000000,0.068828,373926.000000,10729.128906,12.278714,37286,36864
xtensor,meeting01_loso,fsdd,snn-ae,direct,dense,2,1.000000,0.800000,1,42,10847152482836004592,val,4,0.021620,0.097927,0.978376,0.000000,0.000000,0.000000,0.102604,376520.000000,9598.060547,11.539796,37286,36864
xtensor,meeting01_loso,fsdd,snn-ae,direct,dense,2,1.000000,0.900000,1,42,10847152482836004592,val,4,0.016598,0.079800,0.983399,0.000000,0.000000,0.000000,0.086953,375318.000000,9045.874023,11.822515,37286,36864
xtensor,meeting01_loso,fsdd,snn-ae,direct,dense,2,1.000000,0.990000,1,42,10847152482836004592,val,4,0.012205,0.073899,0.987792,0.000000,0.000000,0.000000,0.057266,373038.000000,10216.806641,12.596498,37286,36864
xtensor,meeting01_loso,fsdd,snn-ae,direct,dense,2,1.500000,0.800000,1,42,10847152482836004592,val,4,0.014759,0.084258,0.985238,0.000000,0.000000,0.000000,0.077266,374574.000000,9429.016602,11.781172,37286,36864
xtensor,meeting01_loso,fsdd,snn-ae,direct,dense,2,1.500000,0.900000,1,42,10847152482836004592,val,4,0.010482,0.059586,0.989516,0.000000,0.000000,0.000000,0.053359,372738.000000,8982.784180,13.342964,37286,36864
xtensor,meeting01_loso,fsdd,snn-ae,direct,dense,2,1.500000,0.990000,1,42,10847152482836004592,val,4,0.020644,0.093174,0.979352,0.000000,0.000000,0.000000,0.082031,374940.000000,9089.693359,11.543645,37286,36864
xtensor,meeting01_loso,fsdd,snn-ae,direct,conv1d,2,0.500000,0.800000,1,42,10847152482836004592,val,4,0.008654,0.060021,0.988206,0.000000,0.000000,0.000000,0.086406,375276.000000,10599.277344,17.436087,37286,36864
xtensor,meeting01_loso,fsdd,snn-ae,direct,conv1d,2,0.500000,0.900000,1,42,10847152482836004592,val,4,0.009456,0.066204,0.987112,0.000000,0.000000,0.000000,0.081367,374889.000000,9313.887695,12.611452,37286,36864
xtensor,meeting01_loso,fsdd,snn-ae,direct,conv1d,2,0.500000,0.990000,1,42,10847152482836004592,val,4,0.017852,0.090693,0.975669,0.000000,0.000000,0.000000,0.110755,377146.000000,8925.041992,13.268659,37286,36864
xtensor,meeting01_loso,fsdd,snn-ae,direct,conv1d,2,1.000000,0.800000,1,42,10847152482836004592,val,4,0.008611,0.059858,0.988263,0.000000,0.000000,0.000000,0.083828,375078.000000,10842.302734,13.164807,37286,36864
xtensor,meeting01_loso,fsdd,snn-ae,direct,conv1d,2,1.000000,0.900000,1,42,10847152482836004592,val,4,0.010846,0.070964,0.985218,0.000000,0.000000,0.000000,0.094857,375925.000000,10446.532227,16.178461,37286,36864
xtensor,meeting01_loso,fsdd,snn-ae,direct,conv1d,2,1.000000,0.990000,1,42,10847152482836004592,val,4,0.009185,0.063773,0.987481,0.000000,0.000000,0.000000,0.085755,375226.000000,10505.502930,72.266495,37286,36864
xtensor,meeting01_loso,fsdd,snn-ae,direct,conv1d,2,1.500000,0.800000,1,42,10847152482836004592,val,4,0.012874,0.057160,0.982454,0.000000,0.000000,0.000000,0.103229,376568.000000,21268.734375,12.500623,37286,36864
xtensor,meeting01_loso,fsdd,snn-ae,direct,conv1d,2,1.500000,0.900000,1,42,10847152482836004592,val,4,0.008613,0.063337,0.988261,0.000000,0.000000,0.000000,0.083750,375072.000000,10167.272461,13.162301,37286,36864
xtensor,meeting01_loso,fsdd,snn-ae,direct,conv1d,2,1.500000,0.990000,1,42,10847152482836004592,val,4,0.007788,0.053276,0.989386,0.000000,0.000000,0.000000,0.082487,374975.000000,9483.750977,13.019686,37286,36864
xtensor,meeting01_loso,fsdd,snn-ae,direct,recurrent,2,0.500000,0.800000,1,42,10847152482836004592,val,4,0.000340,0.010883,0.996268,0.000000,0.000000,0.000000,0.679688,420840.000000,169559.906250,930.036438,37286,36864
xtensor,meeting01_loso,fsdd,snn-ae,direct,recurrent,2,0.500000,0.900000,1,42,10847152482836004592,val,4,0.000121,0.005114,0.998861,0.000000,0.000000,0.000000,0.442682,402638.000000,156409.500000,1027.081787,37286,36864
xtensor,meeting01_loso,fsdd,snn-ae,direct,recurrent,2,0.500000,0.990000,1,42,10847152482836004592,val,4,0.000967,0.007559,0.994500,0.000000,0.000000,0.000000,0.613607,415765.000000,76368.843750,1012.983093,37286,36864
xtensor,meeting01_loso,fsdd,snn-ae,direct,recurrent,2,1.000000,0.800000,1,42,10847152482836004592,val,4,0.000099,0.006451,0.998684,0.000000,0.000000,0.000000,0.539323,410060.000000,94193.656250,1015.664978,37286,36864
xtensor,meeting01_loso,fsdd,snn-ae,direct,recurrent,2,1.000000,0.900000,1,42,10847152482836004592,val,4,0.000086,0.004828,0.999059,0.000000,0.000000,0.000000,0.464844,404340.000000,100378.843750,979.527222,37286,36864
xtensor,meeting01_loso,fsdd,snn-ae,direct,recurrent,2,1.000000,0.990000,1,42,10847152482836004592,val,4,0.000379,0.004783,0.996995,0.000000,0.000000,0.000000,0.585156,413580.000000,64925.933594,957.335876,37286,36864
xtensor,meeting01_loso,fsdd,snn-ae,direct,recurrent,2,1.500000,0.800000,1,42,10847152482836004592,val,4,0.000120,0.007109,0.998166,0.000000,0.000000,0.000000,0.416211,400605.000000,101714.406250,1023.902283,37286,36864
xtensor,meeting01_loso,fsdd,snn-ae,direct,recurrent,2,1.500000,0.900000,1,42,10847152482836004592,val,4,0.000060,0.003367,0.999203,0.000000,0.000000,0.000000,0.492188,406440.000000,81491.445312,1131.811035,37286,36864
xtensor,meeting01_loso,fsdd,snn-ae,direct,recurrent,2,1.500000,0.990000,1,42,10847152482836004592,val,4,0.001698,0.012302,0.982555,0.000000,0.000000,0.000000,0.513880,408106.000000,56388.285156,934.022827,37286,36864
xtensor,meeting01_loso,fsdd,snn-ae,direct,recurrent,2,1.500000,0.900000,1,42,10847152482836004592,test,4,0.153323,0.206400,-0.700290,0.000000,0.000000,0.000000,0.527010,571012.000000,84023.539062,1179.007446,37286,36864
xtensor,meeting01_loso,fsdd,lstm-ae,direct,lstm,1,0.000000,0.000000,2,43,10847152482836004592,val,4,0.008245,0.053540,0.991753,0.000000,0.000000,0.000000,0.000000,11842560.000000,352074.968750,2200.264160,122472,1184256
xtensor,meeting01_loso,fsdd,lstm-ae,direct,lstm,1,0.000000,0.000000,2,43,10847152482836004592,test,4,1.286785,0.659861,-0.286771,0.000000,0.000000,0.000000,0.000000,11842560.000000,0.000000,0.000000,122472,1184256
xtensor,meeting01_loso,fsdd,gru-ae,direct,gru,1,0.000000,0.000000,2,43,10847152482836004592,val,4,0.008785,0.056585,0.991213,0.000000,0.000000,0.000000,0.000000,8893440.000000,378623.625000,3445.134277,93032,889344
xtensor,meeting01_loso,fsdd,gru-ae,direct,gru,1,0.000000,0.000000,2,43,10847152482836004592,test,4,1.304962,0.663355,-0.304963,0.000000,0.000000,0.000000,0.000000,8893440.000000,0.000000,0.000000,93032,889344
xtensor,meeting01_loso,fsdd,transformer-ae,direct,transformer,1,0.000000,0.000000,2,43,10847152482836004592,val,4,0.007438,0.042010,0.992561,0.000000,0.000000,0.000000,0.000000,47554560.000000,99887.984375,511.076355,139176,4755456
xtensor,meeting01_loso,fsdd,transformer-ae,direct,transformer,1,0.000000,0.000000,2,43,10847152482836004592,test,4,1.306647,0.659433,-0.306791,0.000000,0.000000,0.000000,0.000000,47554560.000000,0.000000,0.000000,139176,4755456
xtensor,meeting01_loso,fsdd,snn-ae,direct,dense,2,0.500000,0.800000,2,43,10847152482836004592,val,4,0.011712,0.073265,0.988286,0.000000,0.000000,0.000000,0.067096,373793.000000,10512.440430,45.454369,37286,36864
xtensor,meeting01_loso,fsdd,snn-ae,direct,dense,2,0.500000,0.900000,2,43,10847152482836004592,val,4,0.015080,0.081246,0.984918,0.000000,0.000000,0.000000,0.081510,374900.000000,9235.284180,11.215544,37286,36864
xtensor,meeting01_loso,fsdd,snn-ae,direct,dense,2,0.500000,0.990000,2,43,10847152482836004592,val,4,0.010274,0.062113,0.989724,0.000000,0.000000,0.000000,0.051901,372626.000000,10308.475586,11.439946,37286,36864
xtensor,meeting01_loso,fsdd,snn-ae,direct,dense,2,1.000000,0.800000,2,43,10847152482836004592,val,4,0.016293,0.088291,0.983704,0.000000,0.000000,0.000000,0.087305,375345.000000,10317.278320,11.534722,37286,36864
xtensor,meeting01_loso,fsdd,snn-ae,direct,dense,2,1.000000,0.900000,2,43,10847152482836004592,val,4,0.014307,0.075427,0.985690,0.000000,0.000000,0.000000,0.069271,373960.000000,8872.464844,11.259684,37286,36864
xtensor,meeting01_loso,fsdd,snn-ae,direct,dense,2,1.000000,0.990000,2,43,10847152482836004592,val,4,0.012355,0.058934,0.987643,0.000000,0.000000,0.000000,0.059922,373242.000000,9152.262695,11.433939,37286,36864
xtensor,meeting01_loso,fsdd,snn-ae,direct,dense,2,1.500000,0.800000,2,43,10847152482836004592,val,4,0.013480,0.070302,0.986518,0.000000,0.000000,0.000000,0.068424,373895.000000,9255.642578,16.951233,37286,36864
xtensor,meeting01_loso,fsdd,snn-ae,direct,dense,2,1.500000,0.900000,2,43,10847152482836004592,val,4,0.012656,0.072143,0.987342,0.000000,0.000000,0.000000,0.067240,373804.000000,9263.599609,10.738036,37286,36864
xtensor,meeting01_loso,fsdd,snn-ae,direct,dense,2,1.500000,0.990000,2,43,10847152482836004592,val,4,0.026864,0.111010,0.973131,0.000000,0.000000,0.000000,0.092526,375746.000000,9222.516602,12.144299,37286,36864
xtensor,meeting01_loso,fsdd,snn-ae,direct,conv1d,2,0.500000,0.800000,2,43,10847152482836004592,val,4,0.009640,0.068733,0.986861,0.000000,0.000000,0.000000,0.079036,374710.000000,10680.750977,13.083811,37286,36864
xtensor,meeting01_loso,fsdd,snn-ae,direct,conv1d,2,0.500000,0.900000,2,43,10847152482836004592,val,4,0.007732,0.058657,0.989462,0.000000,0.000000,0.000000,0.082760,374996.000000,10511.992188,13.367090,37286,36864
xtensor,meeting01_loso,fsdd,snn-ae,direct,conv1d,2,0.500000,0.990000,2,43,10847152482836004592,val,4,0.007104,0.050948,0.990317,0.000000,0.000000,0.000000,0.078021,374632.000000,9119.057617,12.641782,37286,36864
xtensor,meeting01_loso,fsdd,snn-ae,direct,conv1d,2,1.000000,0.800000,2,43,10847152482836004592,val,4,0.007662,0.051361,0.989558,0.000000,0.000000,0.000000,0.083477,375051.000000,9391.709961,46.089710,37286,36864
xtensor,meeting01_loso,fsdd,snn-ae,direct,conv1d,2,1.000000,0.900000,2,43,10847152482836004592,val,4,0.007240,0.050748,0.990132,0.000000,0.000000,0.000000,0.081250,374880.000000,9406.796875,12.450765,37286,36864
xtensor,meeting01_loso,fsdd,snn-ae,direct,conv1d,2,1.000000,0.990000,2,43,10847152482836004592,val,4,0.006913,0.050139,0.990578,0.000000,0.000000,0.000000,0.080534,374825.000000,9237.163086,12.658055,37286,36864
xtensor,meeting01_loso,fsdd,snn-ae,direct,conv1d,2,1.500000,0.800000,2,43,10847152482836004592,val,4,0.007681,0.054289,0.989531,0.000000,0.000000,0.000000,0.085911,375238.000000,9402.533203,12.258141,37286,36864
xtensor,meeting01_loso,fsdd,snn-ae,direct,conv1d,2,1.500000,0.900000,2,43,10847152482836004592,val,4,0.011320,0.074681,0.984571,0.000000,0.000000,0.000000,0.093568,375826.000000,9152.692383,13.918141,37286,36864
xtensor,meeting01_loso,fsdd,snn-ae,direct,conv1d,2,1.500000,0.990000,2,43,10847152482836004592,val,4,0.007846,0.057471,0.989306,0.000000,0.000000,0.000000,0.079062,374712.000000,11598.179688,12.075994,37286,36864
xtensor,meeting01_loso,fsdd,snn-ae,direct,recurrent,2,0.500000,0.800000,2,43,10847152482836004592,val,4,0.000130,0.007104,0.998578,0.000000,0.000000,0.000000,0.601562,414840.000000,132632.250000,964.775024,37286,36864
xtensor,meeting01_loso,fsdd,snn-ae,direct,recurrent,2,0.500000,0.900000,2,43,10847152482836004592,val,4,0.000233,0.008102,0.997814,0.000000,0.000000,0.000000,0.511719,407940.000000,75009.492188,951.262329,37286,36864
xtensor,meeting01_loso,fsdd,snn-ae,direct,recurrent,2,0.500000,0.990000,2,43,10847152482836004592,val,4,0.000501,0.004203,0.997152,0.000000,0.000000,0.000000,0.546172,410586.000000,70258.070312,944.794861,37286,36864
xtensor,meeting01_loso,fsdd,snn-ae,direct,recurrent,2,1.000000,0.800000,2,43,10847152482836004592,val,4,0.000141,0.007360,0.998129,0.000000,0.000000,0.000000,0.460964,404042.000000,132114.406250,1091.032715,37286,36864
xtensor,meeting01_loso,fsdd,snn-ae,direct,recurrent,2,1.000000,0.900000,2,43,10847152482836004592,val,4,0.000066,0.002855,0.999280,0.000000,0.000000,0.000000,0.352708,395728.000000,187705.187500,1730.769897,37286,36864
xtensor,meeting01_loso,fsdd,snn-ae,direct,recurrent,2,1.000000,0.990000,2,43,10847152482836004592,val,4,0.000367,0.002020,0.997092,0.000000,0.000000,0.000000,0.580781,413244.000000,175920.281250,981.786072,37286,36864
xtensor,meeting01_loso,fsdd,snn-ae,direct,recurrent,2,1.500000,0.800000,2,43,10847152482836004592,val,4,0.000170,0.005460,0.997391,0.000000,0.000000,0.000000,0.382422,398010.000000,94734.515625,915.457764,37286,36864
xtensor,meeting01_loso,fsdd,snn-ae,direct,recurrent,2,1.500000,0.900000,2,43,10847152482836004592,val,4,0.000100,0.004359,0.998673,0.000000,0.000000,0.000000,0.582031,413340.000000,81780.812500,1013.146790,37286,36864
xtensor,meeting01_loso,fsdd,snn-ae,direct,recurrent,2,1.500000,0.990000,2,43,10847152482836004592,val,4,0.002338,0.006864,0.975978,0.000000,0.000000,0.000000,0.581797,413322.000000,100303.281250,1073.180908,37286,36864
xtensor,meeting01_loso,fsdd,snn-ae,direct,recurrent,2,1.000000,0.900000,2,43,10847152482836004592,test,4,0.424365,0.414342,-2.419728,0.000000,0.000000,0.000000,0.501159,561085.000000,145408.796875,1006.625549,37286,36864
xtensor,meeting01_loso,fsdd,lstm-ae,direct,lstm,1,0.000000,0.000000,3,44,10847152482836004592,val,4,0.008245,0.053540,0.991753,0.000000,0.000000,0.000000,0.000000,11842560.000000,349194.656250,2197.087891,122472,1184256
xtensor,meeting01_loso,fsdd,lstm-ae,direct,lstm,1,0.000000,0.000000,3,44,10847152482836004592,test,4,1.286785,0.659861,-0.286771,0.000000,0.000000,0.000000,0.000000,11842560.000000,0.000000,0.000000,122472,1184256
xtensor,meeting01_loso,fsdd,gru-ae,direct,gru,1,0.000000,0.000000,3,44,10847152482836004592,val,4,0.008785,0.056585,0.991213,0.000000,0.000000,0.000000,0.000000,8893440.000000,372030.375000,3383.583984,93032,889344
xtensor,meeting01_loso,fsdd,gru-ae,direct,gru,1,0.000000,0.000000,3,44,10847152482836004592,test,4,1.304962,0.663355,-0.304963,0.000000,0.000000,0.000000,0.000000,8893440.000000,0.000000,0.000000,93032,889344
xtensor,meeting01_loso,fsdd,transformer-ae,direct,transformer,1,0.000000,0.000000,3,44,10847152482836004592,val,4,0.007438,0.042010,0.992561,0.000000,0.000000,0.000000,0.000000,47554560.000000,97869.421875,552.611084,139176,4755456
xtensor,meeting01_loso,fsdd,transformer-ae,direct,transformer,1,0.000000,0.000000,3,44,10847152482836004592,test,4,1.306647,0.659433,-0.306791,0.000000,0.000000,0.000000,0.000000,47554560.000000,0.000000,0.000000,139176,4755456
xtensor,meeting01_loso,fsdd,snn-ae,direct,dense,2,0.500000,0.800000,3,44,10847152482836004592,val,4,0.012392,0.065574,0.987605,0.000000,0.000000,0.000000,0.060990,373324.000000,9191.386719,58.046047,37286,36864
xtensor,meeting01_loso,fsdd,snn-ae,direct,dense,2,0.500000,0.900000,3,44,10847152482836004592,val,4,0.022973,0.106987,0.977023,0.000000,0.000000,0.000000,0.125820,378303.000000,9735.921875,11.965766,37286,36864
xtensor,meeting01_loso,fsdd,snn-ae,direct,dense,2,0.500000,0.990000,3,44,10847152482836004592,val,4,0.008143,0.050418,0.991855,0.000000,0.000000,0.000000,0.047747,372307.000000,10411.242188,15.146216,37286,36864
xtensor,meeting01_loso,fsdd,snn-ae,direct,dense,2,1.000000,0.800000,3,44,10847152482836004592,val,4,0.018177,0.092077,0.981820,0.000000,0.000000,0.000000,0.093607,375829.000000,9386.953125,13.290173,37286,36864
xtensor,meeting01_loso,fsdd,snn-ae,direct,dense,2,1.000000,0.900000,3,44,10847152482836004592,val,4,0.012130,0.072150,0.987868,0.000000,0.000000,0.000000,0.064427,373588.000000,10590.568359,11.659161,37286,36864
xtensor,meeting01_loso,fsdd,snn-ae,direct,dense,2,1.000000,0.990000,3,44,10847152482836004592,val,4,0.008833,0.060170,0.991166,0.000000,0.000000,0.000000,0.049193,372418.000000,10821.166016,12.374270,37286,36864
xtensor,meeting01_loso,fsdd,snn-ae,direct,dense,2,1.500000,0.800000,3,44,10847152482836004592,val,4,0.022703,0.103760,0.977293,0.000000,0.000000,0.000000,0.104583,376672.000000,9275.615234,11.368969,37286,36864
xtensor,meeting01_loso,fsdd,snn-ae,direct,dense,2,1.500000,0.900000,3,44,10847152482836004592,val,4,0.016914,0.087478,0.983083,0.000000,0.000000,0.000000,0.090000,375552.000000,9482.523438,11.683676,37286,36864
xtensor,meeting01_loso,fsdd,snn-ae,direct,dense,2,1.500000,0.990000,3,44,10847152482836004592,val,4,0.010692,0.059330,0.989307,0.000000,0.000000,0.000000,0.053802,372772.000000,9072.848633,11.258689,37286,36864
xtensor,meeting01_loso,fsdd,snn-ae,direct,conv1d,2,0.500000,0.800000,3,44,10847152482836004592,val,4,0.009374,0.065419,0.987224,0.000000,0.000000,0.000000,0.085000,375168.000000,10591.865234,12.162021,37286,36864
xtensor,meeting01_loso,fsdd,snn-ae,direct,conv1d,2,0.500000,0.900000,3,44,10847152482836004592,val,4,0.009300,0.060249,0.987325,0.000000,0.000000,0.000000,0.085273,375189.000000,9164.950195,12.720476,37286,36864
xtensor,meeting01_loso,fsdd,snn-ae,direct,conv1d,2,0.500000,0.990000,3,44,10847152482836004592,val,4,0.007653,0.050027,0.989569,0.000000,0.000000,0.000000,0.082266,374958.000000,9350.931641,28.285324,37286,36864
xtensor,meeting01_loso,fsdd,snn-ae,direct,conv1d,2,1.000000,0.800000,3,44,10847152482836004592,val,4,0.011015,0.071812,0.984987,0.000000,0.000000,0.000000,0.091927,375700.000000,9281.365234,12.214334,37286,36864
xtensor,meeting01_loso,fsdd,snn-ae,direct,conv1d,2,1.000000,0.900000,3,44,10847152482836004592,val,4,0.014764,0.056352,0.979878,1.000000,0.020000,0.039216,0.096914,376083.000000,38936.808594,12.616063,37286,36864
xtensor,meeting01_loso,fsdd,snn-ae,direct,conv1d,2,1.000000,0.990000,3,44,10847152482836004592,val,4,0.008480,0.061099,0.988442,0.000000,0.000000,0.000000,0.077695,374607.000000,10342.138672,11.626965,37286,36864
xtensor,meeting01_loso,fsdd,snn-ae,direct,conv1d,2,1.500000,0.800000,3,44,10847152482836004592,val,4,0.011281,0.069961,0.984625,0.000000,0.000000,0.000000,0.097096,376097.000000,10649.101562,13.338507,37286,36864
xtensor,meeting01_loso,fsdd,snn-ae,direct,conv1d,2,1.500000,0.900000,3,44,10847152482836004592,val,4,0.008950,0.062680,0.987802,0.000000,0.000000,0.000000,0.086263,375265.000000,9211.462891,13.271458,37286,36864
xtensor,meeting01_loso,fsdd,snn-ae,direct,conv1d,2,1.500000,0.990000,3,44,10847152482836004592,val,4,0.010231,0.065342,0.986056,0.000000,0.000000,0.000000,0.085872,375235.000000,9093.056641,12.285853,37286,36864
xtensor,meeting01_loso,fsdd,snn-ae,direct,recurrent,2,0.500000,0.800000,3,44,10847152482836004592,val,4,0.000354,0.012451,0.996118,0.000000,0.000000,0.000000,0.722656,424140.000000,50973.039062,1060.926758,37286,36864
xtensor,meeting01_loso,fsdd,snn-ae,direct,recurrent,2,0.500000,0.900000,3,44,10847152482836004592,val,4,0.000263,0.007857,0.997524,0.000000,0.000000,0.000000,0.480469,405540.000000,118547.484375,925.976013,37286,36864
xtensor,meeting01_loso,fsdd,snn-ae,direct,recurrent,2,0.500000,0.990000,3,44,10847152482836004592,val,4,0.000421,0.008129,0.997605,0.000000,0.000000,0.000000,0.613607,415765.000000,67953.132812,997.104187,37286,36864
xtensor,meeting01_loso,fsdd,snn-ae,direct,recurrent,2,1.000000,0.800000,3,44,10847152482836004592,val,4,0.000108,0.006590,0.998561,0.000000,0.000000,0.000000,0.423190,401141.000000,51336.957031,1045.042725,37286,36864
xtensor,meeting01_loso,fsdd,snn-ae,direct,recurrent,2,1.000000,0.900000,3,44,10847152482836004592,val,4,0.000157,0.006020,0.998284,0.000000,0.000000,0.000000,0.550690,410933.000000,52500.671875,1001.784973,37286,36864
xtensor,meeting01_loso,fsdd,snn-ae,direct,recurrent,2,1.000000,0.990000,3,44,10847152482836004592,val,4,0.002160,0.012588,0.982876,0.000000,0.000000,0.000000,0.573333,412672.000000,103567.171875,1191.731201,37286,36864
xtensor,meeting01_loso,fsdd,snn-ae,direct,recurrent,2,1.500000,0.800000,3,44,10847152482836004592,val,4,0.000182,0.006612,0.997210,0.000000,0.000000,0.000000,0.380391,397854.000000,95129.125000,942.784912,37286,36864
xtensor,meeting01_loso,fsdd,snn-ae,direct,recurrent,2,1.500000,0.900000,3,44,10847152482836004592,val,4,0.000046,0.003220,0.999385,0.000000,0.000000,0.000000,0.597656,414540.000000,56165.003906,1042.662476,37286,36864
xtensor,meeting01_loso,fsdd,snn-ae,direct,recurrent,2,1.500000,0.990000,3,44,10847152482836004592,val,4,0.015518,0.105350,0.840544,0.000000,0.000000,0.000000,0.538984,410034.000000,77207.812500,995.852661,37286,36864
xtensor,meeting01_loso,fsdd,snn-ae,direct,recurrent,2,1.500000,0.900000,3,44,10847152482836004592,test,4,0.178193,0.235744,-0.976231,0.000000,0.000000,0.000000,0.525211,570321.000000,112063.390625,962.121643,37286,36864
xtensor,meeting01_loso,fsdd,lstm-ae,direct,lstm,1,0.000000,0.000000,4,45,10847152482836004592,val,4,0.008245,0.053540,0.991753,0.000000,0.000000,0.000000,0.000000,11842560.000000,354760.656250,2867.408447,122472,1184256
xtensor,meeting01_loso,fsdd,lstm-ae,direct,lstm,1,0.000000,0.000000,4,45,10847152482836004592,test,4,1.286785,0.659861,-0.286771,0.000000,0.000000,0.000000,0.000000,11842560.000000,0.000000,0.000000,122472,1184256
xtensor,meeting01_loso,fsdd,gru-ae,direct,gru,1,0.000000,0.000000,4,45,10847152482836004592,val,4,0.008785,0.056585,0.991213,0.000000,0.000000,0.000000,0.000000,8893440.000000,372123.750000,3377.135254,93032,889344
xtensor,meeting01_loso,fsdd,gru-ae,direct,gru,1,0.000000,0.000000,4,45,10847152482836004592,test,4,1.304962,0.663355,-0.304963,0.000000,0.000000,0.000000,0.000000,8893440.000000,0.000000,0.000000,93032,889344
xtensor,meeting01_loso,fsdd,transformer-ae,direct,transformer,1,0.000000,0.000000,4,45,10847152482836004592,val,4,0.007438,0.042010,0.992561,0.000000,0.000000,0.000000,0.000000,47554560.000000,97083.789062,500.738312,139176,4755456
xtensor,meeting01_loso,fsdd,transformer-ae,direct,transformer,1,0.000000,0.000000,4,45,10847152482836004592,test,4,1.306647,0.659433,-0.306791,0.000000,0.000000,0.000000,0.000000,47554560.000000,0.000000,0.000000,139176,4755456
xtensor,meeting01_loso,fsdd,snn-ae,direct,dense,2,0.500000,0.800000,4,45,10847152482836004592,val,4,0.011997,0.072619,0.988001,0.000000,0.000000,0.000000,0.064818,373618.000000,10555.961914,11.594617,37286,36864
xtensor,meeting01_loso,fsdd,snn-ae,direct,dense,2,0.500000,0.900000,4,45,10847152482836004592,val,4,0.018704,0.096300,0.981293,0.000000,0.000000,0.000000,0.074948,374396.000000,10727.697266,11.795343,37286,36864
xtensor,meeting01_loso,fsdd,snn-ae,direct,dense,2,0.500000,0.990000,4,45,10847152482836004592,val,4,0.011544,0.060149,0.988454,0.000000,0.000000,0.000000,0.056016,372942.000000,8839.079102,11.328451,37286,36864
xtensor,meeting01_loso,fsdd,snn-ae,direct,dense,2,1.000000,0.800000,4,45,10847152482836004592,val,4,0.015389,0.080348,0.984608,0.000000,0.000000,0.000000,0.071771,374152.000000,9066.856445,11.618434,37286,36864
xtensor,meeting01_loso,fsdd,snn-ae,direct,dense,2,1.000000,0.900000,4,45,10847152482836004592,val,4,0.013088,0.075789,0.986909,0.000000,0.000000,0.000000,0.067461,373821.000000,8991.918945,11.305684,37286,36864
xtensor,meeting01_loso,fsdd,snn-ae,direct,dense,2,1.000000,0.990000,4,45,10847152482836004592,val,4,0.011884,0.071779,0.988113,0.000000,0.000000,0.000000,0.051302,372580.000000,10540.898438,11.525266,37286,36864
xtensor,meeting01_loso,fsdd,snn-ae,direct,dense,2,1.500000,0.800000,4,45,10847152482836004592,val,4,0.024400,0.106250,0.975595,0.000000,0.000000,0.000000,0.112773,377301.000000,10181.844727,11.387887,37286,36864
xtensor,meeting01_loso,fsdd,snn-ae,direct,dense,2,1.500000,0.900000,4,45,10847152482836004592,val,4,0.013218,0.069884,0.986779,0.000000,0.000000,0.000000,0.062891,373470.000000,10577.800781,11.473932,37286,36864
xtensor,meeting01_loso,fsdd,snn-ae,direct,dense,2,1.500000,0.990000,4,45,10847152482836004592,val,4,0.008866,0.053751,0.991133,0.000000,0.000000,0.000000,0.050716,372535.000000,10301.747070,11.238217,37286,36864
xtensor,meeting01_loso,fsdd,snn-ae,direct,conv1d,2,0.500000,0.800000,4,45,10847152482836004592,val,4,0.017677,0.056291,0.975908,1.000000,0.020000,0.039216,0.099154,376255.000000,39964.984375,12.993408,37286,36864
xtensor,meeting01_loso,fsdd,snn-ae,direct,conv1d,2,0.500000,0.900000,4,45,10847152482836004592,val,4,0.008786,0.062304,0.988025,0.000000,0.000000,0.000000,0.086263,375265.000000,9311.040039,12.590912,37286,36864
xtensor,meeting01_loso,fsdd,snn-ae,direct,conv1d,2,0.500000,0.990000,4,45,10847152482836004592,val,4,0.007742,0.058977,0.989447,0.000000,0.000000,0.000000,0.078255,374650.000000,10469.273438,13.087975,37286,36864
xtensor,meeting01_loso,fsdd,snn-ae,direct,conv1d,2,1.000000,0.800000,4,45,10847152482836004592,val,4,0.010155,0.065203,0.986159,0.000000,0.000000,0.000000,0.094805,375921.000000,10566.327148,12.533781,37286,36864
xtensor,meeting01_loso,fsdd,snn-ae,direct,conv1d,2,1.000000,0.900000,4,45,10847152482836004592,val,4,0.007649,0.051732,0.989575,0.000000,0.000000,0.000000,0.084180,375105.000000,9096.567383,47.027733,37286,36864
xtensor,meeting01_loso,fsdd,snn-ae,direct,conv1d,2,1.000000,0.990000,4,45,10847152482836004592,val,4,0.009165,0.067242,0.987508,0.000000,0.000000,0.000000,0.081615,374908.000000,10952.419922,13.334516,37286,36864
xtensor,meeting01_loso,fsdd,snn-ae,direct,conv1d,2,1.500000,0.800000,4,45,10847152482836004592,val,4,0.014180,0.082796,0.980673,0.000000,0.000000,0.000000,0.111836,377229.000000,9224.518555,12.208948,37286,36864
xtensor,meeting01_loso,fsdd,snn-ae,direct,conv1d,2,1.500000,0.900000,4,45,10847152482836004592,val,4,0.009107,0.063739,0.987588,0.000000,0.000000,0.000000,0.087852,375387.000000,10763.031250,13.632042,37286,36864
xtensor,meeting01_loso,fsdd,snn-ae,direct,conv1d,2,1.500000,0.990000,4,45,10847152482836004592,val,4,0.010725,0.067097,0.985382,0.000000,0.000000,0.000000,0.083555,375057.000000,11797.008789,12.502075,37286,36864
xtensor,meeting01_loso,fsdd,snn-ae,direct,recurrent,2,0.500000,0.800000,4,45,10847152482836004592,val,4,0.000322,0.012221,0.996468,0.000000,0.000000,0.000000,0.714844,423540.000000,171607.937500,1037.516602,37286,36864
xtensor,meeting01_loso,fsdd,snn-ae,direct,recurrent,2,0.500000,0.900000,4,45,10847152482836004592,val,4,0.005744,0.061274,0.946022,0.000000,0.000000,0.000000,0.508424,407687.000000,49270.640625,966.461853,37286,36864
xtensor,meeting01_loso,fsdd,snn-ae,direct,recurrent,2,0.500000,0.990000,4,45,10847152482836004592,val,4,0.000825,0.014188,0.995310,0.000000,0.000000,0.000000,0.616055,415953.000000,95093.710938,974.789490,37286,36864
xtensor,meeting01_loso,fsdd,snn-ae,direct,recurrent,2,1.000000,0.800000,4,45,10847152482836004592,val,4,0.000057,0.004006,0.999245,0.000000,0.000000,0.000000,0.438633,402327.000000,101271.320312,917.076538,37286,36864
xtensor,meeting01_loso,fsdd,snn-ae,direct,recurrent,2,1.000000,0.900000,4,45,10847152482836004592,val,4,0.000120,0.005788,0.998684,0.000000,0.000000,0.000000,0.480469,405540.000000,50596.734375,1051.312866,37286,36864
xtensor,meeting01_loso,fsdd,snn-ae,direct,recurrent,2,1.000000,0.990000,4,45,10847152482836004592,val,4,0.000642,0.002532,0.994908,0.000000,0.000000,0.000000,0.590130,413962.000000,158460.750000,1033.755371,37286,36864
xtensor,meeting01_loso,fsdd,snn-ae,direct,recurrent,2,1.500000,0.800000,4,45,10847152482836004592,val,4,0.000197,0.004768,0.996985,0.000000,0.000000,0.000000,0.451797,403338.000000,102121.726562,1070.848755,37286,36864
xtensor,meeting01_loso,fsdd,snn-ae,direct,recurrent,2,1.500000,0.900000,4,45,10847152482836004592,val,4,0.000096,0.005184,0.998722,0.000000,0.000000,0.000000,0.386719,398340.000000,87483.304688,1069.663574,37286,36864
xtensor,meeting01_loso,fsdd,snn-ae,direct,recurrent,2,1.500000,0.990000,4,45,10847152482836004592,val,4,0.000910,0.005367,0.990653,0.000000,0.000000,0.000000,0.546549,410615.000000,152191.125000,1025.191528,37286,36864
xtensor,meeting01_loso,fsdd,snn-ae,direct,recurrent,2,1.000000,0.800000,4,45,10847152482836004592,test,4,0.329420,0.365759,-1.648515,0.000000,0.000000,0.000000,0.502318,561530.000000,118987.734375,1220.980835,37286,36864
xtensor,meeting01_loso,fsdd,lstm-ae,direct,lstm,1,0.000000,0.000000,5,46,10847152482836004592,val,4,0.008245,0.053540,0.991753,0.000000,0.000000,0.000000,0.000000,11842560.000000,346918.906250,1973.477539,122472,1184256
xtensor,meeting01_loso,fsdd,lstm-ae,direct,lstm,1,0.000000,0.000000,5,46,10847152482836004592,test,4,1.286785,0.659861,-0.286771,0.000000,0.000000,0.000000,0.000000,11842560.000000,0.000000,0.000000,122472,1184256
xtensor,meeting01_loso,fsdd,gru-ae,direct,gru,1,0.000000,0.000000,5,46,10847152482836004592,val,4,0.008785,0.056585,0.991213,0.000000,0.000000,0.000000,0.000000,8893440.000000,370991.375000,3468.431152,93032,889344
xtensor,meeting01_loso,fsdd,gru-ae,direct,gru,1,0.000000,0.000000,5,46,10847152482836004592,test,4,1.304962,0.663355,-0.304963,0.000000,0.000000,0.000000,0.000000,8893440.000000,0.000000,0.000000,93032,889344
xtensor,meeting01_loso,fsdd,transformer-ae,direct,transformer,1,0.000000,0.000000,5,46,10847152482836004592,val,4,0.007438,0.042010,0.992561,0.000000,0.000000,0.000000,0.000000,47554560.000000,98071.835938,504.762634,139176,4755456
xtensor,meeting01_loso,fsdd,transformer-ae,direct,transformer,1,0.000000,0.000000,5,46,10847152482836004592,test,4,1.306647,0.659433,-0.306791,0.000000,0.000000,0.000000,0.000000,47554560.000000,0.000000,0.000000,139176,4755456
xtensor,meeting01_loso,fsdd,snn-ae,direct,dense,2,0.500000,0.800000,5,46,10847152482836004592,val,4,0.015052,0.081821,0.984946,0.000000,0.000000,0.000000,0.070521,374056.000000,9041.041016,15.608355,37286,36864
xtensor,meeting01_loso,fsdd,snn-ae,direct,dense,2,0.500000,0.900000,5,46,10847152482836004592,val,4,0.010179,0.057893,0.989820,0.000000,0.000000,0.000000,0.055794,372925.000000,12986.975586,11.451729,37286,36864
xtensor,meeting01_loso,fsdd,snn-ae,direct,dense,2,0.500000,0.990000,5,46,10847152482836004592,val,4,0.011059,0.058851,0.988940,0.000000,0.000000,0.000000,0.059466,373207.000000,9463.825195,11.857299,37286,36864
xtensor,meeting01_loso,fsdd,snn-ae,direct,dense,2,1.000000,0.800000,5,46,10847152482836004592,val,4,0.012017,0.065483,0.987980,0.000000,0.000000,0.000000,0.060221,373265.000000,8860.852539,11.225721,37286,36864
xtensor,meeting01_loso,fsdd,snn-ae,direct,dense,2,1.000000,0.900000,5,46,10847152482836004592,val,4,0.015329,0.083594,0.984668,0.000000,0.000000,0.000000,0.083711,375069.000000,9366.908203,11.807852,37286,36864
xtensor,meeting01_loso,fsdd,snn-ae,direct,dense,2,1.000000,0.990000,5,46,10847152482836004592,val,4,0.013508,0.076871,0.986489,0.000000,0.000000,0.000000,0.063945,373551.000000,10327.297852,45.861954,37286,36864
xtensor,meeting01_loso,fsdd,snn-ae,direct,dense,2,1.500000,0.800000,5,46,10847152482836004592,val,4,0.015166,0.083773,0.984831,0.000000,0.000000,0.000000,0.082500,374976.000000,9409.684570,19.807446,37286,36864
xtensor,meeting01_loso,fsdd,snn-ae,direct,dense,2,1.500000,0.900000,5,46,10847152482836004592,val,4,0.010931,0.060280,0.989067,0.000000,0.000000,0.000000,0.058906,373164.000000,9402.967773,11.622213,37286,36864
xtensor,meeting01_loso,fsdd,snn-ae,direct,dense,2,1.500000,0.990000,5,46,10847152482836004592,val,4,0.011639,0.072790,0.988359,0.000000,0.000000,0.000000,0.056784,373001.000000,10287.535156,10.760925,37286,36864
xtensor,meeting01_loso,fsdd,snn-ae,direct,conv1d,2,0.500000,0.800000,5,46,10847152482836004592,val,4,0.010447,0.064607,0.985761,0.000000,0.000000,0.000000,0.094036,375862.000000,9407.499023,14.309860,37286,36864
xtensor,meeting01_loso,fsdd,snn-ae,direct,conv1d,2,0.500000,0.900000,5,46,10847152482836004592,val,4,0.007768,0.056724,0.989412,0.000000,0.000000,0.000000,0.079492,374745.000000,10565.297852,12.758886,37286,36864
xtensor,meeting01_loso,fsdd,snn-ae,direct,conv1d,2,0.500000,0.990000,5,46,10847152482836004592,val,4,0.009629,0.066711,0.986876,0.000000,0.000000,0.000000,0.093698,375836.000000,10534.135742,13.534199,37286,36864
xtensor,meeting01_loso,fsdd,snn-ae,direct,conv1d,2,1.000000,0.800000,5,46,10847152482836004592,val,4,0.010321,0.067394,0.985933,0.000000,0.000000,0.000000,0.092148,375717.000000,9228.015625,12.512903,37286,36864
xtensor,meeting01_loso,fsdd,snn-ae,direct,conv1d,2,1.000000,0.900000,5,46,10847152482836004592,val,4,0.007560,0.051313,0.989696,0.000000,0.000000,0.000000,0.076888,374545.000000,9567.951172,71.958786,37286,36864
xtensor,meeting01_loso,fsdd,snn-ae,direct,conv1d,2,1.000000,0.990000,5,46,10847152482836004592,val,4,0.007870,0.058817,0.989274,0.000000,0.000000,0.000000,0.080677,374836.000000,10447.532227,79.131874,37286,36864
xtensor,meeting01_loso,fsdd,snn-ae,direct,conv1d,2,1.500000,0.800000,5,46,10847152482836004592,val,4,0.012974,0.057973,0.982318,0.000000,0.000000,0.000000,0.098633,376215.000000,36730.230469,12.204763,37286,36864
xtensor,meeting01_loso,fsdd,snn-ae,direct,conv1d,2,1.500000,0.900000,5,46,10847152482836004592,val,4,0.010724,0.065098,0.985383,0.000000,0.000000,0.000000,0.097630,376138.000000,9344.594727,13.057041,37286,36864
xtensor,meeting01_loso,fsdd,snn-ae,direct,conv1d,2,1.500000,0.990000,5,46,10847152482836004592,val,4,0.007774,0.059671,0.989405,0.000000,0.000000,0.000000,0.075859,374466.000000,10428.749023,12.836480,37286,36864
xtensor,meeting01_loso,fsdd,snn-ae,direct,recurrent,2,0.500000,0.800000,5,46,10847152482836004592,val,4,0.000154,0.007984,0.998310,0.000000,0.000000,0.000000,0.621094,416340.000000,131697.109375,970.284424,37286,36864
xtensor,meeting01_loso,fsdd,snn-ae,direct,recurrent,2,0.500000,0.900000,5,46,10847152482836004592,val,4,0.000175,0.008437,0.998353,0.000000,0.000000,0.000000,0.531250,409440.000000,137280.062500,980.303223,37286,36864
xtensor,meeting01_loso,fsdd,snn-ae,direct,recurrent,2,0.500000,0.990000,5,46,10847152482836004592,val,4,0.000592,0.004688,0.996632,0.000000,0.000000,0.000000,0.601784,414857.000000,87524.742188,1022.509460,37286,36864
xtensor,meeting01_loso,fsdd,snn-ae,direct,recurrent,2,1.000000,0.800000,5,46,10847152482836004592,val,4,0.000120,0.004150,0.998406,0.000000,0.000000,0.000000,0.449219,403140.000000,170234.734375,1042.015747,37286,36864
xtensor,meeting01_loso,fsdd,snn-ae,direct,recurrent,2,1.000000,0.900000,5,46,10847152482836004592,val,4,0.000113,0.004713,0.998766,0.000000,0.000000,0.000000,0.437995,402278.000000,50333.652344,1048.753296,37286,36864
xtensor,meeting01_loso,fsdd,snn-ae,direct,recurrent,2,1.000000,0.990000,5,46,10847152482836004592,val,4,0.000381,0.001658,0.996979,0.000000,0.000000,0.000000,0.547266,410670.000000,175884.406250,1195.494751,37286,36864
xtensor,meeting01_loso,fsdd,snn-ae,direct,recurrent,2,1.500000,0.800000,5,46,10847152482836004592,val,4,0.000132,0.004502,0.997971,0.000000,0.000000,0.000000,0.519141,408510.000000,99074.375000,973.686279,37286,36864
xtensor,meeting01_loso,fsdd,snn-ae,direct,recurrent,2,1.500000,0.900000,5,46,10847152482836004592,val,4,0.000048,0.003678,0.999363,0.000000,0.000000,0.000000,0.453125,403440.000000,50859.847656,932.703064,37286,36864
xtensor,meeting01_loso,fsdd,snn-ae,direct,recurrent,2,1.500000,0.990000,5,46,10847152482836004592,val,4,0.000057,0.004244,0.999415,0.000000,0.000000,0.000000,0.591328,414054.000000,99824.765625,939.485779,37286,36864
xtensor,meeting01_loso,fsdd,snn-ae,direct,recurrent,2,1.500000,0.900000,5,46,10847152482836004592,test,4,0.357845,0.357020,-2.968793,0.000000,0.000000,0.000000,0.516854,567112.000000,188244.859375,986.081238,37286,36864
xtensor,meeting01_loso,fsdd,lstm-ae,poisson,lstm,1,0.000000,0.000000,1,42,10847152482836004592,val,4,0.008155,0.026499,0.684167,0.000000,0.000000,0.000000,0.000000,11842560.000000,1300844.375000,2037.977051,122472,1184256
xtensor,meeting01_loso,fsdd,lstm-ae,poisson,lstm,1,0.000000,0.000000,1,42,10847152482836004592,test,4,0.111836,0.129811,-0.097732,0.000000,0.000000,0.000000,0.000000,11842560.000000,0.000000,0.000000,122472,1184256
xtensor,meeting01_loso,fsdd,gru-ae,poisson,gru,1,0.000000,0.000000,1,42,10847152482836004592,val,4,0.008144,0.023937,0.684582,0.000000,0.000000,0.000000,0.000000,8893440.000000,1421893.375000,3146.215820,93032,889344
xtensor,meeting01_loso,fsdd,gru-ae,poisson,gru,1,0.000000,0.000000,1,42,10847152482836004592,test,4,0.111958,0.127830,-0.098889,0.000000,0.000000,0.000000,0.000000,8893440.000000,0.000000,0.000000,93032,889344
xtensor,meeting01_loso,fsdd,transformer-ae,poisson,transformer,1,0.000000,0.000000,1,42,10847152482836004592,val,4,0.000891,0.007890,0.965480,0.000000,0.000000,0.000000,0.000000,47554560.000000,313587.156250,475.972504,139176,4755456
xtensor,meeting01_loso,fsdd,transformer-ae,poisson,transformer,1,0.000000,0.000000,1,42,10847152482836004592,test,4,0.109756,0.117342,-0.077562,0.000000,0.000000,0.000000,0.000000,47554560.000000,0.000000,0.000000,139176,4755456
xtensor,meeting01_loso,fsdd,snn-ae,poisson,dense,2,0.500000,0.800000,1,42,10847152482836004592,val,4,0.034844,0.125472,-0.349565,0.500000,0.080000,0.137931,0.522148,408741.000000,20819.005859,14.943928,37286,36864
xtensor,meeting01_loso,fsdd,snn-ae,poisson,dense,2,0.500000,0.900000,1,42,10847152482836004592,val,4,0.056919,0.169450,-1.204600,0.600000,0.240000,0.342857,0.509284,407753.000000,18534.185547,12.925647,37286,36864
xtensor,meeting01_loso,fsdd,snn-ae,poisson,dense,2,0.500000,0.990000,1,42,10847152482836004592,val,4,0.097157,0.239010,-2.763169,0.574468,0.540000,0.556701,0.530195,409359.000000,15875.047852,13.164576,37286,36864
xtensor,meeting01_loso,fsdd,snn-ae,poisson,dense,2,1.000000,0.800000,1,42,10847152482836004592,val,4,0.023707,0.107120,0.081767,0.000000,0.000000,0.000000,0.510495,407846.000000,19556.197266,13.064773,37286,36864
xtensor,meeting01_loso,fsdd,snn-ae,poisson,dense,2,1.000000,0.900000,1,42,10847152482836004592,val,4,0.049920,0.142680,-0.933469,0.500000,0.180000,0.264706,0.512643,408011.000000,29100.470703,15.086129,37286,36864
xtensor,meeting01_loso,fsdd,snn-ae,poisson,dense,2,1.000000,0.990000,1,42,10847152482836004592,val,4,0.090195,0.222874,-2.493464,0.538462,0.560000,0.549020,0.527617,409161.000000,18220.550781,12.881161,37286,36864
xtensor,meeting01_loso,fsdd,snn-ae,poisson,dense,2,1.500000,0.800000,1,42,10847152482836004592,val,4,0.008611,0.053508,0.666494,0.000000,0.000000,0.000000,0.507435,407611.000000,22643.410156,13.173589,37286,36864
xtensor,meeting01_loso,fsdd,snn-ae,poisson,dense,2,1.500000,0.900000,1,42,10847152482836004592,val,4,0.039520,0.139438,-0.530692,0.333333,0.040000,0.071429,0.505325,407449.000000,16866.576172,12.510722,37286,36864
xtensor,meeting01_loso,fsdd,snn-ae,poisson,dense,2,1.500000,0.990000,1,42,10847152482836004592,val,4,0.117073,0.259112,-3.534509,0.552239,0.740000,0.632479,0.539844,410100.000000,14416.011719,12.776889,37286,36864
xtensor,meeting01_loso,fsdd,snn-ae,poisson,conv1d,2,0.500000,0.800000,1,42,10847152482836004592,val,4,0.021627,0.099652,-0.339358,0.000000,0.000000,0.000000,0.546510,410612.000000,20225.576172,15.484579,37286,36864
xtensor,meeting01_loso,fsdd,snn-ae,poisson,conv1d,2,0.500000,0.900000,1,42,10847152482836004592,val,4,0.062245,0.176794,-2.854880,0.642857,0.360000,0.461538,0.532969,409572.000000,18588.914062,13.888839,37286,36864
xtensor,meeting01_loso,fsdd,snn-ae,poisson,conv1d,2,0.500000,0.990000,1,42,10847152482836004592,val,4,0.069144,0.178006,-3.281970,0.550000,0.440000,0.488889,0.588880,413866.000000,17795.335938,28.274532,37286,36864
xtensor,meeting01_loso,fsdd,snn-ae,poisson,conv1d,2,1.000000,0.800000,1,42,10847152482836004592,val,4,0.022356,0.088889,-0.384463,0.333333,0.020000,0.037736,0.531146,409432.000000,31260.064453,14.358874,37286,36864
xtensor,meeting01_loso,fsdd,snn-ae,poisson,conv1d,2,1.000000,0.900000,1,42,10847152482836004592,val,4,0.048010,0.145394,-1.973255,0.500000,0.160000,0.242424,0.520742,408633.000000,23630.716797,137.890091,37286,36864
xtensor,meeting01_loso,fsdd,snn-ae,poisson,conv1d,2,1.000000,0.990000,1,42,10847152482836004592,val,4,0.047165,0.153563,-1.920893,0.800000,0.160000,0.266667,0.541406,410220.000000,21308.294922,39.421326,37286,36864
xtensor,meeting01_loso,fsdd,snn-ae,poisson,conv1d,2,1.500000,0.800000,1,42,10847152482836004592,val,4,0.012385,0.065265,0.233005,0.000000,0.000000,0.000000,0.475508,405159.000000,27290.388672,14.153402,37286,36864
xtensor,meeting01_loso,fsdd,snn-ae,poisson,conv1d,2,1.500000,0.900000,1,42,10847152482836004592,val,4,0.049755,0.149174,-2.081365,0.625000,0.200000,0.303030,0.541198,410204.000000,28323.117188,13.967345,37286,36864
xtensor,meeting01_loso,fsdd,snn-ae,poisson,conv1d,2,1.500000,0.990000,1,42,10847152482836004592,val,4,0.044892,0.137159,-1.780105,0.400000,0.160000,0.228571,0.580404,413215.000000,17576.798828,14.108704,37286,36864
xtensor,meeting01_loso,fsdd,snn-ae,poisson,recurrent,2,0.500000,0.800000,1,42,10847152482836004592,val,4,0.047414,0.145218,-0.395843,0.571429,0.160000,0.250000,0.546120,410582.000000,89871.171875,991.908081,37286,36864
xtensor,meeting01_loso,fsdd,snn-ae,poisson,recurrent,2,0.500000,0.900000,1,42,10847152482836004592,val,4,0.054195,0.153638,-0.411698,0.500000,0.160000,0.242424,0.543932,410414.000000,89108.742188,988.611877,37286,36864
xtensor,meeting01_loso,fsdd,snn-ae,poisson,recurrent,2,0.500000,0.990000,1,42,10847152482836004592,val,4,0.113630,0.259771,-1.433295,0.507692,0.660000,0.573913,0.550052,410884.000000,73191.953125,1066.404785,37286,36864
xtensor,meeting01_loso,fsdd,snn-ae,poisson,recurrent,2,1.000000,0.800000,1,42,10847152482836004592,val,4,0.015326,0.072658,0.113687,0.000000,0.000000,0.000000,0.507318,407602.000000,358285.437500,1131.399902,37286,36864
xtensor,meeting01_loso,fsdd,snn-ae,poisson,recurrent,2,1.000000,0.900000,1,42,10847152482836004592,val,4,0.038062,0.135992,-0.943215,0.625000,0.100000,0.172414,0.522240,408748.000000,109126.484375,1167.429199,37286,36864
xtensor,meeting01_loso,fsdd,snn-ae,poisson,recurrent,2,1.000000,0.990000,1,42,10847152482836004592,val,4,0.133119,0.237899,-5.029092,0.551020,0.540000,0.545455,0.540716,410167.000000,155772.343750,1348.857422,37286,36864
xtensor,meeting01_loso,fsdd,snn-ae,poisson,recurrent,2,1.500000,0.800000,1,42,10847152482836004592,val,4,0.005092,0.031869,0.494310,0.000000,0.000000,0.000000,0.491979,406424.000000,251319.531250,1100.238892,37286,36864
xtensor,meeting01_loso,fsdd,snn-ae,poisson,recurrent,2,1.500000,0.900000,1,42,10847152482836004592,val,4,0.013361,0.061846,-0.150089,0.000000,0.000000,0.000000,0.494505,406618.000000,124938.234375,1210.495728,37286,36864
xtensor,meeting01_loso,fsdd,snn-ae,poisson,recurrent,2,1.500000,0.990000,1,42,10847152482836004592,val,4,0.050825,0.161139,-2.432190,0.500000,0.200000,0.285714,0.513815,408101.000000,90341.054688,1187.886353,37286,36864
xtensor,meeting01_loso,fsdd,snn-ae,poisson,recurrent,2,1.500000,0.800000,1,42,10847152482836004592,test,4,0.072081,0.141754,-0.758528,0.000000,0.000000,0.000000,0.499047,560274.000000,217808.906250,10272.831055,37286,36864
xtensor,meeting01_loso,fsdd,lstm-ae,poisson,lstm,1,0.000000,0.000000,2,43,10847152482836004592,val,4,0.006202,0.021116,0.759546,0.000000,0.000000,0.000000,0.000000,11842560.000000,2272693.250000,3041.311035,122472,1184256
xtensor,meeting01_loso,fsdd,lstm-ae,poisson,lstm,1,0.000000,0.000000,2,43,10847152482836004592,test,4,0.111593,0.126303,-0.098808,0.000000,0.000000,0.000000,0.000000,11842560.000000,0.000000,0.000000,122472,1184256
xtensor,meeting01_loso,fsdd,gru-ae,poisson,gru,1,0.000000,0.000000,2,43,10847152482836004592,val,4,0.008521,0.029078,0.669594,0.000000,0.000000,0.000000,0.000000,8893440.000000,1260750.500000,7062.235840,93032,889344
xtensor,meeting01_loso,fsdd,gru-ae,poisson,gru,1,0.000000,0.000000,2,43,10847152482836004592,test,4,0.114122,0.134311,-0.123206,0.000000,0.000000,0.000000,0.000000,8893440.000000,0.000000,0.000000,93032,889344
xtensor,meeting01_loso,fsdd,transformer-ae,poisson,transformer,1,0.000000,0.000000,2,43,10847152482836004592,val,4,0.001602,0.006418,0.937892,0.000000,0.000000,0.000000,0.000000,47554560.000000,326933.718750,728.306458,139176,4755456
xtensor,meeting01_loso,fsdd,transformer-ae,poisson,transformer,1,0.000000,0.000000,2,43,10847152482836004592,test,4,0.101173,0.129010,0.003843,0.000000,0.000000,0.000000,0.000000,47554560.000000,0.000000,0.000000,139176,4755456
xtensor,meeting01_loso,fsdd,snn-ae,poisson,dense,2,0.500000,0.800000,2,43,10847152482836004592,val,4,0.053901,0.154869,-1.089901,0.523810,0.220000,0.309859,0.509531,407772.000000,33641.433594,23.700891,37286,36864
xtensor,meeting01_loso,fsdd,snn-ae,poisson,dense,2,0.500000,0.900000,2,43,10847152482836004592,val,4,0.072349,0.191890,-1.805221,0.428571,0.240000,0.307692,0.511641,407934.000000,26884.720703,23.459032,37286,36864
xtensor,meeting01_loso,fsdd,snn-ae,poisson,dense,2,0.500000,0.990000,2,43,10847152482836004592,val,4,0.131077,0.244594,-4.082244,0.586207,0.680000,0.629630,0.547018,410651.000000,90999.921875,14.214100,37286,36864
xtensor,meeting01_loso,fsdd,snn-ae,poisson,dense,2,1.000000,0.800000,2,43,10847152482836004592,val,4,0.018945,0.089472,0.265464,0.000000,0.000000,0.000000,0.516589,408314.000000,32380.630859,13.173391,37286,36864
xtensor,meeting01_loso,fsdd,snn-ae,poisson,dense,2,1.000000,0.900000,2,43,10847152482836004592,val,4,0.049593,0.157859,-0.922908,0.545455,0.120000,0.196721,0.522721,408785.000000,27748.246094,16.575588,37286,36864
xtensor,meeting01_loso,fsdd,snn-ae,poisson,dense,2,1.000000,0.990000,2,43,10847152482836004592,val,4,0.102002,0.231500,-2.954997,0.553191,0.520000,0.536083,0.492552,406468.000000,75405.570312,15.392821,37286,36864
xtensor,meeting01_loso,fsdd,snn-ae,poisson,dense,2,1.500000,0.800000,2,43,10847152482836004592,val,4,0.008611,0.053487,0.666122,0.000000,0.000000,0.000000,0.532812,409560.000000,25167.603516,13.146086,37286,36864
xtensor,meeting01_loso,fsdd,snn-ae,poisson,dense,2,1.500000,0.900000,2,43,10847152482836004592,val,4,0.041152,0.142571,-0.595576,0.444444,0.080000,0.135593,0.522240,408748.000000,48027.250000,12.805469,37286,36864
xtensor,meeting01_loso,fsdd,snn-ae,poisson,dense,2,1.500000,0.990000,2,43,10847152482836004592,val,4,0.126257,0.252735,-3.895435,0.490909,0.540000,0.514286,0.489727,406251.000000,83949.640625,14.674084,37286,36864
xtensor,meeting01_loso,fsdd,snn-ae,poisson,conv1d,2,0.500000,0.800000,2,43,10847152482836004592,val,4,0.047030,0.149132,-1.918529,0.571429,0.160000,0.250000,0.518008,408423.000000,86869.632812,66.667374,37286,36864
xtensor,meeting01_loso,fsdd,snn-ae,poisson,conv1d,2,0.500000,0.900000,2,43,10847152482836004592,val,4,0.074469,0.176215,-3.621229,0.541667,0.260000,0.351351,0.566706,412163.000000,34535.765625,18.795376,37286,36864
xtensor,meeting01_loso,fsdd,snn-ae,poisson,conv1d,2,0.500000,0.990000,2,43,10847152482836004592,val,4,0.062994,0.169549,-2.909146,0.500000,0.200000,0.285714,0.574167,412736.000000,30541.443359,15.967905,37286,36864
xtensor,meeting01_loso,fsdd,snn-ae,poisson,conv1d,2,1.000000,0.800000,2,43,10847152482836004592,val,4,0.031724,0.113665,-0.968670,0.636364,0.140000,0.229508,0.512214,407978.000000,32060.861328,15.387521,37286,36864
xtensor,meeting01_loso,fsdd,snn-ae,poisson,conv1d,2,1.000000,0.900000,2,43,10847152482836004592,val,4,0.045844,0.144001,-1.844905,0.416667,0.100000,0.161290,0.551211,410973.000000,23349.511719,67.989624,37286,36864
xtensor,meeting01_loso,fsdd,snn-ae,poisson,conv1d,2,1.000000,0.990000,2,43,10847152482836004592,val,4,0.051993,0.154879,-2.226476,0.454545,0.200000,0.277778,0.603255,414970.000000,27379.638672,14.991239,37286,36864
xtensor,meeting01_loso,fsdd,snn-ae,poisson,conv1d,2,1.500000,0.800000,2,43,10847152482836004592,val,4,0.014389,0.065252,0.107115,1.000000,0.020000,0.039216,0.555352,411291.000000,33316.148438,14.003749,37286,36864
xtensor,meeting01_loso,fsdd,snn-ae,poisson,conv1d,2,1.500000,0.900000,2,43,10847152482836004592,val,4,0.036504,0.130616,-1.265334,0.428571,0.060000,0.105263,0.513542,408080.000000,25164.345703,13.959818,37286,36864
xtensor,meeting01_loso,fsdd,snn-ae,poisson,conv1d,2,1.500000,0.990000,2,43,10847152482836004592,val,4,0.097637,0.234333,-5.059082,0.500000,0.500000,0.500000,0.539557,410078.000000,25815.228516,19.527388,37286,36864
xtensor,meeting01_loso,fsdd,snn-ae,poisson,recurrent,2,0.500000,0.800000,2,43,10847152482836004592,val,4,0.046928,0.140389,-0.381524,0.714286,0.200000,0.312500,0.525221,408977.000000,123265.148438,1604.392090,37286,36864
xtensor,meeting01_loso,fsdd,snn-ae,poisson,recurrent,2,0.500000,0.900000,2,43,10847152482836004592,val,4,0.057539,0.140758,-0.500065,0.640000,0.320000,0.426667,0.516328,408294.000000,110460.515625,1520.830078,37286,36864
xtensor,meeting01_loso,fsdd,snn-ae,poisson,recurrent,2,0.500000,0.990000,2,43,10847152482836004592,val,4,0.108611,0.235214,-1.326838,0.487805,0.400000,0.439560,0.528893,409259.000000,288631.968750,1695.237061,37286,36864
xtensor,meeting01_loso,fsdd,snn-ae,poisson,recurrent,2,1.000000,0.800000,2,43,10847152482836004592,val,4,0.011011,0.058523,0.364130,0.000000,0.000000,0.000000,0.513008,408039.000000,144939.437500,2013.820679,37286,36864
xtensor,meeting01_loso,fsdd,snn-ae,poisson,recurrent,2,1.000000,0.900000,2,43,10847152482836004592,val,4,0.045664,0.147373,-1.329891,0.750000,0.180000,0.290323,0.513346,408065.000000,169436.359375,1453.134033,37286,36864
xtensor,meeting01_loso,fsdd,snn-ae,poisson,recurrent,2,1.000000,0.990000,2,43,10847152482836004592,val,4,0.164843,0.275213,-6.470112,0.560000,0.560000,0.560000,0.541628,410237.000000,155645.937500,1573.815063,37286,36864
xtensor,meeting01_loso,fsdd,snn-ae,poisson,recurrent,2,1.500000,0.800000,2,43,10847152482836004592,val,4,0.007421,0.045027,0.264846,0.000000,0.000000,0.000000,0.499674,407015.000000,136450.546875,1102.239990,37286,36864
xtensor,meeting01_loso,fsdd,snn-ae,poisson,recurrent,2,1.500000,0.900000,2,43,10847152482836004592,val,4,0.023110,0.100308,-0.989235,0.000000,0.000000,0.000000,0.528997,409267.000000,113270.445312,1163.058228,37286,36864
xtensor,meeting01_loso,fsdd,snn-ae,poisson,recurrent,2,1.500000,0.990000,2,43,10847152482836004592,val,4,0.065591,0.186750,-3.436832,0.285714,0.120000,0.169014,0.510273,407829.000000,102121.390625,1097.051147,37286,36864
xtensor,meeting01_loso,fsdd,snn-ae,poisson,recurrent,2,1.500000,0.800000,2,43,10847152482836004592,test,4,0.047243,0.084300,-0.155500,0.000000,0.000000,0.000000,0.502180,561477.000000,176291.296875,1096.895996,37286,36864
xtensor,meeting01_loso,fsdd,lstm-ae,poisson,lstm,1,0.000000,0.000000,3,44,10847152482836004592,val,4,0.008334,0.024462,0.676875,0.000000,0.000000,0.000000,0.000000,11842560.000000,641419.000000,2160.402588,122472,1184256
xtensor,meeting01_loso,fsdd,lstm-ae,poisson,lstm,1,0.000000,0.000000,3,44,10847152482836004592,test,4,0.114219,0.130095,-0.127334,0.000000,0.000000,0.000000,0.000000,11842560.000000,0.000000,0.000000,122472,1184256
xtensor,meeting01_loso,fsdd,gru-ae,poisson,gru,1,0.000000,0.000000,3,44,10847152482836004592,val,4,0.008269,0.022862,0.679402,0.000000,0.000000,0.000000,0.000000,8893440.000000,676045.562500,3690.382324,93032,889344
xtensor,meeting01_loso,fsdd,gru-ae,poisson,gru,1,0.000000,0.000000,3,44,10847152482836004592,test,4,0.114462,0.129014,-0.129823,0.000000,0.000000,0.000000,0.000000,8893440.000000,0.000000,0.000000,93032,889344
xtensor,meeting01_loso,fsdd,transformer-ae,poisson,transformer,1,0.000000,0.000000,3,44,10847152482836004592,val,4,0.000324,0.006494,0.987447,0.000000,0.000000,0.000000,0.000000,47554560.000000,419807.218750,582.673035,139176,4755456
xtensor,meeting01_loso,fsdd,transformer-ae,poisson,transformer,1,0.000000,0.000000,3,44,10847152482836004592,test,4,0.110048,0.116871,-0.086355,0.000000,0.000000,0.000000,0.000000,47554560.000000,0.000000,0.000000,139176,4755456
xtensor,meeting01_loso,fsdd,snn-ae,poisson,dense,2,0.500000,0.800000,3,44,10847152482836004592,val,4,0.035596,0.128834,-0.380173,0.571429,0.080000,0.140351,0.507214,407594.000000,22857.849609,13.704685,37286,36864
xtensor,meeting01_loso,fsdd,snn-ae,poisson,dense,2,0.500000,0.900000,3,44,10847152482836004592,val,4,0.082891,0.213889,-2.214012,0.583333,0.420000,0.488372,0.497552,406852.000000,22453.673828,115.286697,37286,36864
xtensor,meeting01_loso,fsdd,snn-ae,poisson,dense,2,0.500000,0.990000,3,44,10847152482836004592,val,4,0.086057,0.222059,-2.336794,0.520000,0.260000,0.346667,0.522422,408762.000000,19383.933594,12.827403,37286,36864
xtensor,meeting01_loso,fsdd,snn-ae,poisson,dense,2,1.000000,0.800000,3,44,10847152482836004592,val,4,0.014048,0.073937,0.455316,0.000000,0.000000,0.000000,0.496523,406773.000000,27430.593750,12.646793,37286,36864
xtensor,meeting01_loso,fsdd,snn-ae,poisson,dense,2,1.000000,0.900000,3,44,10847152482836004592,val,4,0.043226,0.145660,-0.676003,0.625000,0.100000,0.172414,0.509323,407756.000000,19753.167969,12.726902,37286,36864
xtensor,meeting01_loso,fsdd,snn-ae,poisson,dense,2,1.000000,0.990000,3,44,10847152482836004592,val,4,0.099640,0.223376,-2.863384,0.486486,0.360000,0.413793,0.505273,407445.000000,34252.339844,13.734228,37286,36864
xtensor,meeting01_loso,fsdd,snn-ae,poisson,dense,2,1.500000,0.800000,3,44,10847152482836004592,val,4,0.011607,0.062881,0.549965,0.000000,0.000000,0.000000,0.506680,407553.000000,26348.914062,12.758610,37286,36864
xtensor,meeting01_loso,fsdd,snn-ae,poisson,dense,2,1.500000,0.900000,3,44,10847152482836004592,val,4,0.022924,0.094103,0.111158,1.000000,0.060000,0.113208,0.486979,406040.000000,28026.644531,22.435177,37286,36864
xtensor,meeting01_loso,fsdd,snn-ae,poisson,dense,2,1.500000,0.990000,3,44,10847152482836004592,val,4,0.094506,0.221666,-2.664381,0.580645,0.360000,0.444444,0.506510,407540.000000,22719.390625,14.420563,37286,36864
xtensor,meeting01_loso,fsdd,snn-ae,poisson,conv1d,2,0.500000,0.800000,3,44,10847152482836004592,val,4,0.039017,0.132312,-1.425454,0.625000,0.100000,0.172414,0.527370,409142.000000,33132.164062,16.183996,37286,36864
xtensor,meeting01_loso,fsdd,snn-ae,poisson,conv1d,2,0.500000,0.900000,3,44,10847152482836004592,val,4,0.033875,0.120270,-1.105736,0.363636,0.080000,0.131148,0.592604,414152.000000,22193.263672,18.631321,37286,36864
xtensor,meeting01_loso,fsdd,snn-ae,poisson,conv1d,2,0.500000,0.990000,3,44,10847152482836004592,val,4,0.044799,0.124307,-1.784727,0.592593,0.320000,0.415584,0.608555,415377.000000,18454.820312,14.021348,37286,36864
xtensor,meeting01_loso,fsdd,snn-ae,poisson,conv1d,2,1.000000,0.800000,3,44,10847152482836004592,val,4,0.040104,0.124136,-1.492975,0.583333,0.140000,0.225806,0.531133,409431.000000,36512.332031,14.065907,37286,36864
xtensor,meeting01_loso,fsdd,snn-ae,poisson,conv1d,2,1.000000,0.900000,3,44,10847152482836004592,val,4,0.067720,0.169979,-3.209753,0.454545,0.200000,0.277778,0.509206,407747.000000,48112.046875,14.353027,37286,36864
xtensor,meeting01_loso,fsdd,snn-ae,poisson,conv1d,2,1.000000,0.990000,3,44,10847152482836004592,val,4,0.031813,0.115970,-0.977559,0.666667,0.040000,0.075472,0.620612,416303.000000,28030.197266,19.340212,37286,36864
xtensor,meeting01_loso,fsdd,snn-ae,poisson,conv1d,2,1.500000,0.800000,3,44,10847152482836004592,val,4,0.014868,0.074662,0.075748,0.000000,0.000000,0.000000,0.485990,405964.000000,47861.757812,13.054041,37286,36864
xtensor,meeting01_loso,fsdd,snn-ae,poisson,conv1d,2,1.500000,0.900000,3,44,10847152482836004592,val,4,0.023842,0.104245,-0.482083,0.500000,0.020000,0.038462,0.497839,406874.000000,28429.287109,14.093426,37286,36864
xtensor,meeting01_loso,fsdd,snn-ae,poisson,conv1d,2,1.500000,0.990000,3,44,10847152482836004592,val,4,0.032481,0.109524,-1.019075,0.545455,0.120000,0.196721,0.618542,416144.000000,20951.511719,14.108302,37286,36864
xtensor,meeting01_loso,fsdd,snn-ae,poisson,recurrent,2,0.500000,0.800000,3,44,10847152482836004592,val,4,0.040176,0.132297,-0.182373,0.700000,0.140000,0.233333,0.538802,410020.000000,89868.132812,1015.724670,37286,36864
xtensor,meeting01_loso,fsdd,snn-ae,poisson,recurrent,2,0.500000,0.900000,3,44,10847152482836004592,val,4,0.061557,0.166708,-0.605252,0.434783,0.200000,0.273973,0.507760,407636.000000,111225.671875,1475.807495,37286,36864
xtensor,meeting01_loso,fsdd,snn-ae,poisson,recurrent,2,0.500000,0.990000,3,44,10847152482836004592,val,4,0.133265,0.248757,-1.854990,0.524590,0.640000,0.576577,0.568789,412323.000000,255837.765625,1463.608276,37286,36864
xtensor,meeting01_loso,fsdd,snn-ae,poisson,recurrent,2,1.000000,0.800000,3,44,10847152482836004592,val,4,0.012114,0.066169,0.298944,0.000000,0.000000,0.000000,0.484714,405866.000000,126052.093750,1879.969971,37286,36864
xtensor,meeting01_loso,fsdd,snn-ae,poisson,recurrent,2,1.000000,0.900000,3,44,10847152482836004592,val,4,0.044674,0.142343,-1.278039,1.000000,0.120000,0.214286,0.514049,408119.000000,133570.515625,1580.398438,37286,36864
xtensor,meeting01_loso,fsdd,snn-ae,poisson,recurrent,2,1.000000,0.990000,3,44,10847152482836004592,val,4,0.182977,0.318666,-7.292079,0.548387,0.680000,0.607143,0.513086,408045.000000,122333.953125,1208.943481,37286,36864
xtensor,meeting01_loso,fsdd,snn-ae,poisson,recurrent,2,1.500000,0.800000,3,44,10847152482836004592,val,4,0.006649,0.038467,0.341300,1.000000,0.020000,0.039216,0.526940,409109.000000,164839.109375,1005.931824,37286,36864
xtensor,meeting01_loso,fsdd,snn-ae,poisson,recurrent,2,1.500000,0.900000,3,44,10847152482836004592,val,4,0.010055,0.047201,0.132676,0.000000,0.000000,0.000000,0.494388,406609.000000,224979.437500,1237.542114,37286,36864
xtensor,meeting01_loso,fsdd,snn-ae,poisson,recurrent,2,1.500000,0.990000,3,44,10847152482836004592,val,4,0.148415,0.264534,-9.047453,0.526316,0.600000,0.560748,0.488958,406192.000000,124719.500000,1145.644043,37286,36864
xtensor,meeting01_loso,fsdd,snn-ae,poisson,recurrent,2,1.500000,0.800000,3,44,10847152482836004592,test,4,0.088920,0.168671,-1.182589,0.000000,0.000000,0.000000,0.501300,561139.000000,269040.437500,2546.984619,37286,36864
xtensor,meeting01_loso,fsdd,lstm-ae,poisson,lstm,1,0.000000,0.000000,4,45,10847152482836004592,val,4,0.002981,0.014699,0.884066,0.000000,0.000000,0.000000,0.000000,11842560.000000,1928146.750000,2360.356445,122472,1184256
xtensor,meeting01_loso,fsdd,lstm-ae,poisson,lstm,1,0.000000,0.000000,4,45,10847152482836004592,test,4,0.109709,0.122249,-0.076560,0.000000,0.000000,0.000000,0.000000,11842560.000000,0.000000,0.000000,122472,1184256
xtensor,meeting01_loso,fsdd,gru-ae,poisson,gru,1,0.000000,0.000000,4,45,10847152482836004592,val,4,0.005924,0.028465,0.769562,0.000000,0.000000,0.000000,0.000000,8893440.000000,1725331.750000,3554.321045,93032,889344
xtensor,meeting01_loso,fsdd,gru-ae,poisson,gru,1,0.000000,0.000000,4,45,10847152482836004592,test,4,0.108543,0.132134,-0.064985,0.000000,0.000000,0.000000,0.000000,8893440.000000,0.000000,0.000000,93032,889344
xtensor,meeting01_loso,fsdd,transformer-ae,poisson,transformer,1,0.000000,0.000000,4,45,10847152482836004592,val,4,0.000537,0.006979,0.979119,0.000000,0.000000,0.000000,0.000000,47554560.000000,676868.062500,1124.401489,139176,4755456
xtensor,meeting01_loso,fsdd,transformer-ae,poisson,transformer,1,0.000000,0.000000,4,45,10847152482836004592,test,4,0.095986,0.147167,0.057584,0.000000,0.000000,0.000000,0.000000,47554560.000000,0.000000,0.000000,139176,4755456
xtensor,meeting01_loso,fsdd,snn-ae,poisson,dense,2,0.500000,0.800000,4,45,10847152482836004592,val,4,0.056076,0.151138,-1.181236,0.571429,0.240000,0.338028,0.497057,406814.000000,52531.710938,21.918287,37286,36864
xtensor,meeting01_loso,fsdd,snn-ae,poisson,dense,2,0.500000,0.900000,4,45,10847152482836004592,val,4,0.043889,0.144484,-0.707181,0.428571,0.120000,0.187500,0.514154,408127.000000,28268.484375,21.566916,37286,36864
xtensor,meeting01_loso,fsdd,snn-ae,poisson,dense,2,0.500000,0.990000,4,45,10847152482836004592,val,4,0.129027,0.269350,-4.018960,0.500000,0.600000,0.545455,0.536575,409849.000000,29926.074219,19.209480,37286,36864
xtensor,meeting01_loso,fsdd,snn-ae,poisson,dense,2,1.000000,0.800000,4,45,10847152482836004592,val,4,0.024448,0.098922,0.049033,0.000000,0.000000,0.000000,0.484414,405843.000000,38692.296875,19.381708,37286,36864
xtensor,meeting01_loso,fsdd,snn-ae,poisson,dense,2,1.000000,0.900000,4,45,10847152482836004592,val,4,0.050290,0.157618,-0.956195,0.500000,0.160000,0.242424,0.475742,405177.000000,36466.664062,17.310204,37286,36864
xtensor,meeting01_loso,fsdd,snn-ae,poisson,dense,2,1.000000,0.990000,4,45,10847152482836004592,val,4,0.091017,0.217776,-2.540407,0.526316,0.400000,0.454545,0.523672,408858.000000,32428.115234,21.015656,37286,36864
xtensor,meeting01_loso,fsdd,snn-ae,poisson,dense,2,1.500000,0.800000,4,45,10847152482836004592,val,4,0.015696,0.072446,0.389446,0.333333,0.020000,0.037736,0.467969,404580.000000,38664.839844,17.487600,37286,36864
xtensor,meeting01_loso,fsdd,snn-ae,poisson,dense,2,1.500000,0.900000,4,45,10847152482836004592,val,4,0.037725,0.140500,-0.467426,0.333333,0.020000,0.037736,0.514987,408191.000000,30746.806641,19.431437,37286,36864
xtensor,meeting01_loso,fsdd,snn-ae,poisson,dense,2,1.500000,0.990000,4,45,10847152482836004592,val,4,0.105095,0.232900,-3.088083,0.600000,0.660000,0.628571,0.521042,408656.000000,35320.433594,19.854956,37286,36864
xtensor,meeting01_loso,fsdd,snn-ae,poisson,conv1d,2,0.500000,0.800000,4,45,10847152482836004592,val,4,0.026035,0.112887,-0.621235,0.000000,0.000000,0.000000,0.510612,407855.000000,37282.132812,18.231693,37286,36864
xtensor,meeting01_loso,fsdd,snn-ae,poisson,conv1d,2,0.500000,0.900000,4,45,10847152482836004592,val,4,0.038175,0.127434,-1.377158,0.428571,0.120000,0.187500,0.571628,412541.000000,29654.966797,20.045904,37286,36864
xtensor,meeting01_loso,fsdd,snn-ae,poisson,conv1d,2,0.500000,0.990000,4,45,10847152482836004592,val,4,0.087101,0.208114,-4.423691,0.440000,0.440000,0.440000,0.575586,412845.000000,32043.359375,17.507576,37286,36864
xtensor,meeting01_loso,fsdd,snn-ae,poisson,conv1d,2,1.000000,0.800000,4,45,10847152482836004592,val,4,0.039046,0.131065,-1.431392,0.444444,0.080000,0.135593,0.534596,409697.000000,50082.511719,35.709095,37286,36864
xtensor,meeting01_loso,fsdd,snn-ae,poisson,conv1d,2,1.000000,0.900000,4,45,10847152482836004592,val,4,0.089155,0.209449,-4.551708,0.437500,0.280000,0.341463,0.520664,408627.000000,49934.933594,19.726795,37286,36864
xtensor,meeting01_loso,fsdd,snn-ae,poisson,conv1d,2,1.000000,0.990000,4,45,10847152482836004592,val,4,0.062448,0.180073,-2.888623,0.538462,0.280000,0.368421,0.545482,410533.000000,38785.226562,19.742649,37286,36864
xtensor,meeting01_loso,fsdd,snn-ae,poisson,conv1d,2,1.500000,0.800000,4,45,10847152482836004592,val,4,0.015116,0.077762,0.058700,0.000000,0.000000,0.000000,0.496328,406758.000000,50082.171875,20.109110,37286,36864
xtensor,meeting01_loso,fsdd,snn-ae,poisson,conv1d,2,1.500000,0.900000,4,45,10847152482836004592,val,4,0.025282,0.105858,-0.574351,0.000000,0.000000,0.000000,0.524245,408902.000000,34651.433594,21.544777,37286,36864
xtensor,meeting01_loso,fsdd,snn-ae,poisson,conv1d,2,1.500000,0.990000,4,45,10847152482836004592,val,4,0.023207,0.090999,-0.445067,0.555556,0.100000,0.169492,0.580625,413232.000000,38635.144531,19.327513,37286,36864
xtensor,meeting01_loso,fsdd,snn-ae,poisson,recurrent,2,0.500000,0.800000,4,45,10847152482836004592,val,4,0.057949,0.169967,-0.710728,0.500000,0.220000,0.305556,0.537591,409927.000000,129858.101562,1607.256348,37286,36864
xtensor,meeting01_loso,fsdd,snn-ae,poisson,recurrent,2,0.500000,0.900000,4,45,10847152482836004592,val,4,0.053078,0.140363,-0.389856,0.687500,0.220000,0.333333,0.552526,411074.000000,126344.890625,1642.917847,37286,36864
xtensor,meeting01_loso,fsdd,snn-ae,poisson,recurrent,2,0.500000,0.990000,4,45,10847152482836004592,val,4,0.096531,0.216510,-1.074802,0.448980,0.440000,0.444444,0.562891,411870.000000,107606.203125,1824.057617,37286,36864
xtensor,meeting01_loso,fsdd,snn-ae,poisson,recurrent,2,1.000000,0.800000,4,45,10847152482836004592,val,4,0.014983,0.071247,0.128627,0.000000,0.000000,0.000000,0.497487,406847.000000,118224.632812,1798.583740,37286,36864
xtensor,meeting01_loso,fsdd,snn-ae,poisson,recurrent,2,1.000000,0.900000,4,45,10847152482836004592,val,4,0.057396,0.168507,-1.939311,0.588235,0.200000,0.298507,0.509948,407804.000000,137812.781250,1573.429077,37286,36864
xtensor,meeting01_loso,fsdd,snn-ae,poisson,recurrent,2,1.000000,0.990000,4,45,10847152482836004592,val,4,0.079072,0.193652,-2.596704,0.515152,0.340000,0.409639,0.515508,408231.000000,114517.328125,1686.651855,37286,36864
xtensor,meeting01_loso,fsdd,snn-ae,poisson,recurrent,2,1.500000,0.800000,4,45,10847152482836004592,val,4,0.007439,0.042406,0.258345,1.000000,0.020000,0.039216,0.529909,409337.000000,152627.078125,962.190125,37286,36864
xtensor,meeting01_loso,fsdd,snn-ae,poisson,recurrent,2,1.500000,0.900000,4,45,10847152482836004592,val,4,0.021501,0.091135,-0.862119,1.000000,0.020000,0.039216,0.505586,407469.000000,89140.429688,992.618103,37286,36864
xtensor,meeting01_loso,fsdd,snn-ae,poisson,recurrent,2,1.500000,0.990000,4,45,10847152482836004592,val,4,0.075840,0.207179,-4.142841,0.416667,0.300000,0.348837,0.501510,407156.000000,69257.335938,942.309143,37286,36864
xtensor,meeting01_loso,fsdd,snn-ae,poisson,recurrent,2,1.500000,0.800000,4,45,10847152482836004592,test,4,0.058577,0.115329,-0.425264,0.000000,0.000000,0.000000,0.520013,568325.000000,89131.898438,1075.070923,37286,36864
xtensor,meeting01_loso,fsdd,lstm-ae,poisson,lstm,1,0.000000,0.000000,5,46,10847152482836004592,val,4,0.008227,0.022565,0.681487,0.000000,0.000000,0.000000,0.000000,11842560.000000,682711.562500,1972.592407,122472,1184256
xtensor,meeting01_loso,fsdd,lstm-ae,poisson,lstm,1,0.000000,0.000000,5,46,10847152482836004592,test,4,0.114329,0.128602,-0.122287,0.000000,0.000000,0.000000,0.000000,11842560.000000,0.000000,0.000000,122472,1184256
xtensor,meeting01_loso,fsdd,gru-ae,poisson,gru,1,0.000000,0.000000,5,46,10847152482836004592,val,4,0.008253,0.021895,0.680505,0.000000,0.000000,0.000000,0.000000,8893440.000000,727664.375000,3244.592285,93032,889344
xtensor,meeting01_loso,fsdd,gru-ae,poisson,gru,1,0.000000,0.000000,5,46,10847152482836004592,test,4,0.113489,0.130511,-0.113843,0.000000,0.000000,0.000000,0.000000,8893440.000000,0.000000,0.000000,93032,889344
xtensor,meeting01_loso,fsdd,transformer-ae,poisson,transformer,1,0.000000,0.000000,5,46,10847152482836004592,val,4,0.001002,0.006389,0.961213,0.000000,0.000000,0.000000,0.000000,47554560.000000,262131.453125,510.471100,139176,4755456
xtensor,meeting01_loso,fsdd,transformer-ae,poisson,transformer,1,0.000000,0.000000,5,46,10847152482836004592,test,4,0.106802,0.112591,-0.048620,0.000000,0.000000,0.000000,0.000000,47554560.000000,0.000000,0.000000,139176,4755456
xtensor,meeting01_loso,fsdd,snn-ae,poisson,dense,2,0.500000,0.800000,5,46,10847152482836004592,val,4,0.050843,0.151365,-0.968465,0.466667,0.140000,0.215385,0.496094,406740.000000,19434.468750,12.157981,37286,36864
xtensor,meeting01_loso,fsdd,snn-ae,poisson,dense,2,0.500000,0.900000,5,46,10847152482836004592,val,4,0.065121,0.182013,-1.521244,0.720000,0.360000,0.480000,0.506667,407552.000000,15545.468750,12.137518,37286,36864
xtensor,meeting01_loso,fsdd,snn-ae,poisson,dense,2,0.500000,0.990000,5,46,10847152482836004592,val,4,0.171473,0.303907,-5.638862,0.527778,0.760000,0.622951,0.504518,407387.000000,35000.699219,11.423176,37286,36864
xtensor,meeting01_loso,fsdd,snn-ae,poisson,dense,2,1.000000,0.800000,5,46,10847152482836004592,val,4,0.021220,0.090411,0.178429,0.666667,0.040000,0.075472,0.511589,407930.000000,19494.138672,12.907942,37286,36864
xtensor,meeting01_loso,fsdd,snn-ae,poisson,dense,2,1.000000,0.900000,5,46,10847152482836004592,val,4,0.039902,0.135897,-0.544873,0.666667,0.160000,0.258065,0.528503,409229.000000,19587.761719,60.410107,37286,36864
xtensor,meeting01_loso,fsdd,snn-ae,poisson,dense,2,1.000000,0.990000,5,46,10847152482836004592,val,4,0.138390,0.283771,-4.358068,0.514286,0.720000,0.600000,0.523268,408827.000000,16990.529297,11.946920,37286,36864
xtensor,meeting01_loso,fsdd,snn-ae,poisson,dense,2,1.500000,0.800000,5,46,10847152482836004592,val,4,0.008883,0.050369,0.656073,0.000000,0.000000,0.000000,0.531081,409427.000000,27520.853516,11.444409,37286,36864
xtensor,meeting01_loso,fsdd,snn-ae,poisson,dense,2,1.500000,0.900000,5,46,10847152482836004592,val,4,0.035435,0.131152,-0.371900,0.750000,0.060000,0.111111,0.501745,407174.000000,17036.080078,12.108115,37286,36864
xtensor,meeting01_loso,fsdd,snn-ae,poisson,dense,2,1.500000,0.990000,5,46,10847152482836004592,val,4,0.108610,0.243476,-3.204978,0.558140,0.480000,0.516129,0.545911,410566.000000,15624.911133,12.242420,37286,36864
xtensor,meeting01_loso,fsdd,snn-ae,poisson,conv1d,2,0.500000,0.800000,5,46,10847152482836004592,val,4,0.056801,0.164036,-2.516156,0.480000,0.240000,0.320000,0.534987,409727.000000,19943.369141,13.014870,37286,36864
xtensor,meeting01_loso,fsdd,snn-ae,poisson,conv1d,2,0.500000,0.900000,5,46,10847152482836004592,val,4,0.082540,0.212350,-4.109453,0.545455,0.480000,0.510638,0.536979,409880.000000,18363.800781,14.113550,37286,36864
xtensor,meeting01_loso,fsdd,snn-ae,poisson,conv1d,2,0.500000,0.990000,5,46,10847152482836004592,val,4,0.022629,0.092954,-0.400771,1.000000,0.040000,0.076923,0.605000,415104.000000,19886.240234,12.725586,37286,36864
xtensor,meeting01_loso,fsdd,snn-ae,poisson,conv1d,2,1.000000,0.800000,5,46,10847152482836004592,val,4,0.031441,0.114730,-0.946252,0.625000,0.100000,0.172414,0.511406,407916.000000,27117.357422,13.086667,37286,36864
xtensor,meeting01_loso,fsdd,snn-ae,poisson,conv1d,2,1.000000,0.900000,5,46,10847152482836004592,val,4,0.026179,0.111127,-0.620586,1.000000,0.020000,0.039216,0.524115,408892.000000,19719.121094,12.756455,37286,36864
xtensor,meeting01_loso,fsdd,snn-ae,poisson,conv1d,2,1.000000,0.990000,5,46,10847152482836004592,val,4,0.060698,0.164064,-2.757308,0.517241,0.300000,0.379747,0.552969,411108.000000,19687.218750,14.771040,37286,36864
xtensor,meeting01_loso,fsdd,snn-ae,poisson,conv1d,2,1.500000,0.800000,5,46,10847152482836004592,val,4,0.009265,0.057342,0.426493,0.000000,0.000000,0.000000,0.507982,407653.000000,32484.144531,12.842431,37286,36864
xtensor,meeting01_loso,fsdd,snn-ae,poisson,conv1d,2,1.500000,0.900000,5,46,10847152482836004592,val,4,0.033773,0.124156,-1.090657,0.333333,0.060000,0.101695,0.495716,406711.000000,24372.695312,13.081917,37286,36864
xtensor,meeting01_loso,fsdd,snn-ae,poisson,conv1d,2,1.500000,0.990000,5,46,10847152482836004592,val,4,0.058278,0.171845,-2.607589,0.461538,0.240000,0.315789,0.527669,409165.000000,19510.359375,18.842537,37286,36864
xtensor,meeting01_loso,fsdd,snn-ae,poisson,recurrent,2,0.500000,0.800000,5,46,10847152482836004592,val,4,0.066284,0.184644,-0.950784,0.423077,0.220000,0.289474,0.508776,407714.000000,73859.273438,976.944824,37286,36864
xtensor,meeting01_loso,fsdd,snn-ae,poisson,recurrent,2,0.500000,0.900000,5,46,10847152482836004592,val,4,0.071577,0.182309,-0.866523,0.379310,0.220000,0.278481,0.549635,410852.000000,68858.593750,894.067017,37286,36864
xtensor,meeting01_loso,fsdd,snn-ae,poisson,recurrent,2,0.500000,0.990000,5,46,10847152482836004592,val,4,0.109353,0.230967,-1.340113,0.525000,0.420000,0.466667,0.567357,412213.000000,92099.140625,937.727356,37286,36864
xtensor,meeting01_loso,fsdd,snn-ae,poisson,recurrent,2,1.000000,0.800000,5,46,10847152482836004592,val,4,0.010042,0.056010,0.419279,0.000000,0.000000,0.000000,0.523438,408840.000000,109917.382812,931.282166,37286,36864
xtensor,meeting01_loso,fsdd,snn-ae,poisson,recurrent,2,1.000000,0.900000,5,46,10847152482836004592,val,4,0.035418,0.114870,-0.803792,0.750000,0.120000,0.206897,0.514609,408162.000000,73678.398438,1047.586304,37286,36864
xtensor,meeting01_loso,fsdd,snn-ae,poisson,recurrent,2,1.000000,0.990000,5,46,10847152482836004592,val,4,0.085066,0.196356,-2.850414,0.680000,0.340000,0.453333,0.536120,409814.000000,73823.781250,948.754211,37286,36864
xtensor,meeting01_loso,fsdd,snn-ae,poisson,recurrent,2,1.500000,0.800000,5,46,10847152482836004592,val,4,0.005031,0.029688,0.498460,0.000000,0.000000,0.000000,0.509271,407752.000000,105810.226562,930.621521,37286,36864
xtensor,meeting01_loso,fsdd,snn-ae,poisson,recurrent,2,1.500000,0.900000,5,46,10847152482836004592,val,4,0.009966,0.037144,0.137804,0.333333,0.040000,0.071429,0.535742,409785.000000,183178.250000,950.336182,37286,36864
xtensor,meeting01_loso,fsdd,snn-ae,poisson,recurrent,2,1.500000,0.990000,5,46,10847152482836004592,val,4,0.131456,0.253658,-7.899373,0.416667,0.400000,0.408163,0.512240,407980.000000,122259.671875,932.267517,37286,36864
xtensor,meeting01_loso,fsdd,snn-ae,poisson,recurrent,2,1.500000,0.800000,5,46,10847152482836004592,test,4,0.059974,0.127935,-0.463339,0.000000,0.000000,0.000000,0.488737,556315.000000,166672.640625,1004.903992,37286,36864
xtensor,meeting01_loso,fsdd,lstm-ae,latency,lstm,1,0.000000,0.000000,1,42,10847152482836004592,val,4,0.005920,0.018422,0.786239,0.000000,0.000000,0.000000,0.000000,11842560.000000,890444.625000,2063.733643,122472,1184256
xtensor,meeting01_loso,fsdd,lstm-ae,latency,lstm,1,0.000000,0.000000,1,42,10847152482836004592,test,4,0.110941,0.164072,0.488760,0.000000,0.000000,0.000000,0.000000,11842560.000000,0.000000,0.000000,122472,1184256
xtensor,meeting01_loso,fsdd,gru-ae,latency,gru,1,0.000000,0.000000,1,42,10847152482836004592,val,4,0.003953,0.018951,0.857270,0.000000,0.000000,0.000000,0.000000,8893440.000000,948403.625000,3370.582764,93032,889344
xtensor,meeting01_loso,fsdd,gru-ae,latency,gru,1,0.000000,0.000000,1,42,10847152482836004592,test,4,0.106325,0.158657,0.510103,0.000000,0.000000,0.000000,0.000000,8893440.000000,0.000000,0.000000,93032,889344
xtensor,meeting01_loso,fsdd,transformer-ae,latency,transformer,1,0.000000,0.000000,1,42,10847152482836004592,val,4,0.002733,0.011775,0.901327,0.000000,0.000000,0.000000,0.000000,47554560.000000,213282.765625,535.268494,139176,4755456
xtensor,meeting01_loso,fsdd,transformer-ae,latency,transformer,1,0.000000,0.000000,1,42,10847152482836004592,test,4,0.112115,0.162517,0.483389,0.000000,0.000000,0.000000,0.000000,47554560.000000,0.000000,0.000000,139176,4755456
xtensor,meeting01_loso,fsdd,snn-ae,latency,dense,2,0.500000,0.800000,1,42,10847152482836004592,val,4,0.007170,0.023867,0.741096,0.000000,0.000000,0.000000,0.657812,419160.000000,7917.003906,12.109232,37286,36864
xtensor,meeting01_loso,fsdd,snn-ae,latency,dense,2,0.500000,0.900000,1,42,10847152482836004592,val,4,0.011871,0.035504,0.571342,0.000000,0.000000,0.000000,0.648086,418413.000000,8944.503906,11.800112,37286,36864
xtensor,meeting01_loso,fsdd,snn-ae,latency,dense,2,0.500000,0.990000,1,42,10847152482836004592,val,4,0.021307,0.052481,0.230631,0.000000,0.000000,0.000000,0.639089,417722.000000,9811.851562,11.736836,37286,36864
xtensor,meeting01_loso,fsdd,snn-ae,latency,dense,2,1.000000,0.800000,1,42,10847152482836004592,val,4,0.006515,0.024176,0.764766,0.000000,0.000000,0.000000,0.603815,415013.000000,8905.997070,11.482751,37286,36864
xtensor,meeting01_loso,fsdd,snn-ae,latency,dense,2,1.000000,0.900000,1,42,10847152482836004592,val,4,0.007207,0.022201,0.739787,0.000000,0.000000,0.000000,0.558997,411571.000000,7773.130371,11.234883,37286,36864
xtensor,meeting01_loso,fsdd,snn-ae,latency,dense,2,1.000000,0.990000,1,42,10847152482836004592,val,4,0.013414,0.043641,0.515664,0.000000,0.000000,0.000000,0.640339,417818.000000,9174.687500,10.920525,37286,36864
xtensor,meeting01_loso,fsdd,snn-ae,latency,dense,2,1.500000,0.800000,1,42,10847152482836004592,val,4,0.039537,0.133250,-0.427623,0.000000,0.000000,0.000000,0.512148,407973.000000,25459.111328,11.041910,37286,36864
xtensor,meeting01_loso,fsdd,snn-ae,latency,dense,2,1.500000,0.900000,1,42,10847152482836004592,val,4,0.006247,0.024430,0.774448,0.000000,0.000000,0.000000,0.541771,410248.000000,11664.978516,11.195213,37286,36864
xtensor,meeting01_loso,fsdd,snn-ae,latency,dense,2,1.500000,0.990000,1,42,10847152482836004592,val,4,0.012641,0.039072,0.543557,0.000000,0.000000,0.000000,0.681745,420998.000000,7780.040039,11.036672,37286,36864
xtensor,meeting01_loso,fsdd,snn-ae,latency,conv1d,2,0.500000,0.800000,1,42,10847152482836004592,val,4,0.010918,0.041119,0.530014,0.000000,0.000000,0.000000,0.574141,412734.000000,11631.084961,12.086533,37286,36864
xtensor,meeting01_loso,fsdd,snn-ae,latency,conv1d,2,0.500000,0.900000,1,42,10847152482836004592,val,4,0.007290,0.025732,0.686193,0.000000,0.000000,0.000000,0.655638,418993.000000,7779.491699,12.309399,37286,36864
xtensor,meeting01_loso,fsdd,snn-ae,latency,conv1d,2,0.500000,0.990000,1,42,10847152482836004592,val,4,0.009433,0.028195,0.593947,0.000000,0.000000,0.000000,0.639661,417766.000000,16647.546875,11.992316,37286,36864
xtensor,meeting01_loso,fsdd,snn-ae,latency,conv1d,2,1.000000,0.800000,1,42,10847152482836004592,val,4,0.028635,0.118855,-0.232723,0.000000,0.000000,0.000000,0.530859,409410.000000,8018.657227,15.440054,37286,36864
xtensor,meeting01_loso,fsdd,snn-ae,latency,conv1d,2,1.000000,0.900000,1,42,10847152482836004592,val,4,0.006115,0.024219,0.736760,0.000000,0.000000,0.000000,0.697422,422202.000000,8094.513672,15.321882,37286,36864
xtensor,meeting01_loso,fsdd,snn-ae,latency,conv1d,2,1.000000,0.990000,1,42,10847152482836004592,val,4,0.007005,0.022264,0.698460,0.000000,0.000000,0.000000,0.500703,407094.000000,27232.523438,12.148343,37286,36864
xtensor,meeting01_loso,fsdd,snn-ae,latency,conv1d,2,1.500000,0.800000,1,42,10847152482836004592,val,4,0.003699,0.020859,0.840783,0.000000,0.000000,0.000000,0.623906,416556.000000,10476.424805,75.914490,37286,36864
xtensor,meeting01_loso,fsdd,snn-ae,latency,conv1d,2,1.500000,0.900000,1,42,10847152482836004592,val,4,0.006579,0.030862,0.716791,0.000000,0.000000,0.000000,0.703776,422690.000000,11331.059570,12.399075,37286,36864
xtensor,meeting01_loso,fsdd,snn-ae,latency,conv1d,2,1.500000,0.990000,1,42,10847152482836004592,val,4,0.012194,0.039808,0.475068,0.000000,0.000000,0.000000,0.706654,422911.000000,7795.405762,12.013898,37286,36864
xtensor,meeting01_loso,fsdd,snn-ae,latency,recurrent,2,0.500000,0.800000,1,42,10847152482836004592,val,4,0.009239,0.029897,0.675037,0.000000,0.000000,0.000000,0.626185,416731.000000,48718.386719,959.008301,37286,36864
xtensor,meeting01_loso,fsdd,snn-ae,latency,recurrent,2,0.500000,0.900000,1,42,10847152482836004592,val,4,0.010460,0.041101,0.637953,0.000000,0.000000,0.000000,0.645391,418206.000000,45351.828125,950.351562,37286,36864
xtensor,meeting01_loso,fsdd,snn-ae,latency,recurrent,2,0.500000,0.990000,1,42,10847152482836004592,val,4,0.014244,0.037636,0.517815,0.000000,0.000000,0.000000,0.580156,413196.000000,67403.382812,972.676758,37286,36864
xtensor,meeting01_loso,fsdd,snn-ae,latency,recurrent,2,1.000000,0.800000,1,42,10847152482836004592,val,4,0.008821,0.041347,0.586530,0.000000,0.000000,0.000000,0.480169,405517.000000,86600.414062,1003.799438,37286,36864
xtensor,meeting01_loso,fsdd,snn-ae,latency,recurrent,2,1.000000,0.900000,1,42,10847152482836004592,val,4,0.008975,0.024928,0.614540,0.000000,0.000000,0.000000,0.585781,413628.000000,61109.066406,978.939087,37286,36864
xtensor,meeting01_loso,fsdd,snn-ae,latency,recurrent,2,1.000000,0.990000,1,42,10847152482836004592,val,4,0.015016,0.051031,0.373919,0.000000,0.000000,0.000000,0.732656,424908.000000,37515.203125,975.468811,37286,36864
xtensor,meeting01_loso,fsdd,snn-ae,latency,recurrent,2,1.500000,0.800000,1,42,10847152482836004592,val,4,0.006789,0.045758,0.379740,0.000000,0.000000,0.000000,0.479661,405478.000000,105902.468750,1028.411865,37286,36864
xtensor,meeting01_loso,fsdd,snn-ae,latency,recurrent,2,1.500000,0.900000,1,42,10847152482836004592,val,4,0.022326,0.105204,-0.871362,0.000000,0.000000,0.000000,0.502865,407260.000000,75615.109375,990.955017,37286,36864
xtensor,meeting01_loso,fsdd,snn-ae,latency,recurrent,2,1.500000,0.990000,1,42,10847152482836004592,val,4,0.013337,0.040715,0.056374,0.000000,0.000000,0.000000,0.667826,419929.000000,36177.839844,946.997864,37286,36864
xtensor,meeting01_loso,fsdd,snn-ae,latency,conv1d,2,1.500000,0.800000,1,42,10847152482836004592,test,4,0.106843,0.192304,0.442408,0.000000,0.000000,0.000000,0.637076,613277.000000,29700.005859,12.828253,37286,36864
xtensor,meeting01_loso,fsdd,lstm-ae,latency,lstm,1,0.000000,0.000000,2,43,10847152482836004592,val,4,0.005920,0.018422,0.786239,0.000000,0.000000,0.000000,0.000000,11842560.000000,889670.562500,2064.148193,122472,1184256
xtensor,meeting01_loso,fsdd,lstm-ae,latency,lstm,1,0.000000,0.000000,2,43,10847152482836004592,test,4,0.110941,0.164072,0.488760,0.000000,0.000000,0.000000,0.000000,11842560.000000,0.000000,0.000000,122472,1184256
xtensor,meeting01_loso,fsdd,gru-ae,latency,gru,1,0.000000,0.000000,2,43,10847152482836004592,val,4,0.003953,0.018951,0.857270,0.000000,0.000000,0.000000,0.000000,8893440.000000,942850.375000,3084.583252,93032,889344
xtensor,meeting01_loso,fsdd,gru-ae,latency,gru,1,0.000000,0.000000,2,43,10847152482836004592,test,4,0.106325,0.158657,0.510103,0.000000,0.000000,0.000000,0.000000,8893440.000000,0.000000,0.000000,93032,889344
xtensor,meeting01_loso,fsdd,transformer-ae,latency,transformer,1,0.000000,0.000000,2,43,10847152482836004592,val,4,0.002733,0.011775,0.901327,0.000000,0.000000,0.000000,0.000000,47554560.000000,214641.750000,437.089630,139176,4755456
xtensor,meeting01_loso,fsdd,transformer-ae,latency,transformer,1,0.000000,0.000000,2,43,10847152482836004592,test,4,0.112115,0.162517,0.483389,0.000000,0.000000,0.000000,0.000000,47554560.000000,0.000000,0.000000,139176,4755456
xtensor,meeting01_loso,fsdd,snn-ae,latency,dense,2,0.500000,0.800000,2,43,10847152482836004592,val,4,0.009980,0.037978,0.639653,0.000000,0.000000,0.000000,0.635130,417418.000000,9307.879883,58.602814,37286,36864
xtensor,meeting01_loso,fsdd,snn-ae,latency,dense,2,0.500000,0.900000,2,43,10847152482836004592,val,4,0.009146,0.030899,0.669756,0.000000,0.000000,0.000000,0.682852,421083.000000,7592.992188,11.159524,37286,36864
xtensor,meeting01_loso,fsdd,snn-ae,latency,dense,2,0.500000,0.990000,2,43,10847152482836004592,val,4,0.019135,0.047647,0.309071,0.000000,0.000000,0.000000,0.655273,418965.000000,17979.779297,12.083740,37286,36864
xtensor,meeting01_loso,fsdd,snn-ae,latency,dense,2,1.000000,0.800000,2,43,10847152482836004592,val,4,0.005854,0.023371,0.788628,0.000000,0.000000,0.000000,0.566888,412177.000000,11759.543945,12.726493,37286,36864
xtensor,meeting01_loso,fsdd,snn-ae,latency,dense,2,1.000000,0.900000,2,43,10847152482836004592,val,4,0.007805,0.031083,0.718198,0.000000,0.000000,0.000000,0.624857,416629.000000,7800.296387,11.122438,37286,36864
xtensor,meeting01_loso,fsdd,snn-ae,latency,dense,2,1.000000,0.990000,2,43,10847152482836004592,val,4,0.014304,0.036668,0.483553,0.000000,0.000000,0.000000,0.655625,418992.000000,18395.914062,12.175302,37286,36864
xtensor,meeting01_loso,fsdd,snn-ae,latency,dense,2,1.500000,0.800000,2,43,10847152482836004592,val,4,0.058355,0.162649,-1.107177,0.500000,0.120000,0.193548,0.505026,407426.000000,17965.585938,11.623622,37286,36864
xtensor,meeting01_loso,fsdd,snn-ae,latency,dense,2,1.500000,0.900000,2,43,10847152482836004592,val,4,0.006149,0.020351,0.777993,0.000000,0.000000,0.000000,0.609961,415485.000000,11452.452148,11.243055,37286,36864
xtensor,meeting01_loso,fsdd,snn-ae,latency,dense,2,1.500000,0.990000,2,43,10847152482836004592,val,4,0.011993,0.032464,0.566934,0.000000,0.000000,0.000000,0.601250,414816.000000,33959.769531,11.900684,37286,36864
xtensor,meeting01_loso,fsdd,snn-ae,latency,conv1d,2,0.500000,0.800000,2,43,10847152482836004592,val,4,0.009939,0.040744,0.572145,0.000000,0.000000,0.000000,0.543086,410349.000000,7987.650391,12.755477,37286,36864
xtensor,meeting01_loso,fsdd,snn-ae,latency,conv1d,2,0.500000,0.900000,2,43,10847152482836004592,val,4,0.007928,0.025550,0.658717,0.000000,0.000000,0.000000,0.597917,414560.000000,19237.781250,13.546225,37286,36864
xtensor,meeting01_loso,fsdd,snn-ae,latency,conv1d,2,0.500000,0.990000,2,43,10847152482836004592,val,4,0.019999,0.045594,0.139099,0.000000,0.000000,0.000000,0.518893,408491.000000,31312.279297,12.335729,37286,36864
xtensor,meeting01_loso,fsdd,snn-ae,latency,conv1d,2,1.000000,0.800000,2,43,10847152482836004592,val,4,0.018587,0.080585,0.199856,0.250000,0.020000,0.037037,0.527812,409176.000000,7852.943359,12.618727,37286,36864
xtensor,meeting01_loso,fsdd,snn-ae,latency,conv1d,2,1.000000,0.900000,2,43,10847152482836004592,val,4,0.007548,0.029661,0.675081,0.000000,0.000000,0.000000,0.567474,412222.000000,7790.946777,12.498460,37286,36864
xtensor,meeting01_loso,fsdd,snn-ae,latency,conv1d,2,1.000000,0.990000,2,43,10847152482836004592,val,4,0.008356,0.031132,0.640300,0.000000,0.000000,0.000000,0.624740,416620.000000,27209.230469,12.629692,37286,36864
xtensor,meeting01_loso,fsdd,snn-ae,latency,conv1d,2,1.500000,0.800000,2,43,10847152482836004592,val,4,0.018098,0.093713,0.220916,0.000000,0.000000,0.000000,0.490026,406274.000000,22028.724609,12.741370,37286,36864
xtensor,meeting01_loso,fsdd,snn-ae,latency,conv1d,2,1.500000,0.900000,2,43,10847152482836004592,val,4,0.004301,0.017919,0.814867,0.000000,0.000000,0.000000,0.528646,409240.000000,10735.320312,12.397399,37286,36864
xtensor,meeting01_loso,fsdd,snn-ae,latency,conv1d,2,1.500000,0.990000,2,43,10847152482836004592,val,4,0.011007,0.040086,0.526146,0.000000,0.000000,0.000000,0.756029,426703.000000,7534.874023,12.203239,37286,36864
xtensor,meeting01_loso,fsdd,snn-ae,latency,recurrent,2,0.500000,0.800000,2,43,10847152482836004592,val,4,0.007473,0.026816,0.737165,0.000000,0.000000,0.000000,0.486523,406005.000000,38624.515625,995.443176,37286,36864
xtensor,meeting01_loso,fsdd,snn-ae,latency,recurrent,2,0.500000,0.900000,2,43,10847152482836004592,val,4,0.015821,0.059928,0.452379,0.000000,0.000000,0.000000,0.660898,419397.000000,42905.140625,950.279175,37286,36864
xtensor,meeting01_loso,fsdd,snn-ae,latency,recurrent,2,0.500000,0.990000,2,43,10847152482836004592,val,4,0.017712,0.042089,0.400438,0.000000,0.000000,0.000000,0.495352,406683.000000,119918.007812,1024.869629,37286,36864
xtensor,meeting01_loso,fsdd,snn-ae,latency,recurrent,2,1.000000,0.800000,2,43,10847152482836004592,val,4,0.015709,0.068717,0.263656,0.000000,0.000000,0.000000,0.526732,409093.000000,122747.031250,1023.121582,37286,36864
xtensor,meeting01_loso,fsdd,snn-ae,latency,recurrent,2,1.000000,0.900000,2,43,10847152482836004592,val,4,0.010547,0.033269,0.547047,0.000000,0.000000,0.000000,0.614167,415808.000000,43657.867188,1151.186646,37286,36864
xtensor,meeting01_loso,fsdd,snn-ae,latency,recurrent,2,1.000000,0.990000,2,43,10847152482836004592,val,4,0.010639,0.031851,0.556426,0.000000,0.000000,0.000000,0.721536,424054.000000,91886.734375,1049.594604,37286,36864
xtensor,meeting01_loso,fsdd,snn-ae,latency,recurrent,2,1.500000,0.800000,2,43,10847152482836004592,val,4,0.014191,0.069284,-0.296544,0.000000,0.000000,0.000000,0.416055,400593.000000,145466.812500,1031.943481,37286,36864
xtensor,meeting01_loso,fsdd,snn-ae,latency,recurrent,2,1.500000,0.900000,2,43,10847152482836004592,val,4,0.009123,0.035683,0.235323,0.000000,0.000000,0.000000,0.509193,407746.000000,67339.750000,1003.755798,37286,36864
xtensor,meeting01_loso,fsdd,snn-ae,latency,recurrent,2,1.500000,0.990000,2,43,10847152482836004592,val,4,0.011716,0.037777,0.171111,0.000000,0.000000,0.000000,0.726562,424440.000000,37127.300781,869.427307,37286,36864
xtensor,meeting01_loso,fsdd,snn-ae,latency,conv1d,2,1.500000,0.900000,2,43,10847152482836004592,test,4,0.111007,0.178985,0.420662,0.000000,0.000000,0.000000,0.624099,608294.000000,17652.212891,13.130109,37286,36864
xtensor,meeting01_loso,fsdd,lstm-ae,latency,lstm,1,0.000000,0.000000,3,44,10847152482836004592,val,4,0.005920,0.018422,0.786239,0.000000,0.000000,0.000000,0.000000,11842560.000000,887738.437500,2282.487549,122472,1184256
xtensor,meeting01_loso,fsdd,lstm-ae,latency,lstm,1,0.000000,0.000000,3,44,10847152482836004592,test,4,0.110941,0.164072,0.488760,0.000000,0.000000,0.000000,0.000000,11842560.000000,0.000000,0.000000,122472,1184256
xtensor,meeting01_loso,fsdd,gru-ae,latency,gru,1,0.000000,0.000000,3,44,10847152482836004592,val,4,0.003953,0.018951,0.857270,0.000000,0.000000,0.000000,0.000000,8893440.000000,946570.750000,3575.467529,93032,889344
xtensor,meeting01_loso,fsdd,gru-ae,latency,gru,1,0.000000,0.000000,3,44,10847152482836004592,test,4,0.106325,0.158657,0.510103,0.000000,0.000000,0.000000,0.000000,8893440.000000,0.000000,0.000000,93032,889344
xtensor,meeting01_loso,fsdd,transformer-ae,latency,transformer,1,0.000000,0.000000,3,44,10847152482836004592,val,4,0.002733,0.011775,0.901327,0.000000,0.000000,0.000000,0.000000,47554560.000000,213805.328125,545.753662,139176,4755456
xtensor,meeting01_loso,fsdd,transformer-ae,latency,transformer,1,0.000000,0.000000,3,44,10847152482836004592,test,4,0.112115,0.162517,0.483389,0.000000,0.000000,0.000000,0.000000,47554560.000000,0.000000,0.000000,139176,4755456
xtensor,meeting01_loso,fsdd,snn-ae,latency,dense,2,0.500000,0.800000,3,44,10847152482836004592,val,4,0.008611,0.032442,0.689081,0.000000,0.000000,0.000000,0.566641,412158.000000,7852.558105,11.327703,37286,36864
xtensor,meeting01_loso,fsdd,snn-ae,latency,dense,2,0.500000,0.900000,3,44,10847152482836004592,val,4,0.010267,0.034127,0.629279,0.000000,0.000000,0.000000,0.673216,420343.000000,7617.672363,15.907784,37286,36864
xtensor,meeting01_loso,fsdd,snn-ae,latency,dense,2,0.500000,0.990000,3,44,10847152482836004592,val,4,0.011966,0.029599,0.567928,0.000000,0.000000,0.000000,0.508607,407701.000000,24690.304688,73.181511,37286,36864
xtensor,meeting01_loso,fsdd,snn-ae,latency,dense,2,1.000000,0.800000,3,44,10847152482836004592,val,4,0.021920,0.105135,0.208496,0.000000,0.000000,0.000000,0.523125,408816.000000,7716.586426,11.333569,37286,36864
xtensor,meeting01_loso,fsdd,snn-ae,latency,dense,2,1.000000,0.900000,3,44,10847152482836004592,val,4,0.006614,0.023016,0.761192,0.000000,0.000000,0.000000,0.478516,405390.000000,10453.245117,11.448250,37286,36864
xtensor,meeting01_loso,fsdd,snn-ae,latency,dense,2,1.000000,0.990000,3,44,10847152482836004592,val,4,0.012139,0.032343,0.561700,0.000000,0.000000,0.000000,0.514583,408160.000000,23507.763672,11.200800,37286,36864
xtensor,meeting01_loso,fsdd,snn-ae,latency,dense,2,1.500000,0.800000,3,44,10847152482836004592,val,4,0.005263,0.019786,0.809969,0.000000,0.000000,0.000000,0.485339,405914.000000,16327.440430,11.037441,37286,36864
xtensor,meeting01_loso,fsdd,snn-ae,latency,dense,2,1.500000,0.900000,3,44,10847152482836004592,val,4,0.026944,0.120384,0.027084,0.000000,0.000000,0.000000,0.497799,406871.000000,8962.960938,11.155543,37286,36864
xtensor,meeting01_loso,fsdd,snn-ae,latency,dense,2,1.500000,0.990000,3,44,10847152482836004592,val,4,0.011906,0.038990,0.570091,0.000000,0.000000,0.000000,0.698477,422283.000000,7464.180664,11.247524,37286,36864
xtensor,meeting01_loso,fsdd,snn-ae,latency,conv1d,2,0.500000,0.800000,3,44,10847152482836004592,val,4,0.014427,0.048435,0.378964,0.000000,0.000000,0.000000,0.633646,417304.000000,8194.368164,12.682423,37286,36864
xtensor,meeting01_loso,fsdd,snn-ae,latency,conv1d,2,0.500000,0.900000,3,44,10847152482836004592,val,4,0.014886,0.056108,0.359187,0.000000,0.000000,0.000000,0.676393,420587.000000,8325.373047,13.179417,37286,36864
xtensor,meeting01_loso,fsdd,snn-ae,latency,conv1d,2,0.500000,0.990000,3,44,10847152482836004592,val,4,0.016916,0.051604,0.271820,0.000000,0.000000,0.000000,0.749609,426210.000000,7764.896484,12.248566,37286,36864
xtensor,meeting01_loso,fsdd,snn-ae,latency,conv1d,2,1.000000,0.800000,3,44,10847152482836004592,val,4,0.004519,0.021993,0.805493,0.000000,0.000000,0.000000,0.558646,411544.000000,7480.587891,12.051403,37286,36864
xtensor,meeting01_loso,fsdd,snn-ae,latency,conv1d,2,1.000000,0.900000,3,44,10847152482836004592,val,4,0.005271,0.017810,0.773111,0.000000,0.000000,0.000000,0.506589,407546.000000,10532.247070,12.059225,37286,36864
xtensor,meeting01_loso,fsdd,snn-ae,latency,conv1d,2,1.000000,0.990000,3,44,10847152482836004592,val,4,0.018592,0.053086,0.199675,0.000000,0.000000,0.000000,0.696042,422096.000000,9135.020508,12.290261,37286,36864
xtensor,meeting01_loso,fsdd,snn-ae,latency,conv1d,2,1.500000,0.800000,3,44,10847152482836004592,val,4,0.003504,0.019427,0.849177,0.000000,0.000000,0.000000,0.534232,409669.000000,7854.449707,12.036736,37286,36864
xtensor,meeting01_loso,fsdd,snn-ae,latency,conv1d,2,1.500000,0.900000,3,44,10847152482836004592,val,4,0.005263,0.021477,0.773447,0.000000,0.000000,0.000000,0.518672,408474.000000,7660.302734,103.653465,37286,36864
xtensor,meeting01_loso,fsdd,snn-ae,latency,conv1d,2,1.500000,0.990000,3,44,10847152482836004592,val,4,0.008930,0.026230,0.615578,0.000000,0.000000,0.000000,0.484596,405857.000000,24340.058594,12.395932,37286,36864
xtensor,meeting01_loso,fsdd,snn-ae,latency,recurrent,2,0.500000,0.800000,3,44,10847152482836004592,val,4,0.030681,0.129956,-0.079213,0.000000,0.000000,0.000000,0.515820,408255.000000,37751.027344,969.163757,37286,36864
xtensor,meeting01_loso,fsdd,snn-ae,latency,recurrent,2,0.500000,0.900000,3,44,10847152482836004592,val,4,0.011865,0.040232,0.589321,0.000000,0.000000,0.000000,0.670417,420128.000000,36694.945312,948.900574,37286,36864
xtensor,meeting01_loso,fsdd,snn-ae,latency,recurrent,2,0.500000,0.990000,3,44,10847152482836004592,val,4,0.011518,0.033050,0.610103,0.000000,0.000000,0.000000,0.566419,412141.000000,104610.617188,1106.909058,37286,36864
xtensor,meeting01_loso,fsdd,snn-ae,latency,recurrent,2,1.000000,0.800000,3,44,10847152482836004592,val,4,0.009738,0.033283,0.543563,0.000000,0.000000,0.000000,0.523216,408823.000000,49453.613281,990.886292,37286,36864
xtensor,meeting01_loso,fsdd,snn-ae,latency,recurrent,2,1.000000,0.900000,3,44,10847152482836004592,val,4,0.008773,0.025661,0.623246,0.000000,0.000000,0.000000,0.631732,417157.000000,36006.335938,970.432312,37286,36864
xtensor,meeting01_loso,fsdd,snn-ae,latency,recurrent,2,1.000000,0.990000,3,44,10847152482836004592,val,4,0.013576,0.046237,0.433978,0.000000,0.000000,0.000000,0.632995,417254.000000,36439.933594,996.554382,37286,36864
xtensor,meeting01_loso,fsdd,snn-ae,latency,recurrent,2,1.500000,0.800000,3,44,10847152482836004592,val,4,0.008433,0.048404,0.229545,0.000000,0.000000,0.000000,0.516693,408322.000000,98138.046875,968.479248,37286,36864
xtensor,meeting01_loso,fsdd,snn-ae,latency,recurrent,2,1.500000,0.900000,3,44,10847152482836004592,val,4,0.007094,0.028374,0.405385,0.000000,0.000000,0.000000,0.563711,411933.000000,55126.531250,1030.482422,37286,36864
xtensor,meeting01_loso,fsdd,snn-ae,latency,recurrent,2,1.500000,0.990000,3,44,10847152482836004592,val,4,0.011797,0.040276,0.165322,0.000000,0.000000,0.000000,0.681068,420946.000000,37096.289062,1117.863403,37286,36864
xtensor,meeting01_loso,fsdd,snn-ae,latency,conv1d,2,1.500000,0.800000,3,44,10847152482836004592,test,4,0.105329,0.181022,0.450430,0.000000,0.000000,0.000000,0.660672,622338.000000,29833.013672,12.230617,37286,36864
xtensor,meeting01_loso,fsdd,lstm-ae,latency,lstm,1,0.000000,0.000000,4,45,10847152482836004592,val,4,0.005920,0.018422,0.786239,0.000000,0.000000,0.000000,0.000000,11842560.000000,893333.750000,2174.474609,122472,1184256
xtensor,meeting01_loso,fsdd,lstm-ae,latency,lstm,1,0.000000,0.000000,4,45,10847152482836004592,test,4,0.110941,0.164072,0.488760,0.000000,0.000000,0.000000,0.000000,11842560.000000,0.000000,0.000000,122472,1184256
xtensor,meeting01_loso,fsdd,gru-ae,latency,gru,1,0.000000,0.000000,4,45,10847152482836004592,val,4,0.003953,0.018951,0.857270,0.000000,0.000000,0.000000,0.000000,8893440.000000,948203.125000,3069.848389,93032,889344
xtensor,meeting01_loso,fsdd,gru-ae,latency,gru,1,0.000000,0.000000,4,45,10847152482836004592,test,4,0.106325,0.158657,0.510103,0.000000,0.000000,0.000000,0.000000,8893440.000000,0.000000,0.000000,93032,889344
xtensor,meeting01_loso,fsdd,transformer-ae,latency,transformer,1,0.000000,0.000000,4,45,10847152482836004592,val,4,0.002733,0.011775,0.901327,0.000000,0.000000,0.000000,0.000000,47554560.000000,214250.890625,492.274353,139176,4755456
xtensor,meeting01_loso,fsdd,transformer-ae,latency,transformer,1,0.000000,0.000000,4,45,10847152482836004592,test,4,0.112115,0.162517,0.483389,0.000000,0.000000,0.000000,0.000000,47554560.000000,0.000000,0.000000,139176,4755456
xtensor,meeting01_loso,fsdd,snn-ae,latency,dense,2,0.500000,0.800000,4,45,10847152482836004592,val,4,0.024667,0.112424,0.109321,0.000000,0.000000,0.000000,0.546133,410583.000000,14208.707031,11.733832,37286,36864
xtensor,meeting01_loso,fsdd,snn-ae,latency,dense,2,0.500000,0.900000,4,45,10847152482836004592,val,4,0.009374,0.028562,0.661553,0.000000,0.000000,0.000000,0.623021,416488.000000,7915.936035,11.530732,37286,36864
xtensor,meeting01_loso,fsdd,snn-ae,latency,dense,2,0.500000,0.990000,4,45,10847152482836004592,val,4,0.016243,0.040163,0.413508,1.000000,0.020000,0.039216,0.640820,417855.000000,23298.675781,11.325537,37286,36864
xtensor,meeting01_loso,fsdd,snn-ae,latency,dense,2,1.000000,0.800000,4,45,10847152482836004592,val,4,0.006994,0.028429,0.747455,0.000000,0.000000,0.000000,0.545026,410498.000000,7796.504883,11.529057,37286,36864
xtensor,meeting01_loso,fsdd,snn-ae,latency,dense,2,1.000000,0.900000,4,45,10847152482836004592,val,4,0.007148,0.023637,0.741922,0.000000,0.000000,0.000000,0.658307,419198.000000,10258.083984,11.465431,37286,36864
xtensor,meeting01_loso,fsdd,snn-ae,latency,dense,2,1.000000,0.990000,4,45,10847152482836004592,val,4,0.016613,0.048741,0.400140,0.000000,0.000000,0.000000,0.720208,423952.000000,7950.101074,11.299766,37286,36864
xtensor,meeting01_loso,fsdd,snn-ae,latency,dense,2,1.500000,0.800000,4,45,10847152482836004592,val,4,0.019757,0.095840,0.286633,0.000000,0.000000,0.000000,0.492995,406502.000000,15706.565430,11.840061,37286,36864
xtensor,meeting01_loso,fsdd,snn-ae,latency,dense,2,1.500000,0.900000,4,45,10847152482836004592,val,4,0.006926,0.021834,0.749940,0.000000,0.000000,0.000000,0.570638,412465.000000,7876.209961,11.405716,37286,36864
xtensor,meeting01_loso,fsdd,snn-ae,latency,dense,2,1.500000,0.990000,4,45,10847152482836004592,val,4,0.012160,0.044541,0.560942,0.000000,0.000000,0.000000,0.791575,429433.000000,7961.830078,11.327912,37286,36864
xtensor,meeting01_loso,fsdd,snn-ae,latency,conv1d,2,0.500000,0.800000,4,45,10847152482836004592,val,4,0.005473,0.019357,0.764446,0.000000,0.000000,0.000000,0.416107,400597.000000,9557.796875,13.147080,37286,36864
xtensor,meeting01_loso,fsdd,snn-ae,latency,conv1d,2,0.500000,0.900000,4,45,10847152482836004592,val,4,0.008232,0.030269,0.645639,0.000000,0.000000,0.000000,0.678190,420725.000000,9244.083984,12.441050,37286,36864
xtensor,meeting01_loso,fsdd,snn-ae,latency,conv1d,2,0.500000,0.990000,4,45,10847152482836004592,val,4,0.008192,0.024506,0.647354,0.000000,0.000000,0.000000,0.478503,405389.000000,38842.339844,12.303741,37286,36864
xtensor,meeting01_loso,fsdd,snn-ae,latency,conv1d,2,1.000000,0.800000,4,45,10847152482836004592,val,4,0.011774,0.051455,0.493188,0.000000,0.000000,0.000000,0.504896,407416.000000,19590.826172,12.020673,37286,36864
xtensor,meeting01_loso,fsdd,snn-ae,latency,conv1d,2,1.000000,0.900000,4,45,10847152482836004592,val,4,0.005883,0.020959,0.746780,0.000000,0.000000,0.000000,0.562318,411826.000000,9177.749023,12.324833,37286,36864
xtensor,meeting01_loso,fsdd,snn-ae,latency,conv1d,2,1.000000,0.990000,4,45,10847152482836004592,val,4,0.011247,0.039306,0.515838,0.000000,0.000000,0.000000,0.681406,420972.000000,7760.579102,12.131232,37286,36864
xtensor,meeting01_loso,fsdd,snn-ae,latency,conv1d,2,1.500000,0.800000,4,45,10847152482836004592,val,4,0.040760,0.131226,-0.754664,0.000000,0.000000,0.000000,0.535859,409794.000000,16793.667969,102.637054,37286,36864
xtensor,meeting01_loso,fsdd,snn-ae,latency,conv1d,2,1.500000,0.900000,4,45,10847152482836004592,val,4,0.006173,0.022519,0.734283,0.000000,0.000000,0.000000,0.559427,411604.000000,15657.444336,82.538345,37286,36864
xtensor,meeting01_loso,fsdd,snn-ae,latency,conv1d,2,1.500000,0.990000,4,45,10847152482836004592,val,4,0.009594,0.030924,0.586989,0.000000,0.000000,0.000000,0.560990,411724.000000,38849.792969,11.903758,37286,36864
xtensor,meeting01_loso,fsdd,snn-ae,latency,recurrent,2,0.500000,0.800000,4,45,10847152482836004592,val,4,0.008923,0.035513,0.686141,0.000000,0.000000,0.000000,0.631263,417121.000000,35972.230469,1045.112061,37286,36864
xtensor,meeting01_loso,fsdd,snn-ae,latency,recurrent,2,0.500000,0.900000,4,45,10847152482836004592,val,4,0.009337,0.029664,0.676829,0.000000,0.000000,0.000000,0.601992,414873.000000,54587.660156,1081.813477,37286,36864
xtensor,meeting01_loso,fsdd,snn-ae,latency,recurrent,2,0.500000,0.990000,4,45,10847152482836004592,val,4,0.030931,0.078540,-0.047097,0.000000,0.000000,0.000000,0.711302,423268.000000,129423.476562,941.758667,37286,36864
xtensor,meeting01_loso,fsdd,snn-ae,latency,recurrent,2,1.000000,0.800000,4,45,10847152482836004592,val,4,0.013810,0.067371,0.352672,0.000000,0.000000,0.000000,0.512357,407989.000000,128885.882812,992.026428,37286,36864
xtensor,meeting01_loso,fsdd,snn-ae,latency,recurrent,2,1.000000,0.900000,4,45,10847152482836004592,val,4,0.010021,0.035662,0.569661,0.000000,0.000000,0.000000,0.460026,403970.000000,42042.375000,992.358582,37286,36864
xtensor,meeting01_loso,fsdd,snn-ae,latency,recurrent,2,1.000000,0.990000,4,45,10847152482836004592,val,4,0.013830,0.038365,0.423382,0.000000,0.000000,0.000000,0.562083,411808.000000,98572.687500,991.442078,37286,36864
xtensor,meeting01_loso,fsdd,snn-ae,latency,recurrent,2,1.500000,0.800000,4,45,10847152482836004592,val,4,0.009553,0.049926,0.127287,0.000000,0.000000,0.000000,0.534792,409712.000000,54867.976562,966.835815,37286,36864
xtensor,meeting01_loso,fsdd,snn-ae,latency,recurrent,2,1.500000,0.900000,4,45,10847152482836004592,val,4,0.006853,0.030523,0.425594,0.000000,0.000000,0.000000,0.560143,411659.000000,61140.558594,1198.284058,37286,36864
xtensor,meeting01_loso,fsdd,snn-ae,latency,recurrent,2,1.500000,0.990000,4,45,10847152482836004592,val,4,0.013183,0.043388,0.067281,0.000000,0.000000,0.000000,0.670872,420163.000000,44419.449219,915.003052,37286,36864
xtensor,meeting01_loso,fsdd,snn-ae,latency,conv1d,2,0.500000,0.800000,4,45,10847152482836004592,test,4,0.112820,0.191185,0.411236,0.000000,0.000000,0.000000,0.644224,616022.000000,15629.511719,12.685775,37286,36864
xtensor,meeting01_loso,fsdd,lstm-ae,latency,lstm,1,0.000000,0.000000,5,46,10847152482836004592,val,4,0.005920,0.018422,0.786239,0.000000,0.000000,0.000000,0.000000,11842560.000000,892091.437500,2057.826172,122472,1184256
xtensor,meeting01_loso,fsdd,lstm-ae,latency,lstm,1,0.000000,0.000000,5,46,10847152482836004592,test,4,0.110941,0.164072,0.488760,0.000000,0.000000,0.000000,0.000000,11842560.000000,0.000000,0.000000,122472,1184256
xtensor,meeting01_loso,fsdd,gru-ae,latency,gru,1,0.000000,0.000000,5,46,10847152482836004592,val,4,0.003953,0.018951,0.857270,0.000000,0.000000,0.000000,0.000000,8893440.000000,943049.125000,3290.253662,93032,889344
xtensor,meeting01_loso,fsdd,gru-ae,latency,gru,1,0.000000,0.000000,5,46,10847152482836004592,test,4,0.106325,0.158657,0.510103,0.000000,0.000000,0.000000,0.000000,8893440.000000,0.000000,0.000000,93032,889344
xtensor,meeting01_loso,fsdd,transformer-ae,latency,transformer,1,0.000000,0.000000,5,46,10847152482836004592,val,4,0.002733,0.011775,0.901327,0.000000,0.000000,0.000000,0.000000,47554560.000000,216552.625000,454.733612,139176,4755456
xtensor,meeting01_loso,fsdd,transformer-ae,latency,transformer,1,0.000000,0.000000,5,46,10847152482836004592,test,4,0.112115,0.162517,0.483389,0.000000,0.000000,0.000000,0.000000,47554560.000000,0.000000,0.000000,139176,4755456
xtensor,meeting01_loso,fsdd,snn-ae,latency,dense,2,0.500000,0.800000,5,46,10847152482836004592,val,4,0.008617,0.030743,0.688849,0.000000,0.000000,0.000000,0.637474,417598.000000,9116.572266,12.087790,37286,36864
xtensor,meeting01_loso,fsdd,snn-ae,latency,dense,2,0.500000,0.900000,5,46,10847152482836004592,val,4,0.011055,0.039354,0.600868,0.000000,0.000000,0.000000,0.645078,418182.000000,8897.374023,12.101200,37286,36864
xtensor,meeting01_loso,fsdd,snn-ae,latency,dense,2,0.500000,0.990000,5,46,10847152482836004592,val,4,0.011083,0.032017,0.599821,0.000000,0.000000,0.000000,0.597995,414566.000000,17814.583984,12.316732,37286,36864
xtensor,meeting01_loso,fsdd,snn-ae,latency,dense,2,1.000000,0.800000,5,46,10847152482836004592,val,4,0.005806,0.022898,0.790355,0.000000,0.000000,0.000000,0.546523,410613.000000,11529.862305,55.304184,37286,36864
xtensor,meeting01_loso,fsdd,snn-ae,latency,dense,2,1.000000,0.900000,5,46,10847152482836004592,val,4,0.007405,0.025385,0.732618,0.000000,0.000000,0.000000,0.585586,413613.000000,7726.594238,12.083879,37286,36864
xtensor,meeting01_loso,fsdd,snn-ae,latency,dense,2,1.000000,0.990000,5,46,10847152482836004592,val,4,0.014118,0.041563,0.490235,0.000000,0.000000,0.000000,0.670742,420153.000000,8669.000000,11.260654,37286,36864
xtensor,meeting01_loso,fsdd,snn-ae,latency,dense,2,1.500000,0.800000,5,46,10847152482836004592,val,4,0.006043,0.035292,0.781805,0.000000,0.000000,0.000000,0.519193,408514.000000,19684.695312,10.899782,37286,36864
xtensor,meeting01_loso,fsdd,snn-ae,latency,dense,2,1.500000,0.900000,5,46,10847152482836004592,val,4,0.006100,0.019128,0.779766,0.000000,0.000000,0.000000,0.516523,408309.000000,10168.445312,11.355150,37286,36864
xtensor,meeting01_loso,fsdd,snn-ae,latency,dense,2,1.500000,0.990000,5,46,10847152482836004592,val,4,0.012249,0.038062,0.557720,0.000000,0.000000,0.000000,0.706849,422926.000000,7842.648926,11.107003,37286,36864
xtensor,meeting01_loso,fsdd,snn-ae,latency,conv1d,2,0.500000,0.800000,5,46,10847152482836004592,val,4,0.005641,0.018765,0.757164,0.000000,0.000000,0.000000,0.552747,411091.000000,10696.591797,12.407805,37286,36864
xtensor,meeting01_loso,fsdd,snn-ae,latency,conv1d,2,0.500000,0.900000,5,46,10847152482836004592,val,4,0.007035,0.024618,0.697156,0.000000,0.000000,0.000000,0.685091,421255.000000,7824.340820,12.000628,37286,36864
xtensor,meeting01_loso,fsdd,snn-ae,latency,conv1d,2,0.500000,0.990000,5,46,10847152482836004592,val,4,0.012344,0.036355,0.468600,0.000000,0.000000,0.000000,0.645091,418183.000000,12968.399414,12.646454,37286,36864
xtensor,meeting01_loso,fsdd,snn-ae,latency,conv1d,2,1.000000,0.800000,5,46,10847152482836004592,val,4,0.005267,0.024985,0.773272,0.000000,0.000000,0.000000,0.557122,411427.000000,15801.426758,12.112374,37286,36864
xtensor,meeting01_loso,fsdd,snn-ae,latency,conv1d,2,1.000000,0.900000,5,46,10847152482836004592,val,4,0.037606,0.109787,-0.618786,0.333333,0.020000,0.037736,0.541992,410265.000000,8039.669922,12.148273,37286,36864
xtensor,meeting01_loso,fsdd,snn-ae,latency,conv1d,2,1.000000,0.990000,5,46,10847152482836004592,val,4,0.008551,0.024613,0.631894,0.000000,0.000000,0.000000,0.546003,410573.000000,23292.072266,16.971825,37286,36864
xtensor,meeting01_loso,fsdd,snn-ae,latency,conv1d,2,1.500000,0.800000,5,46,10847152482836004592,val,4,0.004444,0.029173,0.808693,0.000000,0.000000,0.000000,0.527266,409134.000000,18099.285156,12.315125,37286,36864
xtensor,meeting01_loso,fsdd,snn-ae,latency,conv1d,2,1.500000,0.900000,5,46,10847152482836004592,val,4,0.004615,0.017082,0.801355,0.000000,0.000000,0.000000,0.464648,404325.000000,10440.065430,12.621521,37286,36864
xtensor,meeting01_loso,fsdd,snn-ae,latency,conv1d,2,1.500000,0.990000,5,46,10847152482836004592,val,4,0.010343,0.030695,0.554759,0.000000,0.000000,0.000000,0.577878,413021.000000,20765.427734,12.315195,37286,36864
xtensor,meeting01_loso,fsdd,snn-ae,latency,recurrent,2,0.500000,0.800000,5,46,10847152482836004592,val,4,0.013834,0.049955,0.513468,0.000000,0.000000,0.000000,0.487305,406065.000000,44049.316406,966.605103,37286,36864
xtensor,meeting01_loso,fsdd,snn-ae,latency,recurrent,2,0.500000,0.900000,5,46,10847152482836004592,val,4,0.011217,0.035390,0.611739,0.000000,0.000000,0.000000,0.607643,415307.000000,130561.453125,972.514954,37286,36864
xtensor,meeting01_loso,fsdd,snn-ae,latency,recurrent,2,0.500000,0.990000,5,46,10847152482836004592,val,4,0.020005,0.039607,0.322850,1.000000,0.020000,0.039216,0.464401,404306.000000,103925.726562,1028.142700,37286,36864
xtensor,meeting01_loso,fsdd,snn-ae,latency,recurrent,2,1.000000,0.800000,5,46,10847152482836004592,val,4,0.024342,0.088829,-0.141002,0.000000,0.000000,0.000000,0.487760,406100.000000,86698.304688,1187.293213,37286,36864
xtensor,meeting01_loso,fsdd,snn-ae,latency,recurrent,2,1.000000,0.900000,5,46,10847152482836004592,val,4,0.008678,0.024304,0.627336,0.000000,0.000000,0.000000,0.527188,409128.000000,36197.863281,1057.763550,37286,36864
xtensor,meeting01_loso,fsdd,snn-ae,latency,recurrent,2,1.000000,0.990000,5,46,10847152482836004592,val,4,0.014209,0.046717,0.407570,0.000000,0.000000,0.000000,0.738971,425393.000000,43021.468750,1184.131348,37286,36864
xtensor,meeting01_loso,fsdd,snn-ae,latency,recurrent,2,1.500000,0.800000,5,46,10847152482836004592,val,4,0.025191,0.076135,-1.301447,0.000000,0.000000,0.000000,0.528659,409241.000000,67402.867188,1042.738281,37286,36864
xtensor,meeting01_loso,fsdd,snn-ae,latency,recurrent,2,1.500000,0.900000,5,46,10847152482836004592,val,4,0.012735,0.047484,-0.067397,0.000000,0.000000,0.000000,0.558477,411531.000000,55206.203125,975.712158,37286,36864
xtensor,meeting01_loso,fsdd,snn-ae,latency,recurrent,2,1.500000,0.990000,5,46,10847152482836004592,val,4,0.011725,0.036350,0.170466,0.000000,0.000000,0.000000,0.656602,419067.000000,36993.171875,964.238159,37286,36864
xtensor,meeting01_loso,fsdd,snn-ae,latency,conv1d,2,1.500000,0.800000,5,46,10847152482836004592,test,4,0.117863,0.207590,0.384881,0.000000,0.000000,0.000000,0.648331,617599.000000,15834.822266,12.007612,37286,36864
