# Batch convergence for: model=snn-ae encoding=latency architecture=conv1d v_th=0.5 alpha=0.8 run=3
batch_num epoch batch_loss
0 1 0.475137
1 1 0.412796
2 1 0.003888
3 1 0.476813
4 1 0.196648
5 1 0.199314
6 1 0.019359
7 1 0.155388
8 1 0.192418
9 1 0.007669
10 1 0.561110
11 1 0.108761
12 1 0.074894
13 1 0.352042
14 1 0.050440
15 1 0.398944
16 1 0.122689
17 1 0.076373
18 1 0.128418
19 1 0.003732
20 1 0.213812
21 1 0.220624
22 1 0.125511
23 1 0.011223
24 1 0.362668
25 1 0.018688
26 1 0.007414
27 1 0.018623
28 1 0.087820
29 1 0.069147
30 1 0.234751
31 1 0.003648
32 1 0.014750
33 1 0.076234
34 1 0.265680
35 1 0.078154
36 1 0.041697
37 1 0.165461
38 1 0.101034
39 1 0.014566
40 1 0.043427
41 1 0.003585
42 1 0.067995
43 1 0.018104
44 1 0.003563
45 1 0.010778
46 1 0.007142
47 1 0.171856
48 1 0.015535
49 1 0.084944
50 1 0.003516
51 1 0.003509
52 1 0.007058
53 1 0.003493
54 1 0.014190
55 1 0.003475
56 1 0.003466
57 1 0.084199
58 1 0.139390
59 1 0.003440
60 1 0.179462
61 1 0.166089
62 1 0.076548
63 1 0.006908
64 1 0.050943
65 1 0.003398
66 1 0.052669
67 1 0.013894
68 1 0.199733
69 1 0.083134
70 1 0.029363
71 1 0.028017
72 1 0.255254
73 1 0.020768
74 1 0.003344
75 1 0.013698
76 1 0.071294
77 1 0.121833
78 1 0.006722
79 1 0.067591
80 1 0.003311
81 1 0.006685
82 1 0.074408
83 1 0.003291
84 1 0.003284
85 1 0.003277
86 1 0.010017
87 1 0.035461
88 1 0.003253
89 1 0.299688
90 1 0.149408
91 1 0.009932
92 1 0.092786
93 1 0.112186
94 1 0.006527
95 1 0.065593
96 1 0.137827
97 1 0.006497
98 1 0.037213
99 1 0.181469
100 1 0.249312
101 1 0.046559
102 1 0.123955
103 1 0.019788
104 1 0.162087
105 1 0.003195
106 1 0.104043
107 1 0.003194
108 1 0.192157
109 1 0.022982
110 1 0.003194
111 1 0.003193
112 1 0.003191
113 1 0.003188
114 1 0.029681
115 1 0.125452
116 1 0.052119
117 1 0.048531
118 1 0.411693
119 1 0.069150
120 1 0.165691
121 1 0.009529
122 1 0.037592
123 1 0.025904
124 1 0.003183
125 1 0.003182
126 1 0.006290
127 1 0.003178
128 1 0.003175
129 1 0.063746
130 1 0.042165
131 1 0.130061
132 1 0.006237
133 1 0.102327
134 1 0.052111
135 1 0.025492
136 1 0.003146
137 1 0.054480
138 1 0.003137
139 1 0.081515
140 1 0.003128
141 1 0.078727
142 1 0.166535
143 1 0.097159
144 1 0.220335
145 1 0.290744
146 1 0.003119
147 1 0.009202
148 1 0.006112
149 1 0.009183
150 1 0.074946
151 1 0.082930
152 1 0.006083
153 1 0.257654
154 1 0.028216
155 1 0.009112
156 1 0.003114
157 1 0.018384
158 1 0.024779
159 1 0.048583
160 1 0.172439
161 1 0.054971
162 1 0.018243
163 1 0.036485
164 1 0.101081
165 1 0.008973
166 1 0.030272
167 1 0.003094
168 1 0.005955
169 1 0.003086
170 1 0.079963
171 1 0.327906
172 1 0.005918
173 1 0.057183
174 1 0.263030
175 1 0.125026
176 1 0.140440
177 1 0.003089
178 1 0.046197
179 1 0.005894
180 1 0.072630
181 1 0.067879
182 1 0.023003
183 1 0.003099
184 1 0.005866
185 1 0.003095
186 1 0.008735
187 1 0.005839
188 1 0.063655
189 1 0.319667
190 1 0.033504
191 1 0.273599
192 1 0.330347
193 1 0.068039
194 1 0.020561
195 1 0.071212
196 1 0.005822
197 1 0.003131
198 1 0.049746
199 1 0.182613
200 1 0.109867
201 1 0.004012
202 1 0.005822
203 1 0.132124
204 1 0.005820
205 1 0.005819
206 1 0.005815
207 1 0.023351
208 1 0.006717
209 1 0.084933
210 1 0.014286
211 1 0.141007
212 1 0.292300
213 1 0.059887
214 1 0.009182
215 1 0.232766
216 1 0.003197
217 1 0.005778
218 1 0.029080
219 1 0.121358
220 1 0.073731
221 1 0.172402
222 1 0.341208
223 1 0.005778
224 1 0.170565
225 1 0.076339
226 1 0.225455
227 1 0.005802
228 1 0.620802
229 1 0.088427
230 1 0.219089
231 1 0.003348
232 1 0.073666
233 1 0.239644
234 1 0.080169
235 1 0.035574
236 1 0.019838
237 1 0.008567
238 1 0.005923
239 1 0.250365
240 1 0.074327
241 1 0.005939
242 1 0.083182
243 1 0.003516
244 1 0.011285
245 1 0.005948
246 1 0.028749
247 1 0.003537
248 1 0.162018
249 1 0.147978
250 1 0.008530
251 1 0.008527
252 1 0.035916
253 1 0.079536
254 1 0.050529
255 1 0.028129
256 1 0.047140
257 1 0.200264
258 1 0.011150
259 1 0.042031
260 1 0.008454
261 1 0.011109
262 1 0.163077
263 1 0.077508
264 1 0.102424
265 1 0.213291
266 1 0.082692
267 1 0.078459
268 1 0.003596
269 1 0.240628
270 1 0.005887
271 1 0.022114
272 1 0.003621
273 1 0.062224
274 1 0.016341
275 1 0.190380
276 1 0.111775
277 1 0.179722
278 1 0.016287
279 1 0.057442
280 1 0.008362
281 1 0.003686
282 1 0.077419
283 1 0.094087
284 1 0.005908
285 1 0.017746
286 1 0.034286
287 1 0.142160
288 1 0.041277
289 1 0.003714
290 1 0.003715
291 1 0.032672
292 1 0.010835
293 1 0.005875
294 1 0.046540
295 1 0.089273
296 1 0.003703
297 1 0.053207
298 1 0.105705
299 1 0.003695
300 1 0.044442
301 1 0.003686
302 1 0.235126
303 1 0.196434
304 1 0.008154
305 1 0.003684
306 1 0.033245
307 1 0.034564
308 1 0.044934
309 1 0.242467
310 1 0.008104
311 1 0.046515
312 1 0.005759
313 1 0.111800
314 1 0.027967
315 1 0.116697
316 1 0.189726
317 1 0.015634
318 1 0.129603
319 1 0.094843
320 1 0.056048
321 1 0.114075
322 1 0.032463
323 1 0.019917
324 1 0.003728
325 1 0.003730
326 1 0.055997
327 1 0.105615
328 1 0.005726
329 1 0.076565
330 1 0.275881
331 1 0.003732
332 1 0.128931
333 1 0.012866
334 1 0.005712
335 1 0.003743
336 1 0.319934
337 1 0.003745
338 1 0.049635
339 1 0.170700
340 1 0.005698
341 1 0.089258
342 1 0.041410
343 1 0.047503
344 1 0.053988
345 1 0.187119
346 1 0.017930
347 1 0.056922
348 1 0.026396
349 1 0.012724
350 1 0.003790
351 1 0.035267
352 1 0.003794
353 1 0.003793
354 1 0.042509
355 1 0.098646
356 1 0.008285
357 1 0.084810
358 1 0.148340
359 1 0.003785
360 1 0.074444
361 1 0.003783
362 1 0.093985
363 1 0.110664
364 1 0.003784
365 1 0.005625
366 1 0.003781
367 1 0.114152
368 1 0.051886
369 1 0.025305
370 1 0.139403
371 1 0.184166
372 1 0.079560
373 1 0.104455
374 1 0.236092
375 1 0.005595
376 1 0.003789
377 1 0.035533
378 1 0.168827
379 1 0.010040
380 1 0.277023
381 1 0.115185
382 1 0.003810
383 1 0.010042
384 1 0.113974
385 1 0.012428
386 1 0.017496
387 1 0.005597
388 1 0.028790
389 1 0.092070
390 1 0.003831
391 1 0.135042
392 1 0.119297
393 1 0.005591
394 1 0.132481
395 1 0.005591
396 1 0.046146
397 1 0.052585
398 1 0.003844
399 1 0.057738
400 1 0.072427
401 1 0.188118
402 1 0.083868
403 1 0.023710
404 1 0.003842
405 1 0.171485
406 1 0.257318
407 1 0.174495
408 1 0.007624
409 1 0.062222
410 1 0.094919
411 1 0.003889
412 1 0.043284
413 1 0.014681
414 1 0.177199
415 1 0.060559
416 1 0.112569
417 1 0.071846
418 1 0.059525
419 1 0.003931
420 1 0.069646
421 1 0.086944
422 1 0.167476
423 1 0.186910
424 1 0.022625
425 1 0.079956
426 1 0.042769
427 1 0.048272
428 1 0.012130
429 1 0.065185
430 1 0.131644
431 1 0.123650
432 1 0.019670
433 1 0.012060
434 1 0.071933
435 1 0.128388
436 1 0.168907
437 1 0.022352
438 1 0.024284
439 1 0.030064
440 1 0.005534
441 1 0.036683
442 1 0.098708
443 1 0.037579
444 1 0.042070
445 1 0.007437
446 1 0.060063
447 1 0.078074
448 1 0.134750
449 1 0.003941
450 1 0.005468
451 1 0.005458
452 1 0.025119
453 1 0.084708
454 1 0.053455
455 1 0.177924
456 1 0.005418
457 1 0.022415
458 1 0.005409
459 1 0.005403
460 1 0.003898
461 1 0.024225
462 1 0.005374
463 1 0.007236
464 1 0.077965
465 1 0.007207
466 1 0.065552
467 1 0.024449
468 1 0.096427
469 1 0.027953
470 1 0.038684
471 1 0.109417
472 1 0.022111
473 1 0.028767
474 1 0.074799
475 1 0.061843
476 1 0.005248
477 1 0.011393
478 1 0.003800
479 1 0.035648
480 1 0.076970
481 1 0.065917
482 1 0.061306
483 1 0.011312
484 1 0.007014
485 1 0.105164
486 1 0.005015
487 1 0.108220
488 1 0.153859
489 1 0.003773
490 1 0.090095
491 1 0.032805
492 1 0.250570
493 1 0.094666
494 1 0.026911
495 1 0.031568
496 1 0.015905
497 1 0.142740
498 1 0.042769
499 1 0.055696
500 1 0.022665
501 1 0.075037
502 1 0.005143
503 1 0.003784
504 1 0.003782
505 1 0.024329
506 1 0.069520
507 1 0.074365
508 1 0.003774
509 1 0.099073
510 1 0.008904
511 1 0.052697
512 1 0.003768
513 1 0.005091
514 1 0.086842
515 1 0.099120
516 1 0.029442
517 1 0.067613
518 1 0.023716
519 1 0.068626
520 1 0.198935
521 1 0.046344
522 1 0.017409
523 1 0.013079
524 1 0.005075
525 1 0.094240
526 1 0.046319
527 1 0.125762
528 1 0.003787
529 1 0.006774
530 1 0.005064
531 1 0.087756
532 1 0.149970
533 1 0.097157
534 1 0.045274
535 1 0.049539
536 1 0.082499
537 1 0.035374
538 1 0.145890
539 1 0.276880
540 1 0.132245
541 1 0.005042
542 1 0.138520
543 1 0.029108
544 1 0.015307
545 1 0.003800
546 1 0.005030
547 1 0.133603
548 1 0.034812
549 1 0.051335
550 1 0.005020
551 1 0.092647
552 1 0.039418
553 1 0.176763
554 1 0.119139
555 1 0.003807
556 1 0.020482
557 1 0.088333
558 1 0.003805
559 1 0.048431
560 1 0.003796
561 1 0.020428
562 1 0.003784
563 1 0.061239
564 1 0.112947
565 1 0.010631
566 1 0.037182
567 1 0.149100
568 1 0.034332
569 1 0.004929
570 1 0.023100
571 1 0.136642
572 1 0.004912
573 1 0.003747
574 1 0.068696
575 1 0.137046
576 1 0.029400
577 1 0.004889
578 1 0.091942
579 1 0.006504
580 1 0.006494
581 1 0.073143
582 1 0.065934
583 1 0.030124
584 1 0.031875
585 1 0.045382
586 1 0.089314
587 1 0.089185
588 1 0.003723
589 1 0.003722
590 1 0.125469
591 1 0.019200
592 1 0.003712
593 1 0.004798
594 1 0.103615
595 1 0.068417
596 1 0.048082
597 1 0.042629
598 1 0.003690
599 1 0.028798
600 1 0.139072
601 1 0.026453
602 1 0.029107
603 1 0.085476
604 1 0.006298
605 1 0.006919
606 1 0.035725
607 1 0.035557
608 1 0.022955
609 1 0.079879
610 1 0.138991
611 1 0.004688
612 1 0.087264
613 1 0.008116
614 1 0.012989
615 1 0.134843
616 1 0.133717
617 1 0.094750
618 1 0.198254
619 1 0.042782
620 1 0.088015
621 1 0.004653
622 1 0.019908
623 1 0.006167
624 1 0.012041
625 1 0.111280
626 1 0.046193
627 1 0.004638
628 1 0.003646
629 1 0.064473
630 1 0.019416
631 1 0.077229
632 1 0.027894
633 1 0.007975
634 1 0.009902
635 1 0.018795
636 1 0.011908
637 1 0.039843
638 1 0.004594
639 1 0.035978
640 1 0.064170
641 1 0.087130
642 1 0.148331
643 1 0.059807
644 1 0.064001
645 1 0.016947
646 1 0.004556
647 1 0.031736
648 1 0.049073
649 1 0.079936
650 1 0.003627
651 1 0.115933
652 1 0.034786
653 1 0.072664
654 1 0.003626
655 1 0.034874
656 1 0.066720
657 1 0.009913
658 1 0.005937
659 1 0.003621
660 1 0.025369
661 1 0.003615
662 1 0.050717
663 1 0.003607
664 1 0.009758
665 1 0.003597
666 1 0.120684
667 1 0.004457
668 1 0.035148
669 1 0.007627
670 1 0.009492
671 1 0.077180
672 1 0.005809
673 1 0.004404
674 1 0.003537
675 1 0.004383
676 1 0.037329
677 1 0.090306
678 1 0.032908
679 1 0.073973
680 1 0.042262
681 1 0.004340
682 1 0.107726
683 1 0.007480
684 1 0.003496
685 1 0.009338
686 1 0.011998
687 1 0.004306
688 1 0.015118
689 1 0.028290
690 1 0.073053
691 1 0.049736
692 1 0.003471
693 1 0.003468
694 1 0.004261
695 1 0.025696
696 1 0.004247
697 1 0.054222
698 1 0.004233
699 1 0.003443
700 1 0.054233
701 1 0.176563
702 1 0.074851
703 1 0.028719
704 1 0.004192
705 1 0.003419
706 1 0.032027
707 1 0.004175
708 1 0.005505
709 1 0.014083
710 1 0.017462
711 1 0.108819
712 1 0.003382
713 1 0.024946
714 1 0.016381
715 1 0.017422
716 1 0.015738
717 1 0.062895
718 1 0.054057
719 1 0.003341
720 1 0.084851
721 1 0.007128
722 1 0.017237
723 1 0.004051
724 1 0.060463
725 1 0.027664
726 1 0.055917
727 1 0.105065
728 1 0.089878
729 1 0.063620
730 1 0.037541
731 1 0.127718
732 1 0.004022
733 1 0.041407
734 1 0.004019
735 1 0.125188
736 1 0.103865
737 1 0.004011
738 1 0.178817
739 1 0.008834
740 1 0.053522
741 1 0.252802
742 1 0.003327
743 1 0.003988
744 1 0.106817
745 1 0.190496
746 1 0.065391
747 1 0.097002
748 1 0.003967
749 1 0.065190
750 1 0.003308
751 1 0.003956
752 1 0.046992
753 1 0.015746
754 1 0.124131
755 1 0.039000
756 1 0.003935
757 1 0.003293
758 1 0.037877
759 1 0.038648
760 1 0.025788
761 1 0.069064
762 1 0.078350
763 1 0.040271
764 1 0.044021
765 1 0.003290
766 1 0.003288
767 1 0.003903
768 1 0.014471
769 1 0.092681
770 1 0.029422
771 1 0.003274
772 1 0.037452
773 1 0.029710
774 1 0.063631
775 1 0.003876
776 1 0.003276
777 1 0.003275
778 1 0.003272
779 1 0.048767
780 1 0.025202
781 1 0.065517
782 1 0.045774
783 1 0.068995
784 1 0.012828
785 1 0.003266
786 1 0.032535
787 1 0.003262
788 1 0.137807
789 1 0.137079
790 1 0.026324
791 1 0.114124
792 1 0.008823
793 1 0.073497
794 1 0.003251
795 1 0.048894
796 1 0.036992
797 1 0.055875
798 1 0.049745
799 1 0.071312
800 1 0.003255
801 1 0.062597
802 1 0.059149
803 1 0.003253
804 1 0.099850
805 1 0.003801
806 1 0.014040
807 1 0.028180
808 1 0.069482
809 1 0.003782
810 1 0.061067
811 1 0.072992
812 1 0.041400
813 1 0.003761
814 1 0.004954
815 1 0.003211
816 1 0.125913
817 1 0.059534
818 1 0.003730
819 1 0.003195
820 1 0.003190
821 1 0.010344
822 1 0.011438
823 1 0.002416
824 1 0.059269
825 1 0.098504
826 1 0.040194
827 1 0.022833
828 1 0.006526
829 1 0.012678
830 1 0.003660
831 1 0.003653
832 1 0.021870
833 1 0.003134
834 1 0.003628
835 1 0.092942
836 1 0.034209
837 1 0.070085
838 1 0.045970
839 1 0.003600
840 1 0.003105
841 1 0.003100
842 1 0.008264
843 1 0.080376
844 1 0.062715
845 1 0.094656
846 1 0.062956
847 1 0.003560
848 1 0.048291
849 1 0.003553
850 1 0.003549
851 1 0.073734
852 1 0.058881
853 1 0.042685
854 1 0.090591
855 1 0.038309
856 1 0.003060
857 1 0.036026
858 1 0.003521
859 1 0.049319
860 1 0.003517
861 1 0.003514
862 1 0.014926
863 1 0.116745
864 1 0.016292
865 1 0.062182
866 1 0.003053
867 1 0.014928
868 1 0.003049
869 1 0.003483
870 1 0.003476
871 1 0.003034
872 1 0.019468
873 1 0.018640
874 1 0.006271
875 1 0.054807
876 1 0.003007
877 1 0.023521
878 1 0.047307
879 1 0.143710
880 1 0.023335
881 1 0.072666
882 1 0.002995
883 1 0.100684
884 1 0.077005
885 1 0.065452
886 1 0.004540
887 1 0.002989
888 1 0.012286
889 1 0.014262
890 1 0.037248
891 1 0.014703
892 1 0.040786
893 1 0.039113
894 1 0.015550
895 1 0.019190
896 1 0.020913
897 1 0.031794
898 1 0.046922
899 1 0.007908
900 1 0.003375
901 1 0.009846
902 1 0.113871
903 1 0.003018
904 1 0.062186
905 1 0.032421
906 1 0.003005
907 1 0.007818
908 1 0.003354
909 1 0.008072
910 1 0.055879
911 1 0.016827
912 1 0.007767
913 1 0.059940
914 1 0.023524
915 1 0.053707
916 1 0.105554
917 1 0.005962
918 1 0.042186
919 1 0.008388
920 1 0.036728
921 1 0.057949
922 1 0.004379
923 1 0.017983
924 1 0.060965
925 1 0.049478
926 1 0.065058
927 1 0.108533
928 1 0.098946
929 1 0.026119
930 1 0.007591
931 1 0.003350
932 1 0.064898
933 1 0.039183
934 1 0.040412
935 1 0.009454
936 1 0.074827
937 1 0.101216
938 1 0.064173
939 1 0.033972
940 1 0.032597
941 1 0.060738
942 1 0.046840
943 1 0.120023
944 1 0.056520
945 1 0.023266
946 1 0.024980
947 1 0.004331
948 1 0.003153
949 1 0.003157
950 1 0.039220
951 1 0.016502
952 1 0.003384
953 1 0.029306
954 1 0.003384
955 1 0.009543
956 1 0.035423
957 1 0.003170
958 1 0.049073
959 1 0.098532
960 1 0.007374
961 1 0.056823
962 1 0.025669
963 1 0.005729
964 1 0.011705
965 1 0.026196
966 1 0.018626
967 1 0.052374
968 1 0.003362
969 1 0.011422
970 1 0.003356
971 1 0.022240
972 1 0.026628
973 1 0.032725
974 1 0.053789
975 1 0.082829
976 1 0.013702
977 1 0.097085
978 1 0.003334
979 1 0.038687
980 1 0.060795
981 1 0.003176
982 1 0.004218
983 1 0.108068
984 1 0.014300
985 1 0.003317
986 1 0.003167
987 1 0.011009
988 1 0.003302
989 1 0.003155
990 1 0.003149
991 1 0.025011
992 1 0.019508
993 1 0.003135
994 1 0.018008
995 1 0.029758
996 1 0.016397
997 1 0.011117
998 1 0.028040
999 1 0.013926
1000 1 0.023726
1001 1 0.069386
1002 1 0.009001
1003 1 0.035562
1004 1 0.067194
1005 1 0.055817
1006 1 0.051383
1007 1 0.027443
1008 1 0.030341
1009 1 0.050474
1010 1 0.027772
1011 1 0.021532
1012 1 0.012034
1013 1 0.009472
1014 1 0.003159
1015 1 0.067760
1016 1 0.027015
1017 1 0.003165
1018 1 0.011298
1019 1 0.003252
1020 1 0.019592
1021 1 0.003249
1022 1 0.016622
1023 1 0.040659
1024 1 0.003168
1025 1 0.062088
1026 1 0.092346
1027 1 0.019406
1028 1 0.026988
1029 1 0.003226
1030 1 0.019080
1031 1 0.003161
1032 1 0.033602
1033 1 0.147461
1034 1 0.003650
1035 1 0.003213
1036 1 0.027651
1037 1 0.112686
1038 1 0.016429
1039 1 0.006913
1040 1 0.035408
1041 1 0.003154
1042 1 0.005330
1043 1 0.075292
1044 1 0.108532
1045 1 0.003150
1046 1 0.003181
1047 1 0.009562
1048 1 0.096174
1049 1 0.057401
1050 1 0.059873
1051 1 0.003162
1052 1 0.020643
1053 1 0.031301
1054 1 0.003159
1055 1 0.003158
1056 1 0.003138
1057 1 0.003947
1058 1 0.126781
1059 1 0.038112
1060 1 0.003133
1061 1 0.009746
1062 1 0.003140
1063 1 0.017080
1064 1 0.071503
1065 1 0.003123
1066 1 0.021668
1067 1 0.003121
1068 1 0.077979
1069 1 0.003111
1070 1 0.023264
1071 1 0.003106
1072 1 0.003103
1073 1 0.003099
1074 1 0.039965
1075 1 0.017524
1076 1 0.009413
1077 1 0.003090
1078 1 0.003890
1079 1 0.044658
1080 1 0.059616
1081 1 0.081446
1082 1 0.003068
1083 1 0.028632
1084 1 0.108850
1085 1 0.005233
1086 1 0.013168
1087 1 0.024676
1088 1 0.117514
1089 1 0.042970
1090 1 0.042625
1091 1 0.056662
1092 1 0.003072
1093 1 0.003074
1094 1 0.013128
1095 1 0.003074
1096 1 0.003052
1097 1 0.010563
1098 1 0.018486
1099 1 0.068368
1100 1 0.003044
1101 1 0.003068
1102 1 0.003066
1103 1 0.003038
1104 1 0.003058
1105 1 0.031072
1106 1 0.068819
1107 1 0.036384
1108 1 0.003042
1109 1 0.030653
1110 1 0.013253
1111 1 0.003832
1112 1 0.008607
1113 1 0.003029
1114 1 0.020445
1115 1 0.084296
1116 1 0.030255
1117 1 0.002997
1118 1 0.005203
1119 1 0.014581
1120 1 0.068458
1121 1 0.043600
1122 1 0.058051
1123 1 0.078591
1124 1 0.057297
1125 1 0.015578
1126 1 0.003024
1127 1 0.009361
1128 1 0.017228
1129 1 0.037940
1130 1 0.003030
1131 1 0.057223
1132 1 0.078828
1133 1 0.003032
1134 1 0.022390
1135 1 0.015506
1136 1 0.036489
1137 1 0.002993
1138 1 0.010840
1139 1 0.021696
1140 1 0.002991
1141 1 0.020292
1142 1 0.036798
1143 1 0.064779
1144 1 0.002990
1145 1 0.072181
1146 1 0.065404
1147 1 0.006765
1148 1 0.030402
1149 1 0.066179
1150 1 0.008587
1151 1 0.112096
1152 1 0.018362
1153 1 0.008913
1154 1 0.003777
1155 1 0.084692
1156 1 0.066895
1157 1 0.108019
1158 1 0.042363
1159 1 0.008974
1160 1 0.003089
1161 1 0.035351
1162 1 0.002145
1163 1 0.027594
1164 1 0.014374
1165 1 0.003105
1166 1 0.081773
1167 1 0.003006
1168 1 0.003105
1169 1 0.002999
1170 1 0.002994
1171 1 0.002988
1172 1 0.013660
1173 1 0.015727
1174 1 0.017553
1175 1 0.006632
1176 1 0.003078
1177 1 0.002960
1178 1 0.069356
1179 1 0.025384
1180 1 0.100222
1181 1 0.087728
1182 1 0.003064
1183 1 0.020987
1184 1 0.003682
1185 1 0.090095
1186 1 0.027504
1187 1 0.130006
1188 1 0.119321
1189 1 0.002928
1190 1 0.003662
1191 1 0.003062
1192 1 0.010849
1193 1 0.090967
1194 1 0.002910
1195 1 0.004949
1196 1 0.028943
1197 1 0.004937
1198 1 0.019920
1199 1 0.009443
1200 2 0.022456
1201 2 0.003605
1202 2 0.003051
1203 2 0.019081
1204 2 0.006471
1205 2 0.018446
1206 2 0.056771
1207 2 0.053989
1208 2 0.028195
1209 2 0.026764
1210 2 0.039709
1211 2 0.014766
1212 2 0.047327
1213 2 0.006448
1214 2 0.010313
1215 2 0.039398
1216 2 0.014501
1217 2 0.080111
1218 2 0.003044
1219 2 0.003560
1220 2 0.003557
1221 2 0.003036
1222 2 0.009491
1223 2 0.019880
1224 2 0.020985
1225 2 0.041341
1226 2 0.075224
1227 2 0.003532
1228 2 0.002821
1229 2 0.020962
1230 2 0.002813
1231 2 0.012885
1232 2 0.042833
1233 2 0.050555
1234 2 0.064631
1235 2 0.019433
1236 2 0.020965
1237 2 0.029405
1238 2 0.003010
1239 2 0.018120
1240 2 0.028536
1241 2 0.037268
1242 2 0.047481
1243 2 0.068721
1244 2 0.084732
1245 2 0.008940
1246 2 0.003011
1247 2 0.093632
1248 2 0.013749
1249 2 0.012727
1250 2 0.033369
1251 2 0.037991
1252 2 0.002783
1253 2 0.003476
1254 2 0.065165
1255 2 0.036741
1256 2 0.094866
1257 2 0.011696
1258 2 0.117321
1259 2 0.102677
1260 2 0.134095
1261 2 0.122063
1262 2 0.011911
1263 2 0.016158
1264 2 0.058655
1265 2 0.023302
1266 2 0.091550
1267 2 0.003007
1268 2 0.017492
1269 2 0.064146
1270 2 0.046941
1271 2 0.004748
1272 2 0.053635
1273 2 0.036740
1274 2 0.004740
1275 2 0.024975
1276 2 0.003034
1277 2 0.003034
1278 2 0.045853
1279 2 0.019411
1280 2 0.041477
1281 2 0.044630
1282 2 0.008126
1283 2 0.016075
1284 2 0.086926
1285 2 0.003044
1286 2 0.002787
1287 2 0.006993
1288 2 0.012424
1289 2 0.009781
1290 2 0.008140
1291 2 0.003040
1292 2 0.009601
1293 2 0.069816
1294 2 0.003037
1295 2 0.058897
1296 2 0.006467
1297 2 0.094482
1298 2 0.002768
1299 2 0.030620
1300 2 0.003427
1301 2 0.011115
1302 2 0.009182
1303 2 0.090589
1304 2 0.002748
1305 2 0.003397
1306 2 0.020168
1307 2 0.011604
1308 2 0.011351
1309 2 0.023590
1310 2 0.035568
1311 2 0.012799
1312 2 0.003020
1313 2 0.028019
1314 2 0.052712
1315 2 0.003022
1316 2 0.053077
1317 2 0.002721
1318 2 0.014382
1319 2 0.015338
1320 2 0.069410
1321 2 0.003027
1322 2 0.022668
1323 2 0.047365
1324 2 0.058851
1325 2 0.017942
1326 2 0.006971
1327 2 0.049897
1328 2 0.003031
1329 2 0.041201
1330 2 0.025609
1331 2 0.003031
1332 2 0.014230
1333 2 0.003031
1334 2 0.175165
1335 2 0.082845
1336 2 0.002707
1337 2 0.003019
1338 2 0.003326
1339 2 0.024373
1340 2 0.007740
1341 2 0.002685
1342 2 0.006169
1343 2 0.080574
1344 2 0.006164
1345 2 0.029735
1346 2 0.002665
1347 2 0.022546
1348 2 0.014409
1349 2 0.072491
1350 2 0.007392
1351 2 0.058804
1352 2 0.002977
1353 2 0.006143
1354 2 0.047727
1355 2 0.073293
1356 2 0.008013
1357 2 0.002631
1358 2 0.012980
1359 2 0.017362
1360 2 0.049427
1361 2 0.002619
1362 2 0.002952
1363 2 0.093485
1364 2 0.004508
1365 2 0.013411
1366 2 0.013739
1367 2 0.015659
1368 2 0.029335
1369 2 0.019312
1370 2 0.004483
1371 2 0.038562
1372 2 0.027001
1373 2 0.009090
1374 2 0.002953
1375 2 0.046449
1376 2 0.070712
1377 2 0.006039
1378 2 0.035661
1379 2 0.032159
1380 2 0.030258
1381 2 0.065018
1382 2 0.039834
1383 2 0.002964
1384 2 0.002963
1385 2 0.024911
1386 2 0.012597
1387 2 0.089113
1388 2 0.013842
1389 2 0.007496
1390 2 0.009052
1391 2 0.017239
1392 2 0.002582
1393 2 0.052029
1394 2 0.002578
1395 2 0.002575
1396 2 0.023909
1397 2 0.018168
1398 2 0.004397
1399 2 0.028770
1400 2 0.017249
1401 2 0.002558
1402 2 0.004378
1403 2 0.025841
1404 2 0.043250
1405 2 0.018568
1406 2 0.002943
1407 2 0.026383
1408 2 0.002941
1409 2 0.009390
1410 2 0.061959
1411 2 0.053003
1412 2 0.002936
1413 2 0.004114
1414 2 0.017954
1415 2 0.002933
1416 2 0.002932
1417 2 0.002524
1418 2 0.002928
1419 2 0.014746
1420 2 0.009225
1421 2 0.002512
1422 2 0.076704
1423 2 0.002917
1424 2 0.009659
1425 2 0.004322
1426 2 0.001791
1427 2 0.009225
1428 2 0.002909
1429 2 0.007582
1430 2 0.018209
1431 2 0.002898
1432 2 0.055406
1433 2 0.009151
1434 2 0.002887
1435 2 0.065436
1436 2 0.025102
1437 2 0.026959
1438 2 0.002463
1439 2 0.041836
1440 2 0.063874
1441 2 0.038731
1442 2 0.004285
1443 2 0.056832
1444 2 0.027777
1445 2 0.002863
1446 2 0.028711
1447 2 0.006779
1448 2 0.002440
1449 2 0.001485
1450 2 0.059876
1451 2 0.005869
1452 2 0.019253
1453 2 0.030175
1454 2 0.027680
1455 2 0.005522
1456 2 0.005921
1457 2 0.002858
1458 2 0.014756
1459 2 0.027844
1460 2 0.021446
1461 2 0.065388
1462 2 0.055170
1463 2 0.007704
1464 2 0.002977
1465 2 0.035844
1466 2 0.037523
1467 2 0.002426
1468 2 0.075488
1469 2 0.055056
1470 2 0.068656
1471 2 0.027069
1472 2 0.002888
1473 2 0.002425
1474 2 0.002424
1475 2 0.004157
1476 2 0.016037
1477 2 0.014134
1478 2 0.009352
1479 2 0.025287
1480 2 0.012348
1481 2 0.013895
1482 2 0.116569
1483 2 0.056144
1484 2 0.076776
1485 2 0.015654
1486 2 0.004094
1487 2 0.016159
1488 2 0.040871
1489 2 0.005082
1490 2 0.002898
1491 2 0.080544
1492 2 0.012951
1493 2 0.017197
1494 2 0.002897
1495 2 0.021388
1496 2 0.002896
1497 2 0.002894
1498 2 0.066470
1499 2 0.012244
1500 2 0.009740
1501 2 0.027454
1502 2 0.008771
1503 2 0.011403
1504 2 0.037745
1505 2 0.042447
1506 2 0.024272
1507 2 0.008629
1508 2 0.005601
1509 2 0.007505
1510 2 0.080700
1511 2 0.022769
1512 2 0.028860
1513 2 0.006269
1514 2 0.010599
1515 2 0.029972
1516 2 0.021580
1517 2 0.047519
1518 2 0.002847
1519 2 0.007466
1520 2 0.020636
1521 2 0.041270
1522 2 0.002367
1523 2 0.004937
1524 2 0.005547
1525 2 0.011230
1526 2 0.065567
1527 2 0.017760
1528 2 0.027739
1529 2 0.002374
1530 2 0.012121
1531 2 0.003970
1532 2 0.015083
1533 2 0.063240
1534 2 0.002930
1535 2 0.010103
1536 2 0.002929
1537 2 0.032581
1538 2 0.005648
1539 2 0.002365
1540 2 0.045573
1541 2 0.007389
1542 2 0.020686
1543 2 0.022385
1544 2 0.002361
1545 2 0.002361
1546 2 0.002359
1547 2 0.002357
1548 2 0.002805
1549 2 0.008402
1550 2 0.019821
1551 2 0.031767
1552 2 0.012855
1553 2 0.050197
1554 2 0.010568
1555 2 0.013766
1556 2 0.007094
1557 2 0.021555
1558 2 0.014396
1559 2 0.036464
1560 2 0.002863
1561 2 0.023979
1562 2 0.017696
1563 2 0.035593
1564 2 0.013602
1565 2 0.016195
1566 2 0.005528
1567 2 0.008015
1568 2 0.009548
1569 2 0.011569
1570 2 0.002835
1571 2 0.020493
1572 2 0.031677
1573 2 0.020795
1574 2 0.070883
1575 2 0.002753
1576 2 0.063996
1577 2 0.002809
1578 2 0.039116
1579 2 0.029222
1580 2 0.016355
1581 2 0.008617
1582 2 0.006804
1583 2 0.085559
1584 2 0.011106
1585 2 0.012150
1586 2 0.059731
1587 2 0.002802
1588 2 0.063057
1589 2 0.002798
1590 2 0.030630
1591 2 0.002234
1592 2 0.002231
1593 2 0.003934
1594 2 0.049109
1595 2 0.039276
1596 2 0.054464
1597 2 0.002776
1598 2 0.002774
1599 2 0.002213
1600 2 0.002210
1601 2 0.014018
1602 2 0.002203
1603 2 0.002707
1604 2 0.002755
1605 2 0.012467
1606 2 0.081744
1607 2 0.023554
1608 2 0.020870
1609 2 0.002179
1610 2 0.017565
1611 2 0.009893
1612 2 0.005974
1613 2 0.020195
1614 2 0.005493
1615 2 0.015940
1616 2 0.061174
1617 2 0.040961
1618 2 0.002162
1619 2 0.008203
1620 2 0.002743
1621 2 0.038934
1622 2 0.002159
1623 2 0.027861
1624 2 0.002658
1625 2 0.056629
1626 2 0.047164
1627 2 0.026500
1628 2 0.006642
1629 2 0.002150
1630 2 0.026350
1631 2 0.102910
1632 2 0.002748
1633 2 0.013266
1634 2 0.003262
1635 2 0.002131
1636 2 0.002742
1637 2 0.023289
1638 2 0.007520
1639 2 0.007516
1640 2 0.020333
1641 2 0.017931
1642 2 0.044628
1643 2 0.002737
1644 2 0.002736
1645 2 0.027422
1646 2 0.003815
1647 2 0.007845
1648 2 0.002098
1649 2 0.002095
1650 2 0.011974
1651 2 0.026249
1652 2 0.112533
1653 2 0.048921
1654 2 0.032791
1655 2 0.002724
1656 2 0.002254
1657 2 0.013448
1658 2 0.005917
1659 2 0.002084
1660 2 0.005217
1661 2 0.016968
1662 2 0.023425
1663 2 0.017938
1664 2 0.008218
1665 2 0.075953
1666 2 0.043465
1667 2 0.037163
1668 2 0.071878
1669 2 0.002071
1670 2 0.006211
1671 2 0.022719
1672 2 0.002067
1673 2 0.014214
1674 2 0.008296
1675 2 0.015184
1676 2 0.012332
1677 2 0.063836
1678 2 0.103922
1679 2 0.005720
1680 2 0.020365
1681 2 0.007233
1682 2 0.005713
1683 2 0.019746
1684 2 0.002077
1685 2 0.002503
1686 2 0.006950
1687 2 0.007266
1688 2 0.002077
1689 2 0.008875
1690 2 0.002077
1691 2 0.002486
1692 2 0.007223
1693 2 0.057638
1694 2 0.003643
1695 2 0.002069
1696 2 0.002786
1697 2 0.002463
1698 2 0.002458
1699 2 0.025858
1700 2 0.002053
1701 2 0.032888
1702 2 0.019012
1703 2 0.001221
1704 2 0.017886
1705 2 0.003368
1706 2 0.052256
1707 2 0.054762
1708 2 0.002045
1709 2 0.012152
1710 2 0.002046
1711 2 0.002790
1712 2 0.002045
1713 2 0.002043
1714 2 0.012605
1715 2 0.002784
1716 2 0.012157
1717 2 0.002779
1718 2 0.025373
1719 2 0.017896
1720 2 0.041321
1721 2 0.028386
1722 2 0.002776
1723 2 0.010070
1724 2 0.025436
1725 2 0.027071
1726 2 0.009513
1727 2 0.009473
1728 2 0.028382
1729 2 0.007185
1730 2 0.048184
1731 2 0.002412
1732 2 0.002785
1733 2 0.032274
1734 2 0.018281
1735 2 0.002406
1736 2 0.018809
1737 2 0.030193
1738 2 0.002791
1739 2 0.002789
1740 2 0.002786
1741 2 0.012067
1742 2 0.028693
1743 2 0.002393
1744 2 0.006645
1745 2 0.002011
1746 2 0.003555
1747 2 0.005421
1748 2 0.025004
1749 2 0.028231
1750 2 0.025548
1751 2 0.035161
1752 2 0.019192
1753 2 0.058923
1754 2 0.014968
1755 2 0.057825
1756 2 0.017971
1757 2 0.034180
1758 2 0.077094
1759 2 0.083332
1760 2 0.002011
1761 2 0.002011
1762 2 0.082542
1763 2 0.064213
1764 2 0.057448
1765 2 0.114984
1766 2 0.002820
1767 2 0.002019
1768 2 0.004881
1769 2 0.002020
1770 2 0.017397
1771 2 0.014837
1772 2 0.002831
1773 2 0.016762
1774 2 0.032131
1775 2 0.016410
1776 2 0.014812
1777 2 0.002365
1778 2 0.003506
1779 2 0.002361
1780 2 0.002853
1781 2 0.009228
1782 2 0.014726
1783 2 0.002023
1784 2 0.002021
1785 2 0.002857
1786 2 0.007032
1787 2 0.003801
1788 2 0.007709
1789 2 0.019639
1790 2 0.002325
1791 2 0.020780
1792 2 0.002316
1793 2 0.004817
1794 2 0.014959
1795 2 0.037769
1796 2 0.020984
1797 2 0.003429
1798 2 0.001979
1799 2 0.030188
1800 2 0.012094
1801 2 0.009297
1802 2 0.014249
1803 2 0.001806
1804 2 0.025610
1805 2 0.043793
1806 2 0.001966
1807 2 0.008346
1808 2 0.011866
1809 2 0.002858
1810 2 0.054894
1811 2 0.001958
1812 2 0.001956
1813 2 0.002855
1814 2 0.025399
1815 2 0.012005
1816 2 0.026289
1817 2 0.002850
1818 2 0.015009
1819 2 0.003372
1820 2 0.022109
1821 2 0.026777
1822 2 0.023533
1823 2 0.025124
1824 2 0.014226
1825 2 0.002854
1826 2 0.002224
1827 2 0.014167
1828 2 0.032121
1829 2 0.006631
1830 2 0.006289
1831 2 0.001933
1832 2 0.035210
1833 2 0.067230
1834 2 0.008773
1835 2 0.001927
1836 2 0.016495
1837 2 0.027156
1838 2 0.009202
1839 2 0.073234
1840 2 0.014384
1841 2 0.022586
1842 2 0.037460
1843 2 0.092618
1844 2 0.049348
1845 2 0.007810
1846 2 0.021182
1847 2 0.002866
1848 2 0.020532
1849 2 0.069968
1850 2 0.013465
1851 2 0.031388
1852 2 0.024359
1853 2 0.011178
1854 2 0.004861
1855 2 0.001926
1856 2 0.002898
1857 2 0.005872
1858 2 0.002166
1859 2 0.011162
1860 2 0.003250
1861 2 0.002912
1862 2 0.002914
1863 2 0.001931
1864 2 0.004432
1865 2 0.002910
1866 2 0.011266
1867 2 0.023026
1868 2 0.013453
1869 2 0.007564
1870 2 0.107516
1871 2 0.001913
1872 2 0.002899
1873 2 0.086887
1874 2 0.002900
1875 2 0.005593
1876 2 0.001911
1877 2 0.038935
1878 2 0.042188
1879 2 0.002893
1880 2 0.011856
1881 2 0.029746
1882 2 0.045408
1883 2 0.048923
1884 2 0.046064
1885 2 0.008625
1886 2 0.004482
1887 2 0.075301
1888 2 0.001890
1889 2 0.014726
1890 2 0.049360
1891 2 0.002875
1892 2 0.002875
1893 2 0.015963
1894 2 0.013639
1895 2 0.016067
1896 2 0.002875
1897 2 0.045900
1898 2 0.011728
1899 2 0.002873
1900 2 0.011721
1901 2 0.002875
1902 2 0.004796
1903 2 0.016974
1904 2 0.006489
1905 2 0.002871
1906 2 0.001890
1907 2 0.036098
1908 2 0.011722
1909 2 0.011464
1910 2 0.002146
1911 2 0.002159
1912 2 0.006398
1913 2 0.055782
1914 2 0.031383
1915 2 0.033737
1916 2 0.002146
1917 2 0.045609
1918 2 0.054098
1919 2 0.002867
1920 2 0.023607
1921 2 0.002862
1922 2 0.001880
1923 2 0.071624
1924 2 0.002850
1925 2 0.050633
1926 2 0.040057
1927 2 0.017873
1928 2 0.009606
1929 2 0.002134
1930 2 0.003276
1931 2 0.008833
1932 2 0.014130
1933 2 0.002842
1934 2 0.007678
1935 2 0.006000
1936 2 0.007064
1937 2 0.011867
1938 2 0.017828
1939 2 0.001876
1940 2 0.084866
1941 2 0.001881
1942 2 0.018125
1943 2 0.054656
1944 2 0.002879
1945 2 0.020526
1946 2 0.009056
1947 2 0.017158
1948 2 0.013678
1949 2 0.002895
1950 2 0.038717
1951 2 0.003256
1952 2 0.024237
1953 2 0.001899
1954 2 0.015001
1955 2 0.043015
1956 2 0.002890
1957 2 0.018147
1958 2 0.002882
1959 2 0.018530
1960 2 0.002137
1961 2 0.003261
1962 2 0.039170
1963 2 0.002868
1964 2 0.002130
1965 2 0.121531
1966 2 0.014499
1967 2 0.004876
1968 2 0.045931
1969 2 0.047026
1970 2 0.009110
1971 2 0.011136
1972 2 0.005179
1973 2 0.001869
1974 2 0.005127
1975 2 0.020453
1976 2 0.055278
1977 2 0.021358
1978 2 0.046550
1979 2 0.035744
1980 2 0.032877
1981 2 0.003104
1982 2 0.001870
1983 2 0.003202
1984 2 0.002890
1985 2 0.021817
1986 2 0.015532
1987 2 0.001864
1988 2 0.002892
1989 2 0.002892
1990 2 0.068196
1991 2 0.002084
1992 2 0.046975
1993 2 0.010559
1994 2 0.017980
1995 2 0.038784
1996 2 0.013816
1997 2 0.012049
1998 2 0.046410
1999 2 0.004101
2000 2 0.056863
2001 2 0.014585
2002 2 0.013533
2003 2 0.018651
2004 2 0.001870
2005 2 0.002079
2006 2 0.007436
2007 2 0.004751
2008 2 0.002931
2009 2 0.032849
2010 2 0.014502
2011 2 0.001019
2012 2 0.003009
2013 2 0.005984
2014 2 0.008171
2015 2 0.001885
2016 2 0.002960
2017 2 0.008494
2018 2 0.015558
2019 2 0.087691
2020 2 0.002967
2021 2 0.031277
2022 2 0.014792
2023 2 0.025469
2024 2 0.004660
2025 2 0.004940
2026 2 0.032629
2027 2 0.021061
2028 2 0.005199
2029 2 0.035298
2030 2 0.015939
2031 2 0.001885
2032 2 0.020806
2033 2 0.011219
2034 2 0.010968
2035 2 0.010128
2036 2 0.022728
2037 2 0.002980
2038 2 0.090272
2039 2 0.003098
2040 2 0.004575
2041 2 0.006720
2042 2 0.001886
2043 2 0.019661
2044 2 0.004649
2045 2 0.006258
2046 2 0.031679
2047 2 0.051401
2048 2 0.004530
2049 2 0.004791
2050 2 0.060822
2051 2 0.046071
2052 2 0.001871
2053 2 0.010085
2054 2 0.011691
2055 2 0.003060
2056 2 0.030868
2057 2 0.011482
2058 2 0.043704
2059 2 0.002995
2060 2 0.002019
2061 2 0.003043
2062 2 0.006531
2063 2 0.012833
2064 2 0.003011
2065 2 0.003013
2066 2 0.003013
2067 2 0.008584
2068 2 0.003010
2069 2 0.003008
2070 2 0.077348
2071 2 0.001873
2072 2 0.003026
2073 2 0.037366
2074 2 0.003166
2075 2 0.036616
2076 2 0.002994
2077 2 0.024205
2078 2 0.002991
2079 2 0.004083
2080 2 0.006262
2081 2 0.036512
2082 2 0.037638
2083 2 0.001853
2084 2 0.066352
2085 2 0.003021
2086 2 0.050929
2087 2 0.005185
2088 2 0.003019
2089 2 0.024184
2090 2 0.031720
2091 2 0.028345
2092 2 0.008260
2093 2 0.014594
2094 2 0.032735
2095 2 0.002958
2096 2 0.026032
2097 2 0.011808
2098 2 0.001818
2099 2 0.008218
2100 2 0.007454
2101 2 0.010584
2102 2 0.058684
2103 2 0.002948
2104 2 0.006833
2105 2 0.001948
2106 2 0.001812
2107 2 0.002948
2108 2 0.042191
2109 2 0.032106
2110 2 0.006089
2111 2 0.015646
2112 2 0.002983
2113 2 0.021683
2114 2 0.050614
2115 2 0.001795
2116 2 0.003110
2117 2 0.002925
2118 2 0.002922
2119 2 0.004560
2120 2 0.002914
2121 2 0.001920
2122 2 0.002354
2123 2 0.010100
2124 2 0.028414
2125 2 0.005377
2126 2 0.022109
2127 2 0.002896
2128 2 0.004579
2129 2 0.006726
2130 2 0.001751
2131 2 0.010677
2132 2 0.013911
2133 2 0.026465
2134 2 0.002880
2135 2 0.010987
2136 2 0.002873
2137 2 0.016043
2138 2 0.002952
2139 2 0.008916
2140 2 0.002858
2141 2 0.001868
2142 2 0.002851
2143 2 0.035106
2144 2 0.053951
2145 2 0.001705
2146 2 0.001704
2147 2 0.001702
2148 2 0.035353
2149 2 0.001697
2150 2 0.052184
2151 2 0.009111
2152 2 0.042915
2153 2 0.022849
2154 2 0.001685
2155 2 0.002822
2156 2 0.014050
2157 2 0.003564
2158 2 0.001845
2159 2 0.001667
2160 2 0.049268
2161 2 0.020183
2162 2 0.001656
2163 2 0.032168
2164 2 0.010104
2165 2 0.050180
2166 2 0.002963
2167 2 0.011881
2168 2 0.015203
2169 2 0.004209
2170 2 0.002787
2171 2 0.055788
2172 2 0.002785
2173 2 0.001822
2174 2 0.019781
2175 2 0.001632
2176 2 0.033841
2177 2 0.001627
2178 2 0.013820
2179 2 0.002768
2180 2 0.010449
2181 2 0.016355
2182 2 0.006778
2183 2 0.010342
2184 2 0.006775
2185 2 0.019418
2186 2 0.005556
2187 2 0.004651
2188 2 0.002773
2189 2 0.029329
2190 2 0.001811
2191 2 0.008636
2192 2 0.002775
2193 2 0.002774
2194 2 0.002772
2195 2 0.011971
2196 2 0.006307
2197 2 0.005598
2198 2 0.002764
2199 2 0.022102
2200 2 0.003547
2201 2 0.006603
2202 2 0.010445
2203 2 0.009215
2204 2 0.003427
2205 2 0.082705
2206 2 0.011740
2207 2 0.012272
2208 2 0.019511
2209 2 0.031029
2210 2 0.011347
2211 2 0.038594
2212 2 0.001822
2213 2 0.001821
2214 2 0.012883
2215 2 0.003399
2216 2 0.066851
2217 2 0.006720
2218 2 0.019523
2219 2 0.006711
2220 2 0.001632
2221 2 0.014201
2222 2 0.012759
2223 2 0.045150
2224 2 0.061808
2225 2 0.035453
2226 2 0.002807
2227 2 0.002807
2228 2 0.004223
2229 2 0.002805
2230 2 0.057121
2231 2 0.002800
2232 2 0.007256
2233 2 0.002793
2234 2 0.001618
2235 2 0.012763
2236 2 0.025006
2237 2 0.004659
2238 2 0.001607
2239 2 0.006701
2240 2 0.001603
2241 2 0.008204
2242 2 0.001599
2243 2 0.002767
2244 2 0.035397
2245 2 0.001590
2246 2 0.034770
2247 2 0.001582
2248 2 0.002747
2249 2 0.044419
2250 2 0.005463
2251 2 0.001751
2252 2 0.002730
2253 2 0.003345
2254 2 0.011236
2255 2 0.002720
2256 2 0.052972
2257 2 0.001547
2258 2 0.014888
2259 2 0.008417
2260 2 0.021706
2261 2 0.017516
2262 2 0.028467
2263 2 0.025307
2264 2 0.006752
2265 2 0.043025
2266 2 0.004592
2267 2 0.002699
2268 2 0.046691
2269 2 0.001720
2270 2 0.022286
2271 2 0.021553
2272 2 0.053592
2273 2 0.033473
2274 2 0.021630
2275 2 0.001721
2276 2 0.030855
2277 2 0.001721
2278 2 0.002734
2279 2 0.005447
2280 2 0.054059
2281 2 0.001547
2282 2 0.009854
2283 2 0.010635
2284 2 0.004541
2285 2 0.002733
2286 2 0.010117
2287 2 0.005389
2288 2 0.019739
2289 2 0.017683
2290 2 0.011032
2291 2 0.001408
2292 2 0.023039
2293 2 0.012806
2294 2 0.040443
2295 2 0.023793
2296 2 0.008463
2297 2 0.003975
2298 2 0.018115
2299 2 0.001552
2300 2 0.001551
2301 2 0.002372
2302 2 0.016153
2303 2 0.026132
2304 2 0.002842
2305 2 0.005749
2306 2 0.010499
2307 2 0.018269
2308 2 0.006104
2309 2 0.002742
2310 2 0.002741
2311 2 0.001536
2312 2 0.006693
2313 2 0.005360
2314 2 0.023610
2315 2 0.011518
2316 2 0.005338
2317 2 0.010207
2318 2 0.001526
2319 2 0.001526
2320 2 0.001524
2321 2 0.081930
2322 2 0.007026
2323 2 0.022117
2324 2 0.023414
2325 2 0.001694
2326 2 0.001517
2327 2 0.052247
2328 2 0.006335
2329 2 0.011107
2330 2 0.001684
2331 2 0.005795
2332 2 0.009567
2333 2 0.001509
2334 2 0.002724
2335 2 0.003155
2336 2 0.074912
2337 2 0.002819
2338 2 0.068792
2339 2 0.002813
2340 2 0.001506
2341 2 0.008282
2342 2 0.002735
2343 2 0.002736
2344 2 0.006692
2345 2 0.007845
2346 2 0.001504
2347 2 0.006701
2348 2 0.048244
2349 2 0.002739
2350 2 0.050267
2351 2 0.006936
2352 2 0.064485
2353 2 0.013214
2354 2 0.009493
2355 2 0.038190
2356 2 0.001498
2357 2 0.016247
2358 2 0.003110
2359 2 0.010906
2360 2 0.057044
2361 2 0.002735
2362 2 0.027481
2363 2 0.075323
2364 2 0.083064
2365 2 0.001497
2366 2 0.001497
2367 2 0.002734
2368 2 0.001494
2369 2 0.047411
2370 2 0.033643
2371 2 0.002723
2372 2 0.004723
2373 2 0.004706
2374 2 0.006827
2375 2 0.002712
2376 2 0.001475
2377 2 0.002707
2378 2 0.001470
2379 2 0.001467
2380 2 0.058266
2381 2 0.002269
2382 2 0.005053
2383 2 0.021870
2384 2 0.008553
2385 2 0.004569
2386 2 0.009449
2387 2 0.006914
2388 2 0.039617
2389 2 0.032885
2390 2 0.002693
2391 2 0.002692
2392 2 0.023218
2393 2 0.006272
2394 2 0.002248
2395 2 0.029642
2396 2 0.033424
2397 2 0.084054
2398 2 0.002807
2399 2 0.002678
2400 3 0.008487
2401 3 0.016232
2402 3 0.002673
2403 3 0.098876
2404 3 0.042712
2405 3 0.002670
2406 3 0.009125
2407 3 0.008751
2408 3 0.028507
2409 3 0.083877
2410 3 0.006790
2411 3 0.018713
2412 3 0.053094
2413 3 0.059549
2414 3 0.103951
2415 3 0.010938
2416 3 0.032233
2417 3 0.017539
2418 3 0.038351
2419 3 0.129553
2420 3 0.009308
2421 3 0.059778
2422 3 0.009293
2423 3 0.002712
2424 3 0.001481
2425 3 0.003983
2426 3 0.038327
2427 3 0.007296
2428 3 0.009258
2429 3 0.008410
2430 3 0.013484
2431 3 0.002737
2432 3 0.001495
2433 3 0.013185
2434 3 0.020981
2435 3 0.004523
2436 3 0.017092
2437 3 0.036406
2438 3 0.007198
2439 3 0.087985
2440 3 0.002745
2441 3 0.028809
2442 3 0.012021
2443 3 0.015642
2444 3 0.001494
2445 3 0.009201
2446 3 0.002761
2447 3 0.002757
2448 3 0.009239
2449 3 0.009582
2450 3 0.002762
2451 3 0.000939
2452 3 0.047908
2453 3 0.002740
2454 3 0.009690
2455 3 0.011977
2456 3 0.028637
2457 3 0.063146
2458 3 0.001485
2459 3 0.004603
2460 3 0.000652
2461 3 0.027156
2462 3 0.013825
2463 3 0.006693
2464 3 0.002761
2465 3 0.001484
2466 3 0.001483
2467 3 0.005457
2468 3 0.043252
2469 3 0.002755
2470 3 0.001476
2471 3 0.001474
2472 3 0.010082
2473 3 0.001469
2474 3 0.086014
2475 3 0.011450
2476 3 0.000642
2477 3 0.004836
2478 3 0.004464
2479 3 0.002751
2480 3 0.039512
2481 3 0.011372
2482 3 0.004459
2483 3 0.004648
2484 3 0.004489
2485 3 0.009516
2486 3 0.057565
2487 3 0.001485
2488 3 0.002711
2489 3 0.025642
2490 3 0.001492
2491 3 0.002789
2492 3 0.001602
2493 3 0.047787
2494 3 0.006212
2495 3 0.003173
2496 3 0.047112
2497 3 0.009715
2498 3 0.008023
2499 3 0.002692
2500 3 0.001598
2501 3 0.012620
2502 3 0.017080
2503 3 0.002818
2504 3 0.002680
2505 3 0.004538
2506 3 0.010392
2507 3 0.001588
2508 3 0.013021
2509 3 0.012291
2510 3 0.002831
2511 3 0.005928
2512 3 0.004364
2513 3 0.001501
2514 3 0.076488
2515 3 0.004578
2516 3 0.001574
2517 3 0.013402
2518 3 0.001570
2519 3 0.063553
2520 3 0.001494
2521 3 0.002835
2522 3 0.001491
2523 3 0.002833
2524 3 0.006760
2525 3 0.009746
2526 3 0.006781
2527 3 0.002652
2528 3 0.004373
2529 3 0.002842
2530 3 0.018491
2531 3 0.002644
2532 3 0.001485
2533 3 0.018212
2534 3 0.001548
2535 3 0.014406
2536 3 0.007093
2537 3 0.002173
2538 3 0.009501
2539 3 0.001470
2540 3 0.006662
2541 3 0.002838
2542 3 0.002837
2543 3 0.013041
2544 3 0.044229
2545 3 0.006551
2546 3 0.001457
2547 3 0.004330
2548 3 0.070012
2549 3 0.006935
2550 3 0.039866
2551 3 0.020552
2552 3 0.002841
2553 3 0.016773
2554 3 0.005429
2555 3 0.002579
2556 3 0.008452
2557 3 0.027296
2558 3 0.002832
2559 3 0.001276
2560 3 0.013694
2561 3 0.005355
2562 3 0.001439
2563 3 0.044879
2564 3 0.009200
2565 3 0.012235
2566 3 0.001438
2567 3 0.008005
2568 3 0.037301
2569 3 0.007560
2570 3 0.055687
2571 3 0.001445
2572 3 0.006522
2573 3 0.028409
2574 3 0.010771
2575 3 0.002848
2576 3 0.028741
2577 3 0.026652
2578 3 0.001489
2579 3 0.082931
2580 3 0.002856
2581 3 0.013388
2582 3 0.001489
2583 3 0.021642
2584 3 0.002859
2585 3 0.008013
2586 3 0.086706
2587 3 0.001458
2588 3 0.051392
2589 3 0.043156
2590 3 0.013017
2591 3 0.052635
2592 3 0.005999
2593 3 0.001488
2594 3 0.045288
2595 3 0.002869
2596 3 0.001487
2597 3 0.042260
2598 3 0.004271
2599 3 0.002872
2600 3 0.005335
2601 3 0.002874
2602 3 0.001461
2603 3 0.001460
2604 3 0.001458
2605 3 0.002985
2606 3 0.002864
2607 3 0.001449
2608 3 0.056635
2609 3 0.009322
2610 3 0.011897
2611 3 0.022731
2612 3 0.019008
2613 3 0.009112
2614 3 0.017213
2615 3 0.006863
2616 3 0.002846
2617 3 0.019737
2618 3 0.010922
2619 3 0.047731
2620 3 0.004306
2621 3 0.005209
2622 3 0.011521
2623 3 0.001437
2624 3 0.001437
2625 3 0.093324
2626 3 0.006915
2627 3 0.002566
2628 3 0.011924
2629 3 0.001440
2630 3 0.002853
2631 3 0.002881
2632 3 0.012824
2633 3 0.051915
2634 3 0.015564
2635 3 0.004302
2636 3 0.004215
2637 3 0.014620
2638 3 0.001448
2639 3 0.009150
2640 3 0.007039
2641 3 0.002563
2642 3 0.049234
2643 3 0.038400
2644 3 0.057662
2645 3 0.049350
2646 3 0.004152
2647 3 0.002897
2648 3 0.044604
2649 3 0.012659
2650 3 0.018961
2651 3 0.005829
2652 3 0.014201
2653 3 0.007294
2654 3 0.003854
2655 3 0.001486
2656 3 0.004899
2657 3 0.023196
2658 3 0.037374
2659 3 0.001471
2660 3 0.006404
2661 3 0.002546
2662 3 0.023358
2663 3 0.009154
2664 3 0.021945
2665 3 0.001477
2666 3 0.007081
2667 3 0.095904
2668 3 0.042187
2669 3 0.002930
2670 3 0.011740
2671 3 0.009483
2672 3 0.012088
2673 3 0.053270
2674 3 0.002949
2675 3 0.050564
2676 3 0.026509
2677 3 0.010978
2678 3 0.002951
2679 3 0.001498
2680 3 0.001499
2681 3 0.002950
2682 3 0.002547
2683 3 0.005963
2684 3 0.001493
2685 3 0.002944
2686 3 0.009847
2687 3 0.002912
2688 3 0.005634
2689 3 0.001481
2690 3 0.002928
2691 3 0.066470
2692 3 0.023186
2693 3 0.002999
2694 3 0.011540
2695 3 0.004138
2696 3 0.005010
2697 3 0.002917
2698 3 0.002917
2699 3 0.004929
2700 3 0.009553
2701 3 0.001470
2702 3 0.063477
2703 3 0.009315
2704 3 0.033622
2705 3 0.001470
2706 3 0.002908
2707 3 0.002905
2708 3 0.002901
2709 3 0.005048
2710 3 0.001493
2711 3 0.064314
2712 3 0.004581
2713 3 0.004899
2714 3 0.006732
2715 3 0.032372
2716 3 0.026758
2717 3 0.006783
2718 3 0.030280
2719 3 0.034357
2720 3 0.002994
2721 3 0.001482
2722 3 0.004664
2723 3 0.002095
2724 3 0.014692
2725 3 0.001419
2726 3 0.025351
2727 3 0.001414
2728 3 0.020426
2729 3 0.001212
2730 3 0.109222
2731 3 0.001409
2732 3 0.031319
2733 3 0.005951
2734 3 0.048134
2735 3 0.004338
2736 3 0.034412
2737 3 0.012282
2738 3 0.002846
2739 3 0.002845
2740 3 0.001412
2741 3 0.001410
2742 3 0.022993
2743 3 0.009869
2744 3 0.006180
2745 3 0.036171
2746 3 0.037233
2747 3 0.006042
2748 3 0.004227
2749 3 0.013273
2750 3 0.034603
2751 3 0.083879
2752 3 0.085753
2753 3 0.001390
2754 3 0.009374
2755 3 0.007179
2756 3 0.081334
2757 3 0.002552
2758 3 0.019688
2759 3 0.011667
2760 3 0.029222
2761 3 0.007059
2762 3 0.001408
2763 3 0.010686
2764 3 0.034546
2765 3 0.002848
2766 3 0.001413
2767 3 0.008796
2768 3 0.051800
2769 3 0.007822
2770 3 0.020673
2771 3 0.000795
2772 3 0.004554
2773 3 0.002565
2774 3 0.002905
2775 3 0.033719
2776 3 0.002560
2777 3 0.005295
2778 3 0.001424
2779 3 0.005090
2780 3 0.082486
2781 3 0.009363
2782 3 0.006537
2783 3 0.001433
2784 3 0.009473
2785 3 0.005158
2786 3 0.009121
2787 3 0.002904
2788 3 0.008466
2789 3 0.052694
2790 3 0.001442
2791 3 0.005583
2792 3 0.005131
2793 3 0.002904
2794 3 0.002901
2795 3 0.001435
2796 3 0.002890
2797 3 0.002884
2798 3 0.018325
2799 3 0.023182
2800 3 0.002572
2801 3 0.001463
2802 3 0.002836
2803 3 0.058427
2804 3 0.001408
2805 3 0.008591
2806 3 0.019340
2807 3 0.011157
2808 3 0.004289
2809 3 0.001458
2810 3 0.024929
2811 3 0.014555
2812 3 0.001453
2813 3 0.065018
2814 3 0.004382
2815 3 0.001385
2816 3 0.002826
2817 3 0.029199
2818 3 0.032896
2819 3 0.004847
2820 3 0.002821
2821 3 0.004437
2822 3 0.001377
2823 3 0.061624
2824 3 0.034469
2825 3 0.003656
2826 3 0.021412
2827 3 0.033872
2828 3 0.023374
2829 3 0.007025
2830 3 0.011387
2831 3 0.067304
2832 3 0.002788
2833 3 0.014698
2834 3 0.002783
2835 3 0.001348
2836 3 0.001422
2837 3 0.001776
2838 3 0.006094
2839 3 0.002768
2840 3 0.006759
2841 3 0.007010
2842 3 0.007337
2843 3 0.009427
2844 3 0.001332
2845 3 0.004646
2846 3 0.040077
2847 3 0.017798
2848 3 0.001416
2849 3 0.059022
2850 3 0.004440
2851 3 0.003863
2852 3 0.033069
2853 3 0.002752
2854 3 0.001325
2855 3 0.015037
2856 3 0.002747
2857 3 0.002744
2858 3 0.015949
2859 3 0.005711
2860 3 0.001320
2861 3 0.002734
2862 3 0.051155
2863 3 0.004862
2864 3 0.002726
2865 3 0.003466
2866 3 0.002721
2867 3 0.013478
2868 3 0.001311
2869 3 0.001426
2870 3 0.025006
2871 3 0.005186
2872 3 0.010435
2873 3 0.042093
2874 3 0.003429
2875 3 0.029666
2876 3 0.038516
2877 3 0.013337
2878 3 0.011361
2879 3 0.001299
2880 3 0.005136
2881 3 0.001297
2882 3 0.019480
2883 3 0.029415
2884 3 0.033280
2885 3 0.004468
2886 3 0.008801
2887 3 0.010825
2888 3 0.010285
2889 3 0.183054
2890 3 0.065514
2891 3 0.001288
2892 3 0.002717
2893 3 0.001296
2894 3 0.017657
2895 3 0.002718
2896 3 0.009294
2897 3 0.002716
2898 3 0.002714
2899 3 0.012640
2900 3 0.002461
2901 3 0.001276
2902 3 0.030086
2903 3 0.008224
2904 3 0.006870
2905 3 0.002572
2906 3 0.001266
2907 3 0.003744
2908 3 0.009101
2909 3 0.010650
2910 3 0.067544
2911 3 0.002688
2912 3 0.007295
2913 3 0.003786
2914 3 0.001374
2915 3 0.039996
2916 3 0.061406
2917 3 0.054529
2918 3 0.001274
2919 3 0.012056
2920 3 0.019308
2921 3 0.007099
2922 3 0.002710
2923 3 0.009049
2924 3 0.004155
2925 3 0.047210
2926 3 0.011318
2927 3 0.002717
2928 3 0.002717
2929 3 0.041702
2930 3 0.002714
2931 3 0.012803
2932 3 0.003509
2933 3 0.002599
2934 3 0.026742
2935 3 0.036675
2936 3 0.003072
2937 3 0.001396
2938 3 0.001394
2939 3 0.002698
2940 3 0.002696
2941 3 0.012809
2942 3 0.002682
2943 3 0.001266
2944 3 0.001262
2945 3 0.011034
2946 3 0.001256
2947 3 0.011609
2948 3 0.001380
2949 3 0.007006
2950 3 0.002663
2951 3 0.002661
2952 3 0.029680
2953 3 0.042023
2954 3 0.030262
2955 3 0.002649
2956 3 0.000837
2957 3 0.012805
2958 3 0.004402
2959 3 0.001231
2960 3 0.013252
2961 3 0.005934
2962 3 0.006739
2963 3 0.043986
2964 3 0.002629
2965 3 0.048335
2966 3 0.050808
2967 3 0.002618
2968 3 0.009022
2969 3 0.001220
2970 3 0.001387
2971 3 0.062322
2972 3 0.009757
2973 3 0.042123
2974 3 0.002658
2975 3 0.001982
2976 3 0.006457
2977 3 0.049433
2978 3 0.002593
2979 3 0.001372
2980 3 0.001370
2981 3 0.001368
2982 3 0.008882
2983 3 0.004635
2984 3 0.002636
2985 3 0.007381
2986 3 0.030686
2987 3 0.009345
2988 3 0.027542
2989 3 0.002592
2990 3 0.002592
2991 3 0.005775
2992 3 0.001191
2993 3 0.006962
2994 3 0.001191
2995 3 0.108774
2996 3 0.026555
2997 3 0.002594
2998 3 0.012430
2999 3 0.010428
3000 3 0.072246
3001 3 0.019867
3002 3 0.004568
3003 3 0.066665
3004 3 0.002616
3005 3 0.012673
3006 3 0.007423
3007 3 0.015637
3008 3 0.001228
3009 3 0.004796
3010 3 0.006771
3011 3 0.001233
3012 3 0.003415
3013 3 0.014525
3014 3 0.008707
3015 3 0.020417
3016 3 0.056559
3017 3 0.001238
3018 3 0.010476
3019 3 0.001318
3020 3 0.001241
3021 3 0.008065
3022 3 0.005137
3023 3 0.010447
3024 3 0.088435
3025 3 0.030215
3026 3 0.034534
3027 3 0.002646
3028 3 0.013738
3029 3 0.002644
3030 3 0.025958
3031 3 0.001238
3032 3 0.004791
3033 3 0.019684
3034 3 0.010680
3035 3 0.043983
3036 3 0.067403
3037 3 0.001229
3038 3 0.001227
3039 3 0.018225
3040 3 0.010389
3041 3 0.002612
3042 3 0.004582
3043 3 0.002608
3044 3 0.002670
3045 3 0.001395
3046 3 0.049690
3047 3 0.008335
3048 3 0.065133
3049 3 0.001215
3050 3 0.008176
3051 3 0.003042
3052 3 0.005321
3053 3 0.002609
3054 3 0.013369
3055 3 0.024153
3056 3 0.044854
3057 3 0.002610
3058 3 0.001215
3059 3 0.058418
3060 3 0.058007
3061 3 0.035806
3062 3 0.002608
3063 3 0.015496
3064 3 0.015097
3065 3 0.001387
3066 3 0.038543
3067 3 0.002607
3068 3 0.001386
3069 3 0.007414
3070 3 0.006109
3071 3 0.001211
3072 3 0.048712
3073 3 0.001382
3074 3 0.001844
3075 3 0.002598
3076 3 0.001377
3077 3 0.045884
3078 3 0.016205
3079 3 0.003274
3080 3 0.001198
3081 3 0.028044
3082 3 0.012096
3083 3 0.007891
3084 3 0.008356
3085 3 0.040775
3086 3 0.002601
3087 3 0.008426
3088 3 0.001199
3089 3 0.004165
3090 3 0.037599
3091 3 0.004725
3092 3 0.001200
3093 3 0.013775
3094 3 0.019233
3095 3 0.085923
3096 3 0.001198
3097 3 0.005836
3098 3 0.018798
3099 3 0.008925
3100 3 0.004614
3101 3 0.022714
3102 3 0.002598
3103 3 0.004778
3104 3 0.004622
3105 3 0.034318
3106 3 0.001382
3107 3 0.027893
3108 3 0.003219
3109 3 0.020603
3110 3 0.001191
3111 3 0.004715
3112 3 0.004316
3113 3 0.002578
3114 3 0.078416
3115 3 0.016141
3116 3 0.002670
3117 3 0.002571
3118 3 0.005999
3119 3 0.041369
3120 3 0.056650
3121 3 0.005484
3122 3 0.002559
3123 3 0.018712
3124 3 0.016720
3125 3 0.018363
3126 3 0.066692
3127 3 0.002672
3128 3 0.002545
3129 3 0.046811
3130 3 0.009249
3131 3 0.002547
3132 3 0.013203
3133 3 0.006348
3134 3 0.002549
3135 3 0.002549
3136 3 0.006587
3137 3 0.001165
3138 3 0.076031
3139 3 0.001364
3140 3 0.037021
3141 3 0.002545
3142 3 0.080039
3143 3 0.035759
3144 3 0.001166
3145 3 0.014923
3146 3 0.001163
3147 3 0.005869
3148 3 0.002696
3149 3 0.036127
3150 3 0.001362
3151 3 0.002529
3152 3 0.001358
3153 3 0.001147
3154 3 0.066895
3155 3 0.009306
3156 3 0.001349
3157 3 0.006287
3158 3 0.046019
3159 3 0.036148
3160 3 0.002512
3161 3 0.009958
3162 3 0.030183
3163 3 0.013143
3164 3 0.002503
3165 3 0.001117
3166 3 0.020517
3167 3 0.005716
3168 3 0.053630
3169 3 0.029122
3170 3 0.006297
3171 3 0.002489
3172 3 0.002487
3173 3 0.043295
3174 3 0.011956
3175 3 0.001106
3176 3 0.001105
3177 3 0.008351
3178 3 0.018016
3179 3 0.002470
3180 3 0.002466
3181 3 0.001880
3182 3 0.023319
3183 3 0.001094
3184 3 0.036236
3185 3 0.001091
3186 3 0.001089
3187 3 0.016674
3188 3 0.036682
3189 3 0.002438
3190 3 0.001083
3191 3 0.002752
3192 3 0.006146
3193 3 0.003513
3194 3 0.004579
3195 3 0.003406
3196 3 0.007788
3197 3 0.046018
3198 3 0.038999
3199 3 0.001348
3200 3 0.010118
3201 3 0.002426
3202 3 0.025220
3203 3 0.008296
3204 3 0.003367
3205 3 0.040400
3206 3 0.039085
3207 3 0.001076
3208 3 0.016870
3209 3 0.009594
3210 3 0.002437
3211 3 0.004798
3212 3 0.002441
3213 3 0.023894
3214 3 0.013073
3215 3 0.006856
3216 3 0.008608
3217 3 0.002569
3218 3 0.006041
3219 3 0.001332
3220 3 0.002566
3221 3 0.006361
3222 3 0.009472
3223 3 0.002458
3224 3 0.004955
3225 3 0.039421
3226 3 0.006814
3227 3 0.001084
3228 3 0.004538
3229 3 0.052901
3230 3 0.007248
3231 3 0.001872
3232 3 0.004231
3233 3 0.049482
3234 3 0.001086
3235 3 0.011868
3236 3 0.001088
3237 3 0.002465
3238 3 0.059331
3239 3 0.008653
3240 3 0.064727
3241 3 0.002700
3242 3 0.001081
3243 3 0.002698
3244 3 0.021773
3245 3 0.004970
3246 3 0.005025
3247 3 0.011191
3248 3 0.004052
3249 3 0.011580
3250 3 0.004738
3251 3 0.012656
3252 3 0.002457
3253 3 0.001064
3254 3 0.005327
3255 3 0.002458
3256 3 0.006213
3257 3 0.039544
3258 3 0.044370
3259 3 0.013197
3260 3 0.039056
3261 3 0.004189
3262 3 0.053147
3263 3 0.007477
3264 3 0.026257
3265 3 0.002437
3266 3 0.001047
3267 3 0.004964
3268 3 0.002424
3269 3 0.007252
3270 3 0.004864
3271 3 0.008618
3272 3 0.007434
3273 3 0.004735
3274 3 0.011017
3275 3 0.035242
3276 3 0.023647
3277 3 0.030194
3278 3 0.001270
3279 3 0.002403
3280 3 0.004045
3281 3 0.004034
3282 3 0.002649
3283 3 0.009209
3284 3 0.051032
3285 3 0.004137
3286 3 0.032200
3287 3 0.030795
3288 3 0.002246
3289 3 0.004294
3290 3 0.001022
3291 3 0.006741
3292 3 0.026482
3293 3 0.043110
3294 3 0.005497
3295 3 0.004052
3296 3 0.005130
3297 3 0.017204
3298 3 0.001024
3299 3 0.007621
3300 3 0.003886
3301 3 0.166935
3302 3 0.034212
3303 3 0.009530
3304 3 0.004706
3305 3 0.004992
3306 3 0.024108
3307 3 0.016992
3308 3 0.058009
3309 3 0.045290
3310 3 0.014921
3311 3 0.013777
3312 3 0.032632
3313 3 0.002491
3314 3 0.001073
3315 3 0.002498
3316 3 0.007256
3317 3 0.004120
3318 3 0.004676
3319 3 0.008470
3320 3 0.001088
3321 3 0.002594
3322 3 0.012785
3323 3 0.004633
3324 3 0.029022
3325 3 0.001091
3326 3 0.010675
3327 3 0.004714
3328 3 0.006765
3329 3 0.007644
3330 3 0.008681
3331 3 0.049879
3332 3 0.001098
3333 3 0.048576
3334 3 0.155970
3335 3 0.002513
3336 3 0.002513
3337 3 0.001308
3338 3 0.052503
3339 3 0.002512
3340 3 0.100746
3341 3 0.001105
3342 3 0.024904
3343 3 0.002516
3344 3 0.056138
3345 3 0.055421
3346 3 0.001331
3347 3 0.002515
3348 3 0.002514
3349 3 0.130639
3350 3 0.002504
3351 3 0.001098
3352 3 0.001093
3353 3 0.012591
3354 3 0.002475
3355 3 0.002714
3356 3 0.005771
3357 3 0.005875
3358 3 0.001064
3359 3 0.008860
3360 3 0.001055
3361 3 0.002434
3362 3 0.002716
3363 3 0.013035
3364 3 0.018388
3365 3 0.002416
3366 3 0.081737
3367 3 0.002409
3368 3 0.013323
3369 3 0.002403
3370 3 0.001028
3371 3 0.002396
3372 3 0.006823
3373 3 0.002731
3374 3 0.069338
3375 3 0.004643
3376 3 0.009233
3377 3 0.001024
3378 3 0.006115
3379 3 0.008259
3380 3 0.007335
3381 3 0.002380
3382 3 0.022849
3383 3 0.006350
3384 3 0.029620
3385 3 0.002369
3386 3 0.092124
3387 3 0.008318
3388 3 0.002358
3389 3 0.004873
3390 3 0.001304
3391 3 0.002596
3392 3 0.003114
3393 3 0.001002
3394 3 0.060872
3395 3 0.007475
3396 3 0.058368
3397 3 0.000997
3398 3 0.026405
3399 3 0.002343
3400 3 0.013599
3401 3 0.030600
3402 3 0.003037
3403 3 0.007731
3404 3 0.020015
3405 3 0.002329
3406 3 0.010438
3407 3 0.028366
3408 3 0.001284
3409 3 0.044200
3410 3 0.002316
3411 3 0.008544
3412 3 0.002310
3413 3 0.001279
3414 3 0.002301
3415 3 0.010477
3416 3 0.020781
3417 3 0.002293
3418 3 0.002741
3419 3 0.010740
3420 3 0.061068
3421 3 0.005112
3422 3 0.001279
3423 3 0.031996
3424 3 0.018510
3425 3 0.024640
3426 3 0.001274
3427 3 0.004045
3428 3 0.007403
3429 3 0.002297
3430 3 0.006869
3431 3 0.007577
3432 3 0.002293
3433 3 0.002305
3434 3 0.002287
3435 3 0.032676
3436 3 0.007857
3437 3 0.064208
3438 3 0.010658
3439 3 0.004473
3440 3 0.012720
3441 3 0.001273
3442 3 0.000958
3443 3 0.059440
3444 3 0.002279
3445 3 0.002299
3446 3 0.040169
3447 3 0.011676
3448 3 0.006476
3449 3 0.004918
3450 3 0.006999
3451 3 0.010346
3452 3 0.007554
3453 3 0.125160
3454 3 0.008699
3455 3 0.002277
3456 3 0.015722
3457 3 0.006669
3458 3 0.012413
3459 3 0.004906
3460 3 0.000968
3461 3 0.036182
3462 3 0.000970
3463 3 0.010487
3464 3 0.000971
3465 3 0.032887
3466 3 0.002296
3467 3 0.007525
3468 3 0.000967
3469 3 0.002293
3470 3 0.035026
3471 3 0.004901
3472 3 0.018439
3473 3 0.005949
3474 3 0.005026
3475 3 0.018713
3476 3 0.007516
3477 3 0.004094
3478 3 0.004158
3479 3 0.002292
3480 3 0.007212
3481 3 0.032698
3482 3 0.000965
3483 3 0.010088
3484 3 0.007885
3485 3 0.001280
3486 3 0.004804
3487 3 0.015479
3488 3 0.021992
3489 3 0.035498
3490 3 0.006786
3491 3 0.029738
3492 3 0.001268
3493 3 0.007372
3494 3 0.030333
3495 3 0.030730
3496 3 0.064562
3497 3 0.002303
3498 3 0.002302
3499 3 0.002300
3500 3 0.002296
3501 3 0.023301
3502 3 0.029327
3503 3 0.000946
3504 3 0.008290
3505 3 0.006251
3506 3 0.018633
3507 3 0.005408
3508 3 0.002886
3509 3 0.009789
3510 3 0.002269
3511 3 0.018475
3512 3 0.001196
3513 3 0.071564
3514 3 0.018115
3515 3 0.018223
3516 3 0.040367
3517 3 0.000939
3518 3 0.000939
3519 3 0.011755
3520 3 0.000938
3521 3 0.004961
3522 3 0.010709
3523 3 0.002258
3524 3 0.038424
3525 3 0.002252
3526 3 0.009082
3527 3 0.023371
3528 3 0.002240
3529 3 0.012088
3530 3 0.002746
3531 3 0.032579
3532 3 0.004112
3533 3 0.000917
3534 3 0.031217
3535 3 0.015490
3536 3 0.001259
3537 3 0.005026
3538 3 0.002210
3539 3 0.052536
3540 3 0.046838
3541 3 0.002203
3542 3 0.002200
3543 3 0.003812
3544 3 0.017712
3545 3 0.003509
3546 3 0.003444
3547 3 0.065337
3548 3 0.025035
3549 3 0.005155
3550 3 0.001258
3551 3 0.019985
3552 3 0.000898
3553 3 0.009111
3554 3 0.000897
3555 3 0.040064
3556 3 0.000897
3557 3 0.001717
3558 3 0.013188
3559 3 0.004968
3560 3 0.026938
3561 3 0.002112
3562 3 0.017118
3563 3 0.002197
3564 3 0.028083
3565 3 0.044700
3566 3 0.002196
3567 3 0.000897
3568 3 0.005734
3569 3 0.003743
3570 3 0.002192
3571 3 0.018801
3572 3 0.002187
3573 3 0.000894
3574 3 0.006532
3575 3 0.016566
3576 3 0.002094
3577 3 0.002824
3578 3 0.002177
3579 3 0.002170
3580 3 0.002086
3581 3 0.017593
3582 3 0.003777
3583 3 0.003787
3584 3 0.000888
3585 3 0.009519
3586 3 0.021661
3587 3 0.004099
3588 3 0.013787
3589 3 0.015022
3590 3 0.010737
3591 3 0.002160
3592 3 0.011816
3593 3 0.004138
3594 3 0.024170
3595 3 0.025410
3596 3 0.004117
3597 3 0.040875
3598 3 0.008167
3599 3 0.031207
3600 4 0.006402
3601 4 0.003704
3602 4 0.044655
3603 4 0.000867
3604 4 0.000866
3605 4 0.000864
3606 4 0.069238
3607 4 0.002137
3608 4 0.028889
3609 4 0.002136
3610 4 0.004009
3611 4 0.000860
3612 4 0.003924
3613 4 0.091110
3614 4 0.039290
3615 4 0.002136
3616 4 0.041009
3617 4 0.015117
3618 4 0.002133
3619 4 0.016828
3620 4 0.018522
3621 4 0.038504
3622 4 0.027803
3623 4 0.013553
3624 4 0.000860
3625 4 0.002124
3626 4 0.061692
3627 4 0.032659
3628 4 0.000855
3629 4 0.009124
3630 4 0.006399
3631 4 0.000852
3632 4 0.010879
3633 4 0.000852
3634 4 0.006724
3635 4 0.003975
3636 4 0.021687
3637 4 0.008792
3638 4 0.001981
3639 4 0.002880
3640 4 0.003480
3641 4 0.005128
3642 4 0.025727
3643 4 0.003988
3644 4 0.002864
3645 4 0.004666
3646 4 0.005241
3647 4 0.005951
3648 4 0.031641
3649 4 0.115565
3650 4 0.029827
3651 4 0.005069
3652 4 0.002828
3653 4 0.000859
3654 4 0.000860
3655 4 0.024987
3656 4 0.004755
3657 4 0.010353
3658 4 0.001249
3659 4 0.005036
3660 4 0.002579
3661 4 0.002177
3662 4 0.030031
3663 4 0.002180
3664 4 0.000863
3665 4 0.005106
3666 4 0.020849
3667 4 0.002179
3668 4 0.000862
3669 4 0.000861
3670 4 0.005863
3671 4 0.019141
3672 4 0.030892
3673 4 0.001238
3674 4 0.003074
3675 4 0.004162
3676 4 0.002172
3677 4 0.013152
3678 4 0.029593
3679 4 0.051446
3680 4 0.002161
3681 4 0.055366
3682 4 0.083125
3683 4 0.002152
3684 4 0.005077
3685 4 0.024923
3686 4 0.046117
3687 4 0.007956
3688 4 0.000852
3689 4 0.007007
3690 4 0.005605
3691 4 0.000855
3692 4 0.004146
3693 4 0.004808
3694 4 0.000855
3695 4 0.001257
3696 4 0.002976
3697 4 0.002390
3698 4 0.006548
3699 4 0.002822
3700 4 0.072054
3701 4 0.038201
3702 4 0.090249
3703 4 0.002169
3704 4 0.005078
3705 4 0.000859
3706 4 0.002179
3707 4 0.002181
3708 4 0.002181
3709 4 0.025605
3710 4 0.002181
3711 4 0.002710
3712 4 0.002180
3713 4 0.029401
3714 4 0.006618
3715 4 0.071910
3716 4 0.001255
3717 4 0.002182
3718 4 0.003824
3719 4 0.005131
3720 4 0.055647
3721 4 0.002180
3722 4 0.085529
3723 4 0.018011
3724 4 0.027262
3725 4 0.000876
3726 4 0.028352
3727 4 0.005103
3728 4 0.026230
3729 4 0.040574
3730 4 0.002179
3731 4 0.008827
3732 4 0.000873
3733 4 0.006197
3734 4 0.002174
3735 4 0.008219
3736 4 0.002819
3737 4 0.003566
3738 4 0.000865
3739 4 0.002874
3740 4 0.033754
3741 4 0.002158
3742 4 0.015365
3743 4 0.002806
3744 4 0.019506
3745 4 0.000854
3746 4 0.001248
3747 4 0.025500
3748 4 0.004141
3749 4 0.002143
3750 4 0.061161
3751 4 0.002138
3752 4 0.000842
3753 4 0.041097
3754 4 0.002128
3755 4 0.001238
3756 4 0.047566
3757 4 0.002118
3758 4 0.020761
3759 4 0.002825
3760 4 0.026160
3761 4 0.029624
3762 4 0.002113
3763 4 0.006307
3764 4 0.005084
3765 4 0.007789
3766 4 0.022740
3767 4 0.001234
3768 4 0.000832
3769 4 0.022467
3770 4 0.063262
3771 4 0.026046
3772 4 0.001233
3773 4 0.007061
3774 4 0.042499
3775 4 0.001231
3776 4 0.018640
3777 4 0.002162
3778 4 0.009059
3779 4 0.017519
3780 4 0.050727
3781 4 0.009759
3782 4 0.002783
3783 4 0.004772
3784 4 0.008590
3785 4 0.001803
3786 4 0.000859
3787 4 0.002188
3788 4 0.043183
3789 4 0.017534
3790 4 0.003377
3791 4 0.023106
3792 4 0.035770
3793 4 0.001208
3794 4 0.050627
3795 4 0.004982
3796 4 0.020042
3797 4 0.003770
3798 4 0.002179
3799 4 0.002177
3800 4 0.001194
3801 4 0.018967
3802 4 0.001190
3803 4 0.002849
3804 4 0.000827
3805 4 0.001714
3806 4 0.005318
3807 4 0.005114
3808 4 0.038690
3809 4 0.004130
3810 4 0.001676
3811 4 0.026460
3812 4 0.003675
3813 4 0.005784
3814 4 0.011601
3815 4 0.110775
3816 4 0.026513
3817 4 0.000814
3818 4 0.002728
3819 4 0.002176
3820 4 0.014789
3821 4 0.001644
3822 4 0.002179
3823 4 0.011507
3824 4 0.081448
3825 4 0.000815
3826 4 0.044001
3827 4 0.001156
3828 4 0.002176
3829 4 0.032231
3830 4 0.015069
3831 4 0.011904
3832 4 0.025146
3833 4 0.006381
3834 4 0.035305
3835 4 0.020031
3836 4 0.000814
3837 4 0.027650
3838 4 0.004992
3839 4 0.002176
3840 4 0.017516
3841 4 0.002174
3842 4 0.000814
3843 4 0.001162
3844 4 0.008648
3845 4 0.033350
3846 4 0.015253
3847 4 0.002169
3848 4 0.000814
3849 4 0.002166
3850 4 0.009097
3851 4 0.007133
3852 4 0.021638
3853 4 0.002159
3854 4 0.002757
3855 4 0.026295
3856 4 0.001179
3857 4 0.032837
3858 4 0.044452
3859 4 0.002154
3860 4 0.021796
3861 4 0.002152
3862 4 0.015060
3863 4 0.000813
3864 4 0.007446
3865 4 0.002730
3866 4 0.040198
3867 4 0.009714
3868 4 0.002137
3869 4 0.029806
3870 4 0.002850
3871 4 0.004144
3872 4 0.007057
3873 4 0.002122
3874 4 0.015779
3875 4 0.000797
3876 4 0.003900
3877 4 0.036293
3878 4 0.019646
3879 4 0.008469
3880 4 0.001183
3881 4 0.005184
3882 4 0.000543
3883 4 0.001181
3884 4 0.008027
3885 4 0.002780
3886 4 0.012057
3887 4 0.001591
3888 4 0.002933
3889 4 0.105992
3890 4 0.055380
3891 4 0.000802
3892 4 0.082076
3893 4 0.044813
3894 4 0.012704
3895 4 0.001181
3896 4 0.002160
3897 4 0.002165
3898 4 0.002168
3899 4 0.029692
3900 4 0.012673
3901 4 0.002173
3902 4 0.011868
3903 4 0.006728
3904 4 0.050012
3905 4 0.000841
3906 4 0.000841
3907 4 0.011716
3908 4 0.006542
3909 4 0.003345
3910 4 0.004802
3911 4 0.003672
3912 4 0.050689
3913 4 0.019460
3914 4 0.002174
3915 4 0.000849
3916 4 0.038505
3917 4 0.033213
3918 4 0.035953
3919 4 0.007501
3920 4 0.002169
3921 4 0.036759
3922 4 0.002161
3923 4 0.018573
3924 4 0.002151
3925 4 0.005751
3926 4 0.002874
3927 4 0.011984
3928 4 0.002129
3929 4 0.007893
3930 4 0.003540
3931 4 0.003607
3932 4 0.006376
3933 4 0.002102
3934 4 0.000819
3935 4 0.002700
3936 4 0.009777
3937 4 0.000812
3938 4 0.002075
3939 4 0.067589
3940 4 0.029983
3941 4 0.035310
3942 4 0.034347
3943 4 0.013693
3944 4 0.000800
3945 4 0.044049
3946 4 0.013559
3947 4 0.000794
3948 4 0.005240
3949 4 0.002329
3950 4 0.000790
3951 4 0.005857
3952 4 0.003075
3953 4 0.000785
3954 4 0.000476
3955 4 0.000782
3956 4 0.058907
3957 4 0.001232
3958 4 0.009350
3959 4 0.006175
3960 4 0.041023
3961 4 0.001628
3962 4 0.006639
3963 4 0.026426
3964 4 0.051284
3965 4 0.000780
3966 4 0.004754
3967 4 0.007781
3968 4 0.003776
3969 4 0.006444
3970 4 0.005806
3971 4 0.058824
3972 4 0.011233
3973 4 0.012968
3974 4 0.020575
3975 4 0.036689
3976 4 0.002079
3977 4 0.008147
3978 4 0.006685
3979 4 0.002388
3980 4 0.000779
3981 4 0.000778
3982 4 0.055175
3983 4 0.006130
3984 4 0.024518
3985 4 0.004139
3986 4 0.003592
3987 4 0.002071
3988 4 0.004775
3989 4 0.002069
3990 4 0.000769
3991 4 0.028187
3992 4 0.000767
3993 4 0.043578
3994 4 0.021094
3995 4 0.002060
3996 4 0.000768
3997 4 0.001210
3998 4 0.028862
3999 4 0.002295
4000 4 0.004613
4001 4 0.003682
4002 4 0.050889
4003 4 0.024064
4004 4 0.003075
4005 4 0.022957
4006 4 0.045022
4007 4 0.038368
4008 4 0.003625
4009 4 0.012319
4010 4 0.003231
4011 4 0.001225
4012 4 0.022387
4013 4 0.003858
4014 4 0.002110
4015 4 0.000802
4016 4 0.003534
4017 4 0.002111
4018 4 0.001526
4019 4 0.003052
4020 4 0.002111
4021 4 0.044723
4022 4 0.003838
4023 4 0.001230
4024 4 0.028813
4025 4 0.018092
4026 4 0.009462
4027 4 0.051549
4028 4 0.002124
4029 4 0.055366
4030 4 0.027375
4031 4 0.002130
4032 4 0.002856
4033 4 0.002056
4034 4 0.000827
4035 4 0.008832
4036 4 0.003638
4037 4 0.010813
4038 4 0.002143
4039 4 0.002143
4040 4 0.002635
4041 4 0.020472
4042 4 0.002141
4043 4 0.099771
4044 4 0.002139
4045 4 0.002864
4046 4 0.047961
4047 4 0.002140
4048 4 0.003072
4049 4 0.006248
4050 4 0.002871
4051 4 0.000853
4052 4 0.004675
4053 4 0.006803
4054 4 0.006765
4055 4 0.002871
4056 4 0.000857
4057 4 0.001808
4058 4 0.002153
4059 4 0.000855
4060 4 0.002150
4061 4 0.002147
4062 4 0.042838
4063 4 0.000848
4064 4 0.004751
4065 4 0.001269
4066 4 0.002864
4067 4 0.043322
4068 4 0.000841
4069 4 0.002125
4070 4 0.000838
4071 4 0.001268
4072 4 0.009091
4073 4 0.000831
4074 4 0.001266
4075 4 0.001264
4076 4 0.028497
4077 4 0.028106
4078 4 0.002106
4079 4 0.068779
4080 4 0.016176
4081 4 0.002102
4082 4 0.024139
4083 4 0.000812
4084 4 0.001249
4085 4 0.002095
4086 4 0.012691
4087 4 0.008653
4088 4 0.012598
4089 4 0.002892
4090 4 0.002087
4091 4 0.006994
4092 4 0.002084
4093 4 0.004488
4094 4 0.008259
4095 4 0.001237
4096 4 0.002743
4097 4 0.000790
4098 4 0.002072
4099 4 0.039118
4100 4 0.007699
4101 4 0.005512
4102 4 0.003983
4103 4 0.000783
4104 4 0.002061
4105 4 0.028443
4106 4 0.005313
4107 4 0.007192
4108 4 0.003887
4109 4 0.029627
4110 4 0.039986
4111 4 0.004773
4112 4 0.035555
4113 4 0.003386
4114 4 0.049842
4115 4 0.014272
4116 4 0.002040
4117 4 0.039093
4118 4 0.001228
4119 4 0.010565
4120 4 0.002790
4121 4 0.011780
4122 4 0.005957
4123 4 0.043485
4124 4 0.001220
4125 4 0.054816
4126 4 0.028156
4127 4 0.026548
4128 4 0.000756
4129 4 0.005921
4130 4 0.002029
4131 4 0.002622
4132 4 0.009929
4133 4 0.002027
4134 4 0.005428
4135 4 0.002576
4136 4 0.017039
4137 4 0.007754
4138 4 0.002019
4139 4 0.069798
4140 4 0.002945
4141 4 0.001982
4142 4 0.000752
4143 4 0.033947
4144 4 0.002018
4145 4 0.011883
4146 4 0.016214
4147 4 0.002016
4148 4 0.021047
4149 4 0.012475
4150 4 0.003420
4151 4 0.002542
4152 4 0.002003
4153 4 0.002000
4154 4 0.000750
4155 4 0.000748
4156 4 0.033029
4157 4 0.029385
4158 4 0.001248
4159 4 0.055552
4160 4 0.053764
4161 4 0.005225
4162 4 0.014893
4163 4 0.002348
4164 4 0.009751
4165 4 0.006287
4166 4 0.005488
4167 4 0.001969
4168 4 0.027759
4169 4 0.006856
4170 4 0.022879
4171 4 0.011363
4172 4 0.001558
4173 4 0.000738
4174 4 0.046937
4175 4 0.007794
4176 4 0.005522
4177 4 0.023892
4178 4 0.012161
4179 4 0.004993
4180 4 0.035714
4181 4 0.014200
4182 4 0.000731
4183 4 0.021744
4184 4 0.002961
4185 4 0.018193
4186 4 0.049151
4187 4 0.030637
4188 4 0.190937
4189 4 0.000721
4190 4 0.000721
4191 4 0.000721
4192 4 0.000721
4193 4 0.033788
4194 4 0.001951
4195 4 0.001949
4196 4 0.038353
4197 4 0.004766
4198 4 0.000712
4199 4 0.013567
4200 4 0.052073
4201 4 0.001931
4202 4 0.000707
4203 4 0.000706
4204 4 0.048152
4205 4 0.011603
4206 4 0.001921
4207 4 0.052435
4208 4 0.007259
4209 4 0.024644
4210 4 0.015593
4211 4 0.008362
4212 4 0.000699
4213 4 0.003585
4214 4 0.001922
4215 4 0.031045
4216 4 0.001924
4217 4 0.020889
4218 4 0.011074
4219 4 0.000701
4220 4 0.002541
4221 4 0.003206
4222 4 0.002099
4223 4 0.000699
4224 4 0.015237
4225 4 0.000698
4226 4 0.002704
4227 4 0.003411
4228 4 0.001924
4229 4 0.001814
4230 4 0.036663
4231 4 0.003607
4232 4 0.013576
4233 4 0.028185
4234 4 0.000693
4235 4 0.000692
4236 4 0.002563
4237 4 0.001243
4238 4 0.069319
4239 4 0.002751
4240 4 0.102602
4241 4 0.019797
4242 4 0.001248
4243 4 0.003017
4244 4 0.010248
4245 4 0.013974
4246 4 0.021475
4247 4 0.000704
4248 4 0.009625
4249 4 0.001946
4250 4 0.006418
4251 4 0.003010
4252 4 0.001949
4253 4 0.037417
4254 4 0.032723
4255 4 0.011338
4256 4 0.010495
4257 4 0.001951
4258 4 0.003194
4259 4 0.000712
4260 4 0.018463
4261 4 0.002670
4262 4 0.002552
4263 4 0.026745
4264 4 0.000717
4265 4 0.006670
4266 4 0.009942
4267 4 0.004352
4268 4 0.001262
4269 4 0.028464
4270 4 0.004926
4271 4 0.071728
4272 4 0.001962
4273 4 0.000721
4274 4 0.000722
4275 4 0.011988
4276 4 0.017140
4277 4 0.086782
4278 4 0.038427
4279 4 0.001973
4280 4 0.008386
4281 4 0.003035
4282 4 0.001981
4283 4 0.066966
4284 4 0.007097
4285 4 0.039662
4286 4 0.004271
4287 4 0.017558
4288 4 0.017522
4289 4 0.013474
4290 4 0.000751
4291 4 0.000751
4292 4 0.018984
4293 4 0.007561
4294 4 0.004925
4295 4 0.027319
4296 4 0.011585
4297 4 0.049099
4298 4 0.001728
4299 4 0.000754
4300 4 0.002985
4301 4 0.007690
4302 4 0.002293
4303 4 0.001260
4304 4 0.016092
4305 4 0.003746
4306 4 0.066710
4307 4 0.014370
4308 4 0.002048
4309 4 0.064961
4310 4 0.007333
4311 4 0.008151
4312 4 0.006445
4313 4 0.000775
4314 4 0.002060
4315 4 0.018735
4316 4 0.054755
4317 4 0.002054
4318 4 0.008059
4319 4 0.030220
4320 4 0.000739
4321 4 0.004116
4322 4 0.026231
4323 4 0.030204
4324 4 0.008283
4325 4 0.002031
4326 4 0.020146
4327 4 0.000769
4328 4 0.002954
4329 4 0.003456
4330 4 0.033319
4331 4 0.044532
4332 4 0.001290
4333 4 0.033976
4334 4 0.002027
4335 4 0.046742
4336 4 0.029672
4337 4 0.067176
4338 4 0.000761
4339 4 0.024930
4340 4 0.000752
4341 4 0.000748
4342 4 0.076964
4343 4 0.012401
4344 4 0.089037
4345 4 0.001983
4346 4 0.001260
4347 4 0.001861
4348 4 0.066918
4349 4 0.001978
4350 4 0.000722
4351 4 0.004120
4352 4 0.059600
4353 4 0.001253
4354 4 0.001975
4355 4 0.051871
4356 4 0.035521
4357 4 0.000707
4358 4 0.007124
4359 4 0.005436
4360 4 0.007505
4361 4 0.001949
4362 4 0.002847
4363 4 0.000689
4364 4 0.044138
4365 4 0.042359
4366 4 0.014798
4367 4 0.007983
4368 4 0.020053
4369 4 0.001223
4370 4 0.003027
4371 4 0.000665
4372 4 0.000663
4373 4 0.026347
4374 4 0.010589
4375 4 0.005568
4376 4 0.001905
4377 4 0.001319
4378 4 0.038177
4379 4 0.006372
4380 4 0.005479
4381 4 0.005240
4382 4 0.002486
4383 4 0.004398
4384 4 0.000655
4385 4 0.002890
4386 4 0.014311
4387 4 0.009437
4388 4 0.029104
4389 4 0.066482
4390 4 0.095584
4391 4 0.001904
4392 4 0.000664
4393 4 0.003020
4394 4 0.001911
4395 4 0.034429
4396 4 0.020346
4397 4 0.005988
4398 4 0.026914
4399 4 0.002113
4400 4 0.010468
4401 4 0.001921
4402 4 0.019645
4403 4 0.012822
4404 4 0.104285
4405 4 0.001923
4406 4 0.008436
4407 4 0.001928
4408 4 0.025931
4409 4 0.011698
4410 4 0.006859
4411 4 0.030745
4412 4 0.006320
4413 4 0.001271
4414 4 0.004837
4415 4 0.009089
4416 4 0.025930
4417 4 0.003040
4418 4 0.008179
4419 4 0.000718
4420 4 0.001951
4421 4 0.003843
4422 4 0.000720
4423 4 0.004065
4424 4 0.020209
4425 4 0.004961
4426 4 0.000723
4427 4 0.010892
4428 4 0.014566
4429 4 0.005460
4430 4 0.004099
4431 4 0.000729
4432 4 0.005314
4433 4 0.005246
4434 4 0.006979
4435 4 0.014919
4436 4 0.001980
4437 4 0.000734
4438 4 0.000734
4439 4 0.001982
4440 4 0.001340
4441 4 0.044314
4442 4 0.070846
4443 4 0.012060
4444 4 0.003338
4445 4 0.027817
4446 4 0.025656
4447 4 0.001639
4448 4 0.004980
4449 4 0.049596
4450 4 0.012765
4451 4 0.001983
4452 4 0.003028
4453 4 0.021144
4454 4 0.028621
4455 4 0.038346
4456 4 0.040151
4457 4 0.000729
4458 4 0.041272
4459 4 0.004705
4460 4 0.001730
4461 4 0.004624
4462 4 0.034965
4463 4 0.017267
4464 4 0.049945
4465 4 0.013551
4466 4 0.001980
4467 4 0.000718
4468 4 0.002991
4469 4 0.000716
4470 4 0.005403
4471 4 0.002250
4472 4 0.004586
4473 4 0.005622
4474 4 0.048547
4475 4 0.025276
4476 4 0.078362
4477 4 0.002007
4478 4 0.016529
4479 4 0.002018
4480 4 0.006590
4481 4 0.002029
4482 4 0.046029
4483 4 0.011343
4484 4 0.015379
4485 4 0.002050
4486 4 0.000768
4487 4 0.000771
4488 4 0.028681
4489 4 0.006099
4490 4 0.025954
4491 4 0.011892
4492 4 0.069961
4493 4 0.019558
4494 4 0.009054
4495 4 0.005300
4496 4 0.000789
4497 4 0.002984
4498 4 0.002071
4499 4 0.008262
4500 4 0.007725
4501 4 0.001283
4502 4 0.005048
4503 4 0.040058
4504 4 0.002073
4505 4 0.001284
4506 4 0.001997
4507 4 0.002074
4508 4 0.000798
4509 4 0.002072
4510 4 0.002804
4511 4 0.004456
4512 4 0.011953
4513 4 0.006504
4514 4 0.009876
4515 4 0.002008
4516 4 0.040420
4517 4 0.000799
4518 4 0.044558
4519 4 0.002076
4520 4 0.011263
4521 4 0.013771
4522 4 0.016816
4523 4 0.002084
4524 4 0.002084
4525 4 0.017138
4526 4 0.008177
4527 4 0.024865
4528 4 0.002868
4529 4 0.073270
4530 4 0.015904
4531 4 0.048945
4532 4 0.002063
4533 4 0.058132
4534 4 0.017344
4535 4 0.031776
4536 4 0.008130
4537 4 0.001938
4538 4 0.002987
4539 4 0.002047
4540 4 0.002045
4541 4 0.002121
4542 4 0.040283
4543 4 0.012511
4544 4 0.008355
4545 4 0.024432
4546 4 0.002986
4547 4 0.004031
4548 4 0.007366
4549 4 0.002021
4550 4 0.004756
4551 4 0.001304
4552 4 0.001474
4553 4 0.009240
4554 4 0.009700
4555 4 0.000778
4556 4 0.024820
4557 4 0.007838
4558 4 0.003387
4559 4 0.001992
4560 4 0.086560
4561 4 0.056671
4562 4 0.002974
4563 4 0.063488
4564 4 0.006366
4565 4 0.028212
4566 4 0.014434
4567 4 0.001992
4568 4 0.010088
4569 4 0.038671
4570 4 0.001287
4571 4 0.017739
4572 4 0.002969
4573 4 0.001287
4574 4 0.002006
4575 4 0.002960
4576 4 0.007385
4577 4 0.000780
4578 4 0.007943
4579 4 0.055610
4580 4 0.002024
4581 4 0.002026
4582 4 0.020001
4583 4 0.002029
4584 4 0.015036
4585 4 0.023346
4586 4 0.000796
4587 4 0.002956
4588 4 0.001291
4589 4 0.002037
4590 4 0.002038
4591 4 0.012424
4592 4 0.042855
4593 4 0.013613
4594 4 0.014010
4595 4 0.005966
4596 4 0.001299
4597 4 0.002045
4598 4 0.006402
4599 4 0.002300
4600 4 0.091388
4601 4 0.083994
4602 4 0.022443
4603 4 0.019099
4604 4 0.003673
4605 4 0.014031
4606 4 0.010626
4607 4 0.000821
4608 4 0.010221
4609 4 0.000598
4610 4 0.001304
4611 4 0.003432
4612 4 0.000819
4613 4 0.004938
4614 4 0.005320
4615 4 0.084007
4616 4 0.017631
4617 4 0.027444
4618 4 0.011266
4619 4 0.008994
4620 4 0.054401
4621 4 0.031295
4622 4 0.002098
4623 4 0.004251
4624 4 0.000529
4625 4 0.013006
4626 4 0.002104
4627 4 0.005291
4628 4 0.002103
4629 4 0.001568
4630 4 0.002100
4631 4 0.000826
4632 4 0.002094
4633 4 0.001162
4634 4 0.081517
4635 4 0.056487
4636 4 0.001291
4637 4 0.004314
4638 4 0.000822
4639 4 0.019787
4640 4 0.003766
4641 4 0.001294
4642 4 0.009465
4643 4 0.012541
4644 4 0.021381
4645 4 0.003745
4646 4 0.076341
4647 4 0.059079
4648 4 0.014181
4649 4 0.000817
4650 4 0.017063
4651 4 0.005641
4652 4 0.002961
4653 4 0.049048
4654 4 0.002097
4655 4 0.001287
4656 4 0.003964
4657 4 0.025021
4658 4 0.014809
4659 4 0.000820
4660 4 0.001486
4661 4 0.003086
4662 4 0.011408
4663 4 0.000809
4664 4 0.010860
4665 4 0.000805
4666 4 0.002090
4667 4 0.002088
4668 4 0.004339
4669 4 0.037074
4670 4 0.002081
4671 4 0.002553
4672 4 0.004007
4673 4 0.004477
4674 4 0.014123
4675 4 0.076919
4676 4 0.034586
4677 4 0.009154
4678 4 0.002073
4679 4 0.000788
4680 4 0.000786
4681 4 0.002953
4682 4 0.023568
4683 4 0.000781
4684 4 0.003055
4685 4 0.015682
4686 4 0.006054
4687 4 0.007595
4688 4 0.002058
4689 4 0.013635
4690 4 0.001248
4691 4 0.009269
4692 4 0.009976
4693 4 0.116578
4694 4 0.005398
4695 4 0.013469
4696 4 0.001426
4697 4 0.011438
4698 4 0.002064
4699 4 0.026091
4700 4 0.000775
4701 4 0.003667
4702 4 0.032213
4703 4 0.002071
4704 4 0.000776
4705 4 0.003473
4706 4 0.000775
4707 4 0.020217
4708 4 0.002067
4709 4 0.002493
4710 4 0.001237
4711 4 0.048213
4712 4 0.013951
4713 4 0.016390
4714 4 0.000765
4715 4 0.025683
4716 4 0.002057
4717 4 0.017289
4718 4 0.010450
4719 4 0.002048
4720 4 0.000750
4721 4 0.001392
4722 4 0.000744
4723 4 0.020097
4724 4 0.003926
4725 4 0.019088
4726 4 0.014480
4727 4 0.002161
4728 4 0.004074
4729 4 0.006165
4730 4 0.000723
4731 4 0.000721
4732 4 0.002013
4733 4 0.001364
4734 4 0.002007
4735 4 0.001223
4736 4 0.001351
4737 4 0.027111
4738 4 0.001195
4739 4 0.005098
4740 4 0.005568
4741 4 0.031618
4742 4 0.086795
4743 4 0.082685
4744 4 0.048538
4745 4 0.081655
4746 4 0.008296
4747 4 0.001188
4748 4 0.000690
4749 4 0.010914
4750 4 0.005801
4751 4 0.001987
4752 4 0.027918
4753 4 0.000684
4754 4 0.004834
4755 4 0.000681
4756 4 0.005681
4757 4 0.033204
4758 4 0.041356
4759 4 0.019755
4760 4 0.005407
4761 4 0.044674
4762 4 0.008336
4763 4 0.016518
4764 4 0.008794
4765 4 0.001988
4766 4 0.048884
4767 4 0.038399
4768 4 0.001989
4769 4 0.005384
4770 4 0.085936
4771 4 0.029851
4772 4 0.010212
4773 4 0.008294
4774 4 0.001998
4775 4 0.002001
4776 4 0.002003
4777 4 0.014560
4778 4 0.008869
4779 4 0.009359
4780 4 0.003486
4781 4 0.002004
4782 4 0.002003
4783 4 0.000704
4784 4 0.017070
4785 4 0.001996
4786 4 0.038913
4787 4 0.000707
4788 4 0.002139
4789 4 0.052836
4790 4 0.002940
4791 4 0.016103
4792 4 0.011147
4793 4 0.070745
4794 4 0.035695
4795 4 0.009494
4796 4 0.006688
4797 4 0.000721
4798 4 0.010983
4799 4 0.035443
4800 5 0.029456
4801 5 0.060732
4802 5 0.000723
4803 5 0.013938
4804 5 0.002012
4805 5 0.000727
4806 5 0.002014
4807 5 0.002013
4808 5 0.000727
4809 5 0.040184
4810 5 0.016539
4811 5 0.032234
4812 5 0.002976
4813 5 0.001229
4814 5 0.057677
4815 5 0.016715
4816 5 0.013214
4817 5 0.044373
4818 5 0.001997
4819 5 0.005406
4820 5 0.001992
4821 5 0.008334
4822 5 0.001845
4823 5 0.041693
4824 5 0.001991
4825 5 0.016066
4826 5 0.007710
4827 5 0.011029
4828 5 0.004725
4829 5 0.019036
4830 5 0.007210
4831 5 0.000723
4832 5 0.005292
4833 5 0.002957
4834 5 0.062622
4835 5 0.028377
4836 5 0.022282
4837 5 0.008794
4838 5 0.023292
4839 5 0.001997
4840 5 0.045173
4841 5 0.012408
4842 5 0.002939
4843 5 0.027969
4844 5 0.051184
4845 5 0.001227
4846 5 0.050754
4847 5 0.103612
4848 5 0.002932
4849 5 0.003772
4850 5 0.001228
4851 5 0.000738
4852 5 0.025331
4853 5 0.004106
4854 5 0.000743
4855 5 0.000743
4856 5 0.039053
4857 5 0.001225
4858 5 0.002031
4859 5 0.001924
4860 5 0.010229
4861 5 0.022441
4862 5 0.007374
4863 5 0.011445
4864 5 0.041606
4865 5 0.011014
4866 5 0.004825
4867 5 0.002019
4868 5 0.004894
4869 5 0.001200
4870 5 0.005026
4871 5 0.065143
4872 5 0.011533
4873 5 0.077750
4874 5 0.023193
4875 5 0.018073
4876 5 0.002618
4877 5 0.003525
4878 5 0.000709
4879 5 0.062134
4880 5 0.005325
4881 5 0.005905
4882 5 0.071736
4883 5 0.001187
4884 5 0.018106
4885 5 0.012369
4886 5 0.011950
4887 5 0.002881
4888 5 0.011938
4889 5 0.015505
4890 5 0.002425
4891 5 0.008327
4892 5 0.051754
4893 5 0.001191
4894 5 0.002857
4895 5 0.000762
4896 5 0.007237
4897 5 0.002105
4898 5 0.000768
4899 5 0.012726
4900 5 0.055624
4901 5 0.080725
4902 5 0.004143
4903 5 0.009294
4904 5 0.002124
4905 5 0.009202
4906 5 0.002824
4907 5 0.006183
4908 5 0.002131
4909 5 0.042820
4910 5 0.015568
4911 5 0.004050
4912 5 0.022671
4913 5 0.002130
4914 5 0.062910
4915 5 0.011245
4916 5 0.033804
4917 5 0.000782
4918 5 0.005642
4919 5 0.031542
4920 5 0.003653
4921 5 0.004489
4922 5 0.005166
4923 5 0.002982
4924 5 0.002144
4925 5 0.041197
4926 5 0.000790
4927 5 0.007996
4928 5 0.071848
4929 5 0.016280
4930 5 0.007975
4931 5 0.002155
4932 5 0.091075
4933 5 0.016710
4934 5 0.052526
4935 5 0.003647
4936 5 0.000808
4937 5 0.064164
4938 5 0.075910
4939 5 0.001179
4940 5 0.001178
4941 5 0.026002
4942 5 0.025291
4943 5 0.000823
4944 5 0.030847
4945 5 0.002753
4946 5 0.032365
4947 5 0.004896
4948 5 0.006885
4949 5 0.005044
4950 5 0.000836
4951 5 0.018652
4952 5 0.002218
4953 5 0.021086
4954 5 0.018180
4955 5 0.007232
4956 5 0.009197
4957 5 0.077060
4958 5 0.031594
4959 5 0.002240
4960 5 0.029452
4961 5 0.000829
4962 5 0.000827
4963 5 0.010683
4964 5 0.002722
4965 5 0.002304
4966 5 0.058217
4967 5 0.000819
4968 5 0.002228
4969 5 0.038287
4970 5 0.002225
4971 5 0.000815
4972 5 0.061184
4973 5 0.002219
4974 5 0.014451
4975 5 0.028398
4976 5 0.002214
4977 5 0.002211
4978 5 0.003760
4979 5 0.002203
4980 5 0.002198
4981 5 0.002667
4982 5 0.000807
4983 5 0.068185
4984 5 0.002182
4985 5 0.001604
4986 5 0.077287
4987 5 0.000808
4988 5 0.002170
4989 5 0.001203
4990 5 0.005171
4991 5 0.012366
4992 5 0.000809
4993 5 0.001826
4994 5 0.000809
4995 5 0.006128
4996 5 0.008829
4997 5 0.002159
4998 5 0.004205
4999 5 0.027072
5000 5 0.002151
5001 5 0.036287
5002 5 0.005200
5003 5 0.004592
5004 5 0.000801
5005 5 0.004548
5006 5 0.000799
5007 5 0.001223
5008 5 0.001570
5009 5 0.005936
5010 5 0.002128
5011 5 0.005332
5012 5 0.002121
5013 5 0.005781
5014 5 0.000596
5015 5 0.012682
5016 5 0.026406
5017 5 0.032082
5018 5 0.211970
5019 5 0.073717
5020 5 0.036430
5021 5 0.060104
5022 5 0.002084
5023 5 0.029866
5024 5 0.009596
5025 5 0.011455
5026 5 0.005463
5027 5 0.054412
5028 5 0.002074
5029 5 0.017780
5030 5 0.001265
5031 5 0.008934
5032 5 0.000791
5033 5 0.025335
5034 5 0.018135
5035 5 0.000795
5036 5 0.008229
5037 5 0.005080
5038 5 0.000798
5039 5 0.048444
5040 5 0.010811
5041 5 0.002096
5042 5 0.026613
5043 5 0.002092
5044 5 0.010653
5045 5 0.005342
5046 5 0.004057
5047 5 0.035135
5048 5 0.023949
5049 5 0.002076
5050 5 0.010668
5051 5 0.003481
5052 5 0.000778
5053 5 0.028568
5054 5 0.042704
5055 5 0.003417
5056 5 0.003906
5057 5 0.002066
5058 5 0.000771
5059 5 0.004017
5060 5 0.005339
5061 5 0.002063
5062 5 0.028960
5063 5 0.002063
5064 5 0.015779
5065 5 0.002062
5066 5 0.000770
5067 5 0.040817
5068 5 0.007163
5069 5 0.009176
5070 5 0.003384
5071 5 0.002711
5072 5 0.003370
5073 5 0.006007
5074 5 0.003301
5075 5 0.005351
5076 5 0.030700
5077 5 0.013540
5078 5 0.005038
5079 5 0.006438
5080 5 0.003403
5081 5 0.002050
5082 5 0.009168
5083 5 0.004487
5084 5 0.005076
5085 5 0.005291
5086 5 0.002058
5087 5 0.001221
5088 5 0.044414
5089 5 0.016739
5090 5 0.003781
5091 5 0.023661
5092 5 0.003103
5093 5 0.012870
5094 5 0.002868
5095 5 0.003013
5096 5 0.002084
5097 5 0.000777
5098 5 0.002089
5099 5 0.018889
5100 5 0.002090
5101 5 0.002089
5102 5 0.002087
5103 5 0.001479
5104 5 0.016595
5105 5 0.009348
5106 5 0.003307
5107 5 0.005496
5108 5 0.137349
5109 5 0.000784
5110 5 0.025599
5111 5 0.020786
5112 5 0.026562
5113 5 0.011720
5114 5 0.002883
5115 5 0.000790
5116 5 0.011410
5117 5 0.002089
5118 5 0.002089
5119 5 0.013668
5120 5 0.002089
5121 5 0.000793
5122 5 0.030638
5123 5 0.000795
5124 5 0.020667
5125 5 0.000796
5126 5 0.101052
5127 5 0.068456
5128 5 0.002094
5129 5 0.005278
5130 5 0.091587
5131 5 0.049746
5132 5 0.027269
5133 5 0.013727
5134 5 0.020477
5135 5 0.002108
5136 5 0.024071
5137 5 0.019743
5138 5 0.007963
5139 5 0.005280
5140 5 0.012915
5141 5 0.019879
5142 5 0.002903
5143 5 0.040701
5144 5 0.012725
5145 5 0.002890
5146 5 0.006894
5147 5 0.010807
5148 5 0.024014
5149 5 0.010097
5150 5 0.002113
5151 5 0.045833
5152 5 0.006491
5153 5 0.000806
5154 5 0.010625
5155 5 0.010807
5156 5 0.002115
5157 5 0.008576
5158 5 0.005671
5159 5 0.003202
5160 5 0.000806
5161 5 0.005033
5162 5 0.001222
5163 5 0.002210
5164 5 0.002989
5165 5 0.007892
5166 5 0.020146
5167 5 0.003931
5168 5 0.063334
5169 5 0.001220
5170 5 0.004351
5171 5 0.002121
5172 5 0.002121
5173 5 0.059544
5174 5 0.068063
5175 5 0.015737
5176 5 0.059603
5177 5 0.005999
5178 5 0.004223
5179 5 0.018843
5180 5 0.002123
5181 5 0.012671
5182 5 0.032827
5183 5 0.000822
5184 5 0.004843
5185 5 0.002875
5186 5 0.057515
5187 5 0.008340
5188 5 0.002874
5189 5 0.002119
5190 5 0.032005
5191 5 0.015008
5192 5 0.000821
5193 5 0.000820
5194 5 0.004217
5195 5 0.000817
5196 5 0.006043
5197 5 0.044557
5198 5 0.002118
5199 5 0.036476
5200 5 0.002770
5201 5 0.000815
5202 5 0.025778
5203 5 0.011332
5204 5 0.011195
5205 5 0.000811
5206 5 0.000811
5207 5 0.002116
5208 5 0.027864
5209 5 0.004069
5210 5 0.006985
5211 5 0.003643
5212 5 0.002111
5213 5 0.030235
5214 5 0.002105
5215 5 0.002879
5216 5 0.001072
5217 5 0.002099
5218 5 0.000799
5219 5 0.069676
5220 5 0.004143
5221 5 0.000798
5222 5 0.003442
5223 5 0.005821
5224 5 0.018380
5225 5 0.053236
5226 5 0.001251
5227 5 0.003044
5228 5 0.014632
5229 5 0.000802
5230 5 0.002094
5231 5 0.002453
5232 5 0.000803
5233 5 0.005265
5234 5 0.020074
5235 5 0.032372
5236 5 0.014326
5237 5 0.009789
5238 5 0.015770
5239 5 0.026986
5240 5 0.003803
5241 5 0.003736
5242 5 0.003791
5243 5 0.002105
5244 5 0.000801
5245 5 0.020523
5246 5 0.009908
5247 5 0.001243
5248 5 0.032097
5249 5 0.001241
5250 5 0.051787
5251 5 0.008847
5252 5 0.002726
5253 5 0.013999
5254 5 0.011759
5255 5 0.043848
5256 5 0.036094
5257 5 0.062423
5258 5 0.002105
5259 5 0.010066
5260 5 0.011899
5261 5 0.033691
5262 5 0.001220
5263 5 0.007081
5264 5 0.000781
5265 5 0.002487
5266 5 0.000778
5267 5 0.000776
5268 5 0.000774
5269 5 0.002408
5270 5 0.002088
5271 5 0.025699
5272 5 0.011496
5273 5 0.002084
5274 5 0.036957
5275 5 0.032652
5276 5 0.002081
5277 5 0.012678
5278 5 0.000763
5279 5 0.002875
5280 5 0.001671
5281 5 0.009981
5282 5 0.000763
5283 5 0.036050
5284 5 0.008015
5285 5 0.002896
5286 5 0.002085
5287 5 0.003913
5288 5 0.002979
5289 5 0.000765
5290 5 0.027152
5291 5 0.000764
5292 5 0.062621
5293 5 0.008231
5294 5 0.030467
5295 5 0.005302
5296 5 0.029851
5297 5 0.036297
5298 5 0.007823
5299 5 0.006527
5300 5 0.011486
5301 5 0.029658
5302 5 0.000782
5303 5 0.001197
5304 5 0.000786
5305 5 0.016715
5306 5 0.000477
5307 5 0.002832
5308 5 0.071101
5309 5 0.093864
5310 5 0.015688
5311 5 0.016881
5312 5 0.008101
5313 5 0.001173
5314 5 0.048669
5315 5 0.001165
5316 5 0.011354
5317 5 0.003701
5318 5 0.044424
5319 5 0.020885
5320 5 0.000793
5321 5 0.030819
5322 5 0.005117
5323 5 0.002211
5324 5 0.027914
5325 5 0.019979
5326 5 0.001150
5327 5 0.002224
5328 5 0.046425
5329 5 0.043780
5330 5 0.019121
5331 5 0.011831
5332 5 0.010504
5333 5 0.037040
5334 5 0.005088
5335 5 0.000806
5336 5 0.002214
5337 5 0.004959
5338 5 0.001146
5339 5 0.011145
5340 5 0.002426
5341 5 0.001145
5342 5 0.037460
5343 5 0.015798
5344 5 0.002212
5345 5 0.001985
5346 5 0.002207
5347 5 0.141810
5348 5 0.015496
5349 5 0.012293
5350 5 0.004869
5351 5 0.006058
5352 5 0.005791
5353 5 0.043783
5354 5 0.002195
5355 5 0.036677
5356 5 0.001168
5357 5 0.001473
5358 5 0.003689
5359 5 0.007647
5360 5 0.018866
5361 5 0.021672
5362 5 0.018415
5363 5 0.003993
5364 5 0.071376
5365 5 0.001175
5366 5 0.024253
5367 5 0.047036
5368 5 0.005132
5369 5 0.002217
5370 5 0.025665
5371 5 0.018297
5372 5 0.014083
5373 5 0.010385
5374 5 0.052040
5375 5 0.002241
5376 5 0.075481
5377 5 0.045386
5378 5 0.000843
5379 5 0.007933
5380 5 0.011891
5381 5 0.011024
5382 5 0.002243
5383 5 0.016017
5384 5 0.040533
5385 5 0.000840
5386 5 0.005052
5387 5 0.000841
5388 5 0.033141
5389 5 0.002250
5390 5 0.018394
5391 5 0.044771
5392 5 0.002253
5393 5 0.035161
5394 5 0.000848
5395 5 0.002256
5396 5 0.002739
5397 5 0.000854
5398 5 0.017580
5399 5 0.002257
5400 5 0.002512
5401 5 0.018531
5402 5 0.001194
5403 5 0.006573
5404 5 0.129525
5405 5 0.000865
5406 5 0.009711
5407 5 0.023303
5408 5 0.001205
5409 5 0.009625
5410 5 0.002776
5411 5 0.018429
5412 5 0.000868
5413 5 0.019066
5414 5 0.018160
5415 5 0.011715
5416 5 0.002259
5417 5 0.036115
5418 5 0.000865
5419 5 0.002255
5420 5 0.003523
5421 5 0.002251
5422 5 0.002248
5423 5 0.004257
5424 5 0.000858
5425 5 0.003006
5426 5 0.044581
5427 5 0.013204
5428 5 0.004040
5429 5 0.002232
5430 5 0.002231
5431 5 0.001212
5432 5 0.047968
5433 5 0.006597
5434 5 0.007960
5435 5 0.000852
5436 5 0.001212
5437 5 0.000850
5438 5 0.002218
5439 5 0.003070
5440 5 0.013961
5441 5 0.003039
5442 5 0.002210
5443 5 0.000841
5444 5 0.002328
5445 5 0.037116
5446 5 0.004493
5447 5 0.005273
5448 5 0.192408
5449 5 0.002199
5450 5 0.002364
5451 5 0.009447
5452 5 0.009201
5453 5 0.000841
5454 5 0.025860
5455 5 0.008848
5456 5 0.002202
5457 5 0.051248
5458 5 0.000840
5459 5 0.000840
5460 5 0.071228
5461 5 0.008017
5462 5 0.000838
5463 5 0.009819
5464 5 0.041408
5465 5 0.093804
5466 5 0.035523
5467 5 0.011264
5468 5 0.019556
5469 5 0.013213
5470 5 0.003946
5471 5 0.000827
5472 5 0.005032
5473 5 0.093418
5474 5 0.002182
5475 5 0.002179
5476 5 0.001215
5477 5 0.028004
5478 5 0.004472
5479 5 0.017720
5480 5 0.000816
5481 5 0.001656
5482 5 0.015695
5483 5 0.001215
5484 5 0.000807
5485 5 0.047840
5486 5 0.010760
5487 5 0.002859
5488 5 0.004018
5489 5 0.002155
5490 5 0.001587
5491 5 0.034117
5492 5 0.002846
5493 5 0.002155
5494 5 0.006355
5495 5 0.015085
5496 5 0.002159
5497 5 0.086806
5498 5 0.000781
5499 5 0.015465
5500 5 0.000780
5501 5 0.025755
5502 5 0.002158
5503 5 0.010021
5504 5 0.002154
5505 5 0.000773
5506 5 0.000476
5507 5 0.021034
5508 5 0.001165
5509 5 0.001163
5510 5 0.002141
5511 5 0.002139
5512 5 0.002136
5513 5 0.026340
5514 5 0.015574
5515 5 0.002126
5516 5 0.000757
5517 5 0.001503
5518 5 0.001633
5519 5 0.005290
5520 5 0.000754
5521 5 0.003684
5522 5 0.055253
5523 5 0.001630
5524 5 0.004196
5525 5 0.002120
5526 5 0.002120
5527 5 0.000757
5528 5 0.070090
5529 5 0.002117
5530 5 0.048667
5531 5 0.001176
5532 5 0.000579
5533 5 0.010623
5534 5 0.015459
5535 5 0.000765
5536 5 0.000766
5537 5 0.006481
5538 5 0.043211
5539 5 0.002123
5540 5 0.008209
5541 5 0.000768
5542 5 0.011132
5543 5 0.001784
5544 5 0.036830
5545 5 0.007747
5546 5 0.003001
5547 5 0.005276
5548 5 0.001182
5549 5 0.038301
5550 5 0.000781
5551 5 0.031678
5552 5 0.002151
5553 5 0.009769
5554 5 0.002149
5555 5 0.002147
5556 5 0.000773
5557 5 0.016739
5558 5 0.002136
5559 5 0.002840
5560 5 0.002128
5561 5 0.045951
5562 5 0.016868
5563 5 0.000763
5564 5 0.011034
5565 5 0.005902
5566 5 0.005876
5567 5 0.011373
5568 5 0.009548
5569 5 0.002105
5570 5 0.000754
5571 5 0.003933
5572 5 0.027291
5573 5 0.001173
5574 5 0.007347
5575 5 0.000748
5576 5 0.008197
5577 5 0.005700
5578 5 0.109234
5579 5 0.036063
5580 5 0.005293
5581 5 0.066680
5582 5 0.002087
5583 5 0.000745
5584 5 0.011295
5585 5 0.022837
5586 5 0.002097
5587 5 0.022369
5588 5 0.012811
5589 5 0.004116
5590 5 0.018132
5591 5 0.010244
5592 5 0.009757
5593 5 0.005244
5594 5 0.007825
5595 5 0.031689
5596 5 0.000774
5597 5 0.000775
5598 5 0.021666
5599 5 0.000777
5600 5 0.004583
5601 5 0.005773
5602 5 0.004386
5603 5 0.016767
5604 5 0.031747
5605 5 0.044703
5606 5 0.001598
5607 5 0.003208
5608 5 0.012264
5609 5 0.001219
5610 5 0.002965
5611 5 0.003241
5612 5 0.035122
5613 5 0.002183
5614 5 0.005172
5615 5 0.004102
5616 5 0.005313
5617 5 0.011726
5618 5 0.002194
5619 5 0.001716
5620 5 0.006265
5621 5 0.002862
5622 5 0.008275
5623 5 0.002194
5624 5 0.005817
5625 5 0.068403
5626 5 0.009221
5627 5 0.016855
5628 5 0.001182
5629 5 0.013398
5630 5 0.017139
5631 5 0.000808
5632 5 0.022836
5633 5 0.033386
5634 5 0.081872
5635 5 0.056221
5636 5 0.018854
5637 5 0.005175
5638 5 0.002209
5639 5 0.004641
5640 5 0.017253
5641 5 0.008659
5642 5 0.028172
5643 5 0.014468
5644 5 0.003888
5645 5 0.002212
5646 5 0.029880
5647 5 0.009601
5648 5 0.013720
5649 5 0.028047
5650 5 0.002203
5651 5 0.013065
5652 5 0.002199
5653 5 0.006391
5654 5 0.002308
5655 5 0.002771
5656 5 0.001773
5657 5 0.025635
5658 5 0.002193
5659 5 0.001769
5660 5 0.012169
5661 5 0.009969
5662 5 0.000811
5663 5 0.132389
5664 5 0.016266
5665 5 0.000815
5666 5 0.021891
5667 5 0.040912
5668 5 0.001201
5669 5 0.021410
5670 5 0.001200
5671 5 0.002153
5672 5 0.002148
5673 5 0.001734
5674 5 0.001197
5675 5 0.002130
5676 5 0.034807
5677 5 0.003443
5678 5 0.000783
5679 5 0.009859
5680 5 0.005689
5681 5 0.003176
5682 5 0.002103
5683 5 0.032102
5684 5 0.068819
5685 5 0.000774
5686 5 0.027573
5687 5 0.005924
5688 5 0.000778
5689 5 0.030619
5690 5 0.010605
5691 5 0.055654
5692 5 0.000780
5693 5 0.009370
5694 5 0.040115
5695 5 0.002098
5696 5 0.002903
5697 5 0.000767
5698 5 0.002090
5699 5 0.005541
5700 5 0.042424
5701 5 0.032278
5702 5 0.047339
5703 5 0.002085
5704 5 0.002084
5705 5 0.000762
5706 5 0.015078
5707 5 0.000762
5708 5 0.036372
5709 5 0.018261
5710 5 0.001221
5711 5 0.018683
5712 5 0.000758
5713 5 0.002808
5714 5 0.017505
5715 5 0.084034
5716 5 0.047527
5717 5 0.048412
5718 5 0.003228
5719 5 0.036401
5720 5 0.008347
5721 5 0.000741
5722 5 0.002063
5723 5 0.005397
5724 5 0.002062
5725 5 0.034625
5726 5 0.009841
5727 5 0.000736
5728 5 0.006803
5729 5 0.011654
5730 5 0.000735
5731 5 0.011012
5732 5 0.045898
5733 5 0.011263
5734 5 0.001198
5735 5 0.009907
5736 5 0.016825
5737 5 0.002067
5738 5 0.024080
5739 5 0.018924
5740 5 0.017157
5741 5 0.005898
5742 5 0.015501
5743 5 0.002063
5744 5 0.008593
5745 5 0.020400
5746 5 0.016011
5747 5 0.010471
5748 5 0.007335
5749 5 0.028514
5750 5 0.064081
5751 5 0.005394
5752 5 0.098891
5753 5 0.002054
5754 5 0.002056
5755 5 0.001200
5756 5 0.002057
5757 5 0.008307
5758 5 0.022140
5759 5 0.090956
5760 5 0.000737
5761 5 0.085640
5762 5 0.051248
5763 5 0.000733
5764 5 0.000732
5765 5 0.016480
5766 5 0.002052
5767 5 0.000728
5768 5 0.008315
5769 5 0.002047
5770 5 0.000725
5771 5 0.000724
5772 5 0.018544
5773 5 0.042429
5774 5 0.007840
5775 5 0.001203
5776 5 0.011368
5777 5 0.002043
5778 5 0.008373
5779 5 0.005411
5780 5 0.000718
5781 5 0.001812
5782 5 0.009401
5783 5 0.005612
5784 5 0.104928
5785 5 0.010941
5786 5 0.007551
5787 5 0.034225
5788 5 0.002035
5789 5 0.022146
5790 5 0.044507
5791 5 0.011667
5792 5 0.009702
5793 5 0.002021
5794 5 0.004387
5795 5 0.002331
5796 5 0.008766
5797 5 0.000699
5798 5 0.015210
5799 5 0.019192
5800 5 0.017097
5801 5 0.045892
5802 5 0.008205
5803 5 0.014810
5804 5 0.000698
5805 5 0.022039
5806 5 0.000698
5807 5 0.006700
5808 5 0.005097
5809 5 0.007637
5810 5 0.138051
5811 5 0.002014
5812 5 0.062456
5813 5 0.002019
5814 5 0.036136
5815 5 0.000714
5816 5 0.002996
5817 5 0.002026
5818 5 0.002027
5819 5 0.059013
5820 5 0.002027
5821 5 0.003015
5822 5 0.003018
5823 5 0.012414
5824 5 0.054982
5825 5 0.000745
5826 5 0.006042
5827 5 0.002048
5828 5 0.013785
5829 5 0.013070
5830 5 0.003966
5831 5 0.006002
5832 5 0.002048
5833 5 0.006278
5834 5 0.008537
5835 5 0.000757
5836 5 0.000755
5837 5 0.005023
5838 5 0.208708
5839 5 0.000754
5840 5 0.012596
5841 5 0.002043
5842 5 0.002045
5843 5 0.001635
5844 5 0.003032
5845 5 0.008922
5846 5 0.017971
5847 5 0.029833
5848 5 0.002052
5849 5 0.043769
5850 5 0.064757
5851 5 0.002054
5852 5 0.002054
5853 5 0.020335
5854 5 0.017322
5855 5 0.045599
5856 5 0.016082
5857 5 0.005552
5858 5 0.000776
5859 5 0.012856
5860 5 0.002032
5861 5 0.011292
5862 5 0.000766
5863 5 0.002016
5864 5 0.004173
5865 5 0.000755
5866 5 0.000752
5867 5 0.015306
5868 5 0.001292
5869 5 0.044441
5870 5 0.009933
5871 5 0.025527
5872 5 0.003266
5873 5 0.013448
5874 5 0.000737
5875 5 0.055762
5876 5 0.025873
5877 5 0.000735
5878 5 0.009303
5879 5 0.006358
5880 5 0.019372
5881 5 0.004954
5882 5 0.008471
5883 5 0.067903
5884 5 0.001982
5885 5 0.009358
5886 5 0.003093
5887 5 0.001292
5888 5 0.001989
5889 5 0.001683
5890 5 0.008726
5891 5 0.008311
5892 5 0.003094
5893 5 0.005675
5894 5 0.001994
5895 5 0.005215
5896 5 0.005192
5897 5 0.003735
5898 5 0.001296
5899 5 0.008107
5900 5 0.131562
5901 5 0.062580
5902 5 0.012295
5903 5 0.027814
5904 5 0.031914
5905 5 0.098687
5906 5 0.000766
5907 5 0.005118
5908 5 0.002031
5909 5 0.005390
5910 5 0.003104
5911 5 0.004928
5912 5 0.002039
5913 5 0.032726
5914 5 0.016724
5915 5 0.017742
5916 5 0.000780
5917 5 0.002047
5918 5 0.002046
5919 5 0.002043
5920 5 0.064267
5921 5 0.046667
5922 5 0.037880
5923 5 0.031331
5924 5 0.003106
5925 5 0.001311
5926 5 0.011825
5927 5 0.023690
5928 5 0.002003
5929 5 0.000749
5930 5 0.000746
5931 5 0.000798
5932 5 0.001993
5933 5 0.026153
5934 5 0.010443
5935 5 0.024193
5936 5 0.003625
5937 5 0.001765
5938 5 0.001827
5939 5 0.001670
5940 5 0.003214
5941 5 0.001280
5942 5 0.071354
5943 5 0.001990
5944 5 0.000730
5945 5 0.001992
5946 5 0.000729
5947 5 0.023508
5948 5 0.001991
5949 5 0.032752
5950 5 0.036850
5951 5 0.026290
5952 5 0.008520
5953 5 0.030098
5954 5 0.019683
5955 5 0.079552
5956 5 0.003058
5957 5 0.022562
5958 5 0.001985
5959 5 0.003044
5960 5 0.001255
5961 5 0.000716
5962 5 0.031353
5963 5 0.003225
5964 5 0.003893
5965 5 0.004548
5966 5 0.000717
5967 5 0.001235
5968 5 0.003477
5969 5 0.185723
5970 5 0.006663
5971 5 0.001231
5972 5 0.002016
5973 5 0.000722
5974 5 0.002020
5975 5 0.003024
5976 5 0.016217
5977 5 0.047137
5978 5 0.066027
5979 5 0.040357
5980 5 0.031576
5981 5 0.008596
5982 5 0.006815
5983 5 0.013423
5984 5 0.000732
5985 5 0.002027
5986 5 0.037981
5987 5 0.002029
5988 5 0.002028
5989 5 0.002026
5990 5 0.005487
5991 5 0.019664
5992 5 0.055343
5993 5 0.012931
5994 5 0.044631
5995 5 0.052597
5996 5 0.083264
5997 5 0.012114
5998 5 0.008101
5999 5 0.000754
6000 6 0.005620
6001 6 0.013543
6002 6 0.004231
6003 6 0.018617
6004 6 0.081202
6005 6 0.001271
6006 6 0.018709
6007 6 0.002064
6008 6 0.001282
6009 6 0.000787
6010 6 0.011541
6011 6 0.013880
6012 6 0.006159
6013 6 0.001295
6014 6 0.157630
6015 6 0.000805
6016 6 0.002096
6017 6 0.003033
6018 6 0.035685
6019 6 0.050903
6020 6 0.003033
6021 6 0.005686
6022 6 0.000824
6023 6 0.005440
6024 6 0.000826
6025 6 0.003010
6026 6 0.014103
6027 6 0.004535
6028 6 0.026051
6029 6 0.007781
6030 6 0.002147
6031 6 0.002146
6032 6 0.062913
6033 6 0.000824
6034 6 0.000824
6035 6 0.012904
6036 6 0.013961
6037 6 0.011407
6038 6 0.002136
6039 6 0.108246
6040 6 0.001284
6041 6 0.011228
6042 6 0.004211
6043 6 0.061773
6044 6 0.060597
6045 6 0.000810
6046 6 0.014251
6047 6 0.067838
6048 6 0.000801
6049 6 0.006909
6050 6 0.008674
6051 6 0.009700
6052 6 0.005236
6053 6 0.008908
6054 6 0.000773
6055 6 0.003130
6056 6 0.002083
6057 6 0.044573
6058 6 0.001234
6059 6 0.002070
6060 6 0.002962
6061 6 0.065339
6062 6 0.064309
6063 6 0.015293
6064 6 0.002955
6065 6 0.002054
6066 6 0.002947
6067 6 0.002052
6068 6 0.007605
6069 6 0.004428
6070 6 0.001201
6071 6 0.048785
6072 6 0.000726
6073 6 0.008505
6074 6 0.004577
6075 6 0.006088
6076 6 0.005527
6077 6 0.019880
6078 6 0.006658
6079 6 0.007670
6080 6 0.006451
6081 6 0.006747
6082 6 0.005469
6083 6 0.059821
6084 6 0.005306
6085 6 0.156762
6086 6 0.009740
6087 6 0.036004
6088 6 0.012567
6089 6 0.001194
6090 6 0.002088
6091 6 0.011634
6092 6 0.023130
6093 6 0.008488
6094 6 0.068774
6095 6 0.048703
6096 6 0.002102
6097 6 0.035952
6098 6 0.006557
6099 6 0.029474
6100 6 0.047175
6101 6 0.000758
6102 6 0.002107
6103 6 0.027325
6104 6 0.000758
6105 6 0.007624
6106 6 0.003193
6107 6 0.063924
6108 6 0.016454
6109 6 0.015674
6110 6 0.053575
6111 6 0.002111
6112 6 0.039788
6113 6 0.002106
6114 6 0.000757
6115 6 0.014325
6116 6 0.005901
6117 6 0.018341
6118 6 0.003867
6119 6 0.006786
6120 6 0.032628
6121 6 0.002081
6122 6 0.019395
6123 6 0.002076
6124 6 0.019312
6125 6 0.068899
6126 6 0.004119
6127 6 0.013233
6128 6 0.017767
6129 6 0.037570
6130 6 0.011320
6131 6 0.018700
6132 6 0.000751
6133 6 0.002054
6134 6 0.004612
6135 6 0.026405
6136 6 0.009116
6137 6 0.035266
6138 6 0.074808
6139 6 0.001247
6140 6 0.008467
6141 6 0.005167
6142 6 0.047224
6143 6 0.043807
6144 6 0.002010
6145 6 0.005902
6146 6 0.004148
6147 6 0.036137
6148 6 0.000732
6149 6 0.000731
6150 6 0.000729
6151 6 0.000728
6152 6 0.035805
6153 6 0.058789
6154 6 0.002000
6155 6 0.075155
6156 6 0.054447
6157 6 0.003028
6158 6 0.020988
6159 6 0.037422
6160 6 0.001995
6161 6 0.000716
6162 6 0.029365
6163 6 0.001990
6164 6 0.007640
6165 6 0.019946
6166 6 0.001981
6167 6 0.000705
6168 6 0.053786
6169 6 0.008817
6170 6 0.014723
6171 6 0.001237
6172 6 0.003025
6173 6 0.009350
6174 6 0.001234
6175 6 0.003131
6176 6 0.009079
6177 6 0.005494
6178 6 0.001985
6179 6 0.004160
6180 6 0.003843
6181 6 0.005281
6182 6 0.005463
6183 6 0.077158
6184 6 0.012545
6185 6 0.000714
6186 6 0.045801
6187 6 0.000720
6188 6 0.002969
6189 6 0.015311
6190 6 0.018754
6191 6 0.041171
6192 6 0.003845
6193 6 0.000736
6194 6 0.027833
6195 6 0.000739
6196 6 0.002070
6197 6 0.010857
6198 6 0.096896
6199 6 0.007907
6200 6 0.001220
6201 6 0.002959
6202 6 0.002088
6203 6 0.002091
6204 6 0.002960
6205 6 0.012264
6206 6 0.048705
6207 6 0.022068
6208 6 0.001226
6209 6 0.010386
6210 6 0.062036
6211 6 0.000771
6212 6 0.022955
6213 6 0.000775
6214 6 0.000776
6215 6 0.002133
6216 6 0.000775
6217 6 0.002132
6218 6 0.011957
6219 6 0.002949
6220 6 0.000773
6221 6 0.022750
6222 6 0.002131
6223 6 0.005679
6224 6 0.066357
6225 6 0.011172
6226 6 0.049418
6227 6 0.022923
6228 6 0.000552
6229 6 0.016136
6230 6 0.002132
6231 6 0.002131
6232 6 0.008628
6233 6 0.004898
6234 6 0.000775
6235 6 0.011459
6236 6 0.008383
6237 6 0.000773
6238 6 0.041227
6239 6 0.030832
6240 6 0.010683
6241 6 0.013293
6242 6 0.005435
6243 6 0.013279
6244 6 0.075547
6245 6 0.015115
6246 6 0.000773
6247 6 0.005430
6248 6 0.014550
6249 6 0.000778
6250 6 0.008142
6251 6 0.058665
6252 6 0.026819
6253 6 0.058606
6254 6 0.000784
6255 6 0.007696
6256 6 0.002135
6257 6 0.015739
6258 6 0.000787
6259 6 0.000786
6260 6 0.000785
6261 6 0.000782
6262 6 0.047278
6263 6 0.011290
6264 6 0.019152
6265 6 0.005398
6266 6 0.003250
6267 6 0.004294
6268 6 0.000778
6269 6 0.001776
6270 6 0.004362
6271 6 0.004929
6272 6 0.081190
6273 6 0.002133
6274 6 0.008671
6275 6 0.005399
6276 6 0.026305
6277 6 0.006936
6278 6 0.021670
6279 6 0.018572
6280 6 0.008170
6281 6 0.073102
6282 6 0.008266
6283 6 0.002145
6284 6 0.032896
6285 6 0.019229
6286 6 0.002145
6287 6 0.000773
6288 6 0.007940
6289 6 0.061601
6290 6 0.002140
6291 6 0.020171
6292 6 0.048736
6293 6 0.000775
6294 6 0.002139
6295 6 0.000774
6296 6 0.005370
6297 6 0.005368
6298 6 0.021906
6299 6 0.000776
6300 6 0.000778
6301 6 0.001229
6302 6 0.020896
6303 6 0.009470
6304 6 0.000781
6305 6 0.001562
6306 6 0.002156
6307 6 0.002904
6308 6 0.006177
6309 6 0.054967
6310 6 0.000781
6311 6 0.015450
6312 6 0.042331
6313 6 0.101127
6314 6 0.021723
6315 6 0.000779
6316 6 0.011399
6317 6 0.017485
6318 6 0.000777
6319 6 0.044206
6320 6 0.058379
6321 6 0.021894
6322 6 0.017341
6323 6 0.011639
6324 6 0.011273
6325 6 0.000772
6326 6 0.002163
6327 6 0.029605
6328 6 0.000767
6329 6 0.001712
6330 6 0.006267
6331 6 0.000762
6332 6 0.002821
6333 6 0.042250
6334 6 0.023555
6335 6 0.010716
6336 6 0.069019
6337 6 0.011392
6338 6 0.003417
6339 6 0.002145
6340 6 0.001629
6341 6 0.002142
6342 6 0.003378
6343 6 0.003884
6344 6 0.002133
6345 6 0.005359
6346 6 0.001592
6347 6 0.079183
6348 6 0.022360
6349 6 0.008231
6350 6 0.046082
6351 6 0.002123
6352 6 0.021591
6353 6 0.001225
6354 6 0.003441
6355 6 0.000760
6356 6 0.001227
6357 6 0.000762
6358 6 0.000762
6359 6 0.002953
6360 6 0.002138
6361 6 0.012178
6362 6 0.006875
6363 6 0.101266
6364 6 0.001222
6365 6 0.005896
6366 6 0.020688
6367 6 0.012991
6368 6 0.017950
6369 6 0.012352
6370 6 0.001221
6371 6 0.024265
6372 6 0.007755
6373 6 0.004736
6374 6 0.002187
6375 6 0.001211
6376 6 0.001471
6377 6 0.003798
6378 6 0.024989
6379 6 0.000776
6380 6 0.029824
6381 6 0.019757
6382 6 0.008353
6383 6 0.003805
6384 6 0.023704
6385 6 0.002901
6386 6 0.000781
6387 6 0.062265
6388 6 0.013894
6389 6 0.000780
6390 6 0.002212
6391 6 0.016104
6392 6 0.002208
6393 6 0.002154
6394 6 0.002202
6395 6 0.049745
6396 6 0.002196
6397 6 0.044608
6398 6 0.002189
6399 6 0.005333
6400 6 0.027269
6401 6 0.002183
6402 6 0.023780
6403 6 0.002469
6404 6 0.034174
6405 6 0.018775
6406 6 0.011935
6407 6 0.031728
6408 6 0.068978
6409 6 0.002179
6410 6 0.026005
6411 6 0.024909
6412 6 0.000776
6413 6 0.019424
6414 6 0.002178
6415 6 0.009273
6416 6 0.002175
6417 6 0.000777
6418 6 0.002477
6419 6 0.036110
6420 6 0.001197
6421 6 0.002167
6422 6 0.016315
6423 6 0.002886
6424 6 0.024960
6425 6 0.010562
6426 6 0.003596
6427 6 0.028438
6428 6 0.009024
6429 6 0.009003
6430 6 0.063903
6431 6 0.005361
6432 6 0.001833
6433 6 0.005816
6434 6 0.013345
6435 6 0.077998
6436 6 0.013667
6437 6 0.000792
6438 6 0.015237
6439 6 0.051008
6440 6 0.001641
6441 6 0.007827
6442 6 0.002186
6443 6 0.031348
6444 6 0.039332
6445 6 0.002180
6446 6 0.002175
6447 6 0.005277
6448 6 0.013705
6449 6 0.001217
6450 6 0.003236
6451 6 0.003895
6452 6 0.002160
6453 6 0.002157
6454 6 0.084786
6455 6 0.081963
6456 6 0.002142
6457 6 0.011329
6458 6 0.002133
6459 6 0.025369
6460 6 0.025058
6461 6 0.030170
6462 6 0.002113
6463 6 0.002107
6464 6 0.011335
6465 6 0.001222
6466 6 0.021353
6467 6 0.027203
6468 6 0.021557
6469 6 0.005338
6470 6 0.004974
6471 6 0.031620
6472 6 0.000765
6473 6 0.012056
6474 6 0.052284
6475 6 0.057994
6476 6 0.023704
6477 6 0.002073
6478 6 0.035637
6479 6 0.001643
6480 6 0.004835
6481 6 0.000755
6482 6 0.025127
6483 6 0.002074
6484 6 0.015291
6485 6 0.002070
6486 6 0.002067
6487 6 0.030414
6488 6 0.009729
6489 6 0.022981
6490 6 0.007118
6491 6 0.057969
6492 6 0.041891
6493 6 0.004172
6494 6 0.005795
6495 6 0.002073
6496 6 0.011694
6497 6 0.002079
6498 6 0.000764
6499 6 0.015323
6500 6 0.013310
6501 6 0.002081
6502 6 0.011228
6503 6 0.026925
6504 6 0.002078
6505 6 0.018000
6506 6 0.001222
6507 6 0.066706
6508 6 0.011463
6509 6 0.002069
6510 6 0.011608
6511 6 0.003970
6512 6 0.002892
6513 6 0.002067
6514 6 0.034386
6515 6 0.002065
6516 6 0.019130
6517 6 0.021145
6518 6 0.002898
6519 6 0.012067
6520 6 0.018830
6521 6 0.002053
6522 6 0.002898
6523 6 0.000765
6524 6 0.008094
6525 6 0.000765
6526 6 0.011776
6527 6 0.002625
6528 6 0.004686
6529 6 0.002062
6530 6 0.027285
6531 6 0.082357
6532 6 0.002068
6533 6 0.005237
6534 6 0.011221
6535 6 0.013501
6536 6 0.029899
6537 6 0.014219
6538 6 0.026165
6539 6 0.005790
6540 6 0.009034
6541 6 0.083452
6542 6 0.006880
6543 6 0.001236
6544 6 0.031361
6545 6 0.021778
6546 6 0.014052
6547 6 0.009859
6548 6 0.000794
6549 6 0.010547
6550 6 0.002095
6551 6 0.005603
6552 6 0.026759
6553 6 0.001230
6554 6 0.016940
6555 6 0.006826
6556 6 0.002098
6557 6 0.059859
6558 6 0.059941
6559 6 0.014302
6560 6 0.004725
6561 6 0.002099
6562 6 0.002936
6563 6 0.002100
6564 6 0.045359
6565 6 0.014908
6566 6 0.000791
6567 6 0.002402
6568 6 0.000792
6569 6 0.002101
6570 6 0.005534
6571 6 0.042111
6572 6 0.004804
6573 6 0.026075
6574 6 0.004105
6575 6 0.002102
6576 6 0.089239
6577 6 0.002100
6578 6 0.010321
6579 6 0.002867
6580 6 0.000796
6581 6 0.001669
6582 6 0.000796
6583 6 0.043496
6584 6 0.002094
6585 6 0.002091
6586 6 0.011729
6587 6 0.002084
6588 6 0.026147
6589 6 0.051773
6590 6 0.068912
6591 6 0.014822
6592 6 0.002063
6593 6 0.005860
6594 6 0.002054
6595 6 0.005299
6596 6 0.041816
6597 6 0.005041
6598 6 0.002046
6599 6 0.002937
6600 6 0.001270
6601 6 0.003044
6602 6 0.000566
6603 6 0.003188
6604 6 0.004531
6605 6 0.024837
6606 6 0.035170
6607 6 0.008260
6608 6 0.002042
6609 6 0.002041
6610 6 0.000790
6611 6 0.002037
6612 6 0.002034
6613 6 0.002029
6614 6 0.011651
6615 6 0.007508
6616 6 0.000785
6617 6 0.004147
6618 6 0.021184
6619 6 0.035916
6620 6 0.004662
6621 6 0.002000
6622 6 0.004861
6623 6 0.003501
6624 6 0.027183
6625 6 0.007799
6626 6 0.011436
6627 6 0.009354
6628 6 0.005120
6629 6 0.001977
6630 6 0.150161
6631 6 0.000773
6632 6 0.018614
6633 6 0.035996
6634 6 0.001964
6635 6 0.011268
6636 6 0.004764
6637 6 0.003204
6638 6 0.030528
6639 6 0.004005
6640 6 0.010093
6641 6 0.000754
6642 6 0.002916
6643 6 0.004696
6644 6 0.005650
6645 6 0.001952
6646 6 0.036599
6647 6 0.052615
6648 6 0.001272
6649 6 0.001270
6650 6 0.000746
6651 6 0.001945
6652 6 0.000511
6653 6 0.001940
6654 6 0.029804
6655 6 0.006666
6656 6 0.000738
6657 6 0.002980
6658 6 0.021239
6659 6 0.010786
6660 6 0.000741
6661 6 0.043278
6662 6 0.009420
6663 6 0.008310
6664 6 0.055810
6665 6 0.048087
6666 6 0.008355
6667 6 0.009490
6668 6 0.000752
6669 6 0.015078
6670 6 0.007495
6671 6 0.047250
6672 6 0.010387
6673 6 0.025805
6674 6 0.039216
6675 6 0.055254
6676 6 0.000763
6677 6 0.014966
6678 6 0.002004
6679 6 0.010393
6680 6 0.000766
6681 6 0.056444
6682 6 0.021702
6683 6 0.034937
6684 6 0.002022
6685 6 0.002024
6686 6 0.002023
6687 6 0.034311
6688 6 0.010137
6689 6 0.049080
6690 6 0.163387
6691 6 0.060988
6692 6 0.074994
6693 6 0.045699
6694 6 0.010611
6695 6 0.000784
6696 6 0.000786
6697 6 0.006444
6698 6 0.002040
6699 6 0.000791
6700 6 0.019647
6701 6 0.000795
6702 6 0.000796
6703 6 0.002051
6704 6 0.047991
6705 6 0.002050
6706 6 0.002930
6707 6 0.000795
6708 6 0.034065
6709 6 0.002123
6710 6 0.004403
6711 6 0.002050
6712 6 0.014927
6713 6 0.005879
6714 6 0.065343
6715 6 0.015953
6716 6 0.003528
6717 6 0.005295
6718 6 0.005739
6719 6 0.002932
6720 6 0.021615
6721 6 0.002053
6722 6 0.004856
6723 6 0.001271
6724 6 0.001800
6725 6 0.000794
6726 6 0.025893
6727 6 0.004879
6728 6 0.000790
6729 6 0.019086
6730 6 0.006542
6731 6 0.005081
6732 6 0.002023
6733 6 0.064847
6734 6 0.004089
6735 6 0.014578
6736 6 0.040645
6737 6 0.002010
6738 6 0.003995
6739 6 0.005002
6740 6 0.001284
6741 6 0.002586
6742 6 0.020806
6743 6 0.051493
6744 6 0.002007
6745 6 0.006921
6746 6 0.002011
6747 6 0.037151
6748 6 0.002013
6749 6 0.005379
6750 6 0.000794
6751 6 0.005381
6752 6 0.001548
6753 6 0.007152
6754 6 0.009677
6755 6 0.006018
6756 6 0.089621
6757 6 0.031643
6758 6 0.011354
6759 6 0.004239
6760 6 0.057129
6761 6 0.013694
6762 6 0.002045
6763 6 0.012364
6764 6 0.006575
6765 6 0.038841
6766 6 0.008175
6767 6 0.034388
6768 6 0.002065
6769 6 0.011594
6770 6 0.009598
6771 6 0.005493
6772 6 0.013265
6773 6 0.003822
6774 6 0.027836
6775 6 0.003969
6776 6 0.001330
6777 6 0.025544
6778 6 0.000837
6779 6 0.001522
6780 6 0.003409
6781 6 0.002596
6782 6 0.053638
6783 6 0.056938
6784 6 0.001512
6785 6 0.004452
6786 6 0.005298
6787 6 0.033742
6788 6 0.000826
6789 6 0.000825
6790 6 0.010292
6791 6 0.001410
6792 6 0.003611
6793 6 0.004283
6794 6 0.000821
6795 6 0.001479
6796 6 0.000818
6797 6 0.002078
6798 6 0.115650
6799 6 0.016630
6800 6 0.024561
6801 6 0.018007
6802 6 0.000813
6803 6 0.002078
6804 6 0.002076
6805 6 0.000809
6806 6 0.008666
6807 6 0.002971
6808 6 0.040126
6809 6 0.020877
6810 6 0.000806
6811 6 0.000804
6812 6 0.006881
6813 6 0.015186
6814 6 0.005764
6815 6 0.006925
6816 6 0.139996
6817 6 0.012602
6818 6 0.002069
6819 6 0.001292
6820 6 0.000542
6821 6 0.003787
6822 6 0.000806
6823 6 0.016700
6824 6 0.006045
6825 6 0.004170
6826 6 0.005373
6827 6 0.002084
6828 6 0.003072
6829 6 0.007606
6830 6 0.039677
6831 6 0.002957
6832 6 0.006911
6833 6 0.007108
6834 6 0.046929
6835 6 0.002088
6836 6 0.005365
6837 6 0.034535
6838 6 0.018380
6839 6 0.041109
6840 6 0.001308
6841 6 0.001307
6842 6 0.002088
6843 6 0.033770
6844 6 0.042756
6845 6 0.029987
6846 6 0.008185
6847 6 0.048768
6848 6 0.000812
6849 6 0.000809
6850 6 0.015741
6851 6 0.002072
6852 6 0.048991
6853 6 0.001285
6854 6 0.009965
6855 6 0.027790
6856 6 0.004185
6857 6 0.011193
6858 6 0.002060
6859 6 0.004537
6860 6 0.005382
6861 6 0.000778
6862 6 0.003416
6863 6 0.006904
6864 6 0.000769
6865 6 0.002140
6866 6 0.016772
6867 6 0.111722
6868 6 0.012113
6869 6 0.002038
6870 6 0.027027
6871 6 0.015201
6872 6 0.002034
6873 6 0.040857
6874 6 0.028133
6875 6 0.001249
6876 6 0.001190
6877 6 0.004048
6878 6 0.006326
6879 6 0.004614
6880 6 0.003417
6881 6 0.001244
6882 6 0.004399
6883 6 0.004948
6884 6 0.027119
6885 6 0.000761
6886 6 0.004800
6887 6 0.001657
6888 6 0.007139
6889 6 0.004893
6890 6 0.002047
6891 6 0.020062
6892 6 0.028543
6893 6 0.002911
6894 6 0.003398
6895 6 0.000759
6896 6 0.027456
6897 6 0.094647
6898 6 0.000759
6899 6 0.012881
6900 6 0.000760
6901 6 0.010084
6902 6 0.000759
6903 6 0.012454
6904 6 0.004306
6905 6 0.019839
6906 6 0.001222
6907 6 0.011228
6908 6 0.001220
6909 6 0.002064
6910 6 0.002599
6911 6 0.023417
6912 6 0.115475
6913 6 0.002074
6914 6 0.089475
6915 6 0.000760
6916 6 0.030331
6917 6 0.000764
6918 6 0.018946
6919 6 0.038040
6920 6 0.052798
6921 6 0.053305
6922 6 0.001649
6923 6 0.036940
6924 6 0.031548
6925 6 0.008115
6926 6 0.040261
6927 6 0.008730
6928 6 0.018325
6929 6 0.000775
6930 6 0.004691
6931 6 0.015218
6932 6 0.047239
6933 6 0.000768
6934 6 0.001190
6935 6 0.009496
6936 6 0.005668
6937 6 0.005330
6938 6 0.000759
6939 6 0.001577
6940 6 0.002120
6941 6 0.002413
6942 6 0.001170
6943 6 0.001448
6944 6 0.000745
6945 6 0.072754
6946 6 0.000741
6947 6 0.008760
6948 6 0.000738
6949 6 0.058361
6950 6 0.026506
6951 6 0.008096
6952 6 0.000738
6953 6 0.003704
6954 6 0.035510
6955 6 0.004498
6956 6 0.002163
6957 6 0.003557
6958 6 0.002143
6959 6 0.002144
6960 6 0.085321
6961 6 0.002146
6962 6 0.002146
6963 6 0.008077
6964 6 0.004173
6965 6 0.026748
6966 6 0.002147
6967 6 0.002145
6968 6 0.000765
6969 6 0.011585
6970 6 0.001788
6971 6 0.002131
6972 6 0.014771
6973 6 0.003645
6974 6 0.010821
6975 6 0.028154
6976 6 0.076798
6977 6 0.007263
6978 6 0.003439
6979 6 0.004446
6980 6 0.024684
6981 6 0.002107
6982 6 0.023077
6983 6 0.016706
6984 6 0.030165
6985 6 0.029186
6986 6 0.000761
6987 6 0.002082
6988 6 0.002076
6989 6 0.002903
6990 6 0.002065
6991 6 0.027726
6992 6 0.009480
6993 6 0.032277
6994 6 0.001361
6995 6 0.000756
6996 6 0.055573
6997 6 0.005310
6998 6 0.077129
6999 6 0.015626
7000 6 0.002072
7001 6 0.000769
7002 6 0.002910
7003 6 0.008156
7004 6 0.000776
7005 6 0.038430
7006 6 0.023260
7007 6 0.006592
7008 6 0.007374
7009 6 0.004550
7010 6 0.004122
7011 6 0.013370
7012 6 0.002124
7013 6 0.003392
7014 6 0.002881
7015 6 0.002708
7016 6 0.060687
7017 6 0.000799
7018 6 0.000800
7019 6 0.013119
7020 6 0.019295
7021 6 0.002684
7022 6 0.002138
7023 6 0.032620
7024 6 0.036728
7025 6 0.002875
7026 6 0.021046
7027 6 0.005566
7028 6 0.005812
7029 6 0.019947
7030 6 0.001213
7031 6 0.048012
7032 6 0.001207
7033 6 0.005587
7034 6 0.000777
7035 6 0.000775
7036 6 0.002121
7037 6 0.029489
7038 6 0.005218
7039 6 0.002528
7040 6 0.028865
7041 6 0.002132
7042 6 0.002132
7043 6 0.047982
7044 6 0.002827
7045 6 0.012927
7046 6 0.016920
7047 6 0.002131
7048 6 0.000769
7049 6 0.004538
7050 6 0.002129
7051 6 0.020525
7052 6 0.020374
7053 6 0.014067
7054 6 0.005305
7055 6 0.012283
7056 6 0.001171
7057 6 0.001580
7058 6 0.000761
7059 6 0.036394
7060 6 0.001166
7061 6 0.011358
7062 6 0.001162
7063 6 0.008656
7064 6 0.001157
7065 6 0.000754
7066 6 0.002131
7067 6 0.002131
7068 6 0.090390
7069 6 0.004059
7070 6 0.002137
7071 6 0.003817
7072 6 0.005120
7073 6 0.005690
7074 6 0.006610
7075 6 0.052284
7076 6 0.019523
7077 6 0.016244
7078 6 0.004371
7079 6 0.001150
7080 6 0.002143
7081 6 0.001148
7082 6 0.024071
7083 6 0.003222
7084 6 0.000761
7085 6 0.002148
7086 6 0.024744
7087 6 0.060601
7088 6 0.000763
7089 6 0.029457
7090 6 0.002149
7091 6 0.016131
7092 6 0.014954
7093 6 0.030464
7094 6 0.016395
7095 6 0.000759
7096 6 0.074578
7097 6 0.037944
7098 6 0.009256
7099 6 0.002798
7100 6 0.033333
7101 6 0.000760
7102 6 0.002795
7103 6 0.051577
7104 6 0.031154
7105 6 0.002787
7106 6 0.000772
7107 6 0.002178
7108 6 0.025148
7109 6 0.005154
7110 6 0.002190
7111 6 0.005004
7112 6 0.000783
7113 6 0.015383
7114 6 0.047111
7115 6 0.046748
7116 6 0.000786
7117 6 0.002199
7118 6 0.007365
7119 6 0.002196
7120 6 0.008173
7121 6 0.005701
7122 6 0.001149
7123 6 0.012928
7124 6 0.005681
7125 6 0.003513
7126 6 0.009883
7127 6 0.004436
7128 6 0.024634
7129 6 0.000783
7130 6 0.002184
7131 6 0.004290
7132 6 0.002468
7133 6 0.001829
7134 6 0.170557
7135 6 0.018264
7136 6 0.002190
7137 6 0.015840
7138 6 0.002190
7139 6 0.010335
7140 6 0.000792
7141 6 0.001450
7142 6 0.002178
7143 6 0.040283
7144 6 0.014045
7145 6 0.045554
7146 6 0.001166
7147 6 0.002804
7148 6 0.000778
7149 6 0.002157
7150 6 0.012057
7151 6 0.030333
7152 6 0.002737
7153 6 0.000774
7154 6 0.002151
7155 6 0.029405
7156 6 0.008844
7157 6 0.000772
7158 6 0.004438
7159 6 0.002141
7160 6 0.081028
7161 6 0.043548
7162 6 0.069897
7163 6 0.018041
7164 6 0.013042
7165 6 0.003608
7166 6 0.013068
7167 6 0.012225
7168 6 0.004315
7169 6 0.002125
7170 6 0.002122
7171 6 0.025877
7172 6 0.074573
7173 6 0.012429
7174 6 0.032113
7175 6 0.011011
7176 6 0.016442
7177 6 0.002107
7178 6 0.004716
7179 6 0.013486
7180 6 0.007062
7181 6 0.002831
7182 6 0.002847
7183 6 0.002103
7184 6 0.001750
7185 6 0.021346
7186 6 0.022143
7187 6 0.002103
7188 6 0.001184
7189 6 0.001185
7190 6 0.000768
7191 6 0.000768
7192 6 0.002107
7193 6 0.007362
7194 6 0.004690
7195 6 0.002106
7196 6 0.012146
7197 6 0.027059
7198 6 0.002101
7199 6 0.000767
7200 7 0.083134
7201 7 0.055711
7202 7 0.027776
7203 7 0.002093
7204 7 0.001207
7205 7 0.011389
7206 7 0.004781
7207 7 0.015235
7208 7 0.018818
7209 7 0.000782
7210 7 0.004366
7211 7 0.024338
7212 7 0.008986
7213 7 0.030168
7214 7 0.002118
7215 7 0.001220
7216 7 0.001760
7217 7 0.000791
7218 7 0.002117
7219 7 0.019071
7220 7 0.000788
7221 7 0.017993
7222 7 0.011025
7223 7 0.002111
7224 7 0.026328
7225 7 0.024263
7226 7 0.005294
7227 7 0.000786
7228 7 0.001225
7229 7 0.004748
7230 7 0.002427
7231 7 0.006246
7232 7 0.002900
7233 7 0.037018
7234 7 0.000786
7235 7 0.000786
7236 7 0.008132
7237 7 0.002950
7238 7 0.010963
7239 7 0.002132
7240 7 0.005871
7241 7 0.007575
7242 7 0.002134
7243 7 0.037769
7244 7 0.001707
7245 7 0.006932
7246 7 0.029754
7247 7 0.012943
7248 7 0.002905
7249 7 0.002114
7250 7 0.066135
7251 7 0.000787
7252 7 0.001233
7253 7 0.001234
7254 7 0.001234
7255 7 0.000784
7256 7 0.010737
7257 7 0.001230
7258 7 0.000781
7259 7 0.007694
7260 7 0.061128
7261 7 0.004246
7262 7 0.025325
7263 7 0.019110
7264 7 0.046235
7265 7 0.004657
7266 7 0.026004
7267 7 0.027541
7268 7 0.005978
7269 7 0.000779
7270 7 0.043770
7271 7 0.005930
7272 7 0.021540
7273 7 0.008188
7274 7 0.014623
7275 7 0.004335
7276 7 0.046365
7277 7 0.012746
7278 7 0.002862
7279 7 0.002161
7280 7 0.004839
7281 7 0.027354
7282 7 0.002167
7283 7 0.043131
7284 7 0.052582
7285 7 0.002164
7286 7 0.033638
7287 7 0.002834
7288 7 0.002160
7289 7 0.002158
7290 7 0.011799
7291 7 0.012360
7292 7 0.023897
7293 7 0.040891
7294 7 0.002833
7295 7 0.003227
7296 7 0.021456
7297 7 0.003957
7298 7 0.031683
7299 7 0.002134
7300 7 0.028046
7301 7 0.002802
7302 7 0.008013
7303 7 0.002132
7304 7 0.004918
7305 7 0.000471
7306 7 0.027718
7307 7 0.000775
7308 7 0.003988
7309 7 0.002125
7310 7 0.042807
7311 7 0.002748
7312 7 0.000776
7313 7 0.002117
7314 7 0.013043
7315 7 0.001588
7316 7 0.002107
7317 7 0.016482
7318 7 0.062139
7319 7 0.002097
7320 7 0.012832
7321 7 0.009097
7322 7 0.037015
7323 7 0.005303
7324 7 0.013810
7325 7 0.014341
7326 7 0.032936
7327 7 0.099091
7328 7 0.037177
7329 7 0.031281
7330 7 0.018939
7331 7 0.006579
7332 7 0.082754
7333 7 0.001215
7334 7 0.019176
7335 7 0.015995
7336 7 0.002093
7337 7 0.002093
7338 7 0.016041
7339 7 0.002091
7340 7 0.004004
7341 7 0.002087
7342 7 0.004220
7343 7 0.000775
7344 7 0.000774
7345 7 0.029679
7346 7 0.001223
7347 7 0.003351
7348 7 0.010515
7349 7 0.006840
7350 7 0.002057
7351 7 0.025595
7352 7 0.001232
7353 7 0.003384
7354 7 0.006791
7355 7 0.080350
7356 7 0.001234
7357 7 0.021379
7358 7 0.017788
7359 7 0.004642
7360 7 0.012619
7361 7 0.002045
7362 7 0.010304
7363 7 0.000759
7364 7 0.003717
7365 7 0.004886
7366 7 0.002272
7367 7 0.004598
7368 7 0.068083
7369 7 0.000750
7370 7 0.002032
7371 7 0.011611
7372 7 0.004761
7373 7 0.006728
7374 7 0.002825
7375 7 0.053017
7376 7 0.006336
7377 7 0.003609
7378 7 0.002786
7379 7 0.002050
7380 7 0.028244
7381 7 0.003247
7382 7 0.041559
7383 7 0.001228
7384 7 0.053074
7385 7 0.000763
7386 7 0.010939
7387 7 0.000762
7388 7 0.003279
7389 7 0.002056
7390 7 0.000759
7391 7 0.002823
7392 7 0.004834
7393 7 0.002048
7394 7 0.002861
7395 7 0.067637
7396 7 0.021621
7397 7 0.066915
7398 7 0.002038
7399 7 0.008294
7400 7 0.015076
7401 7 0.015262
7402 7 0.005419
7403 7 0.010569
7404 7 0.022766
7405 7 0.002029
7406 7 0.002026
7407 7 0.002022
7408 7 0.032592
7409 7 0.038186
7410 7 0.021597
7411 7 0.016726
7412 7 0.001245
7413 7 0.049189
7414 7 0.001243
7415 7 0.016142
7416 7 0.012840
7417 7 0.007473
7418 7 0.001966
7419 7 0.010146
7420 7 0.000717
7421 7 0.010004
7422 7 0.025993
7423 7 0.000710
7424 7 0.001536
7425 7 0.064683
7426 7 0.001229
7427 7 0.002995
7428 7 0.018279
7429 7 0.032776
7430 7 0.032305
7431 7 0.047930
7432 7 0.048404
7433 7 0.012801
7434 7 0.001959
7435 7 0.037957
7436 7 0.011513
7437 7 0.001968
7438 7 0.005471
7439 7 0.000715
7440 7 0.010551
7441 7 0.032022
7442 7 0.000724
7443 7 0.004419
7444 7 0.011623
7445 7 0.019334
7446 7 0.088117
7447 7 0.013489
7448 7 0.011978
7449 7 0.023216
7450 7 0.000556
7451 7 0.002018
7452 7 0.049732
7453 7 0.009188
7454 7 0.005304
7455 7 0.000744
7456 7 0.003585
7457 7 0.002014
7458 7 0.004399
7459 7 0.032525
7460 7 0.006188
7461 7 0.015079
7462 7 0.008884
7463 7 0.027113
7464 7 0.006372
7465 7 0.008435
7466 7 0.007039
7467 7 0.004655
7468 7 0.002013
7469 7 0.003005
7470 7 0.002010
7471 7 0.068043
7472 7 0.002005
7473 7 0.002963
7474 7 0.010670
7475 7 0.013437
7476 7 0.028294
7477 7 0.000741
7478 7 0.006078
7479 7 0.009593
7480 7 0.002964
7481 7 0.002962
7482 7 0.008212
7483 7 0.003994
7484 7 0.002010
7485 7 0.002011
7486 7 0.003251
7487 7 0.001233
7488 7 0.002004
7489 7 0.000745
7490 7 0.013019
7491 7 0.010790
7492 7 0.000744
7493 7 0.003092
7494 7 0.004032
7495 7 0.002945
7496 7 0.001238
7497 7 0.015709
7498 7 0.053244
7499 7 0.011557
7500 7 0.000755
7501 7 0.003249
7502 7 0.002017
7503 7 0.001774
7504 7 0.032827
7505 7 0.072023
7506 7 0.015334
7507 7 0.004501
7508 7 0.026251
7509 7 0.024139
7510 7 0.001645
7511 7 0.101357
7512 7 0.002016
7513 7 0.036161
7514 7 0.057165
7515 7 0.002007
7516 7 0.031275
7517 7 0.013858
7518 7 0.000786
7519 7 0.010222
7520 7 0.073959
7521 7 0.025352
7522 7 0.016681
7523 7 0.046181
7524 7 0.001972
7525 7 0.000782
7526 7 0.009426
7527 7 0.021030
7528 7 0.009869
7529 7 0.003104
7530 7 0.004504
7531 7 0.006464
7532 7 0.018853
7533 7 0.012368
7534 7 0.000762
7535 7 0.002962
7536 7 0.005421
7537 7 0.015438
7538 7 0.021922
7539 7 0.012507
7540 7 0.006726
7541 7 0.029652
7542 7 0.005551
7543 7 0.001941
7544 7 0.004067
7545 7 0.003878
7546 7 0.005534
7547 7 0.004752
7548 7 0.002577
7549 7 0.018308
7550 7 0.001952
7551 7 0.004625
7552 7 0.000748
7553 7 0.004795
7554 7 0.001957
7555 7 0.022241
7556 7 0.032679
7557 7 0.033492
7558 7 0.000751
7559 7 0.027401
7560 7 0.000753
7561 7 0.001969
7562 7 0.001969
7563 7 0.026348
7564 7 0.001968
7565 7 0.014275
7566 7 0.003018
7567 7 0.004111
7568 7 0.004475
7569 7 0.069420
7570 7 0.013842
7571 7 0.020771
7572 7 0.000767
7573 7 0.001989
7574 7 0.001990
7575 7 0.021144
7576 7 0.000771
7577 7 0.001990
7578 7 0.000771
7579 7 0.001986
7580 7 0.001295
7581 7 0.000768
7582 7 0.018816
7583 7 0.002661
7584 7 0.063421
7585 7 0.001983
7586 7 0.058129
7587 7 0.057177
7588 7 0.001982
7589 7 0.036679
7590 7 0.069111
7591 7 0.008515
7592 7 0.001975
7593 7 0.001973
7594 7 0.019360
7595 7 0.023313
7596 7 0.001309
7597 7 0.000764
7598 7 0.002776
7599 7 0.002955
7600 7 0.006635
7601 7 0.025629
7602 7 0.001948
7603 7 0.008435
7604 7 0.064772
7605 7 0.025645
7606 7 0.004113
7607 7 0.011734
7608 7 0.005497
7609 7 0.000746
7610 7 0.004867
7611 7 0.001942
7612 7 0.049072
7613 7 0.081003
7614 7 0.055951
7615 7 0.001933
7616 7 0.019381
7617 7 0.001920
7618 7 0.000725
7619 7 0.015212
7620 7 0.002999
7621 7 0.041398
7622 7 0.000717
7623 7 0.003016
7624 7 0.034522
7625 7 0.001892
7626 7 0.012522
7627 7 0.001890
7628 7 0.000713
7629 7 0.003834
7630 7 0.010661
7631 7 0.031081
7632 7 0.000711
7633 7 0.037547
7634 7 0.010179
7635 7 0.003021
7636 7 0.051298
7637 7 0.001882
7638 7 0.004789
7639 7 0.004045
7640 7 0.004079
7641 7 0.006134
7642 7 0.004163
7643 7 0.041171
7644 7 0.005739
7645 7 0.001888
7646 7 0.000707
7647 7 0.014700
7648 7 0.004496
7649 7 0.049479
7650 7 0.115542
7651 7 0.000700
7652 7 0.000699
7653 7 0.011678
7654 7 0.003277
7655 7 0.034467
7656 7 0.006718
7657 7 0.003986
7658 7 0.001886
7659 7 0.007727
7660 7 0.001885
7661 7 0.004384
7662 7 0.046756
7663 7 0.011894
7664 7 0.018164
7665 7 0.001885
7666 7 0.003433
7667 7 0.039640
7668 7 0.000700
7669 7 0.001881
7670 7 0.004023
7671 7 0.006747
7672 7 0.039447
7673 7 0.007160
7674 7 0.001256
7675 7 0.001865
7676 7 0.001862
7677 7 0.016665
7678 7 0.007093
7679 7 0.007833
7680 7 0.000686
7681 7 0.003828
7682 7 0.000682
7683 7 0.018223
7684 7 0.007673
7685 7 0.075272
7686 7 0.003296
7687 7 0.000674
7688 7 0.054910
7689 7 0.000671
7690 7 0.011751
7691 7 0.001249
7692 7 0.083867
7693 7 0.001841
7694 7 0.000670
7695 7 0.022327
7696 7 0.000670
7697 7 0.000669
7698 7 0.011744
7699 7 0.001843
7700 7 0.031220
7701 7 0.028030
7702 7 0.010916
7703 7 0.001249
7704 7 0.000676
7705 7 0.002710
7706 7 0.042646
7707 7 0.000677
7708 7 0.000677
7709 7 0.009864
7710 7 0.004368
7711 7 0.029633
7712 7 0.016006
7713 7 0.011506
7714 7 0.043743
7715 7 0.000682
7716 7 0.014803
7717 7 0.056436
7718 7 0.017898
7719 7 0.006046
7720 7 0.002977
7721 7 0.004724
7722 7 0.025634
7723 7 0.013940
7724 7 0.003807
7725 7 0.001238
7726 7 0.000677
7727 7 0.002705
7728 7 0.001233
7729 7 0.004643
7730 7 0.001898
7731 7 0.020431
7732 7 0.007319
7733 7 0.033053
7734 7 0.019407
7735 7 0.002986
7736 7 0.001225
7737 7 0.001522
7738 7 0.010874
7739 7 0.004202
7740 7 0.151293
7741 7 0.004238
7742 7 0.001923
7743 7 0.001923
7744 7 0.029105
7745 7 0.001224
7746 7 0.010346
7747 7 0.001920
7748 7 0.016696
7749 7 0.028742
7750 7 0.001227
7751 7 0.093416
7752 7 0.052695
7753 7 0.011687
7754 7 0.065539
7755 7 0.042116
7756 7 0.020903
7757 7 0.030894
7758 7 0.000671
7759 7 0.023204
7760 7 0.042121
7761 7 0.000661
7762 7 0.016001
7763 7 0.069120
7764 7 0.000652
7765 7 0.001869
7766 7 0.077559
7767 7 0.001864
7768 7 0.000643
7769 7 0.001857
7770 7 0.034061
7771 7 0.000639
7772 7 0.000639
7773 7 0.057352
7774 7 0.001853
7775 7 0.070611
7776 7 0.004114
7777 7 0.001216
7778 7 0.003565
7779 7 0.016445
7780 7 0.030320
7781 7 0.006601
7782 7 0.001184
7783 7 0.001216
7784 7 0.001215
7785 7 0.003102
7786 7 0.023125
7787 7 0.038501
7788 7 0.031628
7789 7 0.000655
7790 7 0.085199
7791 7 0.014527
7792 7 0.035975
7793 7 0.004718
7794 7 0.001200
7795 7 0.003832
7796 7 0.007552
7797 7 0.005071
7798 7 0.012726
7799 7 0.008792
7800 7 0.076612
7801 7 0.004775
7802 7 0.002997
7803 7 0.002511
7804 7 0.001886
7805 7 0.006115
7806 7 0.001189
7807 7 0.043306
7808 7 0.005535
7809 7 0.001186
7810 7 0.012300
7811 7 0.006446
7812 7 0.001894
7813 7 0.120558
7814 7 0.004126
7815 7 0.000644
7816 7 0.015300
7817 7 0.001176
7818 7 0.000649
7819 7 0.001174
7820 7 0.001172
7821 7 0.049536
7822 7 0.001935
7823 7 0.051510
7824 7 0.019768
7825 7 0.019410
7826 7 0.038873
7827 7 0.006763
7828 7 0.046010
7829 7 0.019146
7830 7 0.059641
7831 7 0.023899
7832 7 0.034015
7833 7 0.001137
7834 7 0.051819
7835 7 0.015117
7836 7 0.008840
7837 7 0.004043
7838 7 0.000648
7839 7 0.002747
7840 7 0.017254
7841 7 0.048217
7842 7 0.008334
7843 7 0.004151
7844 7 0.021483
7845 7 0.001995
7846 7 0.005566
7847 7 0.002823
7848 7 0.025152
7849 7 0.123663
7850 7 0.000661
7851 7 0.010853
7852 7 0.004808
7853 7 0.035476
7854 7 0.008070
7855 7 0.013459
7856 7 0.003932
7857 7 0.002313
7858 7 0.002050
7859 7 0.000686
7860 7 0.002056
7861 7 0.004042
7862 7 0.001407
7863 7 0.000691
7864 7 0.000692
7865 7 0.001250
7866 7 0.007376
7867 7 0.002059
7868 7 0.014201
7869 7 0.029182
7870 7 0.000687
7871 7 0.000687
7872 7 0.001109
7873 7 0.115695
7874 7 0.002807
7875 7 0.002052
7876 7 0.002051
7877 7 0.003823
7878 7 0.029779
7879 7 0.012567
7880 7 0.012619
7881 7 0.024027
7882 7 0.003786
7883 7 0.008324
7884 7 0.000678
7885 7 0.002779
7886 7 0.014152
7887 7 0.005931
7888 7 0.073120
7889 7 0.002030
7890 7 0.023388
7891 7 0.022065
7892 7 0.008300
7893 7 0.003459
7894 7 0.037777
7895 7 0.003103
7896 7 0.002825
7897 7 0.031120
7898 7 0.005302
7899 7 0.000670
7900 7 0.002034
7901 7 0.002036
7902 7 0.005419
7903 7 0.003438
7904 7 0.030122
7905 7 0.037981
7906 7 0.027698
7907 7 0.045396
7908 7 0.000673
7909 7 0.023762
7910 7 0.035252
7911 7 0.017837
7912 7 0.000670
7913 7 0.000668
7914 7 0.033042
7915 7 0.014025
7916 7 0.007373
7917 7 0.003338
7918 7 0.000659
7919 7 0.000656
7920 7 0.002025
7921 7 0.044286
7922 7 0.019202
7923 7 0.003873
7924 7 0.002017
7925 7 0.002015
7926 7 0.008321
7927 7 0.016845
7928 7 0.005173
7929 7 0.039093
7930 7 0.007248
7931 7 0.002012
7932 7 0.001087
7933 7 0.018431
7934 7 0.004388
7935 7 0.002155
7936 7 0.002012
7937 7 0.002806
7938 7 0.002012
7939 7 0.002011
7940 7 0.005464
7941 7 0.004870
7942 7 0.049697
7943 7 0.004859
7944 7 0.003208
7945 7 0.004773
7946 7 0.031614
7947 7 0.002007
7948 7 0.012812
7949 7 0.014399
7950 7 0.041173
7951 7 0.022239
7952 7 0.015914
7953 7 0.003941
7954 7 0.004087
7955 7 0.006762
7956 7 0.035331
7957 7 0.004207
7958 7 0.004317
7959 7 0.003643
7960 7 0.000659
7961 7 0.006147
7962 7 0.002007
7963 7 0.003585
7964 7 0.002005
7965 7 0.034706
7966 7 0.000652
7967 7 0.009964
7968 7 0.001082
7969 7 0.000648
7970 7 0.017866
7971 7 0.000645
7972 7 0.001992
7973 7 0.004890
7974 7 0.016893
7975 7 0.000639
7976 7 0.043832
7977 7 0.012881
7978 7 0.002992
7979 7 0.001986
7980 7 0.001984
7981 7 0.000631
7982 7 0.010038
7983 7 0.002809
7984 7 0.043611
7985 7 0.010315
7986 7 0.002812
7987 7 0.037446
7988 7 0.002809
7989 7 0.014419
7990 7 0.000468
7991 7 0.010362
7992 7 0.000631
7993 7 0.001990
7994 7 0.005809
7995 7 0.008297
7996 7 0.013731
7997 7 0.005473
7998 7 0.020757
7999 7 0.010172
8000 7 0.001062
8001 7 0.001061
8002 7 0.006883
8003 7 0.003142
8004 7 0.003155
8005 7 0.006472
8006 7 0.000635
8007 7 0.096491
8008 7 0.015312
8009 7 0.002008
8010 7 0.008367
8011 7 0.009756
8012 7 0.014057
8013 7 0.007997
8014 7 0.002019
8015 7 0.011540
8016 7 0.009496
8017 7 0.084742
8018 7 0.002020
8019 7 0.012837
8020 7 0.002018
8021 7 0.000652
8022 7 0.012289
8023 7 0.049617
8024 7 0.002013
8025 7 0.059077
8026 7 0.000655
8027 7 0.000654
8028 7 0.015328
8029 7 0.005526
8030 7 0.069422
8031 7 0.002006
8032 7 0.000655
8033 7 0.000655
8034 7 0.001083
8035 7 0.070753
8036 7 0.078440
8037 7 0.038469
8038 7 0.007956
8039 7 0.000412
8040 7 0.000644
8041 7 0.061197
8042 7 0.000641
8043 7 0.081263
8044 7 0.000638
8045 7 0.000637
8046 7 0.018961
8047 7 0.005222
8048 7 0.006126
8049 7 0.002824
8050 7 0.003609
8051 7 0.039314
8052 7 0.054392
8053 7 0.001626
8054 7 0.002011
8055 7 0.002884
8056 7 0.003525
8057 7 0.013622
8058 7 0.057017
8059 7 0.002036
8060 7 0.026353
8061 7 0.002042
8062 7 0.000675
8063 7 0.018841
8064 7 0.050472
8065 7 0.009801
8066 7 0.024180
8067 7 0.015084
8068 7 0.004312
8069 7 0.002771
8070 7 0.002782
8071 7 0.005104
8072 7 0.069051
8073 7 0.004840
8074 7 0.003472
8075 7 0.002767
8076 7 0.056689
8077 7 0.003447
8078 7 0.000710
8079 7 0.043233
8080 7 0.044099
8081 7 0.004000
8082 7 0.044137
8083 7 0.008305
8084 7 0.061128
8085 7 0.048754
8086 7 0.010798
8087 7 0.000730
8088 7 0.000734
8089 7 0.010013
8090 7 0.002738
8091 7 0.006204
8092 7 0.002735
8093 7 0.028490
8094 7 0.004888
8095 7 0.009519
8096 7 0.002724
8097 7 0.002175
8098 7 0.020976
8099 7 0.002174
8100 7 0.096562
8101 7 0.013580
8102 7 0.072485
8103 7 0.011572
8104 7 0.004262
8105 7 0.002166
8106 7 0.049811
8107 7 0.001095
8108 7 0.000747
8109 7 0.002168
8110 7 0.011863
8111 7 0.002727
8112 7 0.002167
8113 7 0.000749
8114 7 0.000747
8115 7 0.009347
8116 7 0.002730
8117 7 0.019156
8118 7 0.003588
8119 7 0.008523
8120 7 0.008913
8121 7 0.003474
8122 7 0.018542
8123 7 0.000718
8124 7 0.005139
8125 7 0.002127
8126 7 0.035481
8127 7 0.000707
8128 7 0.002120
8129 7 0.001063
8130 7 0.025193
8131 7 0.009646
8132 7 0.040950
8133 7 0.002113
8134 7 0.002112
8135 7 0.009945
8136 7 0.007248
8137 7 0.002103
8138 7 0.078565
8139 7 0.002093
8140 7 0.000694
8141 7 0.002082
8142 7 0.038399
8143 7 0.000693
8144 7 0.019082
8145 7 0.004030
8146 7 0.001088
8147 7 0.005345
8148 7 0.042731
8149 7 0.000700
8150 7 0.002075
8151 7 0.002075
8152 7 0.000703
8153 7 0.036536
8154 7 0.041343
8155 7 0.001100
8156 7 0.002066
8157 7 0.009591
8158 7 0.033536
8159 7 0.009466
8160 7 0.000701
8161 7 0.050788
8162 7 0.002778
8163 7 0.003659
8164 7 0.042537
8165 7 0.004272
8166 7 0.022332
8167 7 0.003113
8168 7 0.004066
8169 7 0.007043
8170 7 0.002100
8171 7 0.000724
8172 7 0.023511
8173 7 0.024976
8174 7 0.000731
8175 7 0.000732
8176 7 0.052571
8177 7 0.002124
8178 7 0.000732
8179 7 0.011559
8180 7 0.002739
8181 7 0.002125
8182 7 0.002973
8183 7 0.018692
8184 7 0.040109
8185 7 0.005155
8186 7 0.001098
8187 7 0.002127
8188 7 0.025741
8189 7 0.059913
8190 7 0.016207
8191 7 0.001098
8192 7 0.015611
8193 7 0.000734
8194 7 0.002134
8195 7 0.009524
8196 7 0.032737
8197 7 0.011600
8198 7 0.010104
8199 7 0.090537
8200 7 0.014667
8201 7 0.001088
8202 7 0.000723
8203 7 0.002120
8204 7 0.010107
8205 7 0.004732
8206 7 0.005221
8207 7 0.023054
8208 7 0.008461
8209 7 0.046506
8210 7 0.008830
8211 7 0.001570
8212 7 0.059065
8213 7 0.058708
8214 7 0.015669
8215 7 0.058262
8216 7 0.011976
8217 7 0.041956
8218 7 0.000703
8219 7 0.048892
8220 7 0.002110
8221 7 0.000703
8222 7 0.000703
8223 7 0.011363
8224 7 0.002717
8225 7 0.009383
8226 7 0.001064
8227 7 0.002945
8228 7 0.002129
8229 7 0.004236
8230 7 0.004451
8231 7 0.004362
8232 7 0.002712
8233 7 0.028576
8234 7 0.001891
8235 7 0.013416
8236 7 0.000721
8237 7 0.003782
8238 7 0.087365
8239 7 0.002162
8240 7 0.021612
8241 7 0.008010
8242 7 0.002169
8243 7 0.012238
8244 7 0.021138
8245 7 0.000701
8246 7 0.003520
8247 7 0.000736
8248 7 0.062693
8249 7 0.008963
8250 7 0.000736
8251 7 0.018680
8252 7 0.002172
8253 7 0.036983
8254 7 0.002164
8255 7 0.000732
8256 7 0.008865
8257 7 0.001083
8258 7 0.053432
8259 7 0.026375
8260 7 0.005310
8261 7 0.002135
8262 7 0.003970
8263 7 0.021205
8264 7 0.000725
8265 7 0.147713
8266 7 0.027983
8267 7 0.016719
8268 7 0.002113
8269 7 0.006966
8270 7 0.006700
8271 7 0.019533
8272 7 0.001584
8273 7 0.002120
8274 7 0.002718
8275 7 0.001591
8276 7 0.031120
8277 7 0.002123
8278 7 0.023766
8279 7 0.006229
8280 7 0.005208
8281 7 0.013486
8282 7 0.010660
8283 7 0.000755
8284 7 0.000756
8285 7 0.002137
8286 7 0.002136
8287 7 0.001146
8288 7 0.003879
8289 7 0.005473
8290 7 0.033662
8291 7 0.000749
8292 7 0.005439
8293 7 0.043494
8294 7 0.002119
8295 7 0.000741
8296 7 0.000739
8297 7 0.002108
8298 7 0.002103
8299 7 0.000730
8300 7 0.001146
8301 7 0.026422
8302 7 0.052615
8303 7 0.031564
8304 7 0.002093
8305 7 0.021905
8306 7 0.032849
8307 7 0.007437
8308 7 0.003780
8309 7 0.002838
8310 7 0.008359
8311 7 0.001574
8312 7 0.000753
8313 7 0.006230
8314 7 0.003796
8315 7 0.006807
8316 7 0.004831
8317 7 0.005667
8318 7 0.002705
8319 7 0.002141
8320 7 0.004703
8321 7 0.206595
8322 7 0.007921
8323 7 0.011256
8324 7 0.003067
8325 7 0.013818
8326 7 0.015018
8327 7 0.020716
8328 7 0.016808
8329 7 0.030649
8330 7 0.000772
8331 7 0.011864
8332 7 0.002167
8333 7 0.034218
8334 7 0.010787
8335 7 0.047599
8336 7 0.004247
8337 7 0.030514
8338 7 0.000771
8339 7 0.047040
8340 7 0.019131
8341 7 0.021090
8342 7 0.000764
8343 7 0.002157
8344 7 0.027650
8345 7 0.000760
8346 7 0.002154
8347 7 0.002152
8348 7 0.002148
8349 7 0.002143
8350 7 0.002855
8351 7 0.017914
8352 7 0.000754
8353 7 0.037595
8354 7 0.002132
8355 7 0.018780
8356 7 0.048036
8357 7 0.014076
8358 7 0.026654
8359 7 0.003712
8360 7 0.005714
8361 7 0.000759
8362 7 0.033300
8363 7 0.046069
8364 7 0.009780
8365 7 0.008825
8366 7 0.002121
8367 7 0.000755
8368 7 0.002857
8369 7 0.000753
8370 7 0.025030
8371 7 0.050107
8372 7 0.029413
8373 7 0.005492
8374 7 0.000751
8375 7 0.002120
8376 7 0.002847
8377 7 0.018034
8378 7 0.002123
8379 7 0.002124
8380 7 0.029345
8381 7 0.001168
8382 7 0.003947
8383 7 0.004585
8384 7 0.055312
8385 7 0.007577
8386 7 0.002144
8387 7 0.002145
8388 7 0.000771
8389 7 0.000772
8390 7 0.005218
8391 7 0.002653
8392 7 0.040140
8393 7 0.004583
8394 7 0.005972
8395 7 0.004826
8396 7 0.003402
8397 7 0.002136
8398 7 0.038508
8399 7 0.045412
8400 8 0.011563
8401 8 0.000773
8402 8 0.024393
8403 8 0.013828
8404 8 0.074651
8405 8 0.002123
8406 8 0.000778
8407 8 0.004355
8408 8 0.032259
8409 8 0.003408
8410 8 0.062951
8411 8 0.000780
8412 8 0.014995
8413 8 0.000779
8414 8 0.000778
8415 8 0.006583
8416 8 0.002116
8417 8 0.002930
8418 8 0.004669
8419 8 0.001611
8420 8 0.002113
8421 8 0.020708
8422 8 0.001678
8423 8 0.004376
8424 8 0.005344
8425 8 0.004188
8426 8 0.000738
8427 8 0.021478
8428 8 0.002924
8429 8 0.039901
8430 8 0.000758
8431 8 0.002923
8432 8 0.166791
8433 8 0.001203
8434 8 0.009431
8435 8 0.000761
8436 8 0.002128
8437 8 0.016862
8438 8 0.002130
8439 8 0.002128
8440 8 0.008493
8441 8 0.005591
8442 8 0.016727
8443 8 0.057241
8444 8 0.021980
8445 8 0.002115
8446 8 0.014680
8447 8 0.069454
8448 8 0.007467
8449 8 0.030675
8450 8 0.008490
8451 8 0.038010
8452 8 0.000755
8453 8 0.002108
8454 8 0.020498
8455 8 0.002102
8456 8 0.035587
8457 8 0.047368
8458 8 0.000745
8459 8 0.005351
8460 8 0.000742
8461 8 0.027724
8462 8 0.009995
8463 8 0.002076
8464 8 0.002072
8465 8 0.008642
8466 8 0.010718
8467 8 0.007852
8468 8 0.002056
8469 8 0.005369
8470 8 0.003296
8471 8 0.002046
8472 8 0.003004
8473 8 0.004279
8474 8 0.002035
8475 8 0.027662
8476 8 0.002942
8477 8 0.004296
8478 8 0.063655
8479 8 0.019290
8480 8 0.002018
8481 8 0.003632
8482 8 0.015384
8483 8 0.004594
8484 8 0.057424
8485 8 0.002009
8486 8 0.002006
8487 8 0.022119
8488 8 0.008353
8489 8 0.001997
8490 8 0.009284
8491 8 0.001993
8492 8 0.000714
8493 8 0.000713
8494 8 0.000712
8495 8 0.004678
8496 8 0.000710
8497 8 0.002973
8498 8 0.004216
8499 8 0.040150
8500 8 0.011121
8501 8 0.000706
8502 8 0.000705
8503 8 0.001969
8504 8 0.001215
8505 8 0.000700
8506 8 0.001575
8507 8 0.004726
8508 8 0.025229
8509 8 0.001956
8510 8 0.012849
8511 8 0.003792
8512 8 0.005020
8513 8 0.010059
8514 8 0.008988
8515 8 0.000688
8516 8 0.006022
8517 8 0.002983
8518 8 0.001956
8519 8 0.178408
8520 8 0.001955
8521 8 0.005386
8522 8 0.046219
8523 8 0.001956
8524 8 0.025995
8525 8 0.001957
8526 8 0.000688
8527 8 0.001957
8528 8 0.018566
8529 8 0.011558
8530 8 0.000692
8531 8 0.000693
8532 8 0.000693
8533 8 0.016981
8534 8 0.003748
8535 8 0.004569
8536 8 0.000693
8537 8 0.043960
8538 8 0.028615
8539 8 0.000694
8540 8 0.000694
8541 8 0.001225
8542 8 0.008918
8543 8 0.032193
8544 8 0.001222
8545 8 0.003007
8546 8 0.003943
8547 8 0.000692
8548 8 0.036688
8549 8 0.039957
8550 8 0.013247
8551 8 0.028001
8552 8 0.010611
8553 8 0.000685
8554 8 0.009917
8555 8 0.001976
8556 8 0.003517
8557 8 0.001969
8558 8 0.001183
8559 8 0.001181
8560 8 0.092293
8561 8 0.008718
8562 8 0.008197
8563 8 0.021748
8564 8 0.041299
8565 8 0.008383
8566 8 0.001173
8567 8 0.021319
8568 8 0.006754
8569 8 0.005688
8570 8 0.001167
8571 8 0.002217
8572 8 0.000489
8573 8 0.004214
8574 8 0.003193
8575 8 0.001157
8576 8 0.000662
8577 8 0.012071
8578 8 0.011766
8579 8 0.002920
8580 8 0.001990
8581 8 0.001991
8582 8 0.001990
8583 8 0.035905
8584 8 0.001986
8585 8 0.056002
8586 8 0.000658
8587 8 0.025660
8588 8 0.000481
8589 8 0.005433
8590 8 0.056609
8591 8 0.032699
8592 8 0.002921
8593 8 0.001977
8594 8 0.019883
8595 8 0.002391
8596 8 0.030223
8597 8 0.030115
8598 8 0.017940
8599 8 0.032459
8600 8 0.053983
8601 8 0.006708
8602 8 0.004738
8603 8 0.001141
8604 8 0.004925
8605 8 0.005092
8606 8 0.002027
8607 8 0.036029
8608 8 0.032799
8609 8 0.000692
8610 8 0.002041
8611 8 0.006438
8612 8 0.036226
8613 8 0.001144
8614 8 0.010899
8615 8 0.052282
8616 8 0.013283
8617 8 0.002057
8618 8 0.003579
8619 8 0.000715
8620 8 0.004849
8621 8 0.014639
8622 8 0.001160
8623 8 0.004917
8624 8 0.010650
8625 8 0.002066
8626 8 0.003290
8627 8 0.002061
8628 8 0.009052
8629 8 0.013781
8630 8 0.050757
8631 8 0.019589
8632 8 0.004468
8633 8 0.038834
8634 8 0.002033
8635 8 0.000705
8636 8 0.011461
8637 8 0.004696
8638 8 0.015363
8639 8 0.012916
8640 8 0.002018
8641 8 0.031305
8642 8 0.002012
8643 8 0.109064
8644 8 0.004822
8645 8 0.027021
8646 8 0.070509
8647 8 0.003889
8648 8 0.032579
8649 8 0.002010
8650 8 0.000712
8651 8 0.047081
8652 8 0.010823
8653 8 0.000719
8654 8 0.001198
8655 8 0.004527
8656 8 0.002025
8657 8 0.002026
8658 8 0.003486
8659 8 0.000724
8660 8 0.003461
8661 8 0.000723
8662 8 0.002019
8663 8 0.002339
8664 8 0.006699
8665 8 0.003323
8666 8 0.004277
8667 8 0.003071
8668 8 0.002007
8669 8 0.076698
8670 8 0.014701
8671 8 0.035169
8672 8 0.056705
8673 8 0.001996
8674 8 0.015495
8675 8 0.001205
8676 8 0.002944
8677 8 0.005380
8678 8 0.000717
8679 8 0.000719
8680 8 0.032030
8681 8 0.022591
8682 8 0.006318
8683 8 0.004256
8684 8 0.001202
8685 8 0.043675
8686 8 0.002049
8687 8 0.010230
8688 8 0.029520
8689 8 0.002060
8690 8 0.002062
8691 8 0.000559
8692 8 0.014920
8693 8 0.000746
8694 8 0.064996
8695 8 0.001197
8696 8 0.000744
8697 8 0.002053
8698 8 0.021849
8699 8 0.015147
8700 8 0.042459
8701 8 0.026640
8702 8 0.025327
8703 8 0.001193
8704 8 0.000734
8705 8 0.011456
8706 8 0.000731
8707 8 0.005317
8708 8 0.000728
8709 8 0.047871
8710 8 0.000726
8711 8 0.002039
8712 8 0.002038
8713 8 0.017666
8714 8 0.004325
8715 8 0.002032
8716 8 0.002892
8717 8 0.014853
8718 8 0.000717
8719 8 0.003911
8720 8 0.057509
8721 8 0.037524
8722 8 0.000712
8723 8 0.008551
8724 8 0.028837
8725 8 0.002007
8726 8 0.041094
8727 8 0.020345
8728 8 0.000705
8729 8 0.005197
8730 8 0.001993
8731 8 0.001187
8732 8 0.002050
8733 8 0.001987
8734 8 0.005375
8735 8 0.018467
8736 8 0.000698
8737 8 0.000698
8738 8 0.001984
8739 8 0.002926
8740 8 0.001981
8741 8 0.001979
8742 8 0.004050
8743 8 0.003966
8744 8 0.001971
8745 8 0.031115
8746 8 0.001967
8747 8 0.062951
8748 8 0.058721
8749 8 0.013025
8750 8 0.047292
8751 8 0.001959
8752 8 0.008527
8753 8 0.076669
8754 8 0.015195
8755 8 0.043194
8756 8 0.012410
8757 8 0.051944
8758 8 0.000697
8759 8 0.028851
8760 8 0.049079
8761 8 0.000697
8762 8 0.011484
8763 8 0.001960
8764 8 0.001961
8765 8 0.001207
8766 8 0.001960
8767 8 0.022175
8768 8 0.001701
8769 8 0.029533
8770 8 0.017415
8771 8 0.010734
8772 8 0.001972
8773 8 0.003413
8774 8 0.001971
8775 8 0.000709
8776 8 0.000709
8777 8 0.043892
8778 8 0.004553
8779 8 0.021608
8780 8 0.008573
8781 8 0.006119
8782 8 0.002717
8783 8 0.001220
8784 8 0.001955
8785 8 0.001218
8786 8 0.003695
8787 8 0.093093
8788 8 0.024942
8789 8 0.006277
8790 8 0.007528
8791 8 0.000695
8792 8 0.003769
8793 8 0.000693
8794 8 0.001953
8795 8 0.004989
8796 8 0.050621
8797 8 0.001948
8798 8 0.005435
8799 8 0.007668
8800 8 0.001945
8801 8 0.004399
8802 8 0.007704
8803 8 0.001940
8804 8 0.000686
8805 8 0.004968
8806 8 0.002989
8807 8 0.031607
8808 8 0.007245
8809 8 0.019017
8810 8 0.024576
8811 8 0.006798
8812 8 0.008782
8813 8 0.027294
8814 8 0.013776
8815 8 0.020198
8816 8 0.032067
8817 8 0.001924
8818 8 0.028889
8819 8 0.014006
8820 8 0.008677
8821 8 0.001915
8822 8 0.062840
8823 8 0.012969
8824 8 0.001910
8825 8 0.001213
8826 8 0.008325
8827 8 0.003173
8828 8 0.026371
8829 8 0.002384
8830 8 0.002983
8831 8 0.041172
8832 8 0.001921
8833 8 0.061778
8834 8 0.006470
8835 8 0.030655
8836 8 0.000700
8837 8 0.014090
8838 8 0.094697
8839 8 0.013652
8840 8 0.003859
8841 8 0.054849
8842 8 0.001937
8843 8 0.004715
8844 8 0.022053
8845 8 0.001943
8846 8 0.008954
8847 8 0.002983
8848 8 0.007582
8849 8 0.009249
8850 8 0.004597
8851 8 0.003838
8852 8 0.003291
8853 8 0.001955
8854 8 0.002668
8855 8 0.078102
8856 8 0.002981
8857 8 0.047155
8858 8 0.055595
8859 8 0.006950
8860 8 0.006675
8861 8 0.000732
8862 8 0.000733
8863 8 0.002471
8864 8 0.000736
8865 8 0.001234
8866 8 0.054437
8867 8 0.010377
8868 8 0.000736
8869 8 0.005533
8870 8 0.001223
8871 8 0.000733
8872 8 0.004771
8873 8 0.018420
8874 8 0.066197
8875 8 0.028003
8876 8 0.000727
8877 8 0.001207
8878 8 0.049052
8879 8 0.019415
8880 8 0.019226
8881 8 0.000728
8882 8 0.007778
8883 8 0.003487
8884 8 0.000730
8885 8 0.008075
8886 8 0.043317
8887 8 0.041422
8888 8 0.002042
8889 8 0.042524
8890 8 0.002038
8891 8 0.002033
8892 8 0.034508
8893 8 0.004510
8894 8 0.009444
8895 8 0.040016
8896 8 0.000706
8897 8 0.006291
8898 8 0.002007
8899 8 0.002003
8900 8 0.015819
8901 8 0.002616
8902 8 0.000699
8903 8 0.003740
8904 8 0.003756
8905 8 0.008652
8906 8 0.000696
8907 8 0.001987
8908 8 0.001984
8909 8 0.014950
8910 8 0.009309
8911 8 0.001971
8912 8 0.015803
8913 8 0.004627
8914 8 0.103072
8915 8 0.007088
8916 8 0.003248
8917 8 0.001971
8918 8 0.016378
8919 8 0.030167
8920 8 0.001981
8921 8 0.001982
8922 8 0.001982
8923 8 0.001979
8924 8 0.031395
8925 8 0.004329
8926 8 0.006660
8927 8 0.037327
8928 8 0.004683
8929 8 0.001937
8930 8 0.000729
8931 8 0.024459
8932 8 0.012146
8933 8 0.004276
8934 8 0.040988
8935 8 0.000720
8936 8 0.009240
8937 8 0.001907
8938 8 0.001906
8939 8 0.005794
8940 8 0.000721
8941 8 0.011624
8942 8 0.025468
8943 8 0.009506
8944 8 0.000724
8945 8 0.000723
8946 8 0.004091
8947 8 0.001897
8948 8 0.015817
8949 8 0.002393
8950 8 0.001892
8951 8 0.000714
8952 8 0.023540
8953 8 0.041205
8954 8 0.000709
8955 8 0.026610
8956 8 0.018378
8957 8 0.003129
8958 8 0.003279
8959 8 0.012108
8960 8 0.001886
8961 8 0.009392
8962 8 0.006803
8963 8 0.001891
8964 8 0.003275
8965 8 0.004041
8966 8 0.001889
8967 8 0.003128
8968 8 0.003501
8969 8 0.091719
8970 8 0.000707
8971 8 0.001884
8972 8 0.017805
8973 8 0.001879
8974 8 0.005644
8975 8 0.061700
8976 8 0.000701
8977 8 0.001871
8978 8 0.000697
8979 8 0.023789
8980 8 0.009101
8981 8 0.001860
8982 8 0.002771
8983 8 0.001298
8984 8 0.006623
8985 8 0.002634
8986 8 0.000684
8987 8 0.001847
8988 8 0.049329
8989 8 0.012204
8990 8 0.008970
8991 8 0.000678
8992 8 0.033628
8993 8 0.088088
8994 8 0.078899
8995 8 0.088634
8996 8 0.003119
8997 8 0.001846
8998 8 0.027516
8999 8 0.033414
9000 8 0.011514
9001 8 0.003117
9002 8 0.049821
9003 8 0.003300
9004 8 0.001866
9005 8 0.001867
9006 8 0.001867
9007 8 0.000695
9008 8 0.011732
9009 8 0.013464
9010 8 0.008334
9011 8 0.020889
9012 8 0.007111
9013 8 0.031574
9014 8 0.011166
9015 8 0.014988
9016 8 0.008749
9017 8 0.097120
9018 8 0.008872
9019 8 0.000697
9020 8 0.034421
9021 8 0.038406
9022 8 0.001833
9023 8 0.010652
9024 8 0.069440
9025 8 0.005658
9026 8 0.000688
9027 8 0.044538
9028 8 0.053779
9029 8 0.001824
9030 8 0.015247
9031 8 0.055269
9032 8 0.014032
9033 8 0.040061
9034 8 0.000697
9035 8 0.010211
9036 8 0.011342
9037 8 0.022880
9038 8 0.001307
9039 8 0.011081
9040 8 0.014668
9041 8 0.008448
9042 8 0.001301
9043 8 0.006688
9044 8 0.025203
9045 8 0.012843
9046 8 0.006221
9047 8 0.000733
9048 8 0.008692
9049 8 0.002374
9050 8 0.007805
9051 8 0.075906
9052 8 0.021754
9053 8 0.014479
9054 8 0.043281
9055 8 0.010841
9056 8 0.047695
9057 8 0.000726
9058 8 0.001934
9059 8 0.011513
9060 8 0.014895
9061 8 0.003250
9062 8 0.010750
9063 8 0.011148
9064 8 0.001268
9065 8 0.003662
9066 8 0.001955
9067 8 0.000533
9068 8 0.020978
9069 8 0.031733
9070 8 0.018631
9071 8 0.002973
9072 8 0.008701
9073 8 0.005324
9074 8 0.005505
9075 8 0.001246
9076 8 0.052076
9077 8 0.051282
9078 8 0.018973
9079 8 0.069548
9080 8 0.003824
9081 8 0.008631
9082 8 0.001232
9083 8 0.030992
9084 8 0.031011
9085 8 0.005862
9086 8 0.022513
9087 8 0.005900
9088 8 0.004368
9089 8 0.005938
9090 8 0.002008
9091 8 0.003413
9092 8 0.035611
9093 8 0.000760
9094 8 0.005276
9095 8 0.025784
9096 8 0.004846
9097 8 0.003481
9098 8 0.001238
9099 8 0.050081
9100 8 0.042071
9101 8 0.000765
9102 8 0.003579
9103 8 0.039539
9104 8 0.002037
9105 8 0.005267
9106 8 0.006938
9107 8 0.003151
9108 8 0.001226
9109 8 0.000765
9110 8 0.036614
9111 8 0.002049
9112 8 0.004101
9113 8 0.000763
9114 8 0.001217
9115 8 0.003413
9116 8 0.040211
9117 8 0.001213
9118 8 0.017249
9119 8 0.005252
9120 8 0.009976
9121 8 0.000763
9122 8 0.002072
9123 8 0.006475
9124 8 0.002078
9125 8 0.028814
9126 8 0.002082
9127 8 0.002855
9128 8 0.033532
9129 8 0.002084
9130 8 0.016737
9131 8 0.000770
9132 8 0.000771
9133 8 0.004670
9134 8 0.026605
9135 8 0.002072
9136 8 0.003554
9137 8 0.008860
9138 8 0.000764
9139 8 0.004972
9140 8 0.001216
9141 8 0.003594
9142 8 0.052693
9143 8 0.001214
9144 8 0.002044
9145 8 0.003816
9146 8 0.045209
9147 8 0.038109
9148 8 0.000745
9149 8 0.007704
9150 8 0.001205
9151 8 0.001203
9152 8 0.003436
9153 8 0.005832
9154 8 0.004121
9155 8 0.002050
9156 8 0.024437
9157 8 0.035606
9158 8 0.006564
9159 8 0.001192
9160 8 0.005325
9161 8 0.013505
9162 8 0.003632
9163 8 0.009732
9164 8 0.002063
9165 8 0.020989
9166 8 0.052170
9167 8 0.052145
9168 8 0.019114
9169 8 0.000743
9170 8 0.032020
9171 8 0.016299
9172 8 0.005719
9173 8 0.002046
9174 8 0.008898
9175 8 0.000735
9176 8 0.006676
9177 8 0.101553
9178 8 0.002030
9179 8 0.050074
9180 8 0.000724
9181 8 0.002018
9182 8 0.030533
9183 8 0.021966
9184 8 0.023682
9185 8 0.031182
9186 8 0.019669
9187 8 0.011422
9188 8 0.005602
9189 8 0.003618
9190 8 0.076585
9191 8 0.000728
9192 8 0.002013
9193 8 0.008183
9194 8 0.004599
9195 8 0.011444
9196 8 0.046349
9197 8 0.052855
9198 8 0.005791
9199 8 0.030928
9200 8 0.019405
9201 8 0.006105
9202 8 0.000726
9203 8 0.000724
9204 8 0.003453
9205 8 0.006596
9206 8 0.002005
9207 8 0.060462
9208 8 0.002000
9209 8 0.000713
9210 8 0.001992
9211 8 0.033942
9212 8 0.001984
9213 8 0.000707
9214 8 0.040054
9215 8 0.051924
9216 8 0.002944
9217 8 0.023093
9218 8 0.020431
9219 8 0.009250
9220 8 0.022335
9221 8 0.027865
9222 8 0.010825
9223 8 0.008216
9224 8 0.011059
9225 8 0.002535
9226 8 0.000709
9227 8 0.003123
9228 8 0.029424
9229 8 0.003019
9230 8 0.016069
9231 8 0.004887
9232 8 0.074310
9233 8 0.083300
9234 8 0.014752
9235 8 0.008113
9236 8 0.075696
9237 8 0.002021
9238 8 0.023297
9239 8 0.005246
9240 8 0.000741
9241 8 0.001208
9242 8 0.010106
9243 8 0.017246
9244 8 0.002067
9245 8 0.002071
9246 8 0.003319
9247 8 0.009141
9248 8 0.049255
9249 8 0.057413
9250 8 0.006070
9251 8 0.047605
9252 8 0.002083
9253 8 0.018263
9254 8 0.002853
9255 8 0.003599
9256 8 0.002088
9257 8 0.003013
9258 8 0.000772
9259 8 0.006094
9260 8 0.081089
9261 8 0.001203
9262 8 0.026510
9263 8 0.000775
9264 8 0.025354
9265 8 0.012686
9266 8 0.014933
9267 8 0.002829
9268 8 0.006358
9269 8 0.000780
9270 8 0.013553
9271 8 0.002545
9272 8 0.000781
9273 8 0.086832
9274 8 0.005129
9275 8 0.000784
9276 8 0.026020
9277 8 0.000786
9278 8 0.002140
9279 8 0.002141
9280 8 0.010887
9281 8 0.019665
9282 8 0.003566
9283 8 0.002325
9284 8 0.003505
9285 8 0.043986
9286 8 0.001180
9287 8 0.000786
9288 8 0.032176
9289 8 0.037727
9290 8 0.000788
9291 8 0.012628
9292 8 0.007050
9293 8 0.004672
9294 8 0.026219
9295 8 0.005916
9296 8 0.000798
9297 8 0.002455
9298 8 0.002183
9299 8 0.002184
9300 8 0.003255
9301 8 0.004136
9302 8 0.047937
9303 8 0.047866
9304 8 0.004285
9305 8 0.008331
9306 8 0.010322
9307 8 0.000800
9308 8 0.006970
9309 8 0.001142
9310 8 0.035088
9311 8 0.013004
9312 8 0.019138
9313 8 0.002175
9314 8 0.000798
9315 8 0.000798
9316 8 0.010385
9317 8 0.000796
9318 8 0.015963
9319 8 0.015540
9320 8 0.046406
9321 8 0.004527
9322 8 0.008660
9323 8 0.003466
9324 8 0.001187
9325 8 0.003341
9326 8 0.001183
9327 8 0.000774
9328 8 0.002139
9329 8 0.032567
9330 8 0.003388
9331 8 0.000765
9332 8 0.000762
9333 8 0.003368
9334 8 0.002952
9335 8 0.013326
9336 8 0.000754
9337 8 0.019730
9338 8 0.002126
9339 8 0.040883
9340 8 0.048336
9341 8 0.002131
9342 8 0.022298
9343 8 0.002139
9344 8 0.008933
9345 8 0.020641
9346 8 0.002956
9347 8 0.000772
9348 8 0.001187
9349 8 0.003825
9350 8 0.002147
9351 8 0.001185
9352 8 0.004543
9353 8 0.041643
9354 8 0.010703
9355 8 0.065555
9356 8 0.000751
9357 8 0.005696
9358 8 0.002120
9359 8 0.003599
9360 8 0.012618
9361 8 0.003459
9362 8 0.024332
9363 8 0.000739
9364 8 0.003426
9365 8 0.003573
9366 8 0.008958
9367 8 0.005947
9368 8 0.073416
9369 8 0.005244
9370 8 0.002118
9371 8 0.004043
9372 8 0.001172
9373 8 0.007093
9374 8 0.002123
9375 8 0.007919
9376 8 0.071686
9377 8 0.002120
9378 8 0.002118
9379 8 0.028514
9380 8 0.000753
9381 8 0.019186
9382 8 0.036969
9383 8 0.009105
9384 8 0.003280
9385 8 0.047970
9386 8 0.005764
9387 8 0.037018
9388 8 0.000762
9389 8 0.063047
9390 8 0.006593
9391 8 0.008723
9392 8 0.014883
9393 8 0.036024
9394 8 0.000755
9395 8 0.043538
9396 8 0.022515
9397 8 0.000745
9398 8 0.034214
9399 8 0.020026
9400 8 0.052239
9401 8 0.000730
9402 8 0.005309
9403 8 0.005198
9404 8 0.063116
9405 8 0.004413
9406 8 0.023978
9407 8 0.001171
9408 8 0.041173
9409 8 0.002097
9410 8 0.000730
9411 8 0.001165
9412 8 0.022088
9413 8 0.000728
9414 8 0.037581
9415 8 0.026304
9416 8 0.045473
9417 8 0.013636
9418 8 0.019850
9419 8 0.002974
9420 8 0.034663
9421 8 0.012900
9422 8 0.018432
9423 8 0.031739
9424 8 0.007937
9425 8 0.001682
9426 8 0.002105
9427 8 0.005291
9428 8 0.057811
9429 8 0.002096
9430 8 0.002091
9431 8 0.075119
9432 8 0.002080
9433 8 0.008109
9434 8 0.015821
9435 8 0.002819
9436 8 0.030381
9437 8 0.002817
9438 8 0.003282
9439 8 0.011330
9440 8 0.060131
9441 8 0.004633
9442 8 0.004616
9443 8 0.002077
9444 8 0.009504
9445 8 0.024942
9446 8 0.012545
9447 8 0.003318
9448 8 0.000706
9449 8 0.050836
9450 8 0.002065
9451 8 0.022797
9452 8 0.012708
9453 8 0.017361
9454 8 0.017828
9455 8 0.000705
9456 8 0.001137
9457 8 0.042062
9458 8 0.007779
9459 8 0.000708
9460 8 0.001139
9461 8 0.026298
9462 8 0.020774
9463 8 0.005252
9464 8 0.143414
9465 8 0.030793
9466 8 0.018574
9467 8 0.056834
9468 8 0.005219
9469 8 0.012471
9470 8 0.006359
9471 8 0.003802
9472 8 0.047197
9473 8 0.027602
9474 8 0.010610
9475 8 0.000743
9476 8 0.008239
9477 8 0.004715
9478 8 0.000743
9479 8 0.002137
9480 8 0.017487
9481 8 0.029845
9482 8 0.021903
9483 8 0.013935
9484 8 0.007192
9485 8 0.010818
9486 8 0.002130
9487 8 0.009953
9488 8 0.007059
9489 8 0.002206
9490 8 0.075260
9491 8 0.007026
9492 8 0.002801
9493 8 0.002803
9494 8 0.056714
9495 8 0.004811
9496 8 0.002797
9497 8 0.042614
9498 8 0.000737
9499 8 0.004732
9500 8 0.002786
9501 8 0.002143
9502 8 0.012144
9503 8 0.001132
9504 8 0.004386
9505 8 0.014916
9506 8 0.003383
9507 8 0.057484
9508 8 0.019339
9509 8 0.014752
9510 8 0.002751
9511 8 0.007581
9512 8 0.012822
9513 8 0.002205
9514 8 0.018818
9515 8 0.033715
9516 8 0.001135
9517 8 0.012700
9518 8 0.000784
9519 8 0.005626
9520 8 0.002212
9521 8 0.051321
9522 8 0.004035
9523 8 0.002209
9524 8 0.007877
9525 8 0.000783
9526 8 0.003667
9527 8 0.037655
9528 8 0.002197
9529 8 0.030229
9530 8 0.011022
9531 8 0.004601
9532 8 0.005997
9533 8 0.002743
9534 8 0.002174
9535 8 0.000770
9536 8 0.018122
9537 8 0.000766
9538 8 0.004955
9539 8 0.047372
9540 8 0.026215
9541 8 0.002759
9542 8 0.000758
9543 8 0.005105
9544 8 0.044079
9545 8 0.001129
9546 8 0.010460
9547 8 0.014142
9548 8 0.000748
9549 8 0.002148
9550 8 0.000744
9551 8 0.029412
9552 8 0.005102
9553 8 0.000739
9554 8 0.002143
9555 8 0.006365
9556 8 0.046268
9557 8 0.041198
9558 8 0.006365
9559 8 0.005085
9560 8 0.009453
9561 8 0.071020
9562 8 0.002158
9563 8 0.000741
9564 8 0.003254
9565 8 0.002164
9566 8 0.003247
9567 8 0.013649
9568 8 0.044500
9569 8 0.000751
9570 8 0.020062
9571 8 0.000756
9572 8 0.002179
9573 8 0.017618
9574 8 0.003193
9575 8 0.002174
9576 8 0.001109
9577 8 0.000760
9578 8 0.029661
9579 8 0.002866
9580 8 0.007467
9581 8 0.002159
9582 8 0.000754
9583 8 0.013279
9584 8 0.002149
9585 8 0.013172
9586 8 0.002141
9587 8 0.000745
9588 8 0.064325
9589 8 0.009128
9590 8 0.004631
9591 8 0.002119
9592 8 0.000736
9593 8 0.003617
9594 8 0.000733
9595 8 0.000731
9596 8 0.012228
9597 8 0.056096
9598 8 0.005644
9599 8 0.002094
