# Batch convergence for: model=snn-ae encoding=direct architecture=conv1d v_th=1.5 alpha=0.99 run=3
batch_num epoch batch_loss
0 1 1.167015
1 1 0.872502
2 1 1.042031
3 1 1.008804
4 1 0.874739
5 1 0.941240
6 1 0.860280
7 1 0.958843
8 1 0.904223
9 1 0.836934
10 1 0.936052
11 1 0.784730
12 1 0.963560
13 1 0.853633
14 1 0.810216
15 1 0.977393
16 1 0.906404
17 1 0.764535
18 1 0.793131
19 1 0.723999
20 1 0.776160
21 1 0.748892
22 1 0.784730
23 1 0.815461
24 1 0.787390
25 1 0.840740
26 1 0.789471
27 1 0.792504
28 1 0.836109
29 1 0.730848
30 1 0.721813
31 1 0.856484
32 1 0.736711
33 1 0.779892
34 1 0.783550
35 1 0.711304
36 1 0.731964
37 1 0.759429
38 1 0.705010
39 1 0.779854
40 1 0.699127
41 1 0.764676
42 1 0.771972
43 1 0.688409
44 1 0.866417
45 1 0.689687
46 1 0.706315
47 1 0.701939
48 1 0.719184
49 1 0.684084
50 1 0.705122
51 1 0.731661
52 1 0.773292
53 1 0.707202
54 1 0.756737
55 1 0.651318
56 1 0.707669
57 1 0.688743
58 1 0.621197
59 1 0.677346
60 1 0.768246
61 1 0.616617
62 1 0.630477
63 1 0.663332
64 1 0.685106
65 1 0.627251
66 1 0.606873
67 1 0.611228
68 1 0.576631
69 1 0.532013
70 1 0.571708
71 1 0.573775
72 1 0.793139
73 1 0.562548
74 1 0.609197
75 1 0.522666
76 1 0.551272
77 1 0.477715
78 1 0.524816
79 1 0.452092
80 1 0.515546
81 1 0.521475
82 1 0.474293
83 1 0.496365
84 1 0.438665
85 1 0.430496
86 1 0.459023
87 1 0.405420
88 1 0.424697
89 1 0.678556
90 1 0.389868
91 1 0.443902
92 1 0.426781
93 1 0.388366
94 1 0.358174
95 1 0.368833
96 1 0.376900
97 1 0.370002
98 1 0.379124
99 1 0.467910
100 1 0.329646
101 1 0.346828
102 1 0.350484
103 1 0.339668
104 1 0.309782
105 1 0.359643
106 1 0.301889
107 1 0.453564
108 1 0.332697
109 1 0.285189
110 1 0.315642
111 1 0.261155
112 1 0.294411
113 1 0.252489
114 1 0.286560
115 1 0.269120
116 1 0.282035
117 1 0.240780
118 1 0.393643
119 1 0.259861
120 1 0.383065
121 1 0.217132
122 1 0.233597
123 1 0.220559
124 1 0.527575
125 1 0.343485
126 1 0.208696
127 1 0.331801
128 1 0.535914
129 1 0.211603
130 1 0.190473
131 1 0.223311
132 1 0.214192
133 1 0.234021
134 1 0.178264
135 1 0.247879
136 1 0.192138
137 1 0.212011
138 1 0.208031
139 1 0.196371
140 1 0.185090
141 1 0.180485
142 1 0.194863
143 1 0.164865
144 1 0.265116
145 1 0.358823
146 1 0.178999
147 1 0.157671
148 1 0.144164
149 1 0.165564
150 1 0.145136
151 1 0.169601
152 1 0.136166
153 1 0.275528
154 1 0.145134
155 1 0.140361
156 1 0.150204
157 1 0.138657
158 1 0.129188
159 1 0.150871
160 1 0.119293
161 1 0.126978
162 1 0.132565
163 1 0.125435
164 1 0.217269
165 1 0.133422
166 1 0.131054
167 1 0.301898
168 1 0.118679
169 1 0.216080
170 1 0.133438
171 1 0.783906
172 1 0.286168
173 1 0.107474
174 1 0.429027
175 1 0.111768
176 1 0.141575
177 1 0.100562
178 1 0.116539
179 1 0.104628
180 1 0.141966
181 1 0.093476
182 1 0.091108
183 1 0.088543
184 1 0.093680
185 1 0.115306
186 1 0.094517
187 1 0.084415
188 1 0.140102
189 1 0.350192
190 1 0.264300
191 1 0.505592
192 1 0.397080
193 1 0.083697
194 1 0.185789
195 1 0.233904
196 1 0.069345
197 1 0.275875
198 1 0.148578
199 1 0.172607
200 1 0.127525
201 1 0.077693
202 1 0.070202
203 1 0.138539
204 1 0.178170
205 1 0.074016
206 1 0.065928
207 1 0.068730
208 1 0.058232
209 1 0.090394
210 1 0.060388
211 1 0.084448
212 1 0.137820
213 1 0.069308
214 1 0.061633
215 1 0.156832
216 1 0.058721
217 1 0.088336
218 1 0.125153
219 1 0.257519
220 1 0.054965
221 1 0.087000
222 1 0.439479
223 1 0.059213
224 1 0.098189
225 1 0.088343
226 1 0.089680
227 1 0.041869
228 1 0.582418
229 1 0.221859
230 1 0.303113
231 1 0.196711
232 1 0.108496
233 1 0.298997
234 1 0.037700
235 1 0.054788
236 1 0.038217
237 1 0.041530
238 1 0.365605
239 1 0.385047
240 1 0.311594
241 1 0.184610
242 1 0.077155
243 1 0.030297
244 1 0.034297
245 1 0.031421
246 1 0.031452
247 1 0.033337
248 1 0.075829
249 1 0.120639
250 1 0.041910
251 1 0.038133
252 1 0.026055
253 1 0.031042
254 1 0.026051
255 1 0.093161
256 1 0.031159
257 1 0.024770
258 1 0.022367
259 1 0.050711
260 1 0.026936
261 1 0.021253
262 1 0.025327
263 1 0.021325
264 1 0.221559
265 1 0.603661
266 1 0.050097
267 1 0.068531
268 1 0.101493
269 1 0.287756
270 1 0.128378
271 1 0.041419
272 1 0.017433
273 1 0.036292
274 1 0.021887
275 1 0.062513
276 1 0.139458
277 1 0.077300
278 1 0.023830
279 1 0.014859
280 1 0.015988
281 1 0.023177
282 1 0.015119
283 1 0.015443
284 1 0.020493
285 1 0.016915
286 1 0.021492
287 1 0.069475
288 1 0.018390
289 1 0.480870
290 1 0.112307
291 1 0.023845
292 1 0.040249
293 1 0.015196
294 1 0.046326
295 1 0.037733
296 1 0.158253
297 1 0.014974
298 1 0.011400
299 1 0.016771
300 1 0.039661
301 1 0.013672
302 1 0.141964
303 1 0.224224
304 1 0.100075
305 1 0.091809
306 1 0.013132
307 1 0.020996
308 1 0.015087
309 1 0.561608
310 1 0.018800
311 1 0.221328
312 1 0.010213
313 1 0.169890
314 1 0.010261
315 1 0.072416
316 1 0.068894
317 1 0.011307
318 1 0.047657
319 1 0.014690
320 1 0.030267
321 1 0.013090
322 1 0.014483
323 1 0.011970
324 1 0.017607
325 1 0.029350
326 1 0.033892
327 1 0.009381
328 1 0.029223
329 1 0.056321
330 1 0.628222
331 1 0.008646
332 1 0.128341
333 1 0.018199
334 1 0.008150
335 1 0.014262
336 1 0.408854
337 1 0.007650
338 1 0.011890
339 1 0.037085
340 1 0.010661
341 1 0.083594
342 1 0.022296
343 1 0.009306
344 1 0.038957
345 1 0.129298
346 1 0.009390
347 1 0.011063
348 1 0.010335
349 1 0.009751
350 1 0.015432
351 1 0.025511
352 1 0.052633
353 1 0.012416
354 1 0.007527
355 1 0.037383
356 1 0.006869
357 1 0.056588
358 1 0.027383
359 1 0.006033
360 1 0.006376
361 1 0.005060
362 1 0.087864
363 1 0.031717
364 1 0.013621
365 1 0.050557
366 1 0.347601
367 1 0.422716
368 1 0.005686
369 1 0.004264
370 1 0.173232
371 1 0.274867
372 1 0.005202
373 1 0.054904
374 1 0.222065
375 1 0.005104
376 1 0.009804
377 1 0.051473
378 1 0.008247
379 1 0.005973
380 1 0.212334
381 1 0.118555
382 1 0.005702
383 1 0.333337
384 1 0.101490
385 1 0.015373
386 1 0.024466
387 1 0.007852
388 1 0.005846
389 1 0.010479
390 1 0.278302
391 1 0.040029
392 1 0.026464
393 1 0.025462
394 1 0.006580
395 1 0.014666
396 1 0.082977
397 1 0.012470
398 1 0.014311
399 1 0.036872
400 1 0.013283
401 1 0.334360
402 1 0.063279
403 1 0.005692
404 1 0.004816
405 1 0.252211
406 1 0.537231
407 1 0.182542
408 1 0.004919
409 1 0.050655
410 1 0.010208
411 1 0.067957
412 1 0.006923
413 1 0.005486
414 1 0.290785
415 1 0.014633
416 1 0.007469
417 1 0.080567
418 1 0.024417
419 1 0.234501
420 1 0.009491
421 1 0.010254
422 1 0.009979
423 1 0.085180
424 1 0.009134
425 1 0.022708
426 1 0.004956
427 1 0.006198
428 1 0.005002
429 1 0.031101
430 1 0.022352
431 1 0.223143
432 1 0.027225
433 1 0.006340
434 1 0.007593
435 1 0.097124
436 1 0.231946
437 1 0.030016
438 1 0.027789
439 1 0.004180
440 1 0.003659
441 1 0.004736
442 1 0.053138
443 1 0.044255
444 1 0.027615
445 1 0.003670
446 1 0.012519
447 1 0.003202
448 1 0.027787
449 1 0.019069
450 1 0.003523
451 1 0.086729
452 1 0.003106
453 1 0.062720
454 1 0.023473
455 1 0.249903
456 1 0.444949
457 1 0.037820
458 1 0.120803
459 1 0.003234
460 1 0.235123
461 1 0.004506
462 1 0.003391
463 1 0.016374
464 1 0.006239
465 1 0.119711
466 1 0.010631
467 1 0.005023
468 1 0.014308
469 1 0.003746
470 1 0.042681
471 1 0.091712
472 1 0.012022
473 1 0.084088
474 1 0.105529
475 1 0.009740
476 1 0.003772
477 1 0.003912
478 1 0.004531
479 1 0.048885
480 1 0.060299
481 1 0.146358
482 1 0.005255
483 1 0.019589
484 1 0.192220
485 1 0.073854
486 1 0.013919
487 1 0.209533
488 1 0.058412
489 1 0.003566
490 1 0.015915
491 1 0.020157
492 1 0.256532
493 1 0.027206
494 1 0.003203
495 1 0.033743
496 1 0.105337
497 1 0.173415
498 1 0.042184
499 1 0.004211
500 1 0.007175
501 1 0.019081
502 1 0.005723
503 1 0.006597
504 1 0.016287
505 1 0.025182
506 1 0.225655
507 1 0.032015
508 1 0.005295
509 1 0.037462
510 1 0.106507
511 1 0.003936
512 1 0.003436
513 1 0.003299
514 1 0.096768
515 1 0.053204
516 1 0.023317
517 1 0.036903
518 1 0.004166
519 1 0.012463
520 1 0.216858
521 1 0.020446
522 1 0.003029
523 1 0.002531
524 1 0.062822
525 1 0.045113
526 1 0.016896
527 1 0.012654
528 1 0.081774
529 1 0.004181
530 1 0.003305
531 1 0.284726
532 1 0.281145
533 1 0.183081
534 1 0.003808
535 1 0.002931
536 1 0.012053
537 1 0.008729
538 1 0.082109
539 1 0.554389
540 1 0.038046
541 1 0.005804
542 1 0.256533
543 1 0.005147
544 1 0.025416
545 1 0.254446
546 1 0.007317
547 1 0.198652
548 1 0.010609
549 1 0.009714
550 1 0.005083
551 1 0.026112
552 1 0.018175
553 1 0.115451
554 1 0.119789
555 1 0.005776
556 1 0.022922
557 1 0.047635
558 1 0.004265
559 1 0.005549
560 1 0.003751
561 1 0.009427
562 1 0.003960
563 1 0.027168
564 1 0.159648
565 1 0.019824
566 1 0.040513
567 1 0.479979
568 1 0.002420
569 1 0.004133
570 1 0.088327
571 1 0.180800
572 1 0.004897
573 1 0.444656
574 1 0.042503
575 1 0.412163
576 1 0.023993
577 1 0.003469
578 1 0.051184
579 1 0.004024
580 1 0.005655
581 1 0.043375
582 1 0.005911
583 1 0.008970
584 1 0.006102
585 1 0.004837
586 1 0.011248
587 1 0.073901
588 1 0.004479
589 1 0.043928
590 1 0.424946
591 1 0.008034
592 1 0.006724
593 1 0.005209
594 1 0.120127
595 1 0.007631
596 1 0.005617
597 1 0.004964
598 1 0.004269
599 1 0.004930
600 1 0.084877
601 1 0.018525
602 1 0.004322
603 1 0.384727
604 1 0.040961
605 1 0.009484
606 1 0.006484
607 1 0.003578
608 1 0.005001
609 1 0.545565
610 1 0.024708
611 1 0.004736
612 1 0.287044
613 1 0.005217
614 1 0.039847
615 1 0.060074
616 1 0.396843
617 1 0.020121
618 1 0.452946
619 1 0.034870
620 1 0.050887
621 1 0.010636
622 1 0.015808
623 1 0.007787
624 1 0.008639
625 1 0.154906
626 1 0.028113
627 1 0.006293
628 1 0.074870
629 1 0.009526
630 1 0.027730
631 1 0.017497
632 1 0.022423
633 1 0.004989
634 1 0.027241
635 1 0.039907
636 1 0.005209
637 1 0.023459
638 1 0.014958
639 1 0.020287
640 1 0.006103
641 1 0.081308
642 1 0.061017
643 1 0.192263
644 1 0.003044
645 1 0.003078
646 1 0.002789
647 1 0.005842
648 1 0.004850
649 1 0.149409
650 1 0.002188
651 1 0.270201
652 1 0.008051
653 1 0.029818
654 1 0.266294
655 1 0.020709
656 1 0.039373
657 1 0.006581
658 1 0.022358
659 1 0.003175
660 1 0.007013
661 1 0.195882
662 1 0.008086
663 1 0.040015
664 1 0.005023
665 1 0.153804
666 1 0.061878
667 1 0.004219
668 1 0.006378
669 1 0.003682
670 1 0.006483
671 1 0.082496
672 1 0.026532
673 1 0.206925
674 1 0.004877
675 1 0.003892
676 1 0.003675
677 1 0.061215
678 1 0.004245
679 1 0.113239
680 1 0.059609
681 1 0.005678
682 1 0.110437
683 1 0.003656
684 1 0.003615
685 1 0.003133
686 1 0.006234
687 1 0.005897
688 1 0.003688
689 1 0.007089
690 1 0.127568
691 1 0.006606
692 1 0.002841
693 1 0.002123
694 1 0.002171
695 1 0.024062
696 1 0.002611
697 1 0.053458
698 1 0.003207
699 1 0.274989
700 1 0.173561
701 1 0.486345
702 1 0.038637
703 1 0.003317
704 1 0.126849
705 1 0.003091
706 1 0.067043
707 1 0.005616
708 1 0.068322
709 1 0.003654
710 1 0.004700
711 1 0.009103
712 1 0.003410
713 1 0.005158
714 1 0.003810
715 1 0.031202
716 1 0.003170
717 1 0.005398
718 1 0.034928
719 1 0.111632
720 1 0.180548
721 1 0.002367
722 1 0.002743
723 1 0.008595
724 1 0.137554
725 1 0.008494
726 1 0.004749
727 1 0.058917
728 1 0.123642
729 1 0.040821
730 1 0.002775
731 1 0.350403
732 1 0.001993
733 1 0.025269
734 1 0.009250
735 1 0.144241
736 1 0.028605
737 1 0.039406
738 1 0.604660
739 1 0.002269
740 1 0.012121
741 1 0.585190
742 1 0.255497
743 1 0.005539
744 1 0.316607
745 1 0.185252
746 1 0.111255
747 1 0.275496
748 1 0.009241
749 1 0.043549
750 1 0.060321
751 1 0.044764
752 1 0.073668
753 1 0.008166
754 1 0.020976
755 1 0.047112
756 1 0.008058
757 1 0.007388
758 1 0.041450
759 1 0.015607
760 1 0.006692
761 1 0.021576
762 1 0.017116
763 1 0.025653
764 1 0.005507
765 1 0.005502
766 1 0.003926
767 1 0.005293
768 1 0.005825
769 1 0.393049
770 1 0.012949
771 1 0.281319
772 1 0.071293
773 1 0.002907
774 1 0.080201
775 1 0.005290
776 1 0.003386
777 1 0.003402
778 1 0.002479
779 1 0.023530
780 1 0.002112
781 1 0.079500
782 1 0.022101
783 1 0.002653
784 1 0.003893
785 1 0.001907
786 1 0.003325
787 1 0.001896
788 1 0.382863
789 1 0.345294
790 1 0.012405
791 1 0.319711
792 1 0.003468
793 1 0.020060
794 1 0.175420
795 1 0.042774
796 1 0.006558
797 1 0.005362
798 1 0.027210
799 1 0.013927
800 1 0.004542
801 1 0.063330
802 1 0.052392
803 1 0.004882
804 1 0.153552
805 1 0.006773
806 1 0.019865
807 1 0.046025
808 1 0.066257
809 1 0.007088
810 1 0.130958
811 1 0.137771
812 1 0.065040
813 1 0.003926
814 1 0.040218
815 1 0.147478
816 1 0.430676
817 1 0.018632
818 1 0.003926
819 1 0.004366
820 1 0.004754
821 1 0.005967
822 1 0.003756
823 1 0.006364
824 1 0.032531
825 1 0.036937
826 1 0.009759
827 1 0.003365
828 1 0.004136
829 1 0.005327
830 1 0.003045
831 1 0.004277
832 1 0.006613
833 1 0.003469
834 1 0.018705
835 1 0.060796
836 1 0.005046
837 1 0.007633
838 1 0.002134
839 1 0.050666
840 1 0.049717
841 1 0.001887
842 1 0.002059
843 1 0.400774
844 1 0.023956
845 1 0.011262
846 1 0.390144
847 1 0.003027
848 1 0.004185
849 1 0.003071
850 1 0.002311
851 1 0.378884
852 1 0.178599
853 1 0.020291
854 1 0.065737
855 1 0.003803
856 1 0.096812
857 1 0.007302
858 1 0.035491
859 1 0.099553
860 1 0.004241
861 1 0.003568
862 1 0.059704
863 1 0.095394
864 1 0.004867
865 1 0.032244
866 1 0.002940
867 1 0.023809
868 1 0.002894
869 1 0.003484
870 1 0.006008
871 1 0.003538
872 1 0.003751
873 1 0.003905
874 1 0.002761
875 1 0.002404
876 1 0.271579
877 1 0.005077
878 1 0.020032
879 1 0.554699
880 1 0.003218
881 1 0.345696
882 1 0.004836
883 1 0.100803
884 1 0.061365
885 1 0.056483
886 1 0.186869
887 1 0.007258
888 1 0.004676
889 1 0.005730
890 1 0.012913
891 1 0.214302
892 1 0.029047
893 1 0.006877
894 1 0.025869
895 1 0.006067
896 1 0.004745
897 1 0.022961
898 1 0.007904
899 1 0.004666
900 1 0.003553
901 1 0.217199
902 1 0.487206
903 1 0.003379
904 1 0.231805
905 1 0.009170
906 1 0.028023
907 1 0.189729
908 1 0.115812
909 1 0.004465
910 1 0.068368
911 1 0.005126
912 1 0.004650
913 1 0.038049
914 1 0.006929
915 1 0.069198
916 1 0.060225
917 1 0.005161
918 1 0.008214
919 1 0.032319
920 1 0.020579
921 1 0.168066
922 1 0.004410
923 1 0.009716
924 1 0.061642
925 1 0.053884
926 1 0.025379
927 1 0.361959
928 1 0.230745
929 1 0.004838
930 1 0.079879
931 1 0.005576
932 1 0.011592
933 1 0.074103
934 1 0.018830
935 1 0.004052
936 1 0.399301
937 1 0.488726
938 1 0.031858
939 1 0.006016
940 1 0.042373
941 1 0.035282
942 1 0.048865
943 1 0.370113
944 1 0.026218
945 1 0.022225
946 1 0.012797
947 1 0.006973
948 1 0.007553
949 1 0.014913
950 1 0.102964
951 1 0.005987
952 1 0.011390
953 1 0.005299
954 1 0.004999
955 1 0.003957
956 1 0.600614
957 1 0.023209
958 1 0.037793
959 1 0.303891
960 1 0.003457
961 1 0.062498
962 1 0.002756
963 1 0.002961
964 1 0.002530
965 1 0.032706
966 1 0.033402
967 1 0.024090
968 1 0.006567
969 1 0.004685
970 1 0.039568
971 1 0.018028
972 1 0.017067
973 1 0.044808
974 1 0.041196
975 1 0.384041
976 1 0.002876
977 1 0.489057
978 1 0.005519
979 1 0.011008
980 1 0.105217
981 1 0.002128
982 1 0.002034
983 1 0.513622
984 1 0.003599
985 1 0.003421
986 1 0.003643
987 1 0.003283
988 1 0.011395
989 1 0.327798
990 1 0.006304
991 1 0.030808
992 1 0.005404
993 1 0.004907
994 1 0.016337
995 1 0.003713
996 1 0.003492
997 1 0.003423
998 1 0.005824
999 1 0.002592
1000 1 0.004004
1001 1 0.004879
1002 1 0.003172
1003 1 0.071416
1004 1 0.011400
1005 1 0.053155
1006 1 0.004887
1007 1 0.002833
1008 1 0.002261
1009 1 0.270527
1010 1 0.018879
1011 1 0.019709
1012 1 0.023812
1013 1 0.050632
1014 1 0.001217
1015 1 0.312589
1016 1 0.338151
1017 1 0.001503
1018 1 0.002302
1019 1 0.002342
1020 1 0.021982
1021 1 0.003839
1022 1 0.003958
1023 1 0.369280
1024 1 0.004986
1025 1 0.021958
1026 1 0.409573
1027 1 0.028835
1028 1 0.008048
1029 1 0.003091
1030 1 0.005421
1031 1 0.010670
1032 1 0.012570
1033 1 0.581296
1034 1 0.020332
1035 1 0.003661
1036 1 0.048493
1037 1 0.395245
1038 1 0.004106
1039 1 0.097617
1040 1 0.007013
1041 1 0.004958
1042 1 0.004893
1043 1 0.201442
1044 1 0.228173
1045 1 0.004960
1046 1 0.004931
1047 1 0.008553
1048 1 0.109866
1049 1 0.080699
1050 1 0.008382
1051 1 0.012128
1052 1 0.005751
1053 1 0.006015
1054 1 0.021112
1055 1 0.020181
1056 1 0.019557
1057 1 0.011914
1058 1 0.493042
1059 1 0.049933
1060 1 0.007250
1061 1 0.020291
1062 1 0.040790
1063 1 0.016016
1064 1 0.251169
1065 1 0.004033
1066 1 0.015335
1067 1 0.235075
1068 1 0.276634
1069 1 0.003463
1070 1 0.045389
1071 1 0.004061
1072 1 0.180725
1073 1 0.004652
1074 1 0.104720
1075 1 0.007850
1076 1 0.008629
1077 1 0.004315
1078 1 0.005591
1079 1 0.025407
1080 1 0.077899
1081 1 0.296595
1082 1 0.604765
1083 1 0.009908
1084 1 0.249272
1085 1 0.003828
1086 1 0.003237
1087 1 0.007020
1088 1 0.419195
1089 1 0.024768
1090 1 0.009622
1091 1 0.006810
1092 1 0.004332
1093 1 0.007277
1094 1 0.004049
1095 1 0.004369
1096 1 0.004620
1097 1 0.003293
1098 1 0.023261
1099 1 0.040754
1100 1 0.020109
1101 1 0.002712
1102 1 0.004683
1103 1 0.003413
1104 1 0.002430
1105 1 0.003749
1106 1 0.002562
1107 1 0.003058
1108 1 0.001786
1109 1 0.003264
1110 1 0.004747
1111 1 0.001343
1112 1 0.001365
1113 1 0.001341
1114 1 0.001557
1115 1 0.147313
1116 1 0.010898
1117 1 0.000914
1118 1 0.279366
1119 1 0.001345
1120 1 0.025249
1121 1 0.029474
1122 1 0.099778
1123 1 0.465454
1124 1 0.008767
1125 1 0.022361
1126 1 0.149445
1127 1 0.317806
1128 1 0.003603
1129 1 0.027229
1130 1 0.002041
1131 1 0.082025
1132 1 0.054328
1133 1 0.040085
1134 1 0.005182
1135 1 0.033386
1136 1 0.011931
1137 1 0.006801
1138 1 0.003669
1139 1 0.030853
1140 1 0.024301
1141 1 0.083272
1142 1 0.068046
1143 1 0.103510
1144 1 0.003992
1145 1 0.405311
1146 1 0.049107
1147 1 0.003200
1148 1 0.021464
1149 1 0.503238
1150 1 0.029290
1151 1 0.517170
1152 1 0.014839
1153 1 0.003381
1154 1 0.003688
1155 1 0.030636
1156 1 0.026313
1157 1 0.538009
1158 1 0.006292
1159 1 0.006600
1160 1 0.003775
1161 1 0.022697
1162 1 0.004405
1163 1 0.016539
1164 1 0.016436
1165 1 0.011365
1166 1 0.488583
1167 1 0.003817
1168 1 0.210678
1169 1 0.003946
1170 1 0.156812
1171 1 0.005775
1172 1 0.007614
1173 1 0.045248
1174 1 0.011055
1175 1 0.004550
1176 1 0.004538
1177 1 0.069862
1178 1 0.182529
1179 1 0.024708
1180 1 0.468361
1181 1 0.362520
1182 1 0.004860
1183 1 0.048302
1184 1 0.003901
1185 1 0.498927
1186 1 0.056694
1187 1 0.385577
1188 1 0.130869
1189 1 0.004531
1190 1 0.004068
1191 1 0.277692
1192 1 0.006660
1193 1 0.667215
1194 1 0.005955
1195 1 0.004167
1196 1 0.017201
1197 1 0.006893
1198 1 0.004966
1199 1 0.086632
1200 2 0.029324
1201 2 0.005225
1202 2 0.199468
1203 2 0.007017
1204 2 0.004152
1205 2 0.003607
1206 2 0.008977
1207 2 0.094531
1208 2 0.068558
1209 2 0.002892
1210 2 0.005077
1211 2 0.010432
1212 2 0.067240
1213 2 0.004523
1214 2 0.002189
1215 2 0.003116
1216 2 0.010944
1217 2 0.296351
1218 2 0.002279
1219 2 0.003344
1220 2 0.002687
1221 2 0.002673
1222 2 0.004189
1223 2 0.032354
1224 2 0.002849
1225 2 0.049069
1226 2 0.376100
1227 2 0.004542
1228 2 0.002567
1229 2 0.005600
1230 2 0.001480
1231 2 0.004792
1232 2 0.213911
1233 2 0.470359
1234 2 0.186784
1235 2 0.023733
1236 2 0.025035
1237 2 0.016621
1238 2 0.090387
1239 2 0.021690
1240 2 0.018661
1241 2 0.009933
1242 2 0.013423
1243 2 0.018736
1244 2 0.054850
1245 2 0.005701
1246 2 0.353770
1247 2 0.498013
1248 2 0.014528
1249 2 0.004770
1250 2 0.006868
1251 2 0.119522
1252 2 0.124186
1253 2 0.004454
1254 2 0.215052
1255 2 0.058068
1256 2 0.094946
1257 2 0.007505
1258 2 0.576350
1259 2 0.612368
1260 2 0.175601
1261 2 0.359885
1262 2 0.004460
1263 2 0.010400
1264 2 0.061839
1265 2 0.009333
1266 2 0.407700
1267 2 0.005752
1268 2 0.008497
1269 2 0.413589
1270 2 0.422806
1271 2 0.006400
1272 2 0.393061
1273 2 0.021808
1274 2 0.347704
1275 2 0.008411
1276 2 0.005961
1277 2 0.133518
1278 2 0.053271
1279 2 0.015072
1280 2 0.007134
1281 2 0.019284
1282 2 0.005303
1283 2 0.024503
1284 2 0.160666
1285 2 0.522453
1286 2 0.005549
1287 2 0.033415
1288 2 0.007934
1289 2 0.003992
1290 2 0.004215
1291 2 0.005720
1292 2 0.021613
1293 2 0.060453
1294 2 0.440105
1295 2 0.556750
1296 2 0.007194
1297 2 0.407363
1298 2 0.019931
1299 2 0.040931
1300 2 0.004953
1301 2 0.004366
1302 2 0.004593
1303 2 0.501348
1304 2 0.003244
1305 2 0.006749
1306 2 0.004144
1307 2 0.004127
1308 2 0.008473
1309 2 0.003222
1310 2 0.005038
1311 2 0.003397
1312 2 0.220169
1313 2 0.026930
1314 2 0.053928
1315 2 0.002435
1316 2 0.141423
1317 2 0.002375
1318 2 0.007758
1319 2 0.034278
1320 2 0.264880
1321 2 0.027845
1322 2 0.026492
1323 2 0.494004
1324 2 0.090675
1325 2 0.029598
1326 2 0.002407
1327 2 0.297881
1328 2 0.006736
1329 2 0.021778
1330 2 0.014177
1331 2 0.289021
1332 2 0.003738
1333 2 0.004550
1334 2 0.621532
1335 2 0.542237
1336 2 0.003661
1337 2 0.006190
1338 2 0.003835
1339 2 0.042245
1340 2 0.003411
1341 2 0.033695
1342 2 0.003693
1343 2 0.124942
1344 2 0.003799
1345 2 0.075181
1346 2 0.004588
1347 2 0.015797
1348 2 0.018012
1349 2 0.262507
1350 2 0.026551
1351 2 0.024795
1352 2 0.002623
1353 2 0.009756
1354 2 0.017277
1355 2 0.391813
1356 2 0.002463
1357 2 0.022228
1358 2 0.014413
1359 2 0.004037
1360 2 0.150618
1361 2 0.002080
1362 2 0.002245
1363 2 0.291319
1364 2 0.002403
1365 2 0.005373
1366 2 0.002999
1367 2 0.010326
1368 2 0.139035
1369 2 0.013740
1370 2 0.004992
1371 2 0.126467
1372 2 0.008660
1373 2 0.028410
1374 2 0.003038
1375 2 0.042403
1376 2 0.168213
1377 2 0.018441
1378 2 0.067384
1379 2 0.024115
1380 2 0.002221
1381 2 0.010046
1382 2 0.057525
1383 2 0.002652
1384 2 0.300445
1385 2 0.098544
1386 2 0.009074
1387 2 0.023303
1388 2 0.002880
1389 2 0.005670
1390 2 0.003999
1391 2 0.003889
1392 2 0.003205
1393 2 0.061607
1394 2 0.002952
1395 2 0.003292
1396 2 0.003219
1397 2 0.002740
1398 2 0.002653
1399 2 0.063153
1400 2 0.035065
1401 2 0.004271
1402 2 0.001457
1403 2 0.074326
1404 2 0.106568
1405 2 0.019754
1406 2 0.169549
1407 2 0.021499
1408 2 0.201311
1409 2 0.002035
1410 2 0.463870
1411 2 0.258986
1412 2 0.206434
1413 2 0.003276
1414 2 0.004369
1415 2 0.002421
1416 2 0.540855
1417 2 0.003767
1418 2 0.177687
1419 2 0.005723
1420 2 0.013577
1421 2 0.008188
1422 2 0.256541
1423 2 0.005040
1424 2 0.021220
1425 2 0.005224
1426 2 0.003653
1427 2 0.271719
1428 2 0.004359
1429 2 0.005853
1430 2 0.004427
1431 2 0.003609
1432 2 0.260223
1433 2 0.058402
1434 2 0.007187
1435 2 0.436234
1436 2 0.199098
1437 2 0.005959
1438 2 0.008523
1439 2 0.088616
1440 2 0.030305
1441 2 0.014378
1442 2 0.004270
1443 2 0.603368
1444 2 0.038169
1445 2 0.003914
1446 2 0.006133
1447 2 0.007158
1448 2 0.120107
1449 2 0.003444
1450 2 0.062969
1451 2 0.002641
1452 2 0.027647
1453 2 0.056449
1454 2 0.022216
1455 2 0.019997
1456 2 0.002446
1457 2 0.002068
1458 2 0.003755
1459 2 0.052655
1460 2 0.015813
1461 2 0.375433
1462 2 0.347479
1463 2 0.202054
1464 2 0.001840
1465 2 0.051233
1466 2 0.007875
1467 2 0.005162
1468 2 0.438416
1469 2 0.068954
1470 2 0.390559
1471 2 0.040370
1472 2 0.004168
1473 2 0.006301
1474 2 0.007696
1475 2 0.004057
1476 2 0.004903
1477 2 0.030190
1478 2 0.104908
1479 2 0.033140
1480 2 0.005240
1481 2 0.012070
1482 2 0.336233
1483 2 0.562957
1484 2 0.043889
1485 2 0.030538
1486 2 0.004063
1487 2 0.015404
1488 2 0.011091
1489 2 0.004431
1490 2 0.276643
1491 2 0.188603
1492 2 0.005072
1493 2 0.004846
1494 2 0.005426
1495 2 0.028599
1496 2 0.100066
1497 2 0.303071
1498 2 0.074246
1499 2 0.030055
1500 2 0.012640
1501 2 0.028042
1502 2 0.003163
1503 2 0.006785
1504 2 0.043072
1505 2 0.049728
1506 2 0.004255
1507 2 0.004152
1508 2 0.088243
1509 2 0.003694
1510 2 0.549936
1511 2 0.009224
1512 2 0.230232
1513 2 0.272903
1514 2 0.002360
1515 2 0.082601
1516 2 0.007936
1517 2 0.395093
1518 2 0.009891
1519 2 0.002366
1520 2 0.055511
1521 2 0.032772
1522 2 0.002693
1523 2 0.002809
1524 2 0.003588
1525 2 0.010068
1526 2 0.406462
1527 2 0.006220
1528 2 0.007450
1529 2 0.071495
1530 2 0.006477
1531 2 0.022927
1532 2 0.006214
1533 2 0.133008
1534 2 0.005795
1535 2 0.013859
1536 2 0.219864
1537 2 0.062937
1538 2 0.003267
1539 2 0.002536
1540 2 0.448437
1541 2 0.003235
1542 2 0.008408
1543 2 0.043263
1544 2 0.005953
1545 2 0.002799
1546 2 0.003705
1547 2 0.016861
1548 2 0.186694
1549 2 0.005377
1550 2 0.003143
1551 2 0.002624
1552 2 0.011033
1553 2 0.018248
1554 2 0.055813
1555 2 0.004283
1556 2 0.003193
1557 2 0.011859
1558 2 0.010487
1559 2 0.023335
1560 2 0.002762
1561 2 0.146967
1562 2 0.024704
1563 2 0.095003
1564 2 0.010157
1565 2 0.002218
1566 2 0.175849
1567 2 0.002320
1568 2 0.004549
1569 2 0.001632
1570 2 0.019946
1571 2 0.023743
1572 2 0.056339
1573 2 0.221317
1574 2 0.094530
1575 2 0.008484
1576 2 0.022626
1577 2 0.002154
1578 2 0.391726
1579 2 0.028688
1580 2 0.007238
1581 2 0.005937
1582 2 0.240249
1583 2 0.149496
1584 2 0.012746
1585 2 0.005349
1586 2 0.180430
1587 2 0.004985
1588 2 0.168479
1589 2 0.009901
1590 2 0.064455
1591 2 0.002999
1592 2 0.095666
1593 2 0.004769
1594 2 0.135309
1595 2 0.197553
1596 2 0.157711
1597 2 0.003655
1598 2 0.002316
1599 2 0.095723
1600 2 0.014814
1601 2 0.006414
1602 2 0.003202
1603 2 0.005311
1604 2 0.002949
1605 2 0.004507
1606 2 0.240666
1607 2 0.216839
1608 2 0.017690
1609 2 0.003831
1610 2 0.011379
1611 2 0.024406
1612 2 0.033403
1613 2 0.020333
1614 2 0.342241
1615 2 0.004385
1616 2 0.040775
1617 2 0.313113
1618 2 0.006341
1619 2 0.002346
1620 2 0.003571
1621 2 0.134630
1622 2 0.002393
1623 2 0.052641
1624 2 0.016952
1625 2 0.038329
1626 2 0.024446
1627 2 0.004437
1628 2 0.001886
1629 2 0.009128
1630 2 0.042063
1631 2 0.419779
1632 2 0.332916
1633 2 0.003998
1634 2 0.002156
1635 2 0.046911
1636 2 0.037711
1637 2 0.106230
1638 2 0.021467
1639 2 0.002574
1640 2 0.024163
1641 2 0.016326
1642 2 0.022677
1643 2 0.002368
1644 2 0.008803
1645 2 0.055019
1646 2 0.002966
1647 2 0.153595
1648 2 0.014610
1649 2 0.005285
1650 2 0.016834
1651 2 0.007215
1652 2 0.540253
1653 2 0.250100
1654 2 0.019886
1655 2 0.001825
1656 2 0.002428
1657 2 0.013283
1658 2 0.004591
1659 2 0.009405
1660 2 0.001477
1661 2 0.005612
1662 2 0.007550
1663 2 0.004102
1664 2 0.001711
1665 2 0.102989
1666 2 0.385124
1667 2 0.282930
1668 2 0.040941
1669 2 0.093840
1670 2 0.023420
1671 2 0.059710
1672 2 0.037707
1673 2 0.017031
1674 2 0.002744
1675 2 0.002092
1676 2 0.016366
1677 2 0.302313
1678 2 0.626016
1679 2 0.003652
1680 2 0.015304
1681 2 0.047247
1682 2 0.002225
1683 2 0.012918
1684 2 0.003071
1685 2 0.002256
1686 2 0.004413
1687 2 0.002348
1688 2 0.453847
1689 2 0.046588
1690 2 0.013134
1691 2 0.044015
1692 2 0.002069
1693 2 0.464012
1694 2 0.003329
1695 2 0.003462
1696 2 0.002414
1697 2 0.002147
1698 2 0.002331
1699 2 0.010397
1700 2 0.053988
1701 2 0.070458
1702 2 0.029896
1703 2 0.006216
1704 2 0.160432
1705 2 0.006035
1706 2 0.047304
1707 2 0.471592
1708 2 0.001898
1709 2 0.024823
1710 2 0.112042
1711 2 0.017967
1712 2 0.010556
1713 2 0.001772
1714 2 0.023922
1715 2 0.047701
1716 2 0.004460
1717 2 0.002998
1718 2 0.008227
1719 2 0.039994
1720 2 0.004349
1721 2 0.043588
1722 2 0.211649
1723 2 0.002834
1724 2 0.096231
1725 2 0.043902
1726 2 0.012553
1727 2 0.015189
1728 2 0.249961
1729 2 0.026409
1730 2 0.211939
1731 2 0.003684
1732 2 0.002372
1733 2 0.006851
1734 2 0.029258
1735 2 0.002283
1736 2 0.005221
1737 2 0.367656
1738 2 0.004980
1739 2 0.044463
1740 2 0.002276
1741 2 0.004020
1742 2 0.018820
1743 2 0.114221
1744 2 0.003299
1745 2 0.010294
1746 2 0.002667
1747 2 0.002060
1748 2 0.003621
1749 2 0.055580
1750 2 0.003535
1751 2 0.019194
1752 2 0.022144
1753 2 0.393280
1754 2 0.030553
1755 2 0.077120
1756 2 0.003765
1757 2 0.219053
1758 2 0.239254
1759 2 0.446771
1760 2 0.087295
1761 2 0.004146
1762 2 0.593190
1763 2 0.069201
1764 2 0.499720
1765 2 0.022064
1766 2 0.003720
1767 2 0.003786
1768 2 0.028998
1769 2 0.003895
1770 2 0.005580
1771 2 0.011955
1772 2 0.003773
1773 2 0.003928
1774 2 0.046539
1775 2 0.017280
1776 2 0.004629
1777 2 0.002790
1778 2 0.003495
1779 2 0.004695
1780 2 0.002693
1781 2 0.004073
1782 2 0.128296
1783 2 0.001896
1784 2 0.001610
1785 2 0.169529
1786 2 0.001514
1787 2 0.096956
1788 2 0.007983
1789 2 0.170768
1790 2 0.001391
1791 2 0.015140
1792 2 0.003640
1793 2 0.001303
1794 2 0.001488
1795 2 0.099403
1796 2 0.202419
1797 2 0.001292
1798 2 0.449386
1799 2 0.001615
1800 2 0.001720
1801 2 0.017983
1802 2 0.011951
1803 2 0.002543
1804 2 0.027376
1805 2 0.001842
1806 2 0.022074
1807 2 0.003963
1808 2 0.032214
1809 2 0.001823
1810 2 0.011860
1811 2 0.003182
1812 2 0.059708
1813 2 0.001870
1814 2 0.031134
1815 2 0.002771
1816 2 0.043717
1817 2 0.001557
1818 2 0.005620
1819 2 0.002236
1820 2 0.043749
1821 2 0.045506
1822 2 0.053263
1823 2 0.004422
1824 2 0.006117
1825 2 0.006865
1826 2 0.000873
1827 2 0.004379
1828 2 0.018776
1829 2 0.041627
1830 2 0.032891
1831 2 0.064375
1832 2 0.043152
1833 2 0.049392
1834 2 0.004157
1835 2 0.000831
1836 2 0.006738
1837 2 0.022678
1838 2 0.001443
1839 2 0.191726
1840 2 0.002036
1841 2 0.494038
1842 2 0.015830
1843 2 0.472761
1844 2 0.142132
1845 2 0.021159
1846 2 0.043150
1847 2 0.081005
1848 2 0.004804
1849 2 0.554907
1850 2 0.004159
1851 2 0.034854
1852 2 0.004282
1853 2 0.019538
1854 2 0.029189
1855 2 0.004047
1856 2 0.065908
1857 2 0.040219
1858 2 0.013459
1859 2 0.114097
1860 2 0.003582
1861 2 0.004353
1862 2 0.003607
1863 2 0.002841
1864 2 0.002286
1865 2 0.158681
1866 2 0.002602
1867 2 0.010883
1868 2 0.008462
1869 2 0.029133
1870 2 0.271292
1871 2 0.006002
1872 2 0.001856
1873 2 0.332309
1874 2 0.001637
1875 2 0.002375
1876 2 0.038969
1877 2 0.432322
1878 2 0.259668
1879 2 0.001980
1880 2 0.017909
1881 2 0.033451
1882 2 0.078841
1883 2 0.106690
1884 2 0.054079
1885 2 0.005125
1886 2 0.010133
1887 2 0.585607
1888 2 0.004660
1889 2 0.003149
1890 2 0.166950
1891 2 0.002537
1892 2 0.003715
1893 2 0.011187
1894 2 0.004863
1895 2 0.023307
1896 2 0.011351
1897 2 0.365806
1898 2 0.003131
1899 2 0.179678
1900 2 0.239210
1901 2 0.001946
1902 2 0.003959
1903 2 0.050991
1904 2 0.002095
1905 2 0.002348
1906 2 0.004636
1907 2 0.425171
1908 2 0.027566
1909 2 0.004690
1910 2 0.005246
1911 2 0.002898
1912 2 0.009530
1913 2 0.046448
1914 2 0.299128
1915 2 0.065878
1916 2 0.003130
1917 2 0.261465
1918 2 0.147098
1919 2 0.064720
1920 2 0.013313
1921 2 0.012335
1922 2 0.004061
1923 2 0.540020
1924 2 0.004745
1925 2 0.028594
1926 2 0.117177
1927 2 0.006821
1928 2 0.012021
1929 2 0.024132
1930 2 0.311524
1931 2 0.026771
1932 2 0.005892
1933 2 0.006302
1934 2 0.004934
1935 2 0.017911
1936 2 0.003561
1937 2 0.403320
1938 2 0.054668
1939 2 0.003195
1940 2 0.125699
1941 2 0.040514
1942 2 0.005965
1943 2 0.240586
1944 2 0.222408
1945 2 0.074244
1946 2 0.010528
1947 2 0.061796
1948 2 0.017902
1949 2 0.003713
1950 2 0.021725
1951 2 0.003252
1952 2 0.024278
1953 2 0.004287
1954 2 0.006358
1955 2 0.323352
1956 2 0.006361
1957 2 0.073144
1958 2 0.087694
1959 2 0.004871
1960 2 0.002777
1961 2 0.002790
1962 2 0.191441
1963 2 0.003315
1964 2 0.002746
1965 2 0.652128
1966 2 0.025142
1967 2 0.002243
1968 2 0.127736
1969 2 0.212439
1970 2 0.003730
1971 2 0.040939
1972 2 0.003530
1973 2 0.265261
1974 2 0.003306
1975 2 0.030207
1976 2 0.072257
1977 2 0.003318
1978 2 0.185554
1979 2 0.045198
1980 2 0.112280
1981 2 0.006116
1982 2 0.011611
1983 2 0.002673
1984 2 0.005230
1985 2 0.004338
1986 2 0.006844
1987 2 0.002518
1988 2 0.003370
1989 2 0.012183
1990 2 0.451518
1991 2 0.001925
1992 2 0.063018
1993 2 0.002378
1994 2 0.419076
1995 2 0.201293
1996 2 0.005985
1997 2 0.004084
1998 2 0.326626
1999 2 0.002530
2000 2 0.387235
2001 2 0.018462
2002 2 0.026618
2003 2 0.005862
2004 2 0.125637
2005 2 0.003920
2006 2 0.004919
2007 2 0.004444
2008 2 0.004520
2009 2 0.103683
2010 2 0.008306
2011 2 0.004728
2012 2 0.004135
2013 2 0.296226
2014 2 0.005146
2015 2 0.160960
2016 2 0.003682
2017 2 0.034735
2018 2 0.117136
2019 2 0.128464
2020 2 0.002742
2021 2 0.050621
2022 2 0.007250
2023 2 0.061420
2024 2 0.003506
2025 2 0.002645
2026 2 0.002785
2027 2 0.045857
2028 2 0.004054
2029 2 0.057102
2030 2 0.005626
2031 2 0.002763
2032 2 0.102252
2033 2 0.021828
2034 2 0.018217
2035 2 0.212557
2036 2 0.004144
2037 2 0.279867
2038 2 0.178842
2039 2 0.002100
2040 2 0.002182
2041 2 0.004027
2042 2 0.002908
2043 2 0.026954
2044 2 0.002626
2045 2 0.036576
2046 2 0.054751
2047 2 0.216649
2048 2 0.005452
2049 2 0.009868
2050 2 0.272167
2051 2 0.305425
2052 2 0.027743
2053 2 0.004256
2054 2 0.004297
2055 2 0.331079
2056 2 0.013560
2057 2 0.004996
2058 2 0.433502
2059 2 0.099724
2060 2 0.006010
2061 2 0.006345
2062 2 0.006384
2063 2 0.006803
2064 2 0.007733
2065 2 0.033384
2066 2 0.092300
2067 2 0.014792
2068 2 0.004864
2069 2 0.005278
2070 2 0.540735
2071 2 0.017802
2072 2 0.004091
2073 2 0.075999
2074 2 0.006600
2075 2 0.377414
2076 2 0.003327
2077 2 0.011554
2078 2 0.003219
2079 2 0.003009
2080 2 0.019870
2081 2 0.017772
2082 2 0.263732
2083 2 0.001902
2084 2 0.333023
2085 2 0.002221
2086 2 0.061872
2087 2 0.024895
2088 2 0.001848
2089 2 0.046876
2090 2 0.174329
2091 2 0.316231
2092 2 0.018826
2093 2 0.009970
2094 2 0.093328
2095 2 0.002495
2096 2 0.034418
2097 2 0.004596
2098 2 0.018162
2099 2 0.016449
2100 2 0.025591
2101 2 0.035345
2102 2 0.316936
2103 2 0.004010
2104 2 0.003150
2105 2 0.002899
2106 2 0.004511
2107 2 0.181329
2108 2 0.022776
2109 2 0.218735
2110 2 0.011397
2111 2 0.006225
2112 2 0.003223
2113 2 0.028636
2114 2 0.099211
2115 2 0.003008
2116 2 0.003355
2117 2 0.002347
2118 2 0.289911
2119 2 0.004330
2120 2 0.092411
2121 2 0.081650
2122 2 0.001935
2123 2 0.038695
2124 2 0.063070
2125 2 0.030099
2126 2 0.031319
2127 2 0.287949
2128 2 0.001801
2129 2 0.001740
2130 2 0.004490
2131 2 0.001831
2132 2 0.095849
2133 2 0.035855
2134 2 0.267769
2135 2 0.005913
2136 2 0.002849
2137 2 0.037576
2138 2 0.003789
2139 2 0.005158
2140 2 0.027022
2141 2 0.001854
2142 2 0.012922
2143 2 0.007046
2144 2 0.021582
2145 2 0.001667
2146 2 0.014090
2147 2 0.001700
2148 2 0.014107
2149 2 0.174813
2150 2 0.106513
2151 2 0.002836
2152 2 0.116363
2153 2 0.010505
2154 2 0.001596
2155 2 0.084621
2156 2 0.007501
2157 2 0.001742
2158 2 0.018156
2159 2 0.009878
2160 2 0.301902
2161 2 0.005324
2162 2 0.002392
2163 2 0.255258
2164 2 0.079519
2165 2 0.247031
2166 2 0.012356
2167 2 0.017781
2168 2 0.019342
2169 2 0.002916
2170 2 0.185571
2171 2 0.047127
2172 2 0.003546
2173 2 0.003739
2174 2 0.014008
2175 2 0.002969
2176 2 0.492280
2177 2 0.023748
2178 2 0.021560
2179 2 0.002337
2180 2 0.003891
2181 2 0.079566
2182 2 0.002393
2183 2 0.010347
2184 2 0.010192
2185 2 0.004058
2186 2 0.001873
2187 2 0.006987
2188 2 0.002018
2189 2 0.275472
2190 2 0.001367
2191 2 0.058172
2192 2 0.002691
2193 2 0.005925
2194 2 0.001441
2195 2 0.022191
2196 2 0.004218
2197 2 0.529980
2198 2 0.002613
2199 2 0.011663
2200 2 0.002759
2201 2 0.003086
2202 2 0.008562
2203 2 0.003823
2204 2 0.002289
2205 2 0.578494
2206 2 0.056186
2207 2 0.107007
2208 2 0.010639
2209 2 0.063722
2210 2 0.018687
2211 2 0.151638
2212 2 0.002149
2213 2 0.017781
2214 2 0.052209
2215 2 0.002505
2216 2 0.484085
2217 2 0.009133
2218 2 0.040214
2219 2 0.002390
2220 2 0.004483
2221 2 0.026828
2222 2 0.035403
2223 2 0.091454
2224 2 0.057838
2225 2 0.255524
2226 2 0.004522
2227 2 0.001996
2228 2 0.002420
2229 2 0.004278
2230 2 0.121790
2231 2 0.220327
2232 2 0.004270
2233 2 0.250452
2234 2 0.032891
2235 2 0.005774
2236 2 0.080778
2237 2 0.004574
2238 2 0.011934
2239 2 0.003088
2240 2 0.002681
2241 2 0.009345
2242 2 0.004915
2243 2 0.022054
2244 2 0.157920
2245 2 0.022441
2246 2 0.076559
2247 2 0.122518
2248 2 0.001964
2249 2 0.194156
2250 2 0.002425
2251 2 0.002234
2252 2 0.001915
2253 2 0.003251
2254 2 0.089460
2255 2 0.001965
2256 2 0.025935
2257 2 0.002496
2258 2 0.039610
2259 2 0.002946
2260 2 0.026273
2261 2 0.003578
2262 2 0.027409
2263 2 0.033912
2264 2 0.003308
2265 2 0.147258
2266 2 0.155961
2267 2 0.266610
2268 2 0.071474
2269 2 0.001020
2270 2 0.003140
2271 2 0.006107
2272 2 0.345428
2273 2 0.017689
2274 2 0.010424
2275 2 0.002115
2276 2 0.020367
2277 2 0.002519
2278 2 0.250277
2279 2 0.161664
2280 2 0.329397
2281 2 0.003474
2282 2 0.017872
2283 2 0.012378
2284 2 0.062100
2285 2 0.003973
2286 2 0.007228
2287 2 0.004510
2288 2 0.144135
2289 2 0.034660
2290 2 0.006989
2291 2 0.006297
2292 2 0.038310
2293 2 0.004776
2294 2 0.033576
2295 2 0.004854
2296 2 0.005567
2297 2 0.002604
2298 2 0.093753
2299 2 0.005078
2300 2 0.004802
2301 2 0.004416
2302 2 0.007650
2303 2 0.104214
2304 2 0.002261
2305 2 0.023658
2306 2 0.007498
2307 2 0.043391
2308 2 0.003962
2309 2 0.001097
2310 2 0.002042
2311 2 0.001666
2312 2 0.027312
2313 2 0.001177
2314 2 0.049038
2315 2 0.051490
2316 2 0.000925
2317 2 0.003939
2318 2 0.002401
2319 2 0.183327
2320 2 0.001771
2321 2 0.107897
2322 2 0.002167
2323 2 0.034212
2324 2 0.037154
2325 2 0.007457
2326 2 0.001551
2327 2 0.411806
2328 2 0.019991
2329 2 0.068279
2330 2 0.062110
2331 2 0.014172
2332 2 0.006677
2333 2 0.002390
2334 2 0.287297
2335 2 0.001719
2336 2 0.373494
2337 2 0.002305
2338 2 0.409092
2339 2 0.002334
2340 2 0.252418
2341 2 0.034360
2342 2 0.003039
2343 2 0.003130
2344 2 0.007855
2345 2 0.003478
2346 2 0.055193
2347 2 0.004135
2348 2 0.304505
2349 2 0.003557
2350 2 0.137732
2351 2 0.020041
2352 2 0.278701
2353 2 0.006677
2354 2 0.007134
2355 2 0.062927
2356 2 0.127609
2357 2 0.004196
2358 2 0.003940
2359 2 0.005298
2360 2 0.269996
2361 2 0.003628
2362 2 0.059541
2363 2 0.507296
2364 2 0.342547
2365 2 0.005714
2366 2 0.005551
2367 2 0.003913
2368 2 0.007774
2369 2 0.255836
2370 2 0.074116
2371 2 0.005125
2372 2 0.004200
2373 2 0.004584
2374 2 0.003860
2375 2 0.003905
2376 2 0.252372
2377 2 0.098858
2378 2 0.003389
2379 2 0.003942
2380 2 0.418239
2381 2 0.046408
2382 2 0.003713
2383 2 0.098964
2384 2 0.005780
2385 2 0.011479
2386 2 0.023535
2387 2 0.055191
2388 2 0.043709
2389 2 0.080633
2390 2 0.046169
2391 2 0.011181
2392 2 0.101396
2393 2 0.019535
2394 2 0.001634
2395 2 0.075792
2396 2 0.024604
2397 2 0.487212
2398 2 0.053496
2399 2 0.012611
2400 3 0.015507
2401 3 0.012676
2402 3 0.011519
2403 3 0.148639
2404 3 0.332906
2405 3 0.003716
2406 3 0.005178
2407 3 0.013111
2408 3 0.319026
2409 3 0.540167
2410 3 0.023622
2411 3 0.004229
2412 3 0.312195
2413 3 0.020498
2414 3 0.077455
2415 3 0.095444
2416 3 0.063281
2417 3 0.027753
2418 3 0.333915
2419 3 0.238555
2420 3 0.045122
2421 3 0.222707
2422 3 0.003408
2423 3 0.157484
2424 3 0.007060
2425 3 0.007732
2426 3 0.073085
2427 3 0.005749
2428 3 0.014012
2429 3 0.012724
2430 3 0.023201
2431 3 0.003406
2432 3 0.401815
2433 3 0.032341
2434 3 0.069600
2435 3 0.016550
2436 3 0.056313
2437 3 0.060783
2438 3 0.005299
2439 3 0.101358
2440 3 0.002982
2441 3 0.071446
2442 3 0.013792
2443 3 0.024854
2444 3 0.004466
2445 3 0.019311
2446 3 0.002161
2447 3 0.002321
2448 3 0.004734
2449 3 0.006608
2450 3 0.001726
2451 3 0.005662
2452 3 0.042141
2453 3 0.001941
2454 3 0.004171
2455 3 0.001650
2456 3 0.003372
2457 3 0.148529
2458 3 0.039660
2459 3 0.001380
2460 3 0.002044
2461 3 0.405804
2462 3 0.024581
2463 3 0.122997
2464 3 0.000781
2465 3 0.004183
2466 3 0.001259
2467 3 0.002330
2468 3 0.083647
2469 3 0.001128
2470 3 0.007496
2471 3 0.001171
2472 3 0.059077
2473 3 0.001095
2474 3 0.478240
2475 3 0.060434
2476 3 0.001117
2477 3 0.001926
2478 3 0.001576
2479 3 0.003286
2480 3 0.004220
2481 3 0.009774
2482 3 0.001139
2483 3 0.001602
2484 3 0.009548
2485 3 0.004897
2486 3 0.267592
2487 3 0.002388
2488 3 0.001231
2489 3 0.216229
2490 3 0.162385
2491 3 0.089174
2492 3 0.001096
2493 3 0.193375
2494 3 0.004188
2495 3 0.004146
2496 3 0.335263
2497 3 0.024261
2498 3 0.002895
2499 3 0.002274
2500 3 0.006485
2501 3 0.166357
2502 3 0.041627
2503 3 0.051365
2504 3 0.004200
2505 3 0.007009
2506 3 0.026749
2507 3 0.003209
2508 3 0.020685
2509 3 0.007484
2510 3 0.309350
2511 3 0.010593
2512 3 0.010316
2513 3 0.160960
2514 3 0.294150
2515 3 0.016119
2516 3 0.002264
2517 3 0.007741
2518 3 0.003700
2519 3 0.569615
2520 3 0.090856
2521 3 0.128104
2522 3 0.142192
2523 3 0.163219
2524 3 0.015566
2525 3 0.211743
2526 3 0.041897
2527 3 0.003115
2528 3 0.003215
2529 3 0.004009
2530 3 0.003499
2531 3 0.003375
2532 3 0.003975
2533 3 0.003109
2534 3 0.013368
2535 3 0.007379
2536 3 0.002499
2537 3 0.018737
2538 3 0.001954
2539 3 0.002406
2540 3 0.047758
2541 3 0.083778
2542 3 0.005970
2543 3 0.002422
2544 3 0.262152
2545 3 0.003342
2546 3 0.001863
2547 3 0.004625
2548 3 0.260844
2549 3 0.003401
2550 3 0.230208
2551 3 0.098866
2552 3 0.174636
2553 3 0.020837
2554 3 0.001893
2555 3 0.004331
2556 3 0.252596
2557 3 0.064158
2558 3 0.211629
2559 3 0.003755
2560 3 0.061607
2561 3 0.002887
2562 3 0.015265
2563 3 0.365411
2564 3 0.109448
2565 3 0.026981
2566 3 0.014611
2567 3 0.016681
2568 3 0.018762
2569 3 0.022504
2570 3 0.393332
2571 3 0.007548
2572 3 0.037743
2573 3 0.268429
2574 3 0.003841
2575 3 0.003040
2576 3 0.109631
2577 3 0.132596
2578 3 0.003569
2579 3 0.557297
2580 3 0.004318
2581 3 0.092320
2582 3 0.003837
2583 3 0.007836
2584 3 0.004171
2585 3 0.003882
2586 3 0.468550
2587 3 0.045075
2588 3 0.281951
2589 3 0.459389
2590 3 0.045085
2591 3 0.414713
2592 3 0.007282
2593 3 0.008426
2594 3 0.072141
2595 3 0.003885
2596 3 0.003181
2597 3 0.186977
2598 3 0.003898
2599 3 0.003136
2600 3 0.004137
2601 3 0.056753
2602 3 0.025921
2603 3 0.231130
2604 3 0.002670
2605 3 0.061595
2606 3 0.091656
2607 3 0.003007
2608 3 0.466995
2609 3 0.003396
2610 3 0.030172
2611 3 0.011305
2612 3 0.024604
2613 3 0.003407
2614 3 0.021223
2615 3 0.018293
2616 3 0.003320
2617 3 0.006200
2618 3 0.029428
2619 3 0.176119
2620 3 0.003333
2621 3 0.013091
2622 3 0.016477
2623 3 0.005205
2624 3 0.002147
2625 3 0.499919
2626 3 0.168883
2627 3 0.002140
2628 3 0.124340
2629 3 0.007022
2630 3 0.001918
2631 3 0.004363
2632 3 0.034756
2633 3 0.439108
2634 3 0.041752
2635 3 0.020989
2636 3 0.005539
2637 3 0.011995
2638 3 0.004557
2639 3 0.003018
2640 3 0.006417
2641 3 0.002442
2642 3 0.406169
2643 3 0.037818
2644 3 0.364494
2645 3 0.077678
2646 3 0.007298
2647 3 0.002684
2648 3 0.267932
2649 3 0.004246
2650 3 0.004223
2651 3 0.069821
2652 3 0.093369
2653 3 0.005017
2654 3 0.006643
2655 3 0.003292
2656 3 0.003821
2657 3 0.083771
2658 3 0.082490
2659 3 0.003850
2660 3 0.013726
2661 3 0.013713
2662 3 0.061984
2663 3 0.005886
2664 3 0.032468
2665 3 0.002717
2666 3 0.009804
2667 3 0.348103
2668 3 0.429131
2669 3 0.084520
2670 3 0.026670
2671 3 0.006978
2672 3 0.006320
2673 3 0.267753
2674 3 0.005712
2675 3 0.038883
2676 3 0.018458
2677 3 0.010342
2678 3 0.003033
2679 3 0.005382
2680 3 0.083526
2681 3 0.146404
2682 3 0.005609
2683 3 0.003769
2684 3 0.004007
2685 3 0.002982
2686 3 0.076610
2687 3 0.002755
2688 3 0.002441
2689 3 0.004839
2690 3 0.003595
2691 3 0.298996
2692 3 0.266561
2693 3 0.067848
2694 3 0.020351
2695 3 0.011133
2696 3 0.002355
2697 3 0.043612
2698 3 0.002212
2699 3 0.008988
2700 3 0.024775
2701 3 0.003435
2702 3 0.232707
2703 3 0.018168
2704 3 0.055704
2705 3 0.010245
2706 3 0.002495
2707 3 0.002992
2708 3 0.276508
2709 3 0.004426
2710 3 0.002082
2711 3 0.018155
2712 3 0.002178
2713 3 0.002185
2714 3 0.002906
2715 3 0.021108
2716 3 0.087929
2717 3 0.058792
2718 3 0.017318
2719 3 0.028859
2720 3 0.010928
2721 3 0.002040
2722 3 0.215987
2723 3 0.001494
2724 3 0.008648
2725 3 0.388572
2726 3 0.159751
2727 3 0.002406
2728 3 0.008135
2729 3 0.001737
2730 3 0.502459
2731 3 0.004156
2732 3 0.044759
2733 3 0.002121
2734 3 0.006093
2735 3 0.017358
2736 3 0.182549
2737 3 0.009478
2738 3 0.013509
2739 3 0.002478
2740 3 0.003168
2741 3 0.003757
2742 3 0.036086
2743 3 0.032371
2744 3 0.055015
2745 3 0.037874
2746 3 0.207285
2747 3 0.012282
2748 3 0.003996
2749 3 0.004048
2750 3 0.080828
2751 3 0.555179
2752 3 0.118445
2753 3 0.001989
2754 3 0.065415
2755 3 0.002696
2756 3 0.589420
2757 3 0.002704
2758 3 0.003577
2759 3 0.015221
2760 3 0.342985
2761 3 0.021642
2762 3 0.001835
2763 3 0.007086
2764 3 0.248233
2765 3 0.001834
2766 3 0.038659
2767 3 0.012321
2768 3 0.217330
2769 3 0.026688
2770 3 0.110117
2771 3 0.002899
2772 3 0.029027
2773 3 0.003308
2774 3 0.088034
2775 3 0.104003
2776 3 0.003393
2777 3 0.004059
2778 3 0.007424
2779 3 0.005709
2780 3 0.466932
2781 3 0.045565
2782 3 0.041271
2783 3 0.099640
2784 3 0.026436
2785 3 0.250985
2786 3 0.002400
2787 3 0.004775
2788 3 0.049250
2789 3 0.127705
2790 3 0.006278
2791 3 0.005102
2792 3 0.038398
2793 3 0.002179
2794 3 0.016741
2795 3 0.002662
2796 3 0.006170
2797 3 0.003522
2798 3 0.009456
2799 3 0.018065
2800 3 0.001596
2801 3 0.001540
2802 3 0.004861
2803 3 0.344073
2804 3 0.001855
2805 3 0.001463
2806 3 0.002713
2807 3 0.024808
2808 3 0.001810
2809 3 0.029719
2810 3 0.005796
2811 3 0.029270
2812 3 0.001453
2813 3 0.534364
2814 3 0.001278
2815 3 0.000816
2816 3 0.001981
2817 3 0.169025
2818 3 0.070633
2819 3 0.035029
2820 3 0.001128
2821 3 0.032510
2822 3 0.003638
2823 3 0.363931
2824 3 0.036444
2825 3 0.024820
2826 3 0.029640
2827 3 0.046359
2828 3 0.010013
2829 3 0.060798
2830 3 0.002565
2831 3 0.423085
2832 3 0.061972
2833 3 0.200765
2834 3 0.248266
2835 3 0.002383
2836 3 0.041690
2837 3 0.280640
2838 3 0.012106
2839 3 0.003282
2840 3 0.031554
2841 3 0.033032
2842 3 0.008332
2843 3 0.003789
2844 3 0.029587
2845 3 0.004374
2846 3 0.040935
2847 3 0.013891
2848 3 0.003183
2849 3 0.131480
2850 3 0.011783
2851 3 0.002525
2852 3 0.025756
2853 3 0.002544
2854 3 0.013074
2855 3 0.033049
2856 3 0.101738
2857 3 0.234915
2858 3 0.019680
2859 3 0.002259
2860 3 0.022429
2861 3 0.002690
2862 3 0.073923
2863 3 0.002343
2864 3 0.001935
2865 3 0.001734
2866 3 0.001928
2867 3 0.098287
2868 3 0.131868
2869 3 0.032219
2870 3 0.004489
2871 3 0.025498
2872 3 0.001958
2873 3 0.123718
2874 3 0.005209
2875 3 0.305385
2876 3 0.270348
2877 3 0.039450
2878 3 0.071103
2879 3 0.001956
2880 3 0.004167
2881 3 0.010649
2882 3 0.035673
2883 3 0.018093
2884 3 0.056324
2885 3 0.003398
2886 3 0.123703
2887 3 0.005634
2888 3 0.005059
2889 3 0.506759
2890 3 0.057034
2891 3 0.002669
2892 3 0.003840
2893 3 0.002846
2894 3 0.103615
2895 3 0.004837
2896 3 0.003965
2897 3 0.246345
2898 3 0.004580
2899 3 0.011382
2900 3 0.002305
2901 3 0.002455
2902 3 0.100569
2903 3 0.019425
2904 3 0.013014
2905 3 0.002511
2906 3 0.230298
2907 3 0.064032
2908 3 0.017598
2909 3 0.112036
2910 3 0.068658
2911 3 0.003746
2912 3 0.004319
2913 3 0.008693
2914 3 0.001792
2915 3 0.065372
2916 3 0.239224
2917 3 0.310537
2918 3 0.001682
2919 3 0.054641
2920 3 0.086470
2921 3 0.016825
2922 3 0.002554
2923 3 0.025468
2924 3 0.091846
2925 3 0.430557
2926 3 0.030567
2927 3 0.091769
2928 3 0.003394
2929 3 0.029107
2930 3 0.004251
2931 3 0.047507
2932 3 0.004616
2933 3 0.003924
2934 3 0.161296
2935 3 0.073737
2936 3 0.025985
2937 3 0.006875
2938 3 0.027869
2939 3 0.270122
2940 3 0.247342
2941 3 0.003084
2942 3 0.004424
2943 3 0.003142
2944 3 0.084433
2945 3 0.018666
2946 3 0.002408
2947 3 0.054417
2948 3 0.005309
2949 3 0.017108
2950 3 0.002591
2951 3 0.025049
2952 3 0.073882
2953 3 0.109264
2954 3 0.038534
2955 3 0.009751
2956 3 0.002573
2957 3 0.004330
2958 3 0.016918
2959 3 0.002512
2960 3 0.003384
2961 3 0.011365
2962 3 0.004615
2963 3 0.061323
2964 3 0.005103
2965 3 0.190688
2966 3 0.384159
2967 3 0.002050
2968 3 0.040499
2969 3 0.003484
2970 3 0.002047
2971 3 0.489493
2972 3 0.013249
2973 3 0.181605
2974 3 0.002966
2975 3 0.002876
2976 3 0.005986
2977 3 0.049822
2978 3 0.012676
2979 3 0.002961
2980 3 0.289786
2981 3 0.002972
2982 3 0.006798
2983 3 0.005824
2984 3 0.111791
2985 3 0.004033
2986 3 0.169743
2987 3 0.027382
2988 3 0.079368
2989 3 0.002322
2990 3 0.009576
2991 3 0.012665
2992 3 0.002232
2993 3 0.023975
2994 3 0.002423
2995 3 0.434677
2996 3 0.401742
2997 3 0.502744
2998 3 0.005533
2999 3 0.030934
3000 3 0.332776
3001 3 0.004652
3002 3 0.002514
3003 3 0.501790
3004 3 0.002815
3005 3 0.010129
3006 3 0.008809
3007 3 0.004966
3008 3 0.018010
3009 3 0.006619
3010 3 0.004017
3011 3 0.003791
3012 3 0.004064
3013 3 0.009854
3014 3 0.003695
3015 3 0.032293
3016 3 0.255945
3017 3 0.002710
3018 3 0.306451
3019 3 0.003085
3020 3 0.002536
3021 3 0.060992
3022 3 0.004427
3023 3 0.027860
3024 3 0.499203
3025 3 0.124857
3026 3 0.024343
3027 3 0.011189
3028 3 0.420855
3029 3 0.009059
3030 3 0.021690
3031 3 0.017432
3032 3 0.003730
3033 3 0.090375
3034 3 0.046518
3035 3 0.025918
3036 3 0.247660
3037 3 0.003317
3038 3 0.058392
3039 3 0.035074
3040 3 0.076664
3041 3 0.002705
3042 3 0.003049
3043 3 0.003877
3044 3 0.003253
3045 3 0.003655
3046 3 0.090015
3047 3 0.029096
3048 3 0.406166
3049 3 0.002377
3050 3 0.002625
3051 3 0.005538
3052 3 0.031176
3053 3 0.278884
3054 3 0.057962
3055 3 0.053740
3056 3 0.141724
3057 3 0.002304
3058 3 0.017491
3059 3 0.441035
3060 3 0.416451
3061 3 0.004476
3062 3 0.453324
3063 3 0.029646
3064 3 0.018694
3065 3 0.002364
3066 3 0.078562
3067 3 0.002753
3068 3 0.005068
3069 3 0.211819
3070 3 0.003990
3071 3 0.003232
3072 3 0.384408
3073 3 0.070487
3074 3 0.002357
3075 3 0.006194
3076 3 0.003594
3077 3 0.419039
3078 3 0.006200
3079 3 0.002266
3080 3 0.003003
3081 3 0.102882
3082 3 0.030532
3083 3 0.016516
3084 3 0.049996
3085 3 0.254192
3086 3 0.204257
3087 3 0.003532
3088 3 0.014797
3089 3 0.058267
3090 3 0.232732
3091 3 0.008131
3092 3 0.003756
3093 3 0.002811
3094 3 0.006338
3095 3 0.277327
3096 3 0.039024
3097 3 0.012537
3098 3 0.108234
3099 3 0.039017
3100 3 0.003713
3101 3 0.066225
3102 3 0.008118
3103 3 0.013911
3104 3 0.003709
3105 3 0.071325
3106 3 0.004831
3107 3 0.022654
3108 3 0.003746
3109 3 0.019343
3110 3 0.011014
3111 3 0.003265
3112 3 0.052567
3113 3 0.003380
3114 3 0.480695
3115 3 0.003705
3116 3 0.002345
3117 3 0.004465
3118 3 0.017578
3119 3 0.143727
3120 3 0.064704
3121 3 0.003370
3122 3 0.373215
3123 3 0.232131
3124 3 0.328351
3125 3 0.005345
3126 3 0.381828
3127 3 0.001956
3128 3 0.002276
3129 3 0.004183
3130 3 0.012106
3131 3 0.004099
3132 3 0.075651
3133 3 0.020534
3134 3 0.002603
3135 3 0.036426
3136 3 0.010300
3137 3 0.012025
3138 3 0.428399
3139 3 0.018335
3140 3 0.033271
3141 3 0.003274
3142 3 0.083472
3143 3 0.132778
3144 3 0.005288
3145 3 0.012759
3146 3 0.048689
3147 3 0.003878
3148 3 0.124744
3149 3 0.229441
3150 3 0.001891
3151 3 0.001853
3152 3 0.001864
3153 3 0.002514
3154 3 0.402351
3155 3 0.020358
3156 3 0.009221
3157 3 0.002973
3158 3 0.441237
3159 3 0.270591
3160 3 0.011372
3161 3 0.003547
3162 3 0.065953
3163 3 0.006861
3164 3 0.004562
3165 3 0.030959
3166 3 0.017938
3167 3 0.004730
3168 3 0.430697
3169 3 0.148630
3170 3 0.004400
3171 3 0.004921
3172 3 0.002782
3173 3 0.215467
3174 3 0.014051
3175 3 0.002965
3176 3 0.026364
3177 3 0.002399
3178 3 0.042877
3179 3 0.004896
3180 3 0.042087
3181 3 0.001904
3182 3 0.114109
3183 3 0.302272
3184 3 0.204166
3185 3 0.036011
3186 3 0.206445
3187 3 0.037734
3188 3 0.038827
3189 3 0.305648
3190 3 0.002252
3191 3 0.002952
3192 3 0.010409
3193 3 0.084305
3194 3 0.022257
3195 3 0.030260
3196 3 0.075587
3197 3 0.375242
3198 3 0.320271
3199 3 0.101183
3200 3 0.004408
3201 3 0.002476
3202 3 0.092289
3203 3 0.002888
3204 3 0.097177
3205 3 0.199525
3206 3 0.381690
3207 3 0.003699
3208 3 0.022368
3209 3 0.022230
3210 3 0.004160
3211 3 0.004212
3212 3 0.133210
3213 3 0.027237
3214 3 0.009249
3215 3 0.225673
3216 3 0.005058
3217 3 0.051172
3218 3 0.025053
3219 3 0.002456
3220 3 0.002418
3221 3 0.028455
3222 3 0.038814
3223 3 0.001992
3224 3 0.002698
3225 3 0.004267
3226 3 0.004711
3227 3 0.023712
3228 3 0.001522
3229 3 0.073222
3230 3 0.001979
3231 3 0.001621
3232 3 0.013043
3233 3 0.287760
3234 3 0.002353
3235 3 0.049709
3236 3 0.010934
3237 3 0.193368
3238 3 0.250239
3239 3 0.046082
3240 3 0.074523
3241 3 0.248316
3242 3 0.140922
3243 3 0.326324
3244 3 0.056103
3245 3 0.005908
3246 3 0.002379
3247 3 0.043347
3248 3 0.241849
3249 3 0.013128
3250 3 0.014009
3251 3 0.155609
3252 3 0.018137
3253 3 0.002883
3254 3 0.005269
3255 3 0.018006
3256 3 0.036513
3257 3 0.154805
3258 3 0.127663
3259 3 0.008281
3260 3 0.014461
3261 3 0.005652
3262 3 0.107395
3263 3 0.004515
3264 3 0.069551
3265 3 0.049144
3266 3 0.172178
3267 3 0.022933
3268 3 0.010254
3269 3 0.012816
3270 3 0.078137
3271 3 0.041678
3272 3 0.004505
3273 3 0.003707
3274 3 0.018463
3275 3 0.111932
3276 3 0.040130
3277 3 0.024394
3278 3 0.002771
3279 3 0.002037
3280 3 0.028332
3281 3 0.003796
3282 3 0.001005
3283 3 0.005708
3284 3 0.093616
3285 3 0.006641
3286 3 0.133520
3287 3 0.055532
3288 3 0.006335
3289 3 0.085260
3290 3 0.001096
3291 3 0.002568
3292 3 0.040611
3293 3 0.253774
3294 3 0.007332
3295 3 0.002314
3296 3 0.002955
3297 3 0.006750
3298 3 0.001400
3299 3 0.004050
3300 3 0.002086
3301 3 0.244049
3302 3 0.091702
3303 3 0.002640
3304 3 0.012692
3305 3 0.005509
3306 3 0.022991
3307 3 0.042386
3308 3 0.270635
3309 3 0.437057
3310 3 0.052805
3311 3 0.016396
3312 3 0.121469
3313 3 0.002202
3314 3 0.002289
3315 3 0.096514
3316 3 0.003271
3317 3 0.035106
3318 3 0.002398
3319 3 0.002480
3320 3 0.002942
3321 3 0.003344
3322 3 0.014553
3323 3 0.002548
3324 3 0.331444
3325 3 0.002214
3326 3 0.011194
3327 3 0.018532
3328 3 0.033313
3329 3 0.011563
3330 3 0.005930
3331 3 0.386239
3332 3 0.001500
3333 3 0.362562
3334 3 0.516946
3335 3 0.002080
3336 3 0.001902
3337 3 0.008641
3338 3 0.029508
3339 3 0.003261
3340 3 0.456779
3341 3 0.004222
3342 3 0.017647
3343 3 0.002052
3344 3 0.397063
3345 3 0.013534
3346 3 0.171176
3347 3 0.199931
3348 3 0.002830
3349 3 0.116602
3350 3 0.002978
3351 3 0.003079
3352 3 0.022113
3353 3 0.043038
3354 3 0.010099
3355 3 0.003061
3356 3 0.005472
3357 3 0.185367
3358 3 0.005191
3359 3 0.007413
3360 3 0.036484
3361 3 0.003962
3362 3 0.280541
3363 3 0.004317
3364 3 0.060684
3365 3 0.002071
3366 3 0.398427
3367 3 0.002420
3368 3 0.064269
3369 3 0.217335
3370 3 0.005083
3371 3 0.007635
3372 3 0.005015
3373 3 0.002240
3374 3 0.143995
3375 3 0.021901
3376 3 0.024664
3377 3 0.003727
3378 3 0.013542
3379 3 0.061757
3380 3 0.133443
3381 3 0.164039
3382 3 0.049843
3383 3 0.020626
3384 3 0.004036
3385 3 0.013119
3386 3 0.050869
3387 3 0.003808
3388 3 0.432704
3389 3 0.002134
3390 3 0.009568
3391 3 0.001871
3392 3 0.011071
3393 3 0.002993
3394 3 0.289104
3395 3 0.003149
3396 3 0.303875
3397 3 0.002086
3398 3 0.026838
3399 3 0.205080
3400 3 0.068883
3401 3 0.443857
3402 3 0.005068
3403 3 0.021273
3404 3 0.025941
3405 3 0.003317
3406 3 0.005061
3407 3 0.281521
3408 3 0.019565
3409 3 0.185775
3410 3 0.094051
3411 3 0.007469
3412 3 0.001869
3413 3 0.008749
3414 3 0.002000
3415 3 0.002976
3416 3 0.060269
3417 3 0.004647
3418 3 0.003625
3419 3 0.002589
3420 3 0.072370
3421 3 0.017991
3422 3 0.002165
3423 3 0.018634
3424 3 0.037370
3425 3 0.063594
3426 3 0.019666
3427 3 0.016922
3428 3 0.001998
3429 3 0.001729
3430 3 0.011001
3431 3 0.004282
3432 3 0.284708
3433 3 0.002323
3434 3 0.001146
3435 3 0.030924
3436 3 0.002465
3437 3 0.330143
3438 3 0.001896
3439 3 0.003677
3440 3 0.006530
3441 3 0.001480
3442 3 0.083013
3443 3 0.259100
3444 3 0.042894
3445 3 0.001393
3446 3 0.071078
3447 3 0.009660
3448 3 0.043407
3449 3 0.001729
3450 3 0.004709
3451 3 0.023346
3452 3 0.001734
3453 3 0.351563
3454 3 0.019212
3455 3 0.309608
3456 3 0.006889
3457 3 0.002766
3458 3 0.016330
3459 3 0.017331
3460 3 0.003901
3461 3 0.137341
3462 3 0.002904
3463 3 0.003427
3464 3 0.002817
3465 3 0.058233
3466 3 0.229866
3467 3 0.002339
3468 3 0.004553
3469 3 0.195112
3470 3 0.085704
3471 3 0.117598
3472 3 0.011219
3473 3 0.032942
3474 3 0.004721
3475 3 0.089997
3476 3 0.002663
3477 3 0.144175
3478 3 0.056416
3479 3 0.292700
3480 3 0.021662
3481 3 0.025077
3482 3 0.003026
3483 3 0.011896
3484 3 0.045964
3485 3 0.002293
3486 3 0.003060
3487 3 0.016800
3488 3 0.379886
3489 3 0.072908
3490 3 0.022150
3491 3 0.130664
3492 3 0.002364
3493 3 0.019557
3494 3 0.167331
3495 3 0.259944
3496 3 0.090095
3497 3 0.046355
3498 3 0.014723
3499 3 0.001978
3500 3 0.012931
3501 3 0.018405
3502 3 0.022027
3503 3 0.002384
3504 3 0.002900
3505 3 0.006293
3506 3 0.099659
3507 3 0.039109
3508 3 0.004497
3509 3 0.002307
3510 3 0.256651
3511 3 0.019958
3512 3 0.001524
3513 3 0.399703
3514 3 0.009429
3515 3 0.187418
3516 3 0.169408
3517 3 0.021884
3518 3 0.003393
3519 3 0.029035
3520 3 0.092307
3521 3 0.004350
3522 3 0.017780
3523 3 0.250883
3524 3 0.039891
3525 3 0.002610
3526 3 0.005635
3527 3 0.049990
3528 3 0.059361
3529 3 0.012722
3530 3 0.002234
3531 3 0.037070
3532 3 0.106880
3533 3 0.009125
3534 3 0.050246
3535 3 0.069505
3536 3 0.002104
3537 3 0.003332
3538 3 0.035584
3539 3 0.354189
3540 3 0.029956
3541 3 0.022368
3542 3 0.118601
3543 3 0.002376
3544 3 0.032081
3545 3 0.002087
3546 3 0.016107
3547 3 0.187013
3548 3 0.044799
3549 3 0.004136
3550 3 0.146835
3551 3 0.041526
3552 3 0.002056
3553 3 0.004604
3554 3 0.006338
3555 3 0.075307
3556 3 0.002115
3557 3 0.002417
3558 3 0.003434
3559 3 0.008690
3560 3 0.052982
3561 3 0.001887
3562 3 0.156251
3563 3 0.011432
3564 3 0.019213
3565 3 0.052165
3566 3 0.275983
3567 3 0.001208
3568 3 0.006709
3569 3 0.003276
3570 3 0.020119
3571 3 0.136237
3572 3 0.343360
3573 3 0.011185
3574 3 0.022439
3575 3 0.025500
3576 3 0.002572
3577 3 0.005437
3578 3 0.003500
3579 3 0.002077
3580 3 0.006729
3581 3 0.020863
3582 3 0.033783
3583 3 0.004189
3584 3 0.002121
3585 3 0.078610
3586 3 0.083456
3587 3 0.008136
3588 3 0.002245
3589 3 0.037970
3590 3 0.006559
3591 3 0.025125
3592 3 0.023802
3593 3 0.035867
3594 3 0.004029
3595 3 0.010899
3596 3 0.040561
3597 3 0.027049
3598 3 0.008993
3599 3 0.044267
3600 4 0.000883
3601 4 0.014566
3602 4 0.111517
3603 4 0.024912
3604 4 0.000658
3605 4 0.075898
3606 4 0.010475
3607 4 0.321790
3608 4 0.119596
3609 4 0.001688
3610 4 0.025659
3611 4 0.004606
3612 4 0.003983
3613 4 0.428631
3614 4 0.214559
3615 4 0.001377
3616 4 0.302797
3617 4 0.013392
3618 4 0.166047
3619 4 0.035440
3620 4 0.008293
3621 4 0.335666
3622 4 0.003654
3623 4 0.018155
3624 4 0.003604
3625 4 0.003589
3626 4 0.384539
3627 4 0.062954
3628 4 0.182398
3629 4 0.011629
3630 4 0.005046
3631 4 0.003575
3632 4 0.009715
3633 4 0.003280
3634 4 0.004455
3635 4 0.011149
3636 4 0.044038
3637 4 0.013627
3638 4 0.073960
3639 4 0.006569
3640 4 0.003778
3641 4 0.025603
3642 4 0.032329
3643 4 0.003000
3644 4 0.002095
3645 4 0.012388
3646 4 0.004348
3647 4 0.002451
3648 4 0.023439
3649 4 0.377072
3650 4 0.069973
3651 4 0.018020
3652 4 0.004332
3653 4 0.002016
3654 4 0.001425
3655 4 0.013931
3656 4 0.004399
3657 4 0.073540
3658 4 0.183684
3659 4 0.116869
3660 4 0.001365
3661 4 0.003648
3662 4 0.283522
3663 4 0.235335
3664 4 0.035018
3665 4 0.023505
3666 4 0.032743
3667 4 0.017438
3668 4 0.001856
3669 4 0.003221
3670 4 0.010474
3671 4 0.392934
3672 4 0.051765
3673 4 0.006187
3674 4 0.007827
3675 4 0.025520
3676 4 0.011505
3677 4 0.013084
3678 4 0.050704
3679 4 0.077654
3680 4 0.001845
3681 4 0.229227
3682 4 0.420900
3683 4 0.002267
3684 4 0.027442
3685 4 0.049155
3686 4 0.130419
3687 4 0.033389
3688 4 0.011430
3689 4 0.059993
3690 4 0.054640
3691 4 0.023329
3692 4 0.022831
3693 4 0.028028
3694 4 0.104204
3695 4 0.008508
3696 4 0.002732
3697 4 0.283020
3698 4 0.077275
3699 4 0.002698
3700 4 0.219475
3701 4 0.142805
3702 4 0.485806
3703 4 0.075063
3704 4 0.003738
3705 4 0.229971
3706 4 0.089683
3707 4 0.007366
3708 4 0.003379
3709 4 0.014589
3710 4 0.003200
3711 4 0.039255
3712 4 0.003157
3713 4 0.044560
3714 4 0.009249
3715 4 0.092261
3716 4 0.003385
3717 4 0.053536
3718 4 0.005315
3719 4 0.010251
3720 4 0.095637
3721 4 0.002893
3722 4 0.496350
3723 4 0.013058
3724 4 0.004588
3725 4 0.119563
3726 4 0.014219
3727 4 0.008030
3728 4 0.151081
3729 4 0.277397
3730 4 0.005264
3731 4 0.063094
3732 4 0.008801
3733 4 0.022288
3734 4 0.003566
3735 4 0.018010
3736 4 0.117722
3737 4 0.059181
3738 4 0.135850
3739 4 0.003320
3740 4 0.167915
3741 4 0.002689
3742 4 0.078475
3743 4 0.018706
3744 4 0.058733
3745 4 0.002648
3746 4 0.002616
3747 4 0.043817
3748 4 0.017318
3749 4 0.233884
3750 4 0.399026
3751 4 0.200614
3752 4 0.036568
3753 4 0.257037
3754 4 0.003379
3755 4 0.088598
3756 4 0.285105
3757 4 0.104323
3758 4 0.021736
3759 4 0.008837
3760 4 0.043513
3761 4 0.087589
3762 4 0.022644
3763 4 0.007245
3764 4 0.004692
3765 4 0.027323
3766 4 0.105332
3767 4 0.082830
3768 4 0.003981
3769 4 0.007459
3770 4 0.445686
3771 4 0.029920
3772 4 0.034953
3773 4 0.005714
3774 4 0.374567
3775 4 0.002718
3776 4 0.018899
3777 4 0.013307
3778 4 0.034798
3779 4 0.008740
3780 4 0.425641
3781 4 0.055882
3782 4 0.002715
3783 4 0.002652
3784 4 0.011441
3785 4 0.079511
3786 4 0.101313
3787 4 0.383999
3788 4 0.272213
3789 4 0.044697
3790 4 0.231434
3791 4 0.205244
3792 4 0.122400
3793 4 0.003247
3794 4 0.142008
3795 4 0.034530
3796 4 0.030486
3797 4 0.017589
3798 4 0.114402
3799 4 0.005963
3800 4 0.012210
3801 4 0.021939
3802 4 0.008158
3803 4 0.003449
3804 4 0.005814
3805 4 0.002979
3806 4 0.003077
3807 4 0.006268
3808 4 0.103799
3809 4 0.003591
3810 4 0.006419
3811 4 0.044822
3812 4 0.002155
3813 4 0.042269
3814 4 0.041752
3815 4 0.295137
3816 4 0.224897
3817 4 0.001504
3818 4 0.013662
3819 4 0.006399
3820 4 0.088581
3821 4 0.046108
3822 4 0.006248
3823 4 0.022107
3824 4 0.492562
3825 4 0.019022
3826 4 0.179502
3827 4 0.002885
3828 4 0.002683
3829 4 0.370822
3830 4 0.030413
3831 4 0.005606
3832 4 0.044677
3833 4 0.009807
3834 4 0.213200
3835 4 0.004575
3836 4 0.002986
3837 4 0.053736
3838 4 0.004014
3839 4 0.214248
3840 4 0.006362
3841 4 0.002548
3842 4 0.056686
3843 4 0.011051
3844 4 0.038367
3845 4 0.178945
3846 4 0.008700
3847 4 0.002206
3848 4 0.008158
3849 4 0.003694
3850 4 0.012566
3851 4 0.002716
3852 4 0.369395
3853 4 0.001998
3854 4 0.001911
3855 4 0.022651
3856 4 0.001468
3857 4 0.084816
3858 4 0.391067
3859 4 0.001917
3860 4 0.010972
3861 4 0.009795
3862 4 0.068568
3863 4 0.001995
3864 4 0.010111
3865 4 0.008028
3866 4 0.068770
3867 4 0.005619
3868 4 0.007428
3869 4 0.128723
3870 4 0.002173
3871 4 0.010496
3872 4 0.033687
3873 4 0.014097
3874 4 0.011140
3875 4 0.040633
3876 4 0.002262
3877 4 0.091430
3878 4 0.004548
3879 4 0.059592
3880 4 0.003697
3881 4 0.010832
3882 4 0.005822
3883 4 0.001575
3884 4 0.001873
3885 4 0.001248
3886 4 0.031763
3887 4 0.003093
3888 4 0.021575
3889 4 0.277023
3890 4 0.239312
3891 4 0.013884
3892 4 0.533309
3893 4 0.086223
3894 4 0.006843
3895 4 0.000947
3896 4 0.003279
3897 4 0.002309
3898 4 0.001029
3899 4 0.023829
3900 4 0.102453
3901 4 0.027183
3902 4 0.002699
3903 4 0.003740
3904 4 0.377158
3905 4 0.001668
3906 4 0.007576
3907 4 0.007018
3908 4 0.011364
3909 4 0.002742
3910 4 0.015949
3911 4 0.016998
3912 4 0.408338
3913 4 0.029064
3914 4 0.256968
3915 4 0.002231
3916 4 0.062563
3917 4 0.037629
3918 4 0.067847
3919 4 0.003265
3920 4 0.002351
3921 4 0.263782
3922 4 0.006558
3923 4 0.032129
3924 4 0.002741
3925 4 0.016814
3926 4 0.003363
3927 4 0.075643
3928 4 0.005407
3929 4 0.053716
3930 4 0.003717
3931 4 0.003088
3932 4 0.007786
3933 4 0.002773
3934 4 0.002837
3935 4 0.006290
3936 4 0.030493
3937 4 0.005265
3938 4 0.002474
3939 4 0.243649
3940 4 0.142058
3941 4 0.327227
3942 4 0.067935
3943 4 0.008671
3944 4 0.017108
3945 4 0.213663
3946 4 0.027882
3947 4 0.001800
3948 4 0.005703
3949 4 0.006068
3950 4 0.002174
3951 4 0.038983
3952 4 0.002754
3953 4 0.002460
3954 4 0.002518
3955 4 0.040917
3956 4 0.056813
3957 4 0.202188
3958 4 0.005201
3959 4 0.010227
3960 4 0.171994
3961 4 0.001981
3962 4 0.004618
3963 4 0.302532
3964 4 0.177801
3965 4 0.009556
3966 4 0.005462
3967 4 0.034529
3968 4 0.003167
3969 4 0.004190
3970 4 0.002790
3971 4 0.308353
3972 4 0.002451
3973 4 0.135116
3974 4 0.106824
3975 4 0.354437
3976 4 0.260080
3977 4 0.065180
3978 4 0.004826
3979 4 0.013987
3980 4 0.002820
3981 4 0.004767
3982 4 0.263099
3983 4 0.119199
3984 4 0.024692
3985 4 0.058528
3986 4 0.020554
3987 4 0.010524
3988 4 0.014538
3989 4 0.002143
3990 4 0.139658
3991 4 0.038478
3992 4 0.010871
3993 4 0.345332
3994 4 0.004386
3995 4 0.010325
3996 4 0.169161
3997 4 0.004831
3998 4 0.026288
3999 4 0.050260
4000 4 0.008099
4001 4 0.009523
4002 4 0.316994
4003 4 0.004304
4004 4 0.007054
4005 4 0.035366
4006 4 0.095715
4007 4 0.204118
4008 4 0.008355
4009 4 0.004763
4010 4 0.027208
4011 4 0.002979
4012 4 0.172067
4013 4 0.076157
4014 4 0.006688
4015 4 0.068181
4016 4 0.025863
4017 4 0.414550
4018 4 0.004523
4019 4 0.058025
4020 4 0.004754
4021 4 0.126044
4022 4 0.003642
4023 4 0.002850
4024 4 0.342392
4025 4 0.012379
4026 4 0.005248
4027 4 0.340910
4028 4 0.009788
4029 4 0.204041
4030 4 0.026005
4031 4 0.002950
4032 4 0.002928
4033 4 0.003741
4034 4 0.008097
4035 4 0.011687
4036 4 0.020469
4037 4 0.012930
4038 4 0.004524
4039 4 0.003501
4040 4 0.003574
4041 4 0.006203
4042 4 0.001832
4043 4 0.411812
4044 4 0.004937
4045 4 0.001605
4046 4 0.012857
4047 4 0.002235
4048 4 0.008383
4049 4 0.003707
4050 4 0.007656
4051 4 0.001586
4052 4 0.005134
4053 4 0.022816
4054 4 0.006947
4055 4 0.002327
4056 4 0.003427
4057 4 0.023738
4058 4 0.001083
4059 4 0.001584
4060 4 0.039987
4061 4 0.083040
4062 4 0.064909
4063 4 0.001155
4064 4 0.002384
4065 4 0.001335
4066 4 0.003256
4067 4 0.432680
4068 4 0.002053
4069 4 0.001398
4070 4 0.001843
4071 4 0.001374
4072 4 0.221773
4073 4 0.009417
4074 4 0.002046
4075 4 0.001543
4076 4 0.062060
4077 4 0.219700
4078 4 0.002800
4079 4 0.487414
4080 4 0.078300
4081 4 0.002110
4082 4 0.094011
4083 4 0.003515
4084 4 0.009961
4085 4 0.415688
4086 4 0.008559
4087 4 0.054402
4088 4 0.027717
4089 4 0.003057
4090 4 0.092208
4091 4 0.003370
4092 4 0.009588
4093 4 0.012584
4094 4 0.007524
4095 4 0.002420
4096 4 0.003149
4097 4 0.002311
4098 4 0.003504
4099 4 0.016380
4100 4 0.002930
4101 4 0.033534
4102 4 0.044292
4103 4 0.357229
4104 4 0.218977
4105 4 0.064395
4106 4 0.026950
4107 4 0.018684
4108 4 0.034251
4109 4 0.081777
4110 4 0.044792
4111 4 0.012744
4112 4 0.038580
4113 4 0.238048
4114 4 0.408451
4115 4 0.018812
4116 4 0.215534
4117 4 0.024918
4118 4 0.002358
4119 4 0.022728
4120 4 0.007556
4121 4 0.035907
4122 4 0.003908
4123 4 0.103890
4124 4 0.003043
4125 4 0.272617
4126 4 0.008043
4127 4 0.257640
4128 4 0.020231
4129 4 0.003451
4130 4 0.270784
4131 4 0.007777
4132 4 0.057076
4133 4 0.005358
4134 4 0.017123
4135 4 0.020090
4136 4 0.077330
4137 4 0.002867
4138 4 0.103553
4139 4 0.243661
4140 4 0.016721
4141 4 0.003576
4142 4 0.004026
4143 4 0.166200
4144 4 0.004769
4145 4 0.004077
4146 4 0.040587
4147 4 0.010570
4148 4 0.104744
4149 4 0.013780
4150 4 0.006010
4151 4 0.003565
4152 4 0.252772
4153 4 0.043678
4154 4 0.002121
4155 4 0.023751
4156 4 0.111125
4157 4 0.134264
4158 4 0.001527
4159 4 0.396858
4160 4 0.085023
4161 4 0.037899
4162 4 0.152921
4163 4 0.001871
4164 4 0.106271
4165 4 0.025176
4166 4 0.002525
4167 4 0.006734
4168 4 0.040372
4169 4 0.013704
4170 4 0.058433
4171 4 0.004994
4172 4 0.003224
4173 4 0.026155
4174 4 0.178696
4175 4 0.034623
4176 4 0.004259
4177 4 0.019526
4178 4 0.056060
4179 4 0.023513
4180 4 0.027904
4181 4 0.024688
4182 4 0.277137
4183 4 0.042028
4184 4 0.002357
4185 4 0.068801
4186 4 0.198589
4187 4 0.019837
4188 4 0.467928
4189 4 0.009869
4190 4 0.009849
4191 4 0.003836
4192 4 0.171996
4193 4 0.224782
4194 4 0.003760
4195 4 0.115067
4196 4 0.106148
4197 4 0.006879
4198 4 0.008743
4199 4 0.007893
4200 4 0.468233
4201 4 0.036167
4202 4 0.009962
4203 4 0.002969
4204 4 0.171162
4205 4 0.029161
4206 4 0.002912
4207 4 0.262964
4208 4 0.004328
4209 4 0.191161
4210 4 0.180436
4211 4 0.002815
4212 4 0.009044
4213 4 0.141988
4214 4 0.007828
4215 4 0.234789
4216 4 0.158619
4217 4 0.029329
4218 4 0.041998
4219 4 0.019902
4220 4 0.004889
4221 4 0.011894
4222 4 0.005163
4223 4 0.009289
4224 4 0.028078
4225 4 0.007180
4226 4 0.003537
4227 4 0.003917
4228 4 0.002902
4229 4 0.017342
4230 4 0.036363
4231 4 0.031638
4232 4 0.005551
4233 4 0.065892
4234 4 0.002048
4235 4 0.003168
4236 4 0.022152
4237 4 0.002084
4238 4 0.101978
4239 4 0.001550
4240 4 0.296600
4241 4 0.029294
4242 4 0.004186
4243 4 0.001671
4244 4 0.087411
4245 4 0.103086
4246 4 0.154792
4247 4 0.001306
4248 4 0.018732
4249 4 0.001677
4250 4 0.003143
4251 4 0.401161
4252 4 0.040479
4253 4 0.111792
4254 4 0.308249
4255 4 0.006093
4256 4 0.045279
4257 4 0.158848
4258 4 0.005888
4259 4 0.021765
4260 4 0.014090
4261 4 0.003271
4262 4 0.003528
4263 4 0.095711
4264 4 0.003077
4265 4 0.015733
4266 4 0.028375
4267 4 0.008252
4268 4 0.002859
4269 4 0.020475
4270 4 0.019476
4271 4 0.090964
4272 4 0.015138
4273 4 0.005169
4274 4 0.002894
4275 4 0.006818
4276 4 0.013091
4277 4 0.311501
4278 4 0.017160
4279 4 0.186732
4280 4 0.199732
4281 4 0.013539
4282 4 0.001718
4283 4 0.405205
4284 4 0.017646
4285 4 0.379700
4286 4 0.014924
4287 4 0.014154
4288 4 0.313714
4289 4 0.072410
4290 4 0.010289
4291 4 0.098474
4292 4 0.389001
4293 4 0.031810
4294 4 0.005447
4295 4 0.090375
4296 4 0.005367
4297 4 0.114021
4298 4 0.004058
4299 4 0.002999
4300 4 0.003381
4301 4 0.006921
4302 4 0.017725
4303 4 0.002770
4304 4 0.107487
4305 4 0.083897
4306 4 0.126951
4307 4 0.006666
4308 4 0.006878
4309 4 0.083093
4310 4 0.005034
4311 4 0.009021
4312 4 0.003470
4313 4 0.033421
4314 4 0.060910
4315 4 0.025232
4316 4 0.249413
4317 4 0.297182
4318 4 0.033958
4319 4 0.025922
4320 4 0.003083
4321 4 0.002907
4322 4 0.037873
4323 4 0.182748
4324 4 0.007698
4325 4 0.004091
4326 4 0.028439
4327 4 0.159238
4328 4 0.377437
4329 4 0.016655
4330 4 0.009410
4331 4 0.240611
4332 4 0.016414
4333 4 0.221161
4334 4 0.005387
4335 4 0.102271
4336 4 0.020499
4337 4 0.063705
4338 4 0.052490
4339 4 0.011138
4340 4 0.003799
4341 4 0.003199
4342 4 0.135207
4343 4 0.006236
4344 4 0.090198
4345 4 0.005241
4346 4 0.005201
4347 4 0.004983
4348 4 0.387069
4349 4 0.014106
4350 4 0.008849
4351 4 0.003536
4352 4 0.241557
4353 4 0.007458
4354 4 0.103924
4355 4 0.079140
4356 4 0.173513
4357 4 0.002809
4358 4 0.033377
4359 4 0.003268
4360 4 0.012875
4361 4 0.002733
4362 4 0.002308
4363 4 0.002139
4364 4 0.025475
4365 4 0.044434
4366 4 0.006101
4367 4 0.026799
4368 4 0.050224
4369 4 0.001795
4370 4 0.012933
4371 4 0.001581
4372 4 0.010021
4373 4 0.003944
4374 4 0.092945
4375 4 0.118228
4376 4 0.001520
4377 4 0.017664
4378 4 0.051898
4379 4 0.008799
4380 4 0.105807
4381 4 0.030914
4382 4 0.002064
4383 4 0.009009
4384 4 0.006390
4385 4 0.008022
4386 4 0.039103
4387 4 0.034510
4388 4 0.036070
4389 4 0.112282
4390 4 0.304785
4391 4 0.002293
4392 4 0.071544
4393 4 0.003248
4394 4 0.005183
4395 4 0.052253
4396 4 0.021391
4397 4 0.042763
4398 4 0.062212
4399 4 0.004194
4400 4 0.214697
4401 4 0.263323
4402 4 0.099653
4403 4 0.004708
4404 4 0.404551
4405 4 0.089395
4406 4 0.006584
4407 4 0.230533
4408 4 0.121503
4409 4 0.058978
4410 4 0.008362
4411 4 0.072861
4412 4 0.006655
4413 4 0.074319
4414 4 0.032162
4415 4 0.073648
4416 4 0.040003
4417 4 0.004741
4418 4 0.017418
4419 4 0.004896
4420 4 0.057895
4421 4 0.007715
4422 4 0.004336
4423 4 0.014316
4424 4 0.162679
4425 4 0.004099
4426 4 0.003154
4427 4 0.043457
4428 4 0.022640
4429 4 0.003266
4430 4 0.019710
4431 4 0.002750
4432 4 0.006452
4433 4 0.030530
4434 4 0.019102
4435 4 0.014092
4436 4 0.003693
4437 4 0.008446
4438 4 0.007432
4439 4 0.015113
4440 4 0.047669
4441 4 0.027907
4442 4 0.141867
4443 4 0.012068
4444 4 0.012524
4445 4 0.073541
4446 4 0.073434
4447 4 0.001755
4448 4 0.001746
4449 4 0.096046
4450 4 0.022755
4451 4 0.038022
4452 4 0.004383
4453 4 0.062076
4454 4 0.024992
4455 4 0.047199
4456 4 0.048557
4457 4 0.008077
4458 4 0.130705
4459 4 0.006767
4460 4 0.001882
4461 4 0.001914
4462 4 0.290141
4463 4 0.010695
4464 4 0.256263
4465 4 0.004695
4466 4 0.002095
4467 4 0.004685
4468 4 0.007007
4469 4 0.004665
4470 4 0.003751
4471 4 0.003237
4472 4 0.020115
4473 4 0.180412
4474 4 0.221091
4475 4 0.059187
4476 4 0.519946
4477 4 0.008556
4478 4 0.003835
4479 4 0.001893
4480 4 0.008169
4481 4 0.002197
4482 4 0.028337
4483 4 0.006703
4484 4 0.007608
4485 4 0.204128
4486 4 0.014321
4487 4 0.005084
4488 4 0.242356
4489 4 0.003557
4490 4 0.107199
4491 4 0.046176
4492 4 0.408965
4493 4 0.054819
4494 4 0.052420
4495 4 0.179659
4496 4 0.020364
4497 4 0.103533
4498 4 0.003660
4499 4 0.015593
4500 4 0.012383
4501 4 0.003906
4502 4 0.026347
4503 4 0.020661
4504 4 0.204871
4505 4 0.024915
4506 4 0.003458
4507 4 0.002908
4508 4 0.076783
4509 4 0.005489
4510 4 0.003365
4511 4 0.015306
4512 4 0.060115
4513 4 0.003369
4514 4 0.008244
4515 4 0.039138
4516 4 0.114530
4517 4 0.341358
4518 4 0.262719
4519 4 0.144458
4520 4 0.024437
4521 4 0.110627
4522 4 0.032084
4523 4 0.002474
4524 4 0.020070
4525 4 0.010784
4526 4 0.003045
4527 4 0.077105
4528 4 0.006001
4529 4 0.398805
4530 4 0.077248
4531 4 0.077005
4532 4 0.215154
4533 4 0.390350
4534 4 0.021730
4535 4 0.011344
4536 4 0.004182
4537 4 0.009405
4538 4 0.002792
4539 4 0.009802
4540 4 0.098217
4541 4 0.009599
4542 4 0.201895
4543 4 0.017676
4544 4 0.007925
4545 4 0.128727
4546 4 0.003294
4547 4 0.057147
4548 4 0.004142
4549 4 0.003825
4550 4 0.009177
4551 4 0.026171
4552 4 0.016648
4553 4 0.040244
4554 4 0.096434
4555 4 0.148725
4556 4 0.059934
4557 4 0.007966
4558 4 0.005462
4559 4 0.002366
4560 4 0.316089
4561 4 0.355319
4562 4 0.006824
4563 4 0.340759
4564 4 0.003614
4565 4 0.022711
4566 4 0.120495
4567 4 0.213791
4568 4 0.028074
4569 4 0.250902
4570 4 0.011299
4571 4 0.030903
4572 4 0.315966
4573 4 0.081146
4574 4 0.006284
4575 4 0.002821
4576 4 0.016149
4577 4 0.002640
4578 4 0.007485
4579 4 0.364478
4580 4 0.009184
4581 4 0.002836
4582 4 0.024316
4583 4 0.209020
4584 4 0.278589
4585 4 0.306254
4586 4 0.015994
4587 4 0.011390
4588 4 0.003834
4589 4 0.006592
4590 4 0.188225
4591 4 0.015811
4592 4 0.099148
4593 4 0.009414
4594 4 0.005588
4595 4 0.011166
4596 4 0.008771
4597 4 0.008195
4598 4 0.051632
4599 4 0.018428
4600 4 0.261100
4601 4 0.412228
4602 4 0.082958
4603 4 0.118444
4604 4 0.017951
4605 4 0.008059
4606 4 0.016096
4607 4 0.011758
4608 4 0.059324
4609 4 0.003219
4610 4 0.021565
4611 4 0.003516
4612 4 0.039757
4613 4 0.005483
4614 4 0.007262
4615 4 0.217870
4616 4 0.012046
4617 4 0.013432
4618 4 0.031482
4619 4 0.003818
4620 4 0.127009
4621 4 0.092101
4622 4 0.011384
4623 4 0.003200
4624 4 0.002219
4625 4 0.003688
4626 4 0.002020
4627 4 0.004158
4628 4 0.002593
4629 4 0.008556
4630 4 0.042410
4631 4 0.016359
4632 4 0.003690
4633 4 0.170572
4634 4 0.071922
4635 4 0.269194
4636 4 0.002031
4637 4 0.019372
4638 4 0.010120
4639 4 0.014417
4640 4 0.016794
4641 4 0.016784
4642 4 0.305809
4643 4 0.075872
4644 4 0.049625
4645 4 0.008679
4646 4 0.368649
4647 4 0.523291
4648 4 0.033902
4649 4 0.016173
4650 4 0.014128
4651 4 0.009763
4652 4 0.024300
4653 4 0.216298
4654 4 0.006242
4655 4 0.087833
4656 4 0.017800
4657 4 0.043619
4658 4 0.057287
4659 4 0.012063
4660 4 0.004331
4661 4 0.026459
4662 4 0.008143
4663 4 0.007683
4664 4 0.030782
4665 4 0.006264
4666 4 0.002116
4667 4 0.005766
4668 4 0.072505
4669 4 0.027058
4670 4 0.001464
4671 4 0.027641
4672 4 0.005184
4673 4 0.002332
4674 4 0.010897
4675 4 0.223578
4676 4 0.045726
4677 4 0.002425
4678 4 0.001650
4679 4 0.098252
4680 4 0.001466
4681 4 0.005926
4682 4 0.036917
4683 4 0.011585
4684 4 0.009845
4685 4 0.005462
4686 4 0.012647
4687 4 0.003717
4688 4 0.001256
4689 4 0.021944
4690 4 0.126256
4691 4 0.032381
4692 4 0.019798
4693 4 0.545162
4694 4 0.009525
4695 4 0.001950
4696 4 0.038860
4697 4 0.015441
4698 4 0.011659
4699 4 0.356706
4700 4 0.002076
4701 4 0.031336
4702 4 0.019761
4703 4 0.013405
4704 4 0.116453
4705 4 0.002949
4706 4 0.002008
4707 4 0.034273
4708 4 0.015154
4709 4 0.003969
4710 4 0.007872
4711 4 0.293266
4712 4 0.012925
4713 4 0.079647
4714 4 0.018393
4715 4 0.058738
4716 4 0.003435
4717 4 0.075170
4718 4 0.037006
4719 4 0.001854
4720 4 0.002388
4721 4 0.001716
4722 4 0.002173
4723 4 0.036079
4724 4 0.237542
4725 4 0.013196
4726 4 0.018180
4727 4 0.028276
4728 4 0.017776
4729 4 0.024779
4730 4 0.002058
4731 4 0.027198
4732 4 0.002033
4733 4 0.134361
4734 4 0.215463
4735 4 0.003111
4736 4 0.010758
4737 4 0.060590
4738 4 0.002363
4739 4 0.006623
4740 4 0.003243
4741 4 0.051229
4742 4 0.419997
4743 4 0.168443
4744 4 0.389115
4745 4 0.150158
4746 4 0.035837
4747 4 0.002462
4748 4 0.002316
4749 4 0.031819
4750 4 0.030638
4751 4 0.003050
4752 4 0.167047
4753 4 0.019190
4754 4 0.033258
4755 4 0.007947
4756 4 0.009428
4757 4 0.289687
4758 4 0.466847
4759 4 0.020167
4760 4 0.049234
4761 4 0.305244
4762 4 0.003276
4763 4 0.004057
4764 4 0.026143
4765 4 0.002862
4766 4 0.547700
4767 4 0.268539
4768 4 0.208099
4769 4 0.009772
4770 4 0.063037
4771 4 0.021438
4772 4 0.046413
4773 4 0.023206
4774 4 0.004504
4775 4 0.235450
4776 4 0.002307
4777 4 0.015765
4778 4 0.033371
4779 4 0.040436
4780 4 0.011443
4781 4 0.002815
4782 4 0.002135
4783 4 0.002149
4784 4 0.049077
4785 4 0.017426
4786 4 0.244589
4787 4 0.011773
4788 4 0.004697
4789 4 0.054504
4790 4 0.283666
4791 4 0.034569
4792 4 0.025830
4793 4 0.191207
4794 4 0.337416
4795 4 0.015489
4796 4 0.076513
4797 4 0.014082
4798 4 0.002986
4799 4 0.020764
4800 5 0.003364
4801 5 0.018358
4802 5 0.004723
4803 5 0.068912
4804 5 0.200105
4805 5 0.014972
4806 5 0.003419
4807 5 0.010617
4808 5 0.002872
4809 5 0.092515
4810 5 0.004234
4811 5 0.058664
4812 5 0.002823
4813 5 0.014949
4814 5 0.111459
4815 5 0.011772
4816 5 0.007826
4817 5 0.063862
4818 5 0.004591
4819 5 0.056588
4820 5 0.081342
4821 5 0.010270
4822 5 0.028863
4823 5 0.107021
4824 5 0.003298
4825 5 0.023085
4826 5 0.003296
4827 5 0.004641
4828 5 0.005202
4829 5 0.095363
4830 5 0.001813
4831 5 0.004990
4832 5 0.021166
4833 5 0.002460
4834 5 0.254665
4835 5 0.011587
4836 5 0.036754
4837 5 0.037632
4838 5 0.215228
4839 5 0.261691
4840 5 0.118786
4841 5 0.073182
4842 5 0.012189
4843 5 0.105034
4844 5 0.298134
4845 5 0.017282
4846 5 0.344158
4847 5 0.252380
4848 5 0.008916
4849 5 0.005745
4850 5 0.113688
4851 5 0.017219
4852 5 0.039543
4853 5 0.007022
4854 5 0.004136
4855 5 0.093410
4856 5 0.033216
4857 5 0.015507
4858 5 0.231300
4859 5 0.018024
4860 5 0.016020
4861 5 0.059535
4862 5 0.025370
4863 5 0.131329
4864 5 0.024859
4865 5 0.004766
4866 5 0.050846
4867 5 0.011877
4868 5 0.015481
4869 5 0.002923
4870 5 0.003135
4871 5 0.207932
4872 5 0.042728
4873 5 0.432517
4874 5 0.022102
4875 5 0.012933
4876 5 0.011006
4877 5 0.018679
4878 5 0.010547
4879 5 0.387101
4880 5 0.049527
4881 5 0.010845
4882 5 0.355455
4883 5 0.014861
4884 5 0.037031
4885 5 0.051829
4886 5 0.014311
4887 5 0.009326
4888 5 0.066232
4889 5 0.014407
4890 5 0.003438
4891 5 0.021482
4892 5 0.347348
4893 5 0.005656
4894 5 0.011045
4895 5 0.026289
4896 5 0.005286
4897 5 0.002485
4898 5 0.008405
4899 5 0.017760
4900 5 0.216774
4901 5 0.072862
4902 5 0.026103
4903 5 0.025252
4904 5 0.287322
4905 5 0.043451
4906 5 0.008200
4907 5 0.026404
4908 5 0.011751
4909 5 0.258945
4910 5 0.021245
4911 5 0.002119
4912 5 0.031581
4913 5 0.018617
4914 5 0.361556
4915 5 0.031247
4916 5 0.010597
4917 5 0.002603
4918 5 0.004078
4919 5 0.042128
4920 5 0.002789
4921 5 0.006587
4922 5 0.004679
4923 5 0.004857
4924 5 0.014345
4925 5 0.191209
4926 5 0.031651
4927 5 0.001865
4928 5 0.371819
4929 5 0.005228
4930 5 0.012130
4931 5 0.006369
4932 5 0.392530
4933 5 0.196218
4934 5 0.416827
4935 5 0.314112
4936 5 0.032931
4937 5 0.237697
4938 5 0.430493
4939 5 0.038224
4940 5 0.009828
4941 5 0.039434
4942 5 0.294168
4943 5 0.015894
4944 5 0.110355
4945 5 0.003805
4946 5 0.133897
4947 5 0.022414
4948 5 0.018448
4949 5 0.007492
4950 5 0.003637
4951 5 0.041565
4952 5 0.003775
4953 5 0.070795
4954 5 0.388535
4955 5 0.005796
4956 5 0.005327
4957 5 0.204373
4958 5 0.067153
4959 5 0.429984
4960 5 0.283321
4961 5 0.015001
4962 5 0.009694
4963 5 0.078525
4964 5 0.009510
4965 5 0.005271
4966 5 0.404414
4967 5 0.059715
4968 5 0.005882
4969 5 0.034542
4970 5 0.011993
4971 5 0.003145
4972 5 0.350734
4973 5 0.004715
4974 5 0.231651
4975 5 0.006955
4976 5 0.285711
4977 5 0.036161
4978 5 0.036303
4979 5 0.003190
4980 5 0.013267
4981 5 0.008738
4982 5 0.004181
4983 5 0.074686
4984 5 0.378762
4985 5 0.061455
4986 5 0.101155
4987 5 0.313010
4988 5 0.021420
4989 5 0.017136
4990 5 0.008523
4991 5 0.005962
4992 5 0.017993
4993 5 0.002791
4994 5 0.003005
4995 5 0.003728
4996 5 0.005268
4997 5 0.008184
4998 5 0.009077
4999 5 0.051312
5000 5 0.001912
5001 5 0.053749
5002 5 0.013814
5003 5 0.003286
5004 5 0.178765
5005 5 0.033197
5006 5 0.013446
5007 5 0.002109
5008 5 0.002628
5009 5 0.003459
5010 5 0.001692
5011 5 0.003349
5012 5 0.004595
5013 5 0.017427
5014 5 0.005185
5015 5 0.153514
5016 5 0.037269
5017 5 0.060298
5018 5 0.528006
5019 5 0.084041
5020 5 0.053534
5021 5 0.043415
5022 5 0.003712
5023 5 0.150327
5024 5 0.008413
5025 5 0.022252
5026 5 0.017794
5027 5 0.422014
5028 5 0.002409
5029 5 0.028150
5030 5 0.005204
5031 5 0.020147
5032 5 0.009036
5033 5 0.337094
5034 5 0.029429
5035 5 0.005187
5036 5 0.002842
5037 5 0.020839
5038 5 0.002327
5039 5 0.133054
5040 5 0.042784
5041 5 0.031422
5042 5 0.040010
5043 5 0.002224
5044 5 0.050688
5045 5 0.002403
5046 5 0.007843
5047 5 0.024795
5048 5 0.164428
5049 5 0.006869
5050 5 0.022607
5051 5 0.033491
5052 5 0.002129
5053 5 0.022725
5054 5 0.062560
5055 5 0.020145
5056 5 0.003058
5057 5 0.195377
5058 5 0.002571
5059 5 0.021822
5060 5 0.003342
5061 5 0.002389
5062 5 0.015920
5063 5 0.001835
5064 5 0.004222
5065 5 0.221031
5066 5 0.010197
5067 5 0.080571
5068 5 0.001780
5069 5 0.007049
5070 5 0.022511
5071 5 0.005411
5072 5 0.007443
5073 5 0.053510
5074 5 0.012317
5075 5 0.015081
5076 5 0.081356
5077 5 0.005140
5078 5 0.002978
5079 5 0.026140
5080 5 0.003162
5081 5 0.084075
5082 5 0.028787
5083 5 0.002420
5084 5 0.037673
5085 5 0.001826
5086 5 0.007244
5087 5 0.001669
5088 5 0.078461
5089 5 0.005477
5090 5 0.003121
5091 5 0.013909
5092 5 0.003307
5093 5 0.041352
5094 5 0.002345
5095 5 0.028965
5096 5 0.027145
5097 5 0.007853
5098 5 0.002002
5099 5 0.025315
5100 5 0.115360
5101 5 0.246852
5102 5 0.117823
5103 5 0.012098
5104 5 0.060320
5105 5 0.024540
5106 5 0.005617
5107 5 0.010212
5108 5 0.383561
5109 5 0.005276
5110 5 0.011879
5111 5 0.006027
5112 5 0.037664
5113 5 0.061855
5114 5 0.002670
5115 5 0.002292
5116 5 0.060463
5117 5 0.002103
5118 5 0.082657
5119 5 0.031104
5120 5 0.001913
5121 5 0.002310
5122 5 0.268276
5123 5 0.021985
5124 5 0.085608
5125 5 0.001519
5126 5 0.421036
5127 5 0.451863
5128 5 0.027659
5129 5 0.007049
5130 5 0.373401
5131 5 0.053853
5132 5 0.040459
5133 5 0.082753
5134 5 0.017892
5135 5 0.012153
5136 5 0.066455
5137 5 0.031559
5138 5 0.008950
5139 5 0.016433
5140 5 0.004490
5141 5 0.327635
5142 5 0.004465
5143 5 0.168944
5144 5 0.016581
5145 5 0.014133
5146 5 0.008511
5147 5 0.089222
5148 5 0.346634
5149 5 0.073638
5150 5 0.007876
5151 5 0.176718
5152 5 0.047025
5153 5 0.017738
5154 5 0.005801
5155 5 0.014786
5156 5 0.003417
5157 5 0.126987
5158 5 0.031982
5159 5 0.003570
5160 5 0.046918
5161 5 0.006918
5162 5 0.003328
5163 5 0.008605
5164 5 0.024564
5165 5 0.003426
5166 5 0.008949
5167 5 0.023388
5168 5 0.055106
5169 5 0.005373
5170 5 0.016973
5171 5 0.007334
5172 5 0.214875
5173 5 0.102706
5174 5 0.347139
5175 5 0.041319
5176 5 0.249196
5177 5 0.024176
5178 5 0.012169
5179 5 0.007095
5180 5 0.238040
5181 5 0.011081
5182 5 0.021068
5183 5 0.020281
5184 5 0.012780
5185 5 0.002757
5186 5 0.093359
5187 5 0.019817
5188 5 0.007014
5189 5 0.097803
5190 5 0.204059
5191 5 0.004039
5192 5 0.042189
5193 5 0.014970
5194 5 0.019000
5195 5 0.002606
5196 5 0.035527
5197 5 0.260479
5198 5 0.004071
5199 5 0.067587
5200 5 0.002940
5201 5 0.003396
5202 5 0.044587
5203 5 0.021766
5204 5 0.014828
5205 5 0.008160
5206 5 0.012112
5207 5 0.048616
5208 5 0.046783
5209 5 0.003709
5210 5 0.010498
5211 5 0.004249
5212 5 0.048771
5213 5 0.035392
5214 5 0.009252
5215 5 0.002660
5216 5 0.044031
5217 5 0.002373
5218 5 0.011489
5219 5 0.118336
5220 5 0.003028
5221 5 0.008910
5222 5 0.011329
5223 5 0.005785
5224 5 0.011544
5225 5 0.229957
5226 5 0.015320
5227 5 0.001128
5228 5 0.003777
5229 5 0.006950
5230 5 0.253789
5231 5 0.278060
5232 5 0.007025
5233 5 0.014936
5234 5 0.024796
5235 5 0.203813
5236 5 0.013355
5237 5 0.037106
5238 5 0.009361
5239 5 0.138741
5240 5 0.002141
5241 5 0.010978
5242 5 0.004644
5243 5 0.002247
5244 5 0.008217
5245 5 0.040529
5246 5 0.005043
5247 5 0.002528
5248 5 0.093423
5249 5 0.004480
5250 5 0.155105
5251 5 0.002581
5252 5 0.003685
5253 5 0.016468
5254 5 0.010125
5255 5 0.051561
5256 5 0.094704
5257 5 0.069186
5258 5 0.016799
5259 5 0.032720
5260 5 0.100109
5261 5 0.169943
5262 5 0.238622
5263 5 0.004210
5264 5 0.002095
5265 5 0.011545
5266 5 0.002819
5267 5 0.041873
5268 5 0.006181
5269 5 0.002280
5270 5 0.002538
5271 5 0.040820
5272 5 0.002420
5273 5 0.083121
5274 5 0.164814
5275 5 0.029145
5276 5 0.018500
5277 5 0.081703
5278 5 0.003656
5279 5 0.001755
5280 5 0.003047
5281 5 0.050512
5282 5 0.029556
5283 5 0.021235
5284 5 0.006000
5285 5 0.002267
5286 5 0.003322
5287 5 0.004797
5288 5 0.001422
5289 5 0.077079
5290 5 0.079867
5291 5 0.001643
5292 5 0.214698
5293 5 0.008974
5294 5 0.054429
5295 5 0.003592
5296 5 0.290859
5297 5 0.285960
5298 5 0.014349
5299 5 0.054157
5300 5 0.043316
5301 5 0.048721
5302 5 0.104425
5303 5 0.011745
5304 5 0.011760
5305 5 0.024475
5306 5 0.008972
5307 5 0.014730
5308 5 0.460376
5309 5 0.109953
5310 5 0.046670
5311 5 0.051567
5312 5 0.004477
5313 5 0.002935
5314 5 0.265045
5315 5 0.002887
5316 5 0.021672
5317 5 0.015981
5318 5 0.454494
5319 5 0.008857
5320 5 0.007079
5321 5 0.060861
5322 5 0.003045
5323 5 0.002892
5324 5 0.052822
5325 5 0.030567
5326 5 0.003489
5327 5 0.005051
5328 5 0.328310
5329 5 0.059830
5330 5 0.016524
5331 5 0.037952
5332 5 0.004930
5333 5 0.233583
5334 5 0.003325
5335 5 0.004289
5336 5 0.002904
5337 5 0.012859
5338 5 0.002252
5339 5 0.009290
5340 5 0.019830
5341 5 0.001905
5342 5 0.033276
5343 5 0.020600
5344 5 0.019732
5345 5 0.008038
5346 5 0.002051
5347 5 0.275497
5348 5 0.040948
5349 5 0.007156
5350 5 0.018469
5351 5 0.004587
5352 5 0.017613
5353 5 0.316887
5354 5 0.008220
5355 5 0.020955
5356 5 0.137437
5357 5 0.013475
5358 5 0.002310
5359 5 0.001840
5360 5 0.012881
5361 5 0.074667
5362 5 0.035224
5363 5 0.003061
5364 5 0.500644
5365 5 0.048738
5366 5 0.112153
5367 5 0.093892
5368 5 0.011443
5369 5 0.002273
5370 5 0.284208
5371 5 0.105617
5372 5 0.015349
5373 5 0.042114
5374 5 0.347789
5375 5 0.064339
5376 5 0.103518
5377 5 0.123589
5378 5 0.044229
5379 5 0.004173
5380 5 0.013909
5381 5 0.010455
5382 5 0.006574
5383 5 0.061953
5384 5 0.298800
5385 5 0.185245
5386 5 0.198019
5387 5 0.042605
5388 5 0.352825
5389 5 0.271932
5390 5 0.007671
5391 5 0.273827
5392 5 0.009084
5393 5 0.039140
5394 5 0.104119
5395 5 0.004019
5396 5 0.258347
5397 5 0.019855
5398 5 0.007120
5399 5 0.006004
5400 5 0.014326
5401 5 0.071385
5402 5 0.003799
5403 5 0.057542
5404 5 0.367478
5405 5 0.056879
5406 5 0.009979
5407 5 0.015922
5408 5 0.003149
5409 5 0.018495
5410 5 0.003474
5411 5 0.063553
5412 5 0.003159
5413 5 0.098414
5414 5 0.021109
5415 5 0.003325
5416 5 0.007919
5417 5 0.040286
5418 5 0.002204
5419 5 0.046407
5420 5 0.003214
5421 5 0.077056
5422 5 0.203716
5423 5 0.002909
5424 5 0.009741
5425 5 0.001629
5426 5 0.298701
5427 5 0.394198
5428 5 0.108899
5429 5 0.022964
5430 5 0.011694
5431 5 0.002055
5432 5 0.334812
5433 5 0.045273
5434 5 0.002053
5435 5 0.002421
5436 5 0.002358
5437 5 0.002574
5438 5 0.003385
5439 5 0.002420
5440 5 0.052939
5441 5 0.012468
5442 5 0.261068
5443 5 0.006309
5444 5 0.029859
5445 5 0.014985
5446 5 0.013725
5447 5 0.092018
5448 5 0.380447
5449 5 0.015372
5450 5 0.002117
5451 5 0.022489
5452 5 0.007214
5453 5 0.002502
5454 5 0.012803
5455 5 0.003457
5456 5 0.001587
5457 5 0.194465
5458 5 0.001367
5459 5 0.003087
5460 5 0.451621
5461 5 0.190207
5462 5 0.052516
5463 5 0.096631
5464 5 0.338463
5465 5 0.234424
5466 5 0.024118
5467 5 0.044818
5468 5 0.003031
5469 5 0.056815
5470 5 0.002910
5471 5 0.002278
5472 5 0.171685
5473 5 0.405599
5474 5 0.018216
5475 5 0.067103
5476 5 0.013754
5477 5 0.045238
5478 5 0.004068
5479 5 0.041337
5480 5 0.093604
5481 5 0.009896
5482 5 0.199046
5483 5 0.002838
5484 5 0.039062
5485 5 0.058027
5486 5 0.005581
5487 5 0.004230
5488 5 0.039333
5489 5 0.004746
5490 5 0.007892
5491 5 0.430064
5492 5 0.021847
5493 5 0.001824
5494 5 0.007190
5495 5 0.308328
5496 5 0.006349
5497 5 0.386917
5498 5 0.117230
5499 5 0.065941
5500 5 0.015608
5501 5 0.047050
5502 5 0.018610
5503 5 0.044677
5504 5 0.002988
5505 5 0.066943
5506 5 0.002686
5507 5 0.101862
5508 5 0.004751
5509 5 0.124057
5510 5 0.002491
5511 5 0.008623
5512 5 0.002836
5513 5 0.025815
5514 5 0.164969
5515 5 0.030706
5516 5 0.002331
5517 5 0.002457
5518 5 0.008932
5519 5 0.006111
5520 5 0.050241
5521 5 0.027147
5522 5 0.068536
5523 5 0.007114
5524 5 0.003581
5525 5 0.002124
5526 5 0.010730
5527 5 0.002380
5528 5 0.218700
5529 5 0.048768
5530 5 0.176398
5531 5 0.027852
5532 5 0.010592
5533 5 0.004353
5534 5 0.045382
5535 5 0.002137
5536 5 0.002107
5537 5 0.002676
5538 5 0.236430
5539 5 0.007194
5540 5 0.005787
5541 5 0.100603
5542 5 0.008722
5543 5 0.012395
5544 5 0.266752
5545 5 0.028595
5546 5 0.002769
5547 5 0.002320
5548 5 0.064892
5549 5 0.169546
5550 5 0.063298
5551 5 0.062990
5552 5 0.131445
5553 5 0.026761
5554 5 0.004452
5555 5 0.235931
5556 5 0.009908
5557 5 0.037672
5558 5 0.111083
5559 5 0.112246
5560 5 0.003032
5561 5 0.359313
5562 5 0.027794
5563 5 0.003130
5564 5 0.007124
5565 5 0.016377
5566 5 0.023242
5567 5 0.004610
5568 5 0.043739
5569 5 0.002576
5570 5 0.034448
5571 5 0.003235
5572 5 0.195662
5573 5 0.008677
5574 5 0.061093
5575 5 0.002819
5576 5 0.117831
5577 5 0.038673
5578 5 0.362760
5579 5 0.018960
5580 5 0.003236
5581 5 0.377854
5582 5 0.116067
5583 5 0.130983
5584 5 0.046292
5585 5 0.039624
5586 5 0.113399
5587 5 0.013670
5588 5 0.030618
5589 5 0.003904
5590 5 0.020187
5591 5 0.003385
5592 5 0.049755
5593 5 0.003414
5594 5 0.059771
5595 5 0.128803
5596 5 0.010622
5597 5 0.002631
5598 5 0.040240
5599 5 0.002255
5600 5 0.005285
5601 5 0.003613
5602 5 0.005778
5603 5 0.004809
5604 5 0.028490
5605 5 0.123673
5606 5 0.005958
5607 5 0.019831
5608 5 0.008079
5609 5 0.001797
5610 5 0.008979
5611 5 0.001503
5612 5 0.201248
5613 5 0.006586
5614 5 0.022591
5615 5 0.002078
5616 5 0.002703
5617 5 0.017169
5618 5 0.001746
5619 5 0.163196
5620 5 0.067943
5621 5 0.019904
5622 5 0.037294
5623 5 0.001328
5624 5 0.005915
5625 5 0.042400
5626 5 0.008159
5627 5 0.034631
5628 5 0.002012
5629 5 0.044910
5630 5 0.005620
5631 5 0.001463
5632 5 0.099342
5633 5 0.060583
5634 5 0.321414
5635 5 0.323671
5636 5 0.011753
5637 5 0.009474
5638 5 0.008166
5639 5 0.023001
5640 5 0.115568
5641 5 0.014128
5642 5 0.057316
5643 5 0.051780
5644 5 0.023214
5645 5 0.007289
5646 5 0.033688
5647 5 0.002543
5648 5 0.003778
5649 5 0.052883
5650 5 0.003665
5651 5 0.011854
5652 5 0.003675
5653 5 0.031235
5654 5 0.004001
5655 5 0.001521
5656 5 0.026086
5657 5 0.008787
5658 5 0.005157
5659 5 0.001223
5660 5 0.006571
5661 5 0.015891
5662 5 0.007773
5663 5 0.098791
5664 5 0.008702
5665 5 0.068126
5666 5 0.024030
5667 5 0.064594
5668 5 0.067656
5669 5 0.009004
5670 5 0.011680
5671 5 0.004212
5672 5 0.001506
5673 5 0.012335
5674 5 0.015945
5675 5 0.002585
5676 5 0.110189
5677 5 0.061078
5678 5 0.154387
5679 5 0.003688
5680 5 0.029061
5681 5 0.003393
5682 5 0.204103
5683 5 0.110591
5684 5 0.442235
5685 5 0.009027
5686 5 0.060771
5687 5 0.011270
5688 5 0.035229
5689 5 0.139278
5690 5 0.010063
5691 5 0.037355
5692 5 0.126137
5693 5 0.010717
5694 5 0.112727
5695 5 0.417722
5696 5 0.004974
5697 5 0.058593
5698 5 0.152968
5699 5 0.012176
5700 5 0.061929
5701 5 0.231200
5702 5 0.162847
5703 5 0.026162
5704 5 0.167976
5705 5 0.037391
5706 5 0.009112
5707 5 0.057382
5708 5 0.130130
5709 5 0.038341
5710 5 0.005077
5711 5 0.031740
5712 5 0.007013
5713 5 0.028108
5714 5 0.028282
5715 5 0.518324
5716 5 0.267057
5717 5 0.291891
5718 5 0.094960
5719 5 0.019398
5720 5 0.018579
5721 5 0.004461
5722 5 0.004459
5723 5 0.004235
5724 5 0.004126
5725 5 0.236604
5726 5 0.004220
5727 5 0.011830
5728 5 0.020487
5729 5 0.010469
5730 5 0.005536
5731 5 0.013129
5732 5 0.296864
5733 5 0.040100
5734 5 0.003722
5735 5 0.017363
5736 5 0.089197
5737 5 0.266424
5738 5 0.115923
5739 5 0.032095
5740 5 0.121017
5741 5 0.008284
5742 5 0.008305
5743 5 0.007711
5744 5 0.016506
5745 5 0.038346
5746 5 0.072034
5747 5 0.013640
5748 5 0.007504
5749 5 0.018715
5750 5 0.127394
5751 5 0.003599
5752 5 0.250466
5753 5 0.014036
5754 5 0.003315
5755 5 0.018600
5756 5 0.002672
5757 5 0.012531
5758 5 0.218326
5759 5 0.166106
5760 5 0.014384
5761 5 0.402528
5762 5 0.091669
5763 5 0.270583
5764 5 0.003126
5765 5 0.050211
5766 5 0.276760
5767 5 0.157957
5768 5 0.026505
5769 5 0.172232
5770 5 0.009647
5771 5 0.019714
5772 5 0.006868
5773 5 0.059020
5774 5 0.009236
5775 5 0.015139
5776 5 0.093079
5777 5 0.008399
5778 5 0.009389
5779 5 0.005164
5780 5 0.058252
5781 5 0.015055
5782 5 0.010016
5783 5 0.004117
5784 5 0.137996
5785 5 0.007924
5786 5 0.010601
5787 5 0.048025
5788 5 0.098900
5789 5 0.042341
5790 5 0.347431
5791 5 0.036379
5792 5 0.006328
5793 5 0.321037
5794 5 0.009128
5795 5 0.007216
5796 5 0.019758
5797 5 0.002140
5798 5 0.191060
5799 5 0.014079
5800 5 0.019225
5801 5 0.240957
5802 5 0.008043
5803 5 0.028582
5804 5 0.003384
5805 5 0.060892
5806 5 0.006738
5807 5 0.021111
5808 5 0.026443
5809 5 0.005788
5810 5 0.210476
5811 5 0.016584
5812 5 0.258157
5813 5 0.090367
5814 5 0.157651
5815 5 0.002395
5816 5 0.017336
5817 5 0.013608
5818 5 0.214777
5819 5 0.216669
5820 5 0.211977
5821 5 0.021158
5822 5 0.002934
5823 5 0.074759
5824 5 0.154798
5825 5 0.031474
5826 5 0.010939
5827 5 0.006429
5828 5 0.163624
5829 5 0.006606
5830 5 0.034046
5831 5 0.014994
5832 5 0.009958
5833 5 0.042177
5834 5 0.007859
5835 5 0.002617
5836 5 0.192179
5837 5 0.139984
5838 5 0.284714
5839 5 0.005202
5840 5 0.030205
5841 5 0.007782
5842 5 0.005294
5843 5 0.075160
5844 5 0.003065
5845 5 0.020890
5846 5 0.043523
5847 5 0.008662
5848 5 0.151175
5849 5 0.138784
5850 5 0.330689
5851 5 0.012650
5852 5 0.004621
5853 5 0.030148
5854 5 0.009349
5855 5 0.147886
5856 5 0.027710
5857 5 0.007441
5858 5 0.115312
5859 5 0.025225
5860 5 0.019367
5861 5 0.010902
5862 5 0.012113
5863 5 0.005734
5864 5 0.023692
5865 5 0.008133
5866 5 0.002663
5867 5 0.047849
5868 5 0.012815
5869 5 0.067403
5870 5 0.021346
5871 5 0.068721
5872 5 0.002687
5873 5 0.011053
5874 5 0.278523
5875 5 0.260528
5876 5 0.059375
5877 5 0.165641
5878 5 0.021401
5879 5 0.047791
5880 5 0.019421
5881 5 0.009894
5882 5 0.005401
5883 5 0.093368
5884 5 0.003243
5885 5 0.028335
5886 5 0.002688
5887 5 0.006322
5888 5 0.005039
5889 5 0.005220
5890 5 0.009756
5891 5 0.216791
5892 5 0.002290
5893 5 0.036542
5894 5 0.099488
5895 5 0.025782
5896 5 0.005595
5897 5 0.030011
5898 5 0.001760
5899 5 0.009363
5900 5 0.342817
5901 5 0.398242
5902 5 0.016126
5903 5 0.257092
5904 5 0.284769
5905 5 0.202885
5906 5 0.015262
5907 5 0.012940
5908 5 0.020593
5909 5 0.009725
5910 5 0.025723
5911 5 0.064964
5912 5 0.009502
5913 5 0.117265
5914 5 0.049125
5915 5 0.102007
5916 5 0.005660
5917 5 0.152715
5918 5 0.006119
5919 5 0.016312
5920 5 0.301763
5921 5 0.023954
5922 5 0.048053
5923 5 0.026144
5924 5 0.005670
5925 5 0.006268
5926 5 0.006259
5927 5 0.065763
5928 5 0.051750
5929 5 0.002709
5930 5 0.004851
5931 5 0.003069
5932 5 0.102043
5933 5 0.072742
5934 5 0.005010
5935 5 0.070774
5936 5 0.005731
5937 5 0.009837
5938 5 0.002065
5939 5 0.018948
5940 5 0.008114
5941 5 0.015378
5942 5 0.221925
5943 5 0.001833
5944 5 0.006391
5945 5 0.001681
5946 5 0.030860
5947 5 0.005124
5948 5 0.201328
5949 5 0.036367
5950 5 0.112142
5951 5 0.009567
5952 5 0.016126
5953 5 0.018165
5954 5 0.071778
5955 5 0.065442
5956 5 0.002787
5957 5 0.018733
5958 5 0.004253
5959 5 0.244383
5960 5 0.008001
5961 5 0.006587
5962 5 0.029479
5963 5 0.003228
5964 5 0.065522
5965 5 0.010526
5966 5 0.005423
5967 5 0.006931
5968 5 0.004766
5969 5 0.588740
5970 5 0.064394
5971 5 0.036182
5972 5 0.001833
5973 5 0.127572
5974 5 0.217282
5975 5 0.048277
5976 5 0.006847
5977 5 0.342718
5978 5 0.100339
5979 5 0.415171
5980 5 0.245532
5981 5 0.004770
5982 5 0.043867
5983 5 0.031164
5984 5 0.006722
5985 5 0.120777
5986 5 0.099403
5987 5 0.012015
5988 5 0.006342
5989 5 0.003961
5990 5 0.020527
5991 5 0.213992
5992 5 0.408784
5993 5 0.018697
5994 5 0.168046
5995 5 0.198910
5996 5 0.470483
5997 5 0.012276
5998 5 0.036856
5999 5 0.037777
6000 6 0.007577
6001 6 0.007698
6002 6 0.006140
6003 6 0.022920
6004 6 0.111540
6005 6 0.005315
6006 6 0.072816
6007 6 0.004292
6008 6 0.003898
6009 6 0.004163
6010 6 0.006486
6011 6 0.022096
6012 6 0.028027
6013 6 0.003007
6014 6 0.430476
6015 6 0.012284
6016 6 0.012016
6017 6 0.002628
6018 6 0.123267
6019 6 0.093465
6020 6 0.003064
6021 6 0.010848
6022 6 0.012422
6023 6 0.005448
6024 6 0.002789
6025 6 0.011209
6026 6 0.080255
6027 6 0.003381
6028 6 0.011628
6029 6 0.010185
6030 6 0.011867
6031 6 0.013579
6032 6 0.271715
6033 6 0.046349
6034 6 0.024866
6035 6 0.088666
6036 6 0.004414
6037 6 0.009323
6038 6 0.203870
6039 6 0.363785
6040 6 0.008712
6041 6 0.059279
6042 6 0.026356
6043 6 0.275483
6044 6 0.098565
6045 6 0.036606
6046 6 0.034099
6047 6 0.063361
6048 6 0.003193
6049 6 0.018248
6050 6 0.020208
6051 6 0.025006
6052 6 0.007165
6053 6 0.003796
6054 6 0.006115
6055 6 0.016285
6056 6 0.209359
6057 6 0.264112
6058 6 0.002776
6059 6 0.235670
6060 6 0.255164
6061 6 0.372630
6062 6 0.015487
6063 6 0.077071
6064 6 0.029112
6065 6 0.197288
6066 6 0.003811
6067 6 0.003984
6068 6 0.038002
6069 6 0.007961
6070 6 0.005194
6071 6 0.015900
6072 6 0.016887
6073 6 0.007880
6074 6 0.013289
6075 6 0.022880
6076 6 0.009519
6077 6 0.043844
6078 6 0.185973
6079 6 0.032268
6080 6 0.052858
6081 6 0.007137
6082 6 0.007312
6083 6 0.065091
6084 6 0.003548
6085 6 0.351006
6086 6 0.061210
6087 6 0.329916
6088 6 0.128849
6089 6 0.097061
6090 6 0.005285
6091 6 0.008072
6092 6 0.042554
6093 6 0.007121
6094 6 0.320026
6095 6 0.214975
6096 6 0.019768
6097 6 0.075072
6098 6 0.003362
6099 6 0.035898
6100 6 0.193079
6101 6 0.010770
6102 6 0.171005
6103 6 0.149624
6104 6 0.061268
6105 6 0.042748
6106 6 0.032934
6107 6 0.365056
6108 6 0.006799
6109 6 0.160550
6110 6 0.297380
6111 6 0.109528
6112 6 0.265960
6113 6 0.028208
6114 6 0.017581
6115 6 0.019296
6116 6 0.231777
6117 6 0.068549
6118 6 0.004415
6119 6 0.017052
6120 6 0.069852
6121 6 0.262655
6122 6 0.051673
6123 6 0.013480
6124 6 0.027021
6125 6 0.168139
6126 6 0.004390
6127 6 0.108132
6128 6 0.010036
6129 6 0.103257
6130 6 0.006890
6131 6 0.271971
6132 6 0.003476
6133 6 0.006721
6134 6 0.004114
6135 6 0.038556
6136 6 0.027919
6137 6 0.035619
6138 6 0.327294
6139 6 0.010526
6140 6 0.006854
6141 6 0.030425
6142 6 0.273833
6143 6 0.252375
6144 6 0.005032
6145 6 0.014587
6146 6 0.023210
6147 6 0.220284
6148 6 0.009180
6149 6 0.015264
6150 6 0.136779
6151 6 0.011611
6152 6 0.126223
6153 6 0.376719
6154 6 0.050740
6155 6 0.155076
6156 6 0.326043
6157 6 0.006737
6158 6 0.026802
6159 6 0.132675
6160 6 0.011268
6161 6 0.003874
6162 6 0.110997
6163 6 0.005671
6164 6 0.006266
6165 6 0.043292
6166 6 0.003540
6167 6 0.003564
6168 6 0.076359
6169 6 0.028097
6170 6 0.086262
6171 6 0.002992
6172 6 0.006511
6173 6 0.078039
6174 6 0.006308
6175 6 0.006701
6176 6 0.014722
6177 6 0.002291
6178 6 0.001462
6179 6 0.032182
6180 6 0.040605
6181 6 0.007617
6182 6 0.013312
6183 6 0.048515
6184 6 0.005556
6185 6 0.006566
6186 6 0.066880
6187 6 0.001752
6188 6 0.004275
6189 6 0.186758
6190 6 0.029535
6191 6 0.049286
6192 6 0.104293
6193 6 0.005167
6194 6 0.176299
6195 6 0.012687
6196 6 0.055349
6197 6 0.040103
6198 6 0.369116
6199 6 0.003876
6200 6 0.023785
6201 6 0.008765
6202 6 0.187847
6203 6 0.083872
6204 6 0.007397
6205 6 0.026159
6206 6 0.152468
6207 6 0.027720
6208 6 0.006730
6209 6 0.008436
6210 6 0.339855
6211 6 0.003839
6212 6 0.027420
6213 6 0.017328
6214 6 0.005484
6215 6 0.005045
6216 6 0.004705
6217 6 0.009550
6218 6 0.003930
6219 6 0.006347
6220 6 0.002737
6221 6 0.012787
6222 6 0.002197
6223 6 0.012963
6224 6 0.030736
6225 6 0.004241
6226 6 0.277146
6227 6 0.036616
6228 6 0.011975
6229 6 0.053873
6230 6 0.002758
6231 6 0.061595
6232 6 0.004025
6233 6 0.010554
6234 6 0.039954
6235 6 0.021316
6236 6 0.028036
6237 6 0.052036
6238 6 0.012450
6239 6 0.108041
6240 6 0.012770
6241 6 0.013252
6242 6 0.122603
6243 6 0.022830
6244 6 0.242341
6245 6 0.087224
6246 6 0.002951
6247 6 0.035188
6248 6 0.080098
6249 6 0.026336
6250 6 0.029896
6251 6 0.339084
6252 6 0.043286
6253 6 0.399279
6254 6 0.008581
6255 6 0.041254
6256 6 0.095340
6257 6 0.045971
6258 6 0.008345
6259 6 0.088269
6260 6 0.005786
6261 6 0.006009
6262 6 0.083013
6263 6 0.023512
6264 6 0.009956
6265 6 0.008225
6266 6 0.005245
6267 6 0.010645
6268 6 0.007327
6269 6 0.006518
6270 6 0.006332
6271 6 0.022692
6272 6 0.390448
6273 6 0.009735
6274 6 0.005537
6275 6 0.016853
6276 6 0.044057
6277 6 0.024306
6278 6 0.052307
6279 6 0.078860
6280 6 0.035571
6281 6 0.079410
6282 6 0.005866
6283 6 0.150408
6284 6 0.043441
6285 6 0.220679
6286 6 0.003183
6287 6 0.005172
6288 6 0.022746
6289 6 0.361298
6290 6 0.003862
6291 6 0.018406
6292 6 0.167335
6293 6 0.004219
6294 6 0.002844
6295 6 0.196992
6296 6 0.003141
6297 6 0.018195
6298 6 0.026601
6299 6 0.004122
6300 6 0.003088
6301 6 0.004129
6302 6 0.012449
6303 6 0.012987
6304 6 0.002987
6305 6 0.013092
6306 6 0.004297
6307 6 0.006134
6308 6 0.004090
6309 6 0.283219
6310 6 0.041181
6311 6 0.042301
6312 6 0.239216
6313 6 0.232874
6314 6 0.026478
6315 6 0.030789
6316 6 0.016222
6317 6 0.024754
6318 6 0.003740
6319 6 0.397127
6320 6 0.289916
6321 6 0.023146
6322 6 0.008475
6323 6 0.048922
6324 6 0.009694
6325 6 0.010803
6326 6 0.010681
6327 6 0.048047
6328 6 0.005225
6329 6 0.276674
6330 6 0.018725
6331 6 0.003844
6332 6 0.026232
6333 6 0.012720
6334 6 0.018986
6335 6 0.004871
6336 6 0.087634
6337 6 0.015880
6338 6 0.011696
6339 6 0.008161
6340 6 0.003932
6341 6 0.084538
6342 6 0.006583
6343 6 0.021237
6344 6 0.003653
6345 6 0.003209
6346 6 0.006109
6347 6 0.323108
6348 6 0.015337
6349 6 0.004795
6350 6 0.240802
6351 6 0.007618
6352 6 0.008023
6353 6 0.003111
6354 6 0.005263
6355 6 0.004090
6356 6 0.009585
6357 6 0.003758
6358 6 0.130970
6359 6 0.004859
6360 6 0.013267
6361 6 0.022674
6362 6 0.006704
6363 6 0.176004
6364 6 0.058768
6365 6 0.042647
6366 6 0.075860
6367 6 0.004943
6368 6 0.045698
6369 6 0.023947
6370 6 0.002803
6371 6 0.042085
6372 6 0.007635
6373 6 0.002963
6374 6 0.282009
6375 6 0.002781
6376 6 0.019112
6377 6 0.006070
6378 6 0.090013
6379 6 0.082242
6380 6 0.049856
6381 6 0.006569
6382 6 0.027734
6383 6 0.021236
6384 6 0.107935
6385 6 0.009646
6386 6 0.004115
6387 6 0.096315
6388 6 0.026155
6389 6 0.002958
6390 6 0.007683
6391 6 0.021613
6392 6 0.026040
6393 6 0.191126
6394 6 0.078212
6395 6 0.213112
6396 6 0.002281
6397 6 0.323512
6398 6 0.098517
6399 6 0.008859
6400 6 0.049532
6401 6 0.002220
6402 6 0.197509
6403 6 0.014062
6404 6 0.052958
6405 6 0.007525
6406 6 0.068264
6407 6 0.036989
6408 6 0.406916
6409 6 0.011068
6410 6 0.029423
6411 6 0.007428
6412 6 0.013883
6413 6 0.030048
6414 6 0.002606
6415 6 0.030588
6416 6 0.002736
6417 6 0.189191
6418 6 0.002752
6419 6 0.021540
6420 6 0.004865
6421 6 0.005629
6422 6 0.045519
6423 6 0.201592
6424 6 0.014926
6425 6 0.024044
6426 6 0.052069
6427 6 0.067784
6428 6 0.085953
6429 6 0.003368
6430 6 0.218129
6431 6 0.021183
6432 6 0.005643
6433 6 0.046926
6434 6 0.011680
6435 6 0.345051
6436 6 0.029830
6437 6 0.010055
6438 6 0.015828
6439 6 0.185299
6440 6 0.003124
6441 6 0.028559
6442 6 0.196255
6443 6 0.246970
6444 6 0.082015
6445 6 0.004664
6446 6 0.221316
6447 6 0.002981
6448 6 0.008677
6449 6 0.005268
6450 6 0.010240
6451 6 0.006215
6452 6 0.003665
6453 6 0.012445
6454 6 0.399347
6455 6 0.141365
6456 6 0.124316
6457 6 0.019516
6458 6 0.002898
6459 6 0.053729
6460 6 0.190538
6461 6 0.203252
6462 6 0.054159
6463 6 0.032090
6464 6 0.034038
6465 6 0.023756
6466 6 0.006171
6467 6 0.291307
6468 6 0.013162
6469 6 0.007603
6470 6 0.005008
6471 6 0.034187
6472 6 0.053946
6473 6 0.028797
6474 6 0.385022
6475 6 0.467927
6476 6 0.028490
6477 6 0.005456
6478 6 0.041269
6479 6 0.003694
6480 6 0.031792
6481 6 0.006024
6482 6 0.048715
6483 6 0.427765
6484 6 0.063758
6485 6 0.004066
6486 6 0.013827
6487 6 0.318965
6488 6 0.019265
6489 6 0.021608
6490 6 0.031076
6491 6 0.396709
6492 6 0.208666
6493 6 0.032811
6494 6 0.011920
6495 6 0.003248
6496 6 0.015616
6497 6 0.005788
6498 6 0.002879
6499 6 0.106628
6500 6 0.036430
6501 6 0.003487
6502 6 0.179237
6503 6 0.324878
6504 6 0.005048
6505 6 0.014666
6506 6 0.185795
6507 6 0.530499
6508 6 0.054400
6509 6 0.005489
6510 6 0.014269
6511 6 0.006854
6512 6 0.012068
6513 6 0.021303
6514 6 0.166654
6515 6 0.085950
6516 6 0.066524
6517 6 0.043258
6518 6 0.034580
6519 6 0.061140
6520 6 0.060275
6521 6 0.054988
6522 6 0.015838
6523 6 0.006679
6524 6 0.172976
6525 6 0.038130
6526 6 0.028774
6527 6 0.010629
6528 6 0.011815
6529 6 0.075944
6530 6 0.373930
6531 6 0.436201
6532 6 0.009652
6533 6 0.003647
6534 6 0.048477
6535 6 0.021406
6536 6 0.040125
6537 6 0.040939
6538 6 0.060532
6539 6 0.017962
6540 6 0.028027
6541 6 0.400385
6542 6 0.164518
6543 6 0.007910
6544 6 0.147868
6545 6 0.452783
6546 6 0.014344
6547 6 0.015340
6548 6 0.006286
6549 6 0.021821
6550 6 0.008722
6551 6 0.040656
6552 6 0.100602
6553 6 0.015879
6554 6 0.031168
6555 6 0.023949
6556 6 0.008099
6557 6 0.203835
6558 6 0.195622
6559 6 0.005837
6560 6 0.003291
6561 6 0.282916
6562 6 0.008178
6563 6 0.008724
6564 6 0.259467
6565 6 0.005891
6566 6 0.006802
6567 6 0.038603
6568 6 0.224253
6569 6 0.002888
6570 6 0.042295
6571 6 0.023800
6572 6 0.014559
6573 6 0.059225
6574 6 0.015653
6575 6 0.017132
6576 6 0.300507
6577 6 0.007596
6578 6 0.012575
6579 6 0.002565
6580 6 0.006214
6581 6 0.004011
6582 6 0.002194
6583 6 0.041175
6584 6 0.002240
6585 6 0.253570
6586 6 0.046831
6587 6 0.206260
6588 6 0.125918
6589 6 0.407544
6590 6 0.096153
6591 6 0.015799
6592 6 0.005658
6593 6 0.005342
6594 6 0.001997
6595 6 0.002864
6596 6 0.336072
6597 6 0.018563
6598 6 0.001726
6599 6 0.003103
6600 6 0.002751
6601 6 0.009052
6602 6 0.002139
6603 6 0.043651
6604 6 0.033902
6605 6 0.006100
6606 6 0.173661
6607 6 0.003413
6608 6 0.002427
6609 6 0.042088
6610 6 0.005093
6611 6 0.002926
6612 6 0.240529
6613 6 0.002798
6614 6 0.004197
6615 6 0.041444
6616 6 0.010364
6617 6 0.011013
6618 6 0.003165
6619 6 0.084968
6620 6 0.005510
6621 6 0.149015
6622 6 0.017664
6623 6 0.003531
6624 6 0.022951
6625 6 0.035764
6626 6 0.219573
6627 6 0.003175
6628 6 0.008507
6629 6 0.107860
6630 6 0.291411
6631 6 0.318663
6632 6 0.101821
6633 6 0.417107
6634 6 0.004926
6635 6 0.075980
6636 6 0.005277
6637 6 0.007874
6638 6 0.169407
6639 6 0.006368
6640 6 0.005011
6641 6 0.006313
6642 6 0.004792
6643 6 0.181889
6644 6 0.004380
6645 6 0.005502
6646 6 0.127944
6647 6 0.238326
6648 6 0.051061
6649 6 0.019404
6650 6 0.024414
6651 6 0.007313
6652 6 0.023770
6653 6 0.002804
6654 6 0.042697
6655 6 0.005026
6656 6 0.008840
6657 6 0.002828
6658 6 0.020482
6659 6 0.004599
6660 6 0.255524
6661 6 0.016279
6662 6 0.005789
6663 6 0.075394
6664 6 0.013813
6665 6 0.117647
6666 6 0.016417
6667 6 0.088945
6668 6 0.068236
6669 6 0.105300
6670 6 0.007254
6671 6 0.294417
6672 6 0.031556
6673 6 0.081520
6674 6 0.022642
6675 6 0.359433
6676 6 0.003131
6677 6 0.006468
6678 6 0.009488
6679 6 0.023235
6680 6 0.018751
6681 6 0.165594
6682 6 0.078346
6683 6 0.091815
6684 6 0.007277
6685 6 0.027424
6686 6 0.006308
6687 6 0.279721
6688 6 0.012279
6689 6 0.326968
6690 6 0.455995
6691 6 0.044862
6692 6 0.085386
6693 6 0.270760
6694 6 0.048417
6695 6 0.002967
6696 6 0.006631
6697 6 0.007507
6698 6 0.221447
6699 6 0.170423
6700 6 0.020097
6701 6 0.003129
6702 6 0.036146
6703 6 0.138141
6704 6 0.403765
6705 6 0.162451
6706 6 0.013882
6707 6 0.008036
6708 6 0.035745
6709 6 0.007529
6710 6 0.021353
6711 6 0.007410
6712 6 0.054424
6713 6 0.177956
6714 6 0.088506
6715 6 0.026912
6716 6 0.024964
6717 6 0.009292
6718 6 0.036736
6719 6 0.009652
6720 6 0.060117
6721 6 0.099829
6722 6 0.042087
6723 6 0.003036
6724 6 0.012699
6725 6 0.003020
6726 6 0.011660
6727 6 0.003105
6728 6 0.006966
6729 6 0.033784
6730 6 0.026190
6731 6 0.263797
6732 6 0.019544
6733 6 0.065035
6734 6 0.065338
6735 6 0.008687
6736 6 0.067614
6737 6 0.049336
6738 6 0.033518
6739 6 0.010446
6740 6 0.009593
6741 6 0.021008
6742 6 0.221075
6743 6 0.074176
6744 6 0.030279
6745 6 0.003095
6746 6 0.032832
6747 6 0.058210
6748 6 0.009417
6749 6 0.002718
6750 6 0.007238
6751 6 0.003444
6752 6 0.037071
6753 6 0.005416
6754 6 0.006775
6755 6 0.007606
6756 6 0.113706
6757 6 0.093360
6758 6 0.011639
6759 6 0.006918
6760 6 0.295807
6761 6 0.022668
6762 6 0.007685
6763 6 0.067103
6764 6 0.049413
6765 6 0.241211
6766 6 0.032676
6767 6 0.277232
6768 6 0.015785
6769 6 0.062027
6770 6 0.007878
6771 6 0.017768
6772 6 0.005178
6773 6 0.009532
6774 6 0.025294
6775 6 0.009845
6776 6 0.005462
6777 6 0.040982
6778 6 0.008827
6779 6 0.017198
6780 6 0.008752
6781 6 0.008417
6782 6 0.091007
6783 6 0.066482
6784 6 0.077972
6785 6 0.028239
6786 6 0.005494
6787 6 0.033988
6788 6 0.006235
6789 6 0.007593
6790 6 0.049969
6791 6 0.003804
6792 6 0.004488
6793 6 0.004058
6794 6 0.012501
6795 6 0.001656
6796 6 0.003165
6797 6 0.002160
6798 6 0.228480
6799 6 0.007241
6800 6 0.204714
6801 6 0.050891
6802 6 0.012575
6803 6 0.002447
6804 6 0.022303
6805 6 0.001489
6806 6 0.028880
6807 6 0.002218
6808 6 0.036480
6809 6 0.026919
6810 6 0.001682
6811 6 0.004533
6812 6 0.001999
6813 6 0.041349
6814 6 0.006530
6815 6 0.005669
6816 6 0.370446
6817 6 0.031156
6818 6 0.229742
6819 6 0.012712
6820 6 0.005807
6821 6 0.002289
6822 6 0.013587
6823 6 0.006900
6824 6 0.019640
6825 6 0.021787
6826 6 0.001623
6827 6 0.001762
6828 6 0.001653
6829 6 0.009100
6830 6 0.115127
6831 6 0.005251
6832 6 0.064185
6833 6 0.004881
6834 6 0.135234
6835 6 0.009398
6836 6 0.001852
6837 6 0.059956
6838 6 0.036525
6839 6 0.022681
6840 6 0.082609
6841 6 0.006027
6842 6 0.002114
6843 6 0.230773
6844 6 0.013763
6845 6 0.016378
6846 6 0.034377
6847 6 0.185626
6848 6 0.014893
6849 6 0.086556
6850 6 0.027030
6851 6 0.007249
6852 6 0.151537
6853 6 0.002824
6854 6 0.016133
6855 6 0.077189
6856 6 0.008797
6857 6 0.010118
6858 6 0.024295
6859 6 0.068824
6860 6 0.004408
6861 6 0.005458
6862 6 0.006237
6863 6 0.006158
6864 6 0.005304
6865 6 0.004907
6866 6 0.037460
6867 6 0.249312
6868 6 0.023810
6869 6 0.005958
6870 6 0.081243
6871 6 0.012331
6872 6 0.008679
6873 6 0.289790
6874 6 0.013224
6875 6 0.001712
6876 6 0.001939
6877 6 0.027619
6878 6 0.013064
6879 6 0.004061
6880 6 0.011657
6881 6 0.004745
6882 6 0.005986
6883 6 0.007960
6884 6 0.055501
6885 6 0.013701
6886 6 0.013843
6887 6 0.002650
6888 6 0.007210
6889 6 0.013963
6890 6 0.093077
6891 6 0.007885
6892 6 0.073034
6893 6 0.235050
6894 6 0.024506
6895 6 0.025283
6896 6 0.037390
6897 6 0.250980
6898 6 0.009138
6899 6 0.047690
6900 6 0.007513
6901 6 0.039160
6902 6 0.076326
6903 6 0.025849
6904 6 0.003122
6905 6 0.047031
6906 6 0.002365
6907 6 0.010508
6908 6 0.179749
6909 6 0.003264
6910 6 0.002231
6911 6 0.050288
6912 6 0.298361
6913 6 0.196596
6914 6 0.520579
6915 6 0.399423
6916 6 0.020095
6917 6 0.147632
6918 6 0.014227
6919 6 0.059504
6920 6 0.048720
6921 6 0.503132
6922 6 0.008280
6923 6 0.070434
6924 6 0.020742
6925 6 0.006849
6926 6 0.186579
6927 6 0.014577
6928 6 0.008109
6929 6 0.003688
6930 6 0.005787
6931 6 0.100502
6932 6 0.046966
6933 6 0.002967
6934 6 0.004475
6935 6 0.010208
6936 6 0.011216
6937 6 0.027921
6938 6 0.002449
6939 6 0.002574
6940 6 0.182487
6941 6 0.008174
6942 6 0.002160
6943 6 0.002205
6944 6 0.021528
6945 6 0.028389
6946 6 0.005022
6947 6 0.023936
6948 6 0.002491
6949 6 0.075378
6950 6 0.108703
6951 6 0.003258
6952 6 0.039841
6953 6 0.002097
6954 6 0.052050
6955 6 0.021018
6956 6 0.019043
6957 6 0.088786
6958 6 0.145147
6959 6 0.003890
6960 6 0.095995
6961 6 0.329707
6962 6 0.041014
6963 6 0.018111
6964 6 0.005963
6965 6 0.124586
6966 6 0.002133
6967 6 0.005036
6968 6 0.006932
6969 6 0.053145
6970 6 0.009555
6971 6 0.005174
6972 6 0.003320
6973 6 0.004592
6974 6 0.026419
6975 6 0.024923
6976 6 0.407376
6977 6 0.066331
6978 6 0.014870
6979 6 0.023086
6980 6 0.015463
6981 6 0.002321
6982 6 0.150175
6983 6 0.100973
6984 6 0.098155
6985 6 0.338645
6986 6 0.051567
6987 6 0.005589
6988 6 0.005844
6989 6 0.003012
6990 6 0.002389
6991 6 0.035025
6992 6 0.003517
6993 6 0.038722
6994 6 0.003437
6995 6 0.005765
6996 6 0.204149
6997 6 0.006702
6998 6 0.380224
6999 6 0.045299
7000 6 0.161679
7001 6 0.029427
7002 6 0.005893
7003 6 0.014452
7004 6 0.012779
7005 6 0.008720
7006 6 0.051131
7007 6 0.007085
7008 6 0.004529
7009 6 0.004711
7010 6 0.052343
7011 6 0.325752
7012 6 0.234095
7013 6 0.148040
7014 6 0.007421
7015 6 0.004301
7016 6 0.437460
7017 6 0.043211
7018 6 0.079259
7019 6 0.025032
7020 6 0.037946
7021 6 0.002118
7022 6 0.005194
7023 6 0.110211
7024 6 0.007548
7025 6 0.017360
7026 6 0.040623
7027 6 0.007443
7028 6 0.002984
7029 6 0.019644
7030 6 0.021053
7031 6 0.264836
7032 6 0.002230
7033 6 0.005822
7034 6 0.002878
7035 6 0.048353
7036 6 0.002616
7037 6 0.006814
7038 6 0.010067
7039 6 0.005536
7040 6 0.248543
7041 6 0.001913
7042 6 0.003255
7043 6 0.108862
7044 6 0.016566
7045 6 0.046316
7046 6 0.029350
7047 6 0.357710
7048 6 0.002652
7049 6 0.019594
7050 6 0.003471
7051 6 0.100477
7052 6 0.078770
7053 6 0.031560
7054 6 0.006597
7055 6 0.032934
7056 6 0.005770
7057 6 0.006542
7058 6 0.134311
7059 6 0.259383
7060 6 0.010801
7061 6 0.019860
7062 6 0.011210
7063 6 0.009309
7064 6 0.003902
7065 6 0.151828
7066 6 0.200120
7067 6 0.006995
7068 6 0.046434
7069 6 0.042300
7070 6 0.006461
7071 6 0.016493
7072 6 0.003583
7073 6 0.105220
7074 6 0.008294
7075 6 0.344576
7076 6 0.078795
7077 6 0.013407
7078 6 0.010415
7079 6 0.010626
7080 6 0.013577
7081 6 0.002341
7082 6 0.054156
7083 6 0.013117
7084 6 0.007611
7085 6 0.006579
7086 6 0.012401
7087 6 0.219041
7088 6 0.003173
7089 6 0.139352
7090 6 0.056276
7091 6 0.102482
7092 6 0.047912
7093 6 0.193122
7094 6 0.026553
7095 6 0.016736
7096 6 0.340328
7097 6 0.211784
7098 6 0.016550
7099 6 0.021554
7100 6 0.397047
7101 6 0.002286
7102 6 0.004086
7103 6 0.091695
7104 6 0.027062
7105 6 0.002820
7106 6 0.110734
7107 6 0.209342
7108 6 0.277888
7109 6 0.013802
7110 6 0.022567
7111 6 0.012870
7112 6 0.005930
7113 6 0.043839
7114 6 0.096889
7115 6 0.103751
7116 6 0.029305
7117 6 0.009949
7118 6 0.016877
7119 6 0.269389
7120 6 0.004804
7121 6 0.017548
7122 6 0.007031
7123 6 0.012968
7124 6 0.003884
7125 6 0.007993
7126 6 0.006015
7127 6 0.029040
7128 6 0.011443
7129 6 0.004154
7130 6 0.002465
7131 6 0.004182
7132 6 0.002613
7133 6 0.003226
7134 6 0.442001
7135 6 0.011718
7136 6 0.011945
7137 6 0.034542
7138 6 0.005981
7139 6 0.097961
7140 6 0.027501
7141 6 0.020757
7142 6 0.002727
7143 6 0.052105
7144 6 0.032594
7145 6 0.116081
7146 6 0.031274
7147 6 0.004158
7148 6 0.037558
7149 6 0.011187
7150 6 0.008638
7151 6 0.110014
7152 6 0.008231
7153 6 0.001695
7154 6 0.002420
7155 6 0.201528
7156 6 0.021026
7157 6 0.019341
7158 6 0.043222
7159 6 0.004932
7160 6 0.457849
7161 6 0.171930
7162 6 0.135653
7163 6 0.013015
7164 6 0.036230
7165 6 0.007054
7166 6 0.009696
7167 6 0.024312
7168 6 0.019709
7169 6 0.002012
7170 6 0.005299
7171 6 0.025796
7172 6 0.527619
7173 6 0.007485
7174 6 0.060488
7175 6 0.010137
7176 6 0.011097
7177 6 0.004211
7178 6 0.004554
7179 6 0.028604
7180 6 0.004283
7181 6 0.006084
7182 6 0.004117
7183 6 0.410061
7184 6 0.053029
7185 6 0.215695
7186 6 0.407978
7187 6 0.255610
7188 6 0.042294
7189 6 0.008356
7190 6 0.008053
7191 6 0.008817
7192 6 0.008398
7193 6 0.021833
7194 6 0.028409
7195 6 0.004255
7196 6 0.006559
7197 6 0.246957
7198 6 0.020121
7199 6 0.004041
7200 7 0.044656
7201 7 0.060429
7202 7 0.084089
7203 7 0.002378
7204 7 0.034073
7205 7 0.013908
7206 7 0.003922
7207 7 0.006258
7208 7 0.101638
7209 7 0.002680
7210 7 0.002630
7211 7 0.061601
7212 7 0.010809
7213 7 0.029188
7214 7 0.014262
7215 7 0.005450
7216 7 0.020142
7217 7 0.154270
7218 7 0.006958
7219 7 0.009823
7220 7 0.007029
7221 7 0.014721
7222 7 0.004436
7223 7 0.002688
7224 7 0.091419
7225 7 0.236049
7226 7 0.194543
7227 7 0.001459
7228 7 0.076606
7229 7 0.010801
7230 7 0.008274
7231 7 0.002378
7232 7 0.007557
7233 7 0.073321
7234 7 0.005192
7235 7 0.009182
7236 7 0.019198
7237 7 0.219985
7238 7 0.080911
7239 7 0.008299
7240 7 0.069978
7241 7 0.061458
7242 7 0.003698
7243 7 0.001640
7244 7 0.007453
7245 7 0.050309
7246 7 0.063393
7247 7 0.007271
7248 7 0.001500
7249 7 0.003831
7250 7 0.291939
7251 7 0.005134
7252 7 0.005100
7253 7 0.004798
7254 7 0.002085
7255 7 0.001934
7256 7 0.003806
7257 7 0.001831
7258 7 0.001567
7259 7 0.001588
7260 7 0.050675
7261 7 0.005385
7262 7 0.034656
7263 7 0.036247
7264 7 0.277788
7265 7 0.018451
7266 7 0.109963
7267 7 0.084214
7268 7 0.028418
7269 7 0.005851
7270 7 0.084788
7271 7 0.006901
7272 7 0.105266
7273 7 0.008183
7274 7 0.014289
7275 7 0.001678
7276 7 0.297305
7277 7 0.022169
7278 7 0.032408
7279 7 0.002182
7280 7 0.039598
7281 7 0.200499
7282 7 0.013433
7283 7 0.200017
7284 7 0.083011
7285 7 0.149246
7286 7 0.109515
7287 7 0.018291
7288 7 0.026835
7289 7 0.065164
7290 7 0.035637
7291 7 0.032059
7292 7 0.006798
7293 7 0.208804
7294 7 0.009164
7295 7 0.003606
7296 7 0.011993
7297 7 0.008182
7298 7 0.040808
7299 7 0.003026
7300 7 0.263947
7301 7 0.007613
7302 7 0.005961
7303 7 0.002501
7304 7 0.002742
7305 7 0.002647
7306 7 0.005044
7307 7 0.017707
7308 7 0.013347
7309 7 0.004215
7310 7 0.042222
7311 7 0.003925
7312 7 0.286013
7313 7 0.018296
7314 7 0.007024
7315 7 0.007261
7316 7 0.269494
7317 7 0.039159
7318 7 0.145423
7319 7 0.402714
7320 7 0.108288
7321 7 0.056840
7322 7 0.018285
7323 7 0.023749
7324 7 0.087941
7325 7 0.053779
7326 7 0.117484
7327 7 0.446666
7328 7 0.036939
7329 7 0.028292
7330 7 0.144295
7331 7 0.010760
7332 7 0.412901
7333 7 0.051628
7334 7 0.051346
7335 7 0.007069
7336 7 0.190410
7337 7 0.044819
7338 7 0.037784
7339 7 0.006968
7340 7 0.050699
7341 7 0.005099
7342 7 0.043590
7343 7 0.005478
7344 7 0.005054
7345 7 0.016731
7346 7 0.060115
7347 7 0.008227
7348 7 0.077588
7349 7 0.023134
7350 7 0.256016
7351 7 0.012136
7352 7 0.004183
7353 7 0.005826
7354 7 0.003492
7355 7 0.227461
7356 7 0.003437
7357 7 0.117253
7358 7 0.021548
7359 7 0.003994
7360 7 0.040682
7361 7 0.253946
7362 7 0.004155
7363 7 0.004007
7364 7 0.025406
7365 7 0.005424
7366 7 0.004117
7367 7 0.004581
7368 7 0.208317
7369 7 0.020909
7370 7 0.003309
7371 7 0.108329
7372 7 0.021861
7373 7 0.006229
7374 7 0.011288
7375 7 0.190597
7376 7 0.009178
7377 7 0.018147
7378 7 0.028232
7379 7 0.005293
7380 7 0.076401
7381 7 0.009881
7382 7 0.051460
7383 7 0.159328
7384 7 0.235551
7385 7 0.053560
7386 7 0.004009
7387 7 0.320718
7388 7 0.007535
7389 7 0.046200
7390 7 0.015123
7391 7 0.008147
7392 7 0.003507
7393 7 0.189479
7394 7 0.004344
7395 7 0.028167
7396 7 0.024515
7397 7 0.382907
7398 7 0.029406
7399 7 0.005642
7400 7 0.029525
7401 7 0.044084
7402 7 0.007824
7403 7 0.181970
7404 7 0.225308
7405 7 0.090430
7406 7 0.358441
7407 7 0.008756
7408 7 0.011199
7409 7 0.220739
7410 7 0.005573
7411 7 0.209881
7412 7 0.004002
7413 7 0.166899
7414 7 0.003127
7415 7 0.026766
7416 7 0.008811
7417 7 0.005419
7418 7 0.005557
7419 7 0.015598
7420 7 0.099177
7421 7 0.037919
7422 7 0.128870
7423 7 0.003980
7424 7 0.004374
7425 7 0.412454
7426 7 0.002355
7427 7 0.055144
7428 7 0.009067
7429 7 0.013435
7430 7 0.295406
7431 7 0.153180
7432 7 0.362488
7433 7 0.025553
7434 7 0.016915
7435 7 0.358458
7436 7 0.003286
7437 7 0.009918
7438 7 0.017491
7439 7 0.002766
7440 7 0.021334
7441 7 0.026903
7442 7 0.071224
7443 7 0.034200
7444 7 0.014914
7445 7 0.062078
7446 7 0.157844
7447 7 0.027318
7448 7 0.038721
7449 7 0.084641
7450 7 0.044490
7451 7 0.021096
7452 7 0.169914
7453 7 0.029816
7454 7 0.027228
7455 7 0.145928
7456 7 0.003347
7457 7 0.011340
7458 7 0.006569
7459 7 0.311743
7460 7 0.019486
7461 7 0.016136
7462 7 0.217230
7463 7 0.020333
7464 7 0.012469
7465 7 0.048876
7466 7 0.017279
7467 7 0.008392
7468 7 0.004191
7469 7 0.011630
7470 7 0.003284
7471 7 0.287344
7472 7 0.006872
7473 7 0.002923
7474 7 0.041883
7475 7 0.093275
7476 7 0.054694
7477 7 0.002240
7478 7 0.025844
7479 7 0.051111
7480 7 0.006680
7481 7 0.002240
7482 7 0.010356
7483 7 0.006699
7484 7 0.007810
7485 7 0.140173
7486 7 0.002556
7487 7 0.002056
7488 7 0.146796
7489 7 0.002241
7490 7 0.020751
7491 7 0.005820
7492 7 0.001562
7493 7 0.007832
7494 7 0.147431
7495 7 0.004090
7496 7 0.007624
7497 7 0.006926
7498 7 0.007829
7499 7 0.005641
7500 7 0.007127
7501 7 0.002477
7502 7 0.238861
7503 7 0.002530
7504 7 0.211311
7505 7 0.131673
7506 7 0.004307
7507 7 0.004185
7508 7 0.039772
7509 7 0.016560
7510 7 0.002263
7511 7 0.353039
7512 7 0.073773
7513 7 0.203510
7514 7 0.398400
7515 7 0.044229
7516 7 0.050932
7517 7 0.104792
7518 7 0.004257
7519 7 0.007987
7520 7 0.448654
7521 7 0.012428
7522 7 0.053216
7523 7 0.205292
7524 7 0.021987
7525 7 0.007005
7526 7 0.039235
7527 7 0.034479
7528 7 0.367786
7529 7 0.005715
7530 7 0.122406
7531 7 0.017865
7532 7 0.199464
7533 7 0.034742
7534 7 0.009223
7535 7 0.005532
7536 7 0.011373
7537 7 0.010544
7538 7 0.049477
7539 7 0.016099
7540 7 0.027456
7541 7 0.019104
7542 7 0.003933
7543 7 0.004292
7544 7 0.008730
7545 7 0.004016
7546 7 0.003073
7547 7 0.034041
7548 7 0.054854
7549 7 0.042806
7550 7 0.107866
7551 7 0.002391
7552 7 0.006736
7553 7 0.003768
7554 7 0.006045
7555 7 0.067545
7556 7 0.046690
7557 7 0.173323
7558 7 0.005144
7559 7 0.081102
7560 7 0.002299
7561 7 0.035371
7562 7 0.154534
7563 7 0.050539
7564 7 0.002804
7565 7 0.004288
7566 7 0.003461
7567 7 0.019892
7568 7 0.005229
7569 7 0.094792
7570 7 0.004530
7571 7 0.095177
7572 7 0.006883
7573 7 0.001985
7574 7 0.002603
7575 7 0.029562
7576 7 0.004082
7577 7 0.002464
7578 7 0.004415
7579 7 0.003370
7580 7 0.082843
7581 7 0.004256
7582 7 0.006246
7583 7 0.003256
7584 7 0.064833
7585 7 0.002210
7586 7 0.109193
7587 7 0.389747
7588 7 0.001858
7589 7 0.324320
7590 7 0.124159
7591 7 0.003883
7592 7 0.011501
7593 7 0.005899
7594 7 0.015620
7595 7 0.010156
7596 7 0.010371
7597 7 0.011854
7598 7 0.025281
7599 7 0.007417
7600 7 0.002971
7601 7 0.021436
7602 7 0.006186
7603 7 0.009982
7604 7 0.270805
7605 7 0.004497
7606 7 0.002026
7607 7 0.002513
7608 7 0.002079
7609 7 0.033041
7610 7 0.082636
7611 7 0.004769
7612 7 0.470420
7613 7 0.040364
7614 7 0.040991
7615 7 0.004879
7616 7 0.012295
7617 7 0.006552
7618 7 0.082955
7619 7 0.021876
7620 7 0.007198
7621 7 0.339269
7622 7 0.002218
7623 7 0.014448
7624 7 0.211203
7625 7 0.330440
7626 7 0.007884
7627 7 0.005111
7628 7 0.003338
7629 7 0.003554
7630 7 0.003071
7631 7 0.055049
7632 7 0.032796
7633 7 0.063429
7634 7 0.008694
7635 7 0.002370
7636 7 0.286715
7637 7 0.006682
7638 7 0.003054
7639 7 0.005019
7640 7 0.017962
7641 7 0.003965
7642 7 0.020118
7643 7 0.341734
7644 7 0.003319
7645 7 0.002484
7646 7 0.228685
7647 7 0.009615
7648 7 0.003483
7649 7 0.455963
7650 7 0.063087
7651 7 0.007013
7652 7 0.007189
7653 7 0.002782
7654 7 0.007219
7655 7 0.281224
7656 7 0.052166
7657 7 0.103634
7658 7 0.002725
7659 7 0.004361
7660 7 0.105831
7661 7 0.005190
7662 7 0.371584
7663 7 0.048079
7664 7 0.033560
7665 7 0.176552
7666 7 0.028336
7667 7 0.129674
7668 7 0.027969
7669 7 0.006172
7670 7 0.007166
7671 7 0.012650
7672 7 0.332340
7673 7 0.006190
7674 7 0.027704
7675 7 0.004942
7676 7 0.268594
7677 7 0.009851
7678 7 0.032165
7679 7 0.006236
7680 7 0.080570
7681 7 0.005090
7682 7 0.136740
7683 7 0.071098
7684 7 0.019943
7685 7 0.306512
7686 7 0.016373
7687 7 0.017529
7688 7 0.058662
7689 7 0.012261
7690 7 0.003054
7691 7 0.024213
7692 7 0.404762
7693 7 0.051813
7694 7 0.040837
7695 7 0.056867
7696 7 0.051691
7697 7 0.009975
7698 7 0.031585
7699 7 0.224212
7700 7 0.253787
7701 7 0.009940
7702 7 0.053417
7703 7 0.002569
7704 7 0.006706
7705 7 0.160945
7706 7 0.090336
7707 7 0.029665
7708 7 0.007110
7709 7 0.032043
7710 7 0.009925
7711 7 0.013187
7712 7 0.050576
7713 7 0.006082
7714 7 0.176529
7715 7 0.002482
7716 7 0.308746
7717 7 0.198712
7718 7 0.063575
7719 7 0.011774
7720 7 0.019546
7721 7 0.003127
7722 7 0.033017
7723 7 0.011927
7724 7 0.003935
7725 7 0.004675
7726 7 0.024531
7727 7 0.003179
7728 7 0.013759
7729 7 0.033985
7730 7 0.008448
7731 7 0.197168
7732 7 0.034492
7733 7 0.124901
7734 7 0.008811
7735 7 0.002283
7736 7 0.003827
7737 7 0.005505
7738 7 0.054263
7739 7 0.003420
7740 7 0.358557
7741 7 0.019982
7742 7 0.066635
7743 7 0.005766
7744 7 0.122616
7745 7 0.060816
7746 7 0.018888
7747 7 0.213835
7748 7 0.012698
7749 7 0.201757
7750 7 0.002998
7751 7 0.217597
7752 7 0.110753
7753 7 0.024653
7754 7 0.255286
7755 7 0.049074
7756 7 0.008494
7757 7 0.097098
7758 7 0.013590
7759 7 0.017317
7760 7 0.095198
7761 7 0.093609
7762 7 0.014729
7763 7 0.202003
7764 7 0.025452
7765 7 0.003807
7766 7 0.358655
7767 7 0.208870
7768 7 0.012518
7769 7 0.004493
7770 7 0.007063
7771 7 0.003941
7772 7 0.127501
7773 7 0.014816
7774 7 0.005718
7775 7 0.345990
7776 7 0.098871
7777 7 0.014429
7778 7 0.006259
7779 7 0.010698
7780 7 0.048085
7781 7 0.005676
7782 7 0.012621
7783 7 0.006211
7784 7 0.032613
7785 7 0.011665
7786 7 0.059334
7787 7 0.015145
7788 7 0.046708
7789 7 0.156386
7790 7 0.244146
7791 7 0.038668
7792 7 0.037683
7793 7 0.003310
7794 7 0.002929
7795 7 0.221418
7796 7 0.005608
7797 7 0.035156
7798 7 0.025429
7799 7 0.027483
7800 7 0.104820
7801 7 0.015758
7802 7 0.005113
7803 7 0.007975
7804 7 0.083873
7805 7 0.013293
7806 7 0.014076
7807 7 0.025923
7808 7 0.008217
7809 7 0.005123
7810 7 0.035655
7811 7 0.014188
7812 7 0.011668
7813 7 0.525232
7814 7 0.072025
7815 7 0.011630
7816 7 0.012667
7817 7 0.002239
7818 7 0.011058
7819 7 0.002029
7820 7 0.006450
7821 7 0.368436
7822 7 0.020208
7823 7 0.024146
7824 7 0.010337
7825 7 0.030067
7826 7 0.251830
7827 7 0.030835
7828 7 0.042314
7829 7 0.061929
7830 7 0.017618
7831 7 0.012561
7832 7 0.225005
7833 7 0.124093
7834 7 0.057754
7835 7 0.008380
7836 7 0.007731
7837 7 0.004172
7838 7 0.009449
7839 7 0.003897
7840 7 0.017169
7841 7 0.113239
7842 7 0.004722
7843 7 0.066779
7844 7 0.309503
7845 7 0.003069
7846 7 0.056962
7847 7 0.022563
7848 7 0.360103
7849 7 0.400640
7850 7 0.002719
7851 7 0.104695
7852 7 0.004842
7853 7 0.314705
7854 7 0.010150
7855 7 0.286041
7856 7 0.044888
7857 7 0.015091
7858 7 0.008631
7859 7 0.011553
7860 7 0.008389
7861 7 0.012384
7862 7 0.004473
7863 7 0.011527
7864 7 0.006382
7865 7 0.005252
7866 7 0.018547
7867 7 0.064133
7868 7 0.039461
7869 7 0.053588
7870 7 0.008904
7871 7 0.006903
7872 7 0.006913
7873 7 0.335282
7874 7 0.006587
7875 7 0.035336
7876 7 0.003392
7877 7 0.265420
7878 7 0.109999
7879 7 0.012026
7880 7 0.005873
7881 7 0.060385
7882 7 0.014231
7883 7 0.032171
7884 7 0.061424
7885 7 0.003504
7886 7 0.036589
7887 7 0.021574
7888 7 0.234319
7889 7 0.010882
7890 7 0.020379
7891 7 0.029237
7892 7 0.005316
7893 7 0.003416
7894 7 0.029023
7895 7 0.020701
7896 7 0.004047
7897 7 0.169284
7898 7 0.004424
7899 7 0.003002
7900 7 0.002159
7901 7 0.002594
7902 7 0.003740
7903 7 0.134935
7904 7 0.055973
7905 7 0.112101
7906 7 0.018599
7907 7 0.291563
7908 7 0.004002
7909 7 0.014555
7910 7 0.262519
7911 7 0.008226
7912 7 0.002840
7913 7 0.016315
7914 7 0.208547
7915 7 0.042380
7916 7 0.019772
7917 7 0.007663
7918 7 0.005162
7919 7 0.024218
7920 7 0.005305
7921 7 0.352669
7922 7 0.037137
7923 7 0.004204
7924 7 0.002617
7925 7 0.282630
7926 7 0.007945
7927 7 0.018781
7928 7 0.007254
7929 7 0.038229
7930 7 0.025005
7931 7 0.002912
7932 7 0.007392
7933 7 0.032361
7934 7 0.011670
7935 7 0.034920
7936 7 0.023675
7937 7 0.002542
7938 7 0.002550
7939 7 0.002528
7940 7 0.002844
7941 7 0.002357
7942 7 0.178534
7943 7 0.010945
7944 7 0.005612
7945 7 0.008935
7946 7 0.090368
7947 7 0.001249
7948 7 0.016695
7949 7 0.026015
7950 7 0.190080
7951 7 0.031961
7952 7 0.009296
7953 7 0.003619
7954 7 0.028607
7955 7 0.041253
7956 7 0.082049
7957 7 0.026127
7958 7 0.014565
7959 7 0.002506
7960 7 0.002143
7961 7 0.015865
7962 7 0.003523
7963 7 0.022981
7964 7 0.001582
7965 7 0.025230
7966 7 0.002449
7967 7 0.003995
7968 7 0.001627
7969 7 0.002953
7970 7 0.003130
7971 7 0.001044
7972 7 0.211025
7973 7 0.002288
7974 7 0.037780
7975 7 0.001569
7976 7 0.023127
7977 7 0.014611
7978 7 0.024320
7979 7 0.007068
7980 7 0.000974
7981 7 0.059087
7982 7 0.012709
7983 7 0.105878
7984 7 0.085499
7985 7 0.005089
7986 7 0.043643
7987 7 0.027031
7988 7 0.004002
7989 7 0.090951
7990 7 0.002542
7991 7 0.020249
7992 7 0.004559
7993 7 0.046173
7994 7 0.002062
7995 7 0.005034
7996 7 0.015959
7997 7 0.003171
7998 7 0.406488
7999 7 0.029765
8000 7 0.011276
8001 7 0.005843
8002 7 0.003548
8003 7 0.001841
8004 7 0.024973
8005 7 0.029231
8006 7 0.145454
8007 7 0.245863
8008 7 0.007027
8009 7 0.098957
8010 7 0.004941
8011 7 0.087786
8012 7 0.062269
8013 7 0.003921
8014 7 0.009244
8015 7 0.061051
8016 7 0.062695
8017 7 0.085138
8018 7 0.017350
8019 7 0.052280
8020 7 0.005427
8021 7 0.025984
8022 7 0.018682
8023 7 0.287827
8024 7 0.002658
8025 7 0.151380
8026 7 0.005578
8027 7 0.007663
8028 7 0.007014
8029 7 0.004188
8030 7 0.304826
8031 7 0.020556
8032 7 0.007603
8033 7 0.008551
8034 7 0.010550
8035 7 0.077633
8036 7 0.056514
8037 7 0.112988
8038 7 0.003363
8039 7 0.005052
8040 7 0.122969
8041 7 0.415879
8042 7 0.001902
8043 7 0.566544
8044 7 0.008575
8045 7 0.004559
8046 7 0.014644
8047 7 0.058187
8048 7 0.003644
8049 7 0.004506
8050 7 0.006313
8051 7 0.202122
8052 7 0.061355
8053 7 0.003772
8054 7 0.004549
8055 7 0.021847
8056 7 0.006400
8057 7 0.051087
8058 7 0.349076
8059 7 0.121133
8060 7 0.035517
8061 7 0.003212
8062 7 0.052343
8063 7 0.043119
8064 7 0.440457
8065 7 0.005540
8066 7 0.129013
8067 7 0.134758
8068 7 0.005227
8069 7 0.025977
8070 7 0.003324
8071 7 0.017915
8072 7 0.255583
8073 7 0.005517
8074 7 0.003340
8075 7 0.011880
8076 7 0.301623
8077 7 0.005307
8078 7 0.021046
8079 7 0.114723
8080 7 0.151083
8081 7 0.020820
8082 7 0.154688
8083 7 0.006787
8084 7 0.210377
8085 7 0.258544
8086 7 0.024795
8087 7 0.008040
8088 7 0.010405
8089 7 0.058948
8090 7 0.288989
8091 7 0.035233
8092 7 0.006434
8093 7 0.099135
8094 7 0.032296
8095 7 0.218685
8096 7 0.003713
8097 7 0.004425
8098 7 0.032884
8099 7 0.093241
8100 7 0.425513
8101 7 0.040040
8102 7 0.230276
8103 7 0.043009
8104 7 0.006806
8105 7 0.003753
8106 7 0.049157
8107 7 0.003290
8108 7 0.003004
8109 7 0.004868
8110 7 0.014914
8111 7 0.003336
8112 7 0.004622
8113 7 0.002525
8114 7 0.084738
8115 7 0.006950
8116 7 0.008837
8117 7 0.044506
8118 7 0.018337
8119 7 0.004933
8120 7 0.045490
8121 7 0.034106
8122 7 0.017996
8123 7 0.002664
8124 7 0.009577
8125 7 0.001970
8126 7 0.027744
8127 7 0.003858
8128 7 0.205896
8129 7 0.018135
8130 7 0.051921
8131 7 0.019008
8132 7 0.096028
8133 7 0.001536
8134 7 0.005118
8135 7 0.012456
8136 7 0.002626
8137 7 0.164870
8138 7 0.529390
8139 7 0.200437
8140 7 0.044582
8141 7 0.208185
8142 7 0.010659
8143 7 0.001470
8144 7 0.046300
8145 7 0.002102
8146 7 0.006941
8147 7 0.001994
8148 7 0.043697
8149 7 0.071785
8150 7 0.027238
8151 7 0.002092
8152 7 0.007374
8153 7 0.317053
8154 7 0.056123
8155 7 0.005585
8156 7 0.003418
8157 7 0.002938
8158 7 0.493621
8159 7 0.082763
8160 7 0.014445
8161 7 0.441434
8162 7 0.010060
8163 7 0.005161
8164 7 0.346287
8165 7 0.007131
8166 7 0.007809
8167 7 0.015285
8168 7 0.027508
8169 7 0.023170
8170 7 0.106961
8171 7 0.008474
8172 7 0.033348
8173 7 0.091561
8174 7 0.003592
8175 7 0.003347
8176 7 0.290381
8177 7 0.003724
8178 7 0.006595
8179 7 0.037989
8180 7 0.004691
8181 7 0.004556
8182 7 0.007577
8183 7 0.052140
8184 7 0.078220
8185 7 0.003524
8186 7 0.003180
8187 7 0.003465
8188 7 0.028640
8189 7 0.198663
8190 7 0.005130
8191 7 0.190721
8192 7 0.011850
8193 7 0.003028
8194 7 0.002135
8195 7 0.012134
8196 7 0.051441
8197 7 0.021389
8198 7 0.030043
8199 7 0.398928
8200 7 0.049130
8201 7 0.001980
8202 7 0.011301
8203 7 0.061000
8204 7 0.009183
8205 7 0.006853
8206 7 0.031424
8207 7 0.038887
8208 7 0.097554
8209 7 0.063637
8210 7 0.090917
8211 7 0.003792
8212 7 0.201297
8213 7 0.023820
8214 7 0.018406
8215 7 0.432012
8216 7 0.027460
8217 7 0.253227
8218 7 0.007659
8219 7 0.271453
8220 7 0.369457
8221 7 0.024403
8222 7 0.132559
8223 7 0.006282
8224 7 0.005776
8225 7 0.021043
8226 7 0.003930
8227 7 0.003880
8228 7 0.201698
8229 7 0.007349
8230 7 0.003444
8231 7 0.006831
8232 7 0.005191
8233 7 0.009119
8234 7 0.012385
8235 7 0.224362
8236 7 0.173368
8237 7 0.011061
8238 7 0.121818
8239 7 0.230351
8240 7 0.120494
8241 7 0.011414
8242 7 0.005437
8243 7 0.104364
8244 7 0.055662
8245 7 0.004217
8246 7 0.006937
8247 7 0.126107
8248 7 0.092246
8249 7 0.014181
8250 7 0.029923
8251 7 0.029064
8252 7 0.003869
8253 7 0.072027
8254 7 0.284024
8255 7 0.006294
8256 7 0.066887
8257 7 0.009088
8258 7 0.449527
8259 7 0.042428
8260 7 0.008412
8261 7 0.017415
8262 7 0.014702
8263 7 0.028236
8264 7 0.035570
8265 7 0.548789
8266 7 0.037042
8267 7 0.010074
8268 7 0.041283
8269 7 0.003757
8270 7 0.041798
8271 7 0.191034
8272 7 0.008247
8273 7 0.006755
8274 7 0.007332
8275 7 0.004181
8276 7 0.044008
8277 7 0.082172
8278 7 0.030044
8279 7 0.006615
8280 7 0.012566
8281 7 0.019160
8282 7 0.034444
8283 7 0.003705
8284 7 0.091226
8285 7 0.015259
8286 7 0.006323
8287 7 0.002178
8288 7 0.020163
8289 7 0.035268
8290 7 0.009052
8291 7 0.002080
8292 7 0.013050
8293 7 0.310347
8294 7 0.040440
8295 7 0.015111
8296 7 0.008855
8297 7 0.002276
8298 7 0.002729
8299 7 0.001920
8300 7 0.002437
8301 7 0.021588
8302 7 0.085981
8303 7 0.151438
8304 7 0.016658
8305 7 0.006090
8306 7 0.053754
8307 7 0.020909
8308 7 0.004153
8309 7 0.004534
8310 7 0.054621
8311 7 0.003592
8312 7 0.001372
8313 7 0.002135
8314 7 0.029536
8315 7 0.001778
8316 7 0.029527
8317 7 0.020779
8318 7 0.003701
8319 7 0.001993
8320 7 0.003868
8321 7 0.262540
8322 7 0.014158
8323 7 0.104313
8324 7 0.003878
8325 7 0.015414
8326 7 0.057168
8327 7 0.265059
8328 7 0.012529
8329 7 0.203275
8330 7 0.246520
8331 7 0.076485
8332 7 0.002460
8333 7 0.058500
8334 7 0.026416
8335 7 0.254626
8336 7 0.002652
8337 7 0.291355
8338 7 0.003132
8339 7 0.261813
8340 7 0.003165
8341 7 0.007704
8342 7 0.010464
8343 7 0.018313
8344 7 0.009886
8345 7 0.005808
8346 7 0.235636
8347 7 0.165423
8348 7 0.002327
8349 7 0.002778
8350 7 0.220005
8351 7 0.009717
8352 7 0.032663
8353 7 0.017757
8354 7 0.125245
8355 7 0.027883
8356 7 0.247652
8357 7 0.007332
8358 7 0.214841
8359 7 0.010494
8360 7 0.005214
8361 7 0.008507
8362 7 0.233222
8363 7 0.053604
8364 7 0.007788
8365 7 0.052630
8366 7 0.003733
8367 7 0.009014
8368 7 0.003438
8369 7 0.003465
8370 7 0.251873
8371 7 0.319840
8372 7 0.038002
8373 7 0.007117
8374 7 0.017392
8375 7 0.003277
8376 7 0.003046
8377 7 0.025580
8378 7 0.005213
8379 7 0.141652
8380 7 0.015543
8381 7 0.024370
8382 7 0.003414
8383 7 0.017570
8384 7 0.098311
8385 7 0.006359
8386 7 0.180062
8387 7 0.212038
8388 7 0.037235
8389 7 0.015264
8390 7 0.002771
8391 7 0.001999
8392 7 0.027888
8393 7 0.034919
8394 7 0.057910
8395 7 0.005367
8396 7 0.004386
8397 7 0.003039
8398 7 0.290501
8399 7 0.114105
