born_generation,depth,latent,encoder_widths,encoding,time_steps,voltage_threshold,winning_seed_offset,alpha,beta,g1,g2,d_truth,d_penalized_mean,d_penalized_std,latent_activity,param_count,inference_cost,est_latency_ms,feasible,constraint_violation
0,3,24,122-102-24,direct,1,1,1,0.273773,0.931228,-0.657455,0.205001,1.67008,1.79356,0.00387106,0.282693,92976,46124,0.092248,1,0
0,6,3,91-84-77-43-19-3,direct,1,1,2,0.124128,0.91239,-0.788261,0.036518,1.78863,1.81638,0.00477496,0.465792,84073,41593,0.083186,1,0
0,5,1,121-107-28-24-1,direct,1,1,1,0.0498873,0.906085,-0.856197,-0.0440281,1.85672,1.88869,0.00692087,0.594037,96047,47615,0.09523,1,0
0,2,68,79-68,direct,1,1,0,0.26658,0.934607,-0.668027,0.201188,1.68012,1.80087,0.00338139,0.218317,51674,25596,0.051192,1,0
0,2,12,59-12,direct,1,1,1,0.241098,0.92284,-0.681741,0.163938,1.68971,1.79537,0.00873289,0.335785,32010,15812,0.031624,1,0
0,4,9,88-58-22-9,direct,1,1,0,0.207852,0.925691,-0.717838,0.133543,1.72302,1.8094,0.00581162,0.364322,58813,29106,0.058212,1,0
0,6,3,124-104-73-50-39-3,direct,1,1,0,0.185842,0.905556,-0.719714,0.0913974,1.72214,1.79037,0.020332,0.419503,116937,57949,0.115898,1,0
0,3,16,88-79-16,direct,1,1,0,0.248307,0.934631,-0.686324,0.182939,1.69622,1.81064,0.00613863,0.326134,62094,30744,0.061488,1,0
0,2,24,85-24,direct,1,1,0,0.266416,0.934381,-0.667965,0.200796,1.68001,1.80223,0.00376517,0.290846,48050,23800,0.0476,1,0
0,6,51,121-119-115-100-58-51,direct,1,1,1,0.263389,0.926253,-0.662864,0.189642,1.67364,1.79071,0.00705482,0.185376,159969,79318,0.158636,1,0
0,6,6,74-67-42-26-12-6,direct,1,1,1,0.1497,0.911728,-0.762028,0.0614289,1.7631,1.80982,0.00840551,0.320967,57088,28192,0.056384,1,0
0,3,36,124-78-36,direct,1,1,1,0.254071,0.933679,-0.679607,0.18775,1.69007,1.80161,0.00111538,0.255326,89144,44224,0.088448,1,0
0,1,127,127,direct,1,1,0,0.281403,0.935381,-0.653978,0.216784,1.66812,1.79678,0.00203476,0.208495,65407,32512,0.065024,1,0
0,2,91,92-91,direct,1,1,1,0.269254,0.93532,-0.666066,0.204575,1.67858,1.79876,0.000341315,0.179394,64379,31924,0.063848,1,0
0,5,10,119-84-78-46-10,direct,1,1,2,0.28182,0.929286,-0.647465,0.211106,1.66094,1.78975,0.00426223,0.402374,103040,51060,0.10212,1,0
0,3,40,86-42-40,direct,1,1,1,0.267643,0.931174,-0.663531,0.198817,1.67537,1.79447,0.00310003,0.225156,55168,27308,0.054616,1,0
0,3,16,125-50-16,direct,1,1,2,0.258284,0.933226,-0.674942,0.19151,1.68585,1.8048,0.00780071,0.289796,78722,39050,0.0781,1,0
0,5,31,99-93-72-33-31,direct,1,1,2,0.241098,0.92637,-0.685272,0.167467,1.69357,1.79797,0.00819781,0.249917,90173,44646,0.089292,1,0
0,1,26,26,direct,1,1,1,0.239879,0.929696,-0.689816,0.169575,1.6983,1.80057,0.00341285,0.328032,13594,6656,0.013312,1,0
0,5,18,117-78-53-32-18,direct,1,1,1,0.234911,0.925096,-0.690185,0.160006,1.69774,1.80192,0.00967077,0.279646,91802,45484,0.090968,1,0
0,1,77,77,direct,1,1,0,0.288706,0.936068,-0.647362,0.224774,1.66263,1.79741,0.00223616,0.241978,39757,19712,0.039424,1,0
0,6,14,112-104-82-80-38-14,direct,1,1,0,0.225759,0.921514,-0.695755,0.147272,1.70214,1.79893,0.00983918,0.429416,119062,58980,0.11796,1,0
0,2,24,54-24,direct,1,1,1,0.243094,0.92866,-0.685566,0.171753,1.69429,1.79858,0.00454432,0.289657,30628,15120,0.03024,1,0
0,5,1,111-46-40-22-1,direct,1,1,2,0.0473455,0.909127,-0.861782,-0.0435275,1.86229,1.89019,0.00180508,0.512199,73223,36264,0.072528,1,0
0,3,29,89-63-29,direct,1,1,0,0.241707,0.932243,-0.690536,0.17395,1.69946,1.80541,0.00343311,0.286004,61025,30218,0.060436,1,0
0,3,9,125-47-9,direct,1,1,2,0.26316,0.922501,-0.659341,0.185662,1.6697,1.78694,0.00612504,0.344777,77205,38298,0.076596,1,0
0,3,19,92-39-19,direct,1,1,0,0.243953,0.930402,-0.686449,0.174355,1.69544,1.80316,0.00394909,0.309625,56299,27881,0.055762,1,0
0,4,7,126-65-53-7,direct,1,1,0,0.21608,0.922222,-0.706142,0.138302,1.71174,1.80524,0.00931069,0.480766,89275,44262,0.088524,1,0
0,3,31,117-82-31,direct,1,1,0,0.273815,0.933581,-0.659766,0.207395,1.67267,1.79806,0.00290772,0.248119,84861,42088,0.084176,1,0
0,4,11,98-87-48-11,direct,1,1,0,0.243621,0.926323,-0.682702,0.169944,1.69126,1.81374,0.016211,0.50276,77369,38318,0.076636,1,0
0,3,12,105-69-12,direct,1,1,1,0.240566,0.928351,-0.687785,0.168917,1.69622,1.80379,0.00777742,0.283642,70522,34953,0.069906,1,0
0,1,42,42,direct,1,1,1,0.286201,0.936596,-0.650395,0.222797,1.66537,1.79787,0.00179539,0.283841,21802,10752,0.021504,1,0
1,1,113,113,direct,1,1,1,0.28544,0.935094,-0.649654,0.220534,1.66433,1.79723,0.00264366,0.217135,58225,28928,0.057856,1,0
1,4,6,110-90-24-6,direct,1,1,1,0.173611,0.917218,-0.743607,0.0908285,1.74597,1.80433,0.00538629,0.434037,81438,40364,0.080728,1,0
1,3,13,86-42-13,direct,1,1,2,0.246047,0.929955,-0.683908,0.176003,1.69308,1.8005,0.00458605,0.349956,52873,26174,0.052348,1,0
1,4,9,90-72-23-9,direct,1,1,0,0.25905,0.922751,-0.663701,0.181801,1.6736,1.79257,0.0126191,0.365809,63401,31383,0.062766,1,0
1,1,99,99,direct,1,1,0,0.292974,0.937379,-0.644405,0.230353,1.66046,1.79911,0.00350889,0.225799,51043,25344,0.050688,1,0
1,3,43,99-72-43,direct,1,1,1,0.270341,0.932177,-0.661836,0.202517,1.67413,1.79593,0.00284477,0.234699,71777,35568,0.071136,1,0
1,3,67,102-85-67,direct,1,1,0,0.271954,0.934838,-0.662883,0.206792,1.67569,1.80007,0.00380395,0.211965,81651,40477,0.080954,1,0
1,6,20,122-92-77-58-24-20,direct,1,1,0,0.228092,0.923095,-0.695004,0.151187,1.70173,1.79397,0.0035351,0.278437,112778,55878,0.111756,1,0
1,2,60,125-60,direct,1,1,2,0.283491,0.935694,-0.652203,0.219186,1.66668,1.79933,0.00306363,0.219378,79566,39500,0.079,1,0
1,3,12,105-82-12,direct,1,1,2,0.222047,0.92532,-0.703273,0.147367,1.70964,1.80234,0.00499326,0.355462,73590,36474,0.072948,1,0
1,5,27,70-67-55-40-27,direct,1,1,1,0.233887,0.925882,-0.691995,0.159768,1.69952,1.80787,0.0104409,0.216136,59897,29575,0.05915,1,0
1,6,12,74-67-50-42-35-12,direct,1,1,2,0.193925,0.918871,-0.724946,0.112797,1.72863,1.80936,0.0106337,0.436173,63288,31242,0.062484,1,0
1,6,24,80-70-55-40-27-24,direct,1,1,0,0.200902,0.921081,-0.720179,0.121984,1.7245,1.80065,0.00344939,0.247439,68540,33858,0.067716,1,0
1,3,31,127-68-31,direct,1,1,1,0.288531,0.935463,-0.646931,0.223994,1.66209,1.80166,0.00634726,0.268512,87189,43256,0.086512,1,0
1,3,29,63-35-29,direct,1,1,1,0.263705,0.931012,-0.667306,0.194717,1.67864,1.79776,0.00398961,0.232637,39177,19348,0.038696,1,0
1,5,24,80-66-59-26-24,direct,1,1,0,0.187103,0.917758,-0.730655,0.104861,1.73383,1.80007,0.00340988,0.295633,64366,31812,0.063624,1,0
1,2,36,118-36,direct,1,1,1,0.291975,0.933984,-0.642009,0.225958,1.65748,1.79572,0.00415776,0.25453,69440,34456,0.068912,1,0
1,2,5,30-5,direct,1,1,2,0.18671,0.920317,-0.733607,0.107027,1.73691,1.81336,0.0128885,0.399951,15981,7830,0.01566,1,0
1,1,30,30,direct,1,1,1,0.279343,0.933915,-0.654572,0.213258,1.66826,1.79918,0.00517182,0.310277,15646,7680,0.01536,1,0
1,3,12,126-68-12,direct,1,1,1,0.253232,0.926378,-0.673146,0.17961,1.68276,1.79405,0.00608108,0.316086,83936,41640,0.08328,1,0
1,5,3,104-73-48-30-3,direct,1,1,1,0.129639,0.913139,-0.783501,0.0427781,1.78401,1.81134,0.00259653,0.529346,79269,39250,0.0785,1,0
1,6,22,119-90-47-42-29-22,direct,1,1,2,0.221061,0.922162,-0.701101,0.143223,1.70712,1.80028,0.00678302,0.265528,99400,49234,0.098468,1,0
1,4,9,111-58-22-9,direct,1,1,1,0.193261,0.922678,-0.729417,0.115938,1.7333,1.80987,0.00649305,0.41668,73303,36328,0.072656,1,0
1,2,91,105-91,direct,1,1,0,0.296656,0.935144,-0.638488,0.231801,1.6548,1.79659,0.00432226,0.194349,73427,36435,0.07287,1,0
1,2,18,38-18,direct,1,1,2,0.281913,0.923427,-0.641515,0.20534,1.65431,1.79649,0.0155502,0.31287,21174,10412,0.020824,1,0
2,3,5,124-72-5,direct,1,1,0,0.200205,0.920873,-0.720668,0.121078,1.72492,1.80944,0.0108411,0.436164,82717,41032,0.082064,1,0
2,1,38,38,direct,1,1,0,0.270558,0.930876,-0.660318,0.201434,1.67249,1.79382,0.00318361,0.295787,19750,9728,0.019456,1,0
2,1,57,57,direct,1,1,1,0.281276,0.935013,-0.653737,0.21629,1.66782,1.79842,0.00328648,0.264504,29497,14592,0.029184,1,0
2,3,12,68-58-12,direct,1,1,1,0.250004,0.932639,-0.682635,0.182643,1.69252,1.80131,0.00232159,0.303788,44616,22048,0.044096,1,0
2,2,68,80-68,direct,1,1,1,0.265738,0.932522,-0.666785,0.19826,1.67853,1.79719,0.00181555,0.206614,52324,25920,0.05184,1,0
2,1,80,80,direct,1,1,1,0.285219,0.935899,-0.65068,0.221119,1.66542,1.79761,0.00352715,0.240861,41296,20480,0.04096,1,0
2,3,12,47-35-12,direct,1,1,0,0.208121,0.926157,-0.718036,0.134279,1.72328,1.81238,0.00747494,0.338621,28626,14097,0.028194,1,0
2,1,91,91,direct,1,1,2,0.290442,0.935847,-0.645405,0.226288,1.66089,1.79647,0.00220815,0.231718,46939,23296,0.046592,1,0
2,5,10,118-84-78-46-10,direct,1,1,0,0.206284,0.924312,-0.718028,0.130596,1.72298,1.80166,0.00179734,0.402212,102358,50720,0.10144,1,0
2,1,68,68,direct,1,1,1,0.287207,0.936362,-0.649155,0.223569,1.66424,1.79876,0.00363871,0.253123,35140,17408,0.034816,1,0
2,2,30,36-30,direct,1,1,0,0.235523,0.930679,-0.695156,0.166202,1.70328,1.80316,0.00183169,0.274404,20950,10296,0.020592,1,0
2,3,43,115-114-43,direct,1,1,1,0.272255,0.934115,-0.66186,0.206369,1.67462,1.79783,0.0018498,0.23851,95661,47452,0.094904,1,0
2,1,121,121,direct,1,1,1,0.288888,0.935418,-0.64653,0.224306,1.66174,1.79443,0.00126138,0.211253,62329,30976,0.061952,1,0
2,5,26,88-66-59-49-26,direct,1,1,2,0.248061,0.928566,-0.680505,0.176628,1.68976,1.79986,0.00802754,0.261869,73596,36395,0.07279,1,0
2,2,30,80-30,direct,1,1,2,0.265012,0.933307,-0.668295,0.198319,1.68004,1.79905,0.00285228,0.27316,46206,22880,0.04576,1,0
2,5,26,101-80-66-59-26,direct,1,1,2,0.26458,0.929487,-0.664907,0.194068,1.67618,1.79113,0.00166311,0.240158,90182,44644,0.089288,1,0
2,3,26,110-51-26,direct,1,1,0,0.25998,0.930077,-0.670097,0.190057,1.68088,1.79775,0.00582635,0.244009,70796,35096,0.070192,1,0
2,2,18,100-18,direct,1,1,1,0.26053,0.935016,-0.674486,0.195547,1.68587,1.80691,0.00561614,0.302783,55274,27400,0.0548,1,0
2,4,9,90-72-16-9,direct,1,1,0,0.213426,0.92162,-0.708194,0.135045,1.71352,1.80573,0.00934354,0.434528,62253,30816,0.061632,1,0
2,2,19,93-19,direct,1,1,2,0.26303,0.932574,-0.669545,0.195604,1.68096,1.79957,0.00541809,0.309113,51611,25575,0.05115,1,0
2,3,105,115-114-105,direct,1,1,0,0.281041,0.935887,-0.654846,0.216928,1.669,1.79858,0.00322305,0.165352,109859,54520,0.10904,1,0
2,4,29,126-64-35-29,direct,1,1,0,0.240608,0.92635,-0.685742,0.166959,1.69399,1.80375,0.00923958,0.248943,87885,43575,0.08715,1,0
2,5,10,84-78-54-46-10,direct,1,1,1,0.268605,0.925397,-0.656792,0.194002,1.66811,1.79854,0.0127589,0.292483,71214,35212,0.070424,1,0
2,6,26,81-80-66-59-49-26,direct,1,1,0,0.19827,0.921144,-0.722874,0.119413,1.72701,1.8078,0.0118243,0.25472,82062,40555,0.08111,1,0
2,2,78,124-78,direct,1,1,2,0.282749,0.93535,-0.652601,0.218099,1.66693,1.79759,0.00217959,0.193974,83414,41416,0.082832,1,0
2,6,22,120-67-47-42-29-22,direct,1,1,0,0.189458,0.916829,-0.727371,0.106287,1.73064,1.8006,0.00754985,0.294002,92366,45739,0.091478,1,0
2,4,46,119-84-78-46,direct,1,1,2,0.281872,0.93436,-0.652488,0.216232,1.66658,1.80001,0.00484078,0.234143,102064,50600,0.1012,1,0
2,1,74,74,direct,1,1,2,0.296869,0.935568,-0.638699,0.232437,1.6551,1.79786,0.00549788,0.24807,38218,18944,0.037888,1,0
3,2,30,78-30,direct,1,1,2,0.265139,0.93351,-0.66837,0.198649,1.68016,1.80249,0.00436535,0.273554,45058,22308,0.044616,1,0
3,3,13,58-43-13,direct,1,1,1,0.237018,0.924328,-0.68731,0.161347,1.69501,1.80351,0.0138777,0.332303,36273,17901,0.035802,1,0
3,4,10,84-78-67-10,direct,1,1,0,0.212063,0.924286,-0.712223,0.136349,1.71764,1.80191,0.00362248,0.359596,68628,33952,0.067904,1,0
3,2,12,99-12,direct,1,1,2,0.265437,0.927205,-0.661767,0.192642,1.6729,1.79786,0.0148109,0.346824,53530,26532,0.053064,1,0
3,5,26,80-66-59-49-26,direct,1,1,1,0.214262,0.923438,-0.709176,0.1377,1.71471,1.80364,0.00722678,0.273508,68428,33819,0.067638,1,0
3,5,26,80-70-66-34-26,direct,1,1,0,0.197519,0.921775,-0.724256,0.119293,1.72838,1.79889,0.000615838,0.270746,68438,33828,0.067656,1,0
3,4,45,90-72-67-45,direct,1,1,0,0.274673,0.933824,-0.659152,0.208497,1.6722,1.79649,0.00177646,0.221078,75477,37359,0.074718,1,0
3,2,26,118-26,direct,1,1,0,0.258284,0.932835,-0.674551,0.191119,1.68542,1.80182,0.00316209,0.292398,67070,33276,0.066552,1,0
3,2,30,90-30,direct,1,1,2,0.271758,0.932491,-0.660733,0.20425,1.67325,1.79894,0.0070909,0.252831,51946,25740,0.05148,1,0
3,3,30,90-50-30,direct,1,1,1,0.267913,0.932222,-0.66431,0.200135,1.6763,1.79705,0.00301579,0.290733,58646,29040,0.05808,1,0
3,1,124,124,direct,1,1,0,0.289171,0.936406,-0.647235,0.225577,1.66261,1.79564,0.000631022,0.210767,63868,31744,0.063488,1,0
3,5,9,90-72-42-29-9,direct,1,1,2,0.235462,0.921693,-0.686231,0.157155,1.69354,1.78973,0.00499196,0.441422,68777,34023,0.068046,1,0
3,4,6,108-90-24-6,direct,1,1,2,0.223653,0.922994,-0.699341,0.146647,1.70566,1.79338,0.00255076,0.571501,80050,39672,0.079344,1,0
3,1,58,58,direct,1,1,2,0.294781,0.936396,-0.641615,0.231178,1.65781,1.79449,0.00101299,0.261307,30010,14848,0.029696,1,0
3,3,26,42-40-26,direct,1,1,2,0.247272,0.927539,-0.680267,0.17481,1.68934,1.79733,0.00456358,0.250849,27390,13472,0.026944,1,0
3,2,88,110-88,direct,1,1,1,0.285389,0.935584,-0.650194,0.220973,1.66492,1.79861,0.00302279,0.183217,76244,37840,0.07568,1,0
3,3,13,42-26-13,direct,1,1,0,0.220346,0.922131,-0.701785,0.142477,1.70774,1.79804,0.00603442,0.35004,24769,12182,0.024364,1,0
3,3,6,40-26-6,direct,1,1,1,0.21902,0.921869,-0.70285,0.140889,1.70867,1.79481,0.00479474,0.481303,23266,11436,0.022872,1,0
3,2,38,73-38,direct,1,1,0,0.249775,0.932853,-0.683078,0.182628,1.69296,1.80112,0.00112046,0.261591,43364,21462,0.042924,1,0
3,6,26,74-67-42-41-35-26,direct,1,1,2,0.216047,0.925987,-0.70994,0.142034,1.71583,1.8062,0.00757576,0.273074,62366,30783,0.061566,1,0
3,3,25,51-26-25,direct,1,1,1,0.183925,0.920444,-0.736519,0.104369,1.73965,1.8039,0.00235132,0.241786,30499,15032,0.030064,1,0
3,1,71,71,direct,1,1,0,0.275913,0.93251,-0.656597,0.208423,1.66966,1.79495,0.00272984,0.250476,36679,18176,0.036352,1,0
4,6,22,90-67-47-42-29-22,direct,1,1,1,0.181397,0.914526,-0.733129,0.0959233,1.73578,1.79733,0.00446691,0.268353,72926,36049,0.072098,1,0
4,4,23,90-32-30-23,direct,1,1,2,0.214113,0.920813,-0.706701,0.134926,1.71203,1.793,0.00138534,0.298324,55723,27570,0.05514,1,0
4,6,12,126-66-49-48-26-12,direct,1,1,2,0.174905,0.915631,-0.740726,0.0905353,1.74308,1.79799,0.00151661,0.384704,96334,47718,0.095436,1,0
4,1,119,119,direct,1,1,0,0.288775,0.937264,-0.648489,0.226038,1.66391,1.79815,0.00139133,0.213296,61303,30464,0.060928,1,0
4,2,47,90-47,direct,1,1,1,0.27329,0.935129,-0.661839,0.208418,1.67486,1.80051,0.00286786,0.23088,55023,27270,0.05454,1,0
4,6,22,90-72-67-42-29-22,direct,1,1,1,0.225582,0.921092,-0.69551,0.146674,1.70184,1.79446,0.00475253,0.272111,78906,39014,0.078028,1,0
4,1,112,112,direct,1,1,0,0.278322,0.936054,-0.657733,0.214376,1.67154,1.79877,0.00165499,0.216836,57712,28672,0.057344,1,0
4,5,22,125-67-42-29-22,direct,1,1,1,0.227474,0.921687,-0.694213,0.149161,1.70077,1.79822,0.00812037,0.208812,90894,45045,0.09009,1,0
4,2,6,22-6,direct,1,1,0,0.219738,0.924272,-0.704534,0.144011,1.71061,1.80239,0.00895022,0.428137,11834,5764,0.011528,1,0
4,1,18,18,direct,1,1,0,0.227186,0.929152,-0.701966,0.156338,1.70913,1.80187,0.000817533,0.343987,9490,4608,0.009216,1,0
4,1,62,62,direct,1,1,0,0.283249,0.934957,-0.651708,0.218206,1.66606,1.79489,0.000900101,0.25713,32062,15872,0.031744,1,0
4,1,126,126,direct,1,1,0,0.288042,0.936487,-0.648445,0.224529,1.66367,1.79785,0.00206223,0.209026,64894,32256,0.064512,1,0
4,4,8,58-26-13-8,direct,1,1,0,0.213559,0.914335,-0.700776,0.127894,1.70558,1.80183,0.0150814,0.451823,34054,16798,0.033596,1,0
4,6,22,47-42-36-30-29-22,direct,1,1,0,0.126185,0.908177,-0.781992,0.0343618,1.78232,1.80778,0.0039846,0.213223,36858,18106,0.036212,1,0
4,1,2,2,direct,1,1,1,0.0504562,0.907738,-0.857282,-0.0418057,1.85775,1.89568,0.0123707,0.735552,1282,512,0.001024,1,0
4,6,22,125-47-42-30-29-22,direct,1,1,1,0.168664,0.923046,-0.754382,0.0917096,1.75678,1.813,0.00179095,0.262811,86058,42617,0.085234,1,0
4,3,42,72-52-42,direct,1,1,0,0.288152,0.931532,-0.64338,0.219684,1.658,1.79636,0.00766812,0.250933,49266,24360,0.04872,1,0
4,1,37,37,direct,1,1,1,0.261958,0.935525,-0.673566,0.197483,1.68518,1.80304,0.00172928,0.294997,19237,9472,0.018944,1,0
4,2,14,58-14,direct,1,1,2,0.242698,0.927466,-0.684768,0.170164,1.69334,1.7992,0.00519591,0.365216,31706,15660,0.03132,1,0
4,5,29,125-72-67-42-29,direct,1,1,0,0.215783,0.92828,-0.712497,0.144062,1.71855,1.80928,0.00544352,0.275697,100609,49856,0.099712,1,0
5,4,9,90-72-56-9,direct,1,1,0,0.196322,0.925382,-0.72906,0.121705,1.73334,1.80716,0.00251094,0.446125,68813,34056,0.068112,1,0
5,1,52,52,direct,1,1,0,0.287916,0.933827,-0.64591,0.221743,1.66078,1.79321,0.00303469,0.273269,26932,13312,0.026624,1,0
5,3,19,117-30-19,direct,1,1,0,0.257503,0.923698,-0.666196,0.181201,1.67602,1.78741,0.00513266,0.302312,68633,34032,0.068064,1,0
5,2,26,38-26,direct,1,1,1,0.225439,0.929396,-0.703957,0.154835,1.71098,1.80443,0.00224151,0.290983,21790,10716,0.021432,1,0
5,4,9,77-30-23-9,direct,1,1,2,0.217637,0.917108,-0.699471,0.134744,1.7048,1.79482,0.0107488,0.340235,46363,22919,0.045838,1,0
5,5,29,90-72-67-42-29,direct,1,1,1,0.253093,0.932791,-0.679698,0.185883,1.68995,1.80158,0.00195313,0.262955,77579,38376,0.076752,1,0
5,4,6,108-62-24-6,direct,1,1,0,0.203984,0.917703,-0.713718,0.121687,1.71803,1.79251,0.0032127,0.55947,72602,35976,0.071952,1,0
5,2,26,87-26,direct,1,1,0,0.266551,0.933974,-0.667423,0.200525,1.67944,1.79906,0.00230231,0.293555,49524,24534,0.049068,1,0
5,4,9,90-30-23-9,direct,1,1,1,0.226388,0.922531,-0.696143,0.148919,1.70267,1.79454,0.00468528,0.447624,53825,26637,0.053274,1,0
5,4,9,77-72-23-9,direct,1,1,2,0.228936,0.928836,-0.6999,0.157772,1.70721,1.80343,0.00424096,0.464056,54847,27119,0.054238,1,0
5,5,26,74-67-42-35-26,direct,1,1,2,0.241539,0.926893,-0.685353,0.168432,1.69375,1.80124,0.00768298,0.2985,58910,29096,0.058192,1,0
5,1,53,53,direct,1,1,2,0.28269,0.935485,-0.652795,0.218175,1.66713,1.79771,0.00198027,0.272338,27445,13568,0.027136,1,0
5,4,23,80-32-30-23,direct,1,1,1,0.246336,0.924413,-0.678077,0.17075,1.68674,1.79117,0.00454366,0.293542,49943,24690,0.04938,1,0
5,2,26,84-26,direct,1,1,2,0.276712,0.933023,-0.656311,0.209735,1.66954,1.79549,0.00425159,0.281634,47826,23688,0.047376,1,0
5,3,40,77-72-40,direct,1,1,2,0.262938,0.932817,-0.669879,0.195756,1.68131,1.79938,0.00241974,0.21742,56866,28136,0.056272,1,0
5,1,111,111,direct,1,1,1,0.288783,0.937487,-0.648704,0.226271,1.66416,1.7976,0.000965502,0.215811,57199,28416,0.056832,1,0
5,5,22,125-72-67-29-22,direct,1,1,2,0.245265,0.925036,-0.679771,0.170301,1.68838,1.80237,0.0107549,0.262415,97674,48405,0.09681,1,0
5,3,30,80-70-30,direct,1,1,1,0.276466,0.931398,-0.654932,0.207864,1.66793,1.79492,0.00448659,0.24765,56946,28180,0.05636,1,0
5,1,116,116,direct,1,1,0,0.290119,0.936596,-0.646477,0.226715,1.66201,1.79874,0.00293549,0.215218,59764,29696,0.059392,1,0
6,5,9,72-42-29-26-9,direct,1,1,1,0.21668,0.92037,-0.703691,0.13705,1.70919,1.79525,0.00591314,0.474133,47927,23662,0.047324,1,0
6,1,90,90,direct,1,1,0,0.289643,0.93637,-0.646727,0.226013,1.66216,1.79913,0.00329035,0.23332,46426,23040,0.04608,1,0
6,2,2,57-2,direct,1,1,1,0.141038,0.906746,-0.765708,0.0477839,1.76635,1.80209,0.00989326,0.503587,29784,14706,0.029412,1,0
6,3,40,58-42-40,direct,1,1,0,0.25702,0.928681,-0.671661,0.185701,1.68194,1.79673,0.0051059,0.273731,38424,18964,0.037928,1,0
6,1,35,35,direct,1,1,2,0.279438,0.934278,-0.65484,0.213716,1.66858,1.79694,0.00246048,0.301366,18211,8960,0.01792,1,0
6,3,19,90-67-19,direct,1,1,0,0.243328,0.932275,-0.688947,0.175603,1.69805,1.80596,0.00359138,0.292921,61275,30343,0.060686,1,0
6,1,66,66,direct,1,1,0,0.274634,0.935203,-0.660569,0.209838,1.67377,1.7994,0.00226319,0.253249,34114,16896,0.033792,1,0
6,1,22,22,direct,1,1,1,0.25738,0.932353,-0.674973,0.189733,1.68569,1.79853,0.00127257,0.321379,11542,5632,0.011264,1,0
6,4,2,73-29-6-2,direct,1,1,2,0.175503,0.915542,-0.740039,0.0910455,1.74242,1.81114,0.0113852,0.720941,42456,20991,0.041982,1,0
6,2,51,57-51,direct,1,1,2,0.265801,0.931061,-0.66526,0.196863,1.67686,1.79557,0.00262697,0.214875,35419,17499,0.034998,1,0
6,5,22,67-47-42-29-22,direct,1,1,2,0.255434,0.928806,-0.673371,0.18424,1.68348,1.80387,0.00956377,0.30694,48910,24131,0.048262,1,0
6,3,67,90-85-67,direct,1,1,2,0.267602,0.934761,-0.667159,0.202363,1.6794,1.80051,0.00223215,0.187078,73443,36385,0.07277,1,0
6,2,85,106-85,direct,1,1,1,0.291247,0.936527,-0.64528,0.227773,1.66097,1.79601,0.00134342,0.184138,72845,36146,0.072292,1,0
6,2,57,79-57,direct,1,1,0,0.254343,0.932043,-0.6777,0.186386,1.68802,1.79978,0.00199082,0.214496,49925,24727,0.049454,1,0
6,4,2,88-73-6-2,direct,1,1,2,0.154867,0.915675,-0.760807,0.0705419,1.76222,1.87021,0.0536635,0.51124,59396,29402,0.058804,1,0
6,2,28,72-28,direct,1,1,1,0.27443,0.930489,-0.656059,0.204919,1.66869,1.79659,0.00583263,0.269827,41324,20448,0.040896,1,0
6,3,19,117-67-19,direct,1,1,1,0.250143,0.930173,-0.680029,0.180316,1.68968,1.79957,0.00352956,0.280532,78771,39064,0.078128,1,0
6,1,118,118,direct,1,1,1,0.288173,0.936688,-0.648515,0.224862,1.66378,1.79859,0.00391101,0.212718,60790,30208,0.060416,1,0
6,2,26,85-26,direct,1,1,0,0.281632,0.930576,-0.648944,0.212208,1.66254,1.79288,0.00532308,0.289767,48392,23970,0.04794,1,0
7,1,25,25,direct,1,1,2,0.274169,0.933032,-0.658863,0.207201,1.67175,1.79738,0.00584103,0.326867,13081,6400,0.0128,1,0
7,6,26,74-67-66-42-41-26,direct,1,1,2,0.196271,0.923443,-0.727172,0.119714,1.73132,1.80832,0.00579036,0.250305,68630,33884,0.067768,1,0
7,1,51,51,direct,1,1,0,0.291255,0.934762,-0.643508,0.226017,1.65898,1.79589,0.00321099,0.271752,26419,13056,0.026112,1,0
7,5,9,125-72-42-22-9,direct,1,1,0,0.232434,0.921399,-0.688965,0.153833,1.69596,1.79533,0.00926382,0.33579,91079,45146,0.090292,1,0
7,5,9,47-44-42-29-9,direct,1,1,2,0.235315,0.930423,-0.695108,0.165738,1.70319,1.81893,0.0222447,0.506989,35443,17427,0.034854,1,0
7,1,70,70,direct,1,1,0,0.28243,0.935285,-0.652855,0.217715,1.66713,1.79742,0.00205966,0.251036,36166,17920,0.03584,1,0
7,2,26,112-26,direct,1,1,1,0.267637,0.932855,-0.665218,0.200492,1.67724,1.7977,0.00388883,0.277248,63674,31584,0.063168,1,0
7,1,101,101,direct,1,1,1,0.275571,0.935758,-0.660186,0.211329,1.67358,1.79812,0.000594987,0.221811,52069,25856,0.051712,1,0
7,5,23,125-94-57-30-23,direct,1,1,1,0.222473,0.92856,-0.706087,0.151033,1.71276,1.80338,0.00201338,0.245979,103907,51508,0.103016,1,0
7,1,21,21,direct,1,1,1,0.279332,0.932722,-0.65339,0.212054,1.66693,1.79513,0.00281218,0.337181,11029,5376,0.010752,1,0
7,1,20,20,direct,1,1,0,0.250421,0.929226,-0.678806,0.179647,1.68839,1.80268,0.00834425,0.335942,10516,5120,0.01024,1,0
7,2,52,87-52,direct,1,1,2,0.282571,0.935981,-0.653411,0.218552,1.66779,1.79941,0.00255445,0.227755,54074,26796,0.053592,1,0
7,4,9,90-72-42-9,direct,1,1,1,0.219335,0.923663,-0.704328,0.142997,1.71032,1.79853,0.00526251,0.360556,66517,32922,0.065844,1,0
7,3,6,90-73-6,direct,1,1,2,0.211278,0.922773,-0.711496,0.134051,1.71674,1.80567,0.00786009,0.405235,60684,30048,0.060096,1,0
7,2,38,84-38,direct,1,1,2,0.286271,0.935015,-0.648743,0.221286,1.66353,1.79508,0.0025731,0.244358,49854,24696,0.049392,1,0
7,2,25,26-25,direct,1,1,2,0.235928,0.927651,-0.691723,0.163579,1.69961,1.80101,0.00595536,0.291344,14945,7306,0.014612,1,0
7,5,26,74-67-42-41-26,direct,1,1,2,0.217191,0.926984,-0.709794,0.144175,1.71586,1.80666,0.00473145,0.282261,59738,29504,0.059008,1,0
7,3,9,125-72-9,direct,1,1,2,0.26254,0.928586,-0.666046,0.191126,1.67697,1.79138,0.00186921,0.392774,83955,41648,0.083296,1,0
8,2,22,116-22,direct,1,1,0,0.275761,0.933532,-0.657771,0.209293,1.67093,1.79626,0.0028207,0.323207,65006,32248,0.064496,1,0
8,1,100,100,direct,1,1,1,0.287557,0.935833,-0.648276,0.22339,1.66335,1.79779,0.00300662,0.223605,51556,25600,0.0512,1,0
8,4,2,73-24-6-2,direct,1,1,0,0.208827,0.90205,-0.693223,0.110878,1.69685,1.8117,0.0385575,0.48056,41656,20596,0.041192,1,0
8,5,26,67-41-38-35-26,direct,1,1,2,0.200097,0.923687,-0.723591,0.123784,1.72803,1.80758,0.00697697,0.200364,48038,23697,0.047394,1,0
8,4,10,106-38-30-10,direct,1,1,0,0.236246,0.927262,-0.691016,0.163507,1.6989,1.80044,0.00488432,0.407728,65822,32604,0.065208,1,0
8,2,2,38-2,direct,1,1,0,0.0942929,0.907937,-0.813644,0.00222944,1.81364,1.81651,0.00153698,0.646903,19942,9804,0.019608,1,0
8,5,23,90-61-32-30-23,direct,1,1,0,0.227858,0.921716,-0.693858,0.149574,1.70045,1.79368,0.0044137,0.260595,64969,32132,0.064264,1,0
8,3,5,117-30-5,direct,1,1,1,0.19734,0.918942,-0.721602,0.116282,1.72552,1.80126,0.0058066,0.423775,67779,33612,0.067224,1,0
8,4,2,32-30-23-2,direct,1,1,1,0.123875,0.901323,-0.777448,0.0251973,1.77763,1.81026,0.0130766,0.768255,20204,9888,0.019776,1,0
8,2,36,51-36,direct,1,1,0,0.269459,0.93075,-0.661292,0.200209,1.67331,1.7981,0.00531543,0.245174,30178,14892,0.029784,1,0
8,1,34,34,direct,1,1,0,0.267627,0.933213,-0.665585,0.20084,1.67765,1.79935,0.00501876,0.302982,17698,8704,0.017408,1,0
8,1,78,78,direct,1,1,0,0.274098,0.936713,-0.662616,0.210811,1.67593,1.803,0.00254193,0.242861,40270,19968,0.039936,1,0
8,1,103,103,direct,1,1,2,0.284731,0.936654,-0.651924,0.221385,1.66669,1.79699,0.000557216,0.22501,53095,26368,0.052736,1,0
9,5,2,67-47-33-29-2,direct,1,1,1,0.127937,0.902778,-0.774841,0.030715,1.77511,1.81411,0.0149137,0.731363,46344,22867,0.045734,1,0
9,2,2,111-2,direct,1,1,2,0.183037,0.908069,-0.725032,0.0911054,1.72744,1.79747,0.0207463,0.487141,57756,28638,0.057276,1,0
9,3,67,125-72-67,direct,1,1,0,0.273057,0.935347,-0.66229,0.208404,1.6753,1.80073,0.00241694,0.221221,92365,45824,0.091648,1,0
9,4,3,30-19-18-3,direct,1,1,0,0.15058,0.91433,-0.76375,0.06491,1.76494,1.81575,0.00916198,0.596754,17685,8646,0.017292,1,0
9,2,67,106-67,direct,1,1,0,0.27516,0.935136,-0.659976,0.210296,1.67324,1.79877,0.00189667,0.214857,69011,34238,0.068476,1,0
9,4,2,73-63-24-2,direct,1,1,2,0.223382,0.914286,-0.690903,0.137668,1.6965,1.80765,0.0296935,0.683756,50272,24847,0.049694,1,0
9,2,5,28-5,direct,1,1,2,0.184637,0.908598,-0.723961,0.0932344,1.72648,1.7995,0.0154235,0.444779,14933,7308,0.014616,1,0
9,2,38,82-38,direct,1,1,1,0.285898,0.933744,-0.647846,0.219643,1.66242,1.79835,0.00827035,0.248066,48674,24108,0.048216,1,0
9,4,61,90-72-67-61,direct,1,1,0,0.25361,0.9309,-0.67729,0.18451,1.68741,1.79695,0.00129607,0.201385,77637,38431,0.076862,1,0
9,3,30,117-80-30,direct,1,1,1,0.265613,0.933192,-0.667579,0.198805,1.67939,1.79759,0.00124791,0.279335,84104,41712,0.083424,1,0
9,1,14,14,direct,1,1,1,0.253422,0.92278,-0.669358,0.176202,1.67863,1.79189,0.00749484,0.355219,7438,3584,0.007168,1,0
9,2,57,106-57,direct,1,1,2,0.28088,0.933749,-0.652868,0.214629,1.66675,1.79765,0.00438264,0.216972,66881,33178,0.066356,1,0
9,6,22,125-72-67-42-29-22,direct,1,1,0,0.191862,0.919925,-0.728063,0.111787,1.73168,1.80031,0.00264111,0.287585,101936,50494,0.100988,1,0
9,5,9,74-72-29-26-9,direct,1,1,1,0.160853,0.897707,-0.736855,0.0585598,1.73784,1.78754,0.0112665,0.336196,55363,27348,0.054696,1,0
9,4,23,81-80-32-23,direct,1,1,1,0.247541,0.93132,-0.683779,0.178862,1.69325,1.79954,0.00158151,0.243929,61689,30512,0.061024,1,0
9,3,47,125-67-47,direct,1,1,2,0.272852,0.934667,-0.661815,0.20752,1.67472,1.80136,0.00394871,0.229416,87735,43524,0.087048,1,0
10,2,28,94-28,direct,1,1,2,0.286296,0.93314,-0.646844,0.219436,1.6614,1.79712,0.00723741,0.284016,53864,26696,0.053392,1,0
10,1,107,107,direct,1,1,0,0.29123,0.935228,-0.643998,0.226459,1.65952,1.7956,0.00312279,0.221313,55147,27392,0.054784,1,0
10,5,2,73-60-24-6-2,direct,1,1,0,0.138337,0.916336,-0.777999,0.0546733,1.77884,1.86401,0.0386519,0.570966,49912,24664,0.049328,1,0
10,5,9,74-42-32-22-9,direct,1,1,2,0.202414,0.92425,-0.721837,0.126664,1.72649,1.80317,0.00190587,0.35118,49201,24298,0.048596,1,0
10,2,80,124-80,direct,1,1,1,0.272342,0.93704,-0.664698,0.209383,1.67781,1.80121,0.000672555,0.199521,83912,41664,0.083328,1,0
10,2,76,110-76,direct,1,1,0,0.275432,0.935243,-0.65981,0.210675,1.67313,1.7995,0.00229577,0.196608,73592,36520,0.07304,1,0
10,6,9,125-72-31-29-22-9,direct,1,1,0,0.174715,0.916402,-0.741687,0.0911168,1.74407,1.80452,0.00901422,0.429095,90757,44967,0.089934,1,0
10,2,18,75-18,direct,1,1,2,0.238974,0.930342,-0.691368,0.169316,1.69982,1.80441,0.00383397,0.332322,41524,20550,0.0411,1,0
10,6,22,125-72-67-59-29-22,direct,1,1,2,0.216796,0.92494,-0.708144,0.141736,1.71401,1.80968,0.0108004,0.244068,105234,52126,0.104252,1,0
10,2,15,90-15,direct,1,1,2,0.25043,0.930908,-0.680478,0.181338,1.69023,1.79867,0.00167661,0.337271,49231,24390,0.04878,1,0
10,2,15,37-15,direct,1,1,0,0.232186,0.928554,-0.696368,0.16074,1.70397,1.80604,0.00897127,0.328099,20399,10027,0.020054,1,0
10,1,125,125,direct,1,1,0,0.295249,0.936787,-0.641538,0.232036,1.65786,1.79829,0.00358015,0.210349,64381,32000,0.064,1,0
10,1,96,96,direct,1,1,2,0.292192,0.93559,-0.643398,0.227783,1.65911,1.79686,0.00388428,0.229777,49504,24576,0.049152,1,0
10,6,9,125-47-42-29-22-9,direct,1,1,0,0.200406,0.919136,-0.71873,0.119542,1.72288,1.80693,0.0100322,0.394732,84601,41903,0.083806,1,0
10,2,33,100-33,direct,1,1,0,0.291686,0.936103,-0.644417,0.227789,1.66012,1.79828,0.00379424,0.267779,58289,28900,0.0578,1,0
11,6,9,47-42-38-29-22-9,direct,1,1,0,0.16077,0.905747,-0.744977,0.0665164,1.74624,1.80581,0.0166545,0.271592,35701,17540,0.03508,1,0
11,2,59,118-59,direct,1,1,2,0.282099,0.935629,-0.65353,0.217728,1.6678,1.79766,0.00239361,0.2104,74891,37170,0.07434,1,0
11,5,9,100-96-42-29-9,direct,1,1,1,0.203321,0.91915,-0.715829,0.122472,1.72019,1.79888,0.00784642,0.362669,82221,40711,0.081422,1,0
11,2,26,34-26,direct,1,1,2,0.239045,0.928053,-0.689007,0.167098,1.69725,1.80021,0.00359075,0.244546,19526,9588,0.019176,1,0
11,1,32,32,direct,1,1,2,0.276527,0.933544,-0.657018,0.210071,1.67028,1.7956,0.00205994,0.309835,16672,8192,0.016384,1,0
11,2,72,90-72,direct,1,1,0,0.281646,0.93421,-0.652563,0.215856,1.6666,1.7999,0.00571085,0.198664,59548,29520,0.05904,1,0
11,5,9,125-42-29-26-9,direct,1,1,2,0.183223,0.91965,-0.736427,0.102873,1.73947,1.80643,0.00483736,0.27781,79621,39456,0.078912,1,0
11,1,12,12,direct,1,1,2,0.262433,0.919786,-0.657353,0.182219,1.66734,1.78967,0.0119238,0.35842,6412,3072,0.006144,1,0
11,4,23,90-78-30-23,direct,1,1,1,0.220821,0.928623,-0.707802,0.149444,1.71433,1.80825,0.00535474,0.303081,66855,33090,0.06618,1,0
11,3,9,90-47-9,direct,1,1,2,0.185601,0.931188,-0.745587,0.116788,1.74949,1.81993,0.00274973,0.40409,55925,27693,0.055386,1,0
11,6,9,90-47-42-29-22-9,direct,1,1,2,0.173636,0.915432,-0.741796,0.0890685,1.74407,1.80171,0.00387649,0.293244,63321,31298,0.062596,1,0
11,1,29,29,direct,1,1,2,0.260137,0.933092,-0.672954,0.193229,1.68408,1.80339,0.00730288,0.307529,15133,7424,0.014848,1,0
12,2,90,114-90,direct,1,1,2,0.276088,0.936071,-0.659983,0.21216,1.67349,1.80012,0.00225889,0.195139,79462,39444,0.078888,1,0
12,2,9,47-9,direct,1,1,1,0.214795,0.919371,-0.704576,0.134166,1.70985,1.8019,0.0151847,0.341761,25269,12455,0.02491,1,0
12,2,2,72-2,direct,1,1,0,0.16941,0.894378,-0.724969,0.063788,1.72615,1.78252,0.0177185,0.511013,37554,18576,0.037152,1,0
12,3,2,47-9-2,direct,1,1,0,0.205913,0.926257,-0.720344,0.13217,1.72541,1.81018,0.010013,0.479244,25316,12473,0.024946,1,0
12,6,9,72-42-34-29-13-9,direct,1,1,1,0.188439,0.911934,-0.723495,0.100373,1.72642,1.79682,0.00885959,0.349606,49373,24364,0.048728,1,0
12,2,30,73-30,direct,1,1,0,0.251648,0.930419,-0.678771,0.182067,1.68861,1.79712,0.00214225,0.297502,42188,20878,0.041756,1,0
12,2,18,103-18,direct,1,1,2,0.245272,0.935582,-0.69031,0.180854,1.69996,1.80723,0.00164574,0.318529,56924,28222,0.056444,1,0
12,5,29,90-67-47-42-29,direct,1,1,2,0.240813,0.923372,-0.682558,0.164185,1.69055,1.79007,0.0043527,0.257133,71599,35411,0.070822,1,0
12,6,26,125-66-52-42-41-26,direct,1,1,0,0.208903,0.917384,-0.708481,0.126287,1.71314,1.79473,0.010382,0.240668,98242,48654,0.097308,1,0
12,4,24,108-90-73-24,direct,1,1,1,0.242577,0.927067,-0.68449,0.169644,1.69301,1.79592,0.00359591,0.2599,92202,45690,0.09138,1,0
12,4,9,125-110-47-9,direct,1,1,1,0.245471,0.924559,-0.679088,0.17003,1.68768,1.80097,0.012714,0.335802,103515,51343,0.102686,1,0
12,2,124,125-124,direct,1,1,1,0.287969,0.936125,-0.648156,0.224094,1.66332,1.79917,0.00325308,0.16308,95630,47500,0.095,1,0
12,3,19,90-30-19,direct,1,1,0,0.2474,0.927625,-0.680224,0.175025,1.68932,1.79664,0.00567366,0.33281,53135,26310,0.05262,1,0
12,5,9,72-42-34-29-9,direct,1,1,1,0.22605,0.92062,-0.694571,0.14667,1.70091,1.79292,0.00718493,0.352641,48881,24131,0.048262,1,0
12,1,72,72,direct,1,1,1,0.291101,0.935466,-0.644365,0.226567,1.6599,1.79664,0.00292166,0.248418,37192,18432,0.036864,1,0
12,2,2,3-2,direct,1,1,2,0.117584,0.905489,-0.787906,0.0230732,1.78805,1.83588,0.0346445,0.575241,1812,774,0.001548,1,0
13,2,40,57-40,direct,1,1,2,0.270481,0.932946,-0.662465,0.203427,1.67487,1.7953,0.00104027,0.235754,34154,16872,0.033744,1,0
13,1,123,123,direct,1,1,0,0.288273,0.936542,-0.64827,0.224815,1.66353,1.79991,0.0037916,0.210131,63355,31488,0.062976,1,0
13,1,54,54,direct,1,1,1,0.282231,0.934519,-0.652288,0.21675,1.66644,1.79687,0.00410697,0.268781,27958,13824,0.027648,1,0
13,1,6,6,direct,1,1,1,0.145045,0.907562,-0.762517,0.0526069,1.7633,1.80287,0.00793173,0.406093,3334,1536,0.003072,1,0
13,1,83,83,direct,1,1,1,0.283972,0.936992,-0.65302,0.220965,1.66772,1.7997,0.00346553,0.237399,42835,21248,0.042496,1,0
13,2,2,73-2,direct,1,1,2,0.217458,0.905622,-0.688163,0.12308,1.69264,1.8018,0.0273923,0.491373,38072,18834,0.037668,1,0
13,2,4,90-4,direct,1,1,0,0.193167,0.90625,-0.713083,0.0994168,1.71597,1.78342,0.00753289,0.473684,47240,23400,0.0468,1,0
13,2,2,90-2,direct,1,1,2,0.165751,0.908796,-0.743045,0.0745477,1.74464,1.79727,0.0102249,0.556591,46878,23220,0.04644,1,0
13,2,2,33-2,direct,1,1,1,0.168124,0.91455,-0.746426,0.0826744,1.74838,1.80313,0.00482312,0.535888,17352,8514,0.017028,1,0
13,2,54,88-54,direct,1,1,1,0.2747,0.935237,-0.660537,0.209937,1.67375,1.80201,0.00428775,0.216547,55046,27280,0.05456,1,0
13,5,23,90-54-32-30-23,direct,1,1,0,0.234912,0.924132,-0.689219,0.159044,1.69669,1.79582,0.00554314,0.298383,63247,31278,0.062556,1,0
13,2,2,115-2,direct,1,1,1,0.179746,0.913757,-0.734011,0.0935023,1.73653,1.81715,0.0215108,0.467417,59828,29670,0.05934,1,0
13,2,2,21-2,direct,1,1,1,0.098431,0.900198,-0.801767,-0.00137055,1.80177,1.81026,0.00915739,0.581856,11136,5418,0.010836,1,0
13,1,44,44,direct,1,1,0,0.28304,0.934097,-0.651056,0.217137,1.66527,1.80008,0.00613303,0.285712,22828,11264,0.022528,1,0
14,1,27,27,direct,1,1,2,0.265771,0.935166,-0.669394,0.200937,1.68144,1.80085,0.00211981,0.316529,14107,6912,0.013824,1,0
14,2,112,125-112,direct,1,1,0,0.277258,0.936044,-0.658786,0.213302,1.67244,1.79806,0.000475167,0.179462,92618,46000,0.092,1,0
14,4,22,125-72-29-22,direct,1,1,0,0.260725,0.924633,-0.663908,0.185358,1.6742,1.79253,0.0106001,0.319555,88182,43726,0.087452,1,0
14,2,21,114-21,direct,1,1,2,0.245712,0.933226,-0.687514,0.178938,1.69697,1.80516,0.00264143,0.29289,63661,31578,0.063156,1,0
14,3,12,123-21-12,direct,1,1,1,0.229227,0.924868,-0.69564,0.154095,1.70263,1.7952,0.00203584,0.342679,69202,34323,0.068646,1,0
14,2,50,96-50,direct,1,1,0,0.28537,0.932664,-0.647294,0.218034,1.66166,1.79435,0.00351628,0.236524,59250,29376,0.058752,1,0
14,3,46,125-90-46,direct,1,1,0,0.278479,0.934604,-0.656125,0.213084,1.66978,1.79898,0.00384164,0.22513,95512,47390,0.09478,1,0
14,1,3,3,direct,1,1,2,0.0957704,0.904101,-0.80833,-0.00012903,1.80833,1.82548,0.0121407,0.583792,1795,768,0.001536,1,0
14,2,66,114-66,direct,1,1,1,0.272396,0.934911,-0.662514,0.207307,1.67539,1.79718,0.000389335,0.20498,73966,36708,0.073416,1,0
14,2,2,116-2,direct,1,1,2,0.121212,0.895238,-0.774026,0.0164498,1.7741,1.80218,0.0157994,0.519524,60346,29928,0.059856,1,0
14,1,114,114,direct,1,1,0,0.299075,0.936046,-0.636971,0.235121,1.65377,1.79472,0.00332856,0.216847,58738,29184,0.058368,1,0
14,2,86,94-86,direct,1,1,2,0.271059,0.934665,-0.663606,0.205725,1.67628,1.79899,0.00160387,0.191875,64826,32148,0.064296,1,0
14,3,12,21-20-12,direct,1,1,1,0.18527,0.920216,-0.734946,0.105486,1.73815,1.80496,0.00565748,0.340993,12422,6036,0.012072,1,0
14,2,2,128-2,direct,1,1,0,0.211499,0.921164,-0.709665,0.132663,1.7148,1.79872,0.0054444,0.494789,66562,33024,0.066048,1,0
14,3,2,118-72-2,direct,1,1,1,0.238498,0.917593,-0.679095,0.156091,1.68633,1.80079,0.0169833,0.408552,78334,38848,0.077696,1,0
15,2,2,51-2,direct,1,1,1,0.173259,0.920767,-0.747508,0.0940262,1.75004,1.82546,0.0186406,0.507173,26676,13158,0.026316,1,0
15,2,2,62-2,direct,1,1,2,0.133582,0.890146,-0.756563,0.023728,1.75672,1.81359,0.0351353,0.525336,32374,15996,0.031992,1,0
15,2,52,72-52,direct,1,1,2,0.24982,0.933481,-0.683661,0.183301,1.69361,1.8033,0.00174839,0.216023,44804,22176,0.044352,1,0
15,3,2,99-90-2,direct,1,1,1,0.185142,0.908333,-0.723192,0.093475,1.72573,1.79406,0.0106137,0.490449,69504,34434,0.068868,1,0
15,3,2,125-14-2,direct,1,1,1,0.194878,0.917725,-0.722847,0.112602,1.72652,1.82546,0.0239129,0.495496,68092,33778,0.067556,1,0
15,2,72,125-72,direct,1,1,0,0.285156,0.936741,-0.651586,0.221897,1.66643,1.798,0.00121038,0.19808,82578,41000,0.082,1,0
15,2,40,105-40,direct,1,1,1,0.284682,0.935486,-0.650804,0.220168,1.66542,1.7974,0.00288089,0.237166,62666,31080,0.06216,1,0
15,6,26,125-52-47-42-41-26,direct,1,1,1,0.209669,0.923357,-0.713688,0.133026,1.71884,1.80054,0.00514523,0.209088,92308,45706,0.091412,1,0
15,1,95,95,direct,1,1,0,0.296547,0.936157,-0.63961,0.232704,1.65604,1.79688,0.00351432,0.228115,48991,24320,0.04864,1,0
15,3,14,102-90-14,direct,1,1,1,0.249323,0.930952,-0.681629,0.180276,1.69126,1.80275,0.00531766,0.295206,73758,36552,0.073104,1,0
15,5,1,47-33-29-2-1,direct,1,1,1,0.0464611,0.907672,-0.861211,-0.0458669,1.86178,1.89735,0.00726039,0.982268,29679,14600,0.0292,1,0
15,1,117,117,direct,1,1,0,0.287831,0.936008,-0.648177,0.223839,1.66331,1.79682,0.00223549,0.215262,60277,29952,0.059904,1,0
15,5,26,72-47-42-41-26,direct,1,1,1,0.203994,0.921261,-0.717267,0.125254,1.72183,1.80049,0.00460744,0.241647,53842,26578,0.053156,1,0
15,3,2,72-57-2,direct,1,1,0,0.153662,0.894577,-0.740915,0.0482386,1.74158,1.82463,0.05125,0.595044,45816,22650,0.0453,1,0
15,3,21,114-89-21,direct,1,1,1,0.264409,0.935406,-0.670996,0.199815,1.6829,1.8058,0.00464172,0.288992,83081,41199,0.082398,1,0
16,2,2,4-2,direct,1,1,2,0.141648,0.913757,-0.772108,0.055405,1.77297,1.83807,0.0387417,0.555869,2330,1032,0.002064,1,0
16,5,2,125-47-42-26-2,direct,1,1,2,0.143422,0.907077,-0.763655,0.0504986,1.76438,1.82103,0.0191988,0.672494,82724,40993,0.081986,1,0
16,2,2,30-2,direct,1,1,0,0.171478,0.917791,-0.746313,0.0892687,1.74859,1.82846,0.0206158,0.481928,15798,7740,0.01548,1,0
16,2,2,52-2,direct,1,1,0,0.142407,0.894444,-0.752037,0.0368516,1.75242,1.80049,0.0248579,0.614269,27194,13416,0.026832,1,0
16,2,71,72-71,direct,1,1,0,0.295171,0.932134,-0.636963,0.227304,1.65267,1.79213,0.00519937,0.201587,47559,23544,0.047088,1,0
16,2,6,24-6,direct,1,1,1,0.138544,0.90873,-0.770186,0.0472739,1.77082,1.81601,0.0145696,0.526187,12886,6288,0.012576,1,0
16,2,52,125-52,direct,1,1,0,0.277046,0.934234,-0.657188,0.21128,1.6706,1.79701,0.00369009,0.224174,77558,38500,0.077,1,0
16,2,9,125-9,direct,1,1,2,0.27588,0.92672,-0.65084,0.202599,1.66323,1.80927,0.0197522,0.392429,66765,33125,0.06625,1,0
16,2,2,97-2,direct,1,1,2,0.165899,0.908399,-0.7425,0.0742986,1.74408,1.79628,0.00784714,0.496799,50504,25026,0.050052,1,0
16,2,96,124-96,direct,1,1,2,0.279978,0.935034,-0.655055,0.215012,1.66896,1.79721,0.00163147,0.177199,87896,43648,0.087296,1,0
16,1,65,65,direct,1,1,0,0.286787,0.935173,-0.648386,0.22196,1.66326,1.79706,0.00322755,0.257793,33601,16640,0.03328,1,0
16,3,5,125-47-5,direct,1,1,2,0.20043,0.920794,-0.720364,0.121224,1.72463,1.80552,0.0130029,0.422119,76825,38110,0.07622,1,0
17,2,63,106-63,direct,1,1,2,0.267991,0.935248,-0.667257,0.203239,1.6796,1.80092,0.00260715,0.195315,68159,33814,0.067628,1,0
17,6,2,125-47-42-41-26-2,direct,1,1,2,0.149121,0.91918,-0.770059,0.0683013,1.77138,1.81872,0.0087149,0.712952,86198,42689,0.085378,1,0
17,2,2,87-2,direct,1,1,0,0.168388,0.89127,-0.722882,0.0596579,1.72391,1.80349,0.0351586,0.524874,45324,22446,0.044892,1,0
17,2,18,113-18,direct,1,1,0,0.261676,0.935927,-0.674252,0.197603,1.68587,1.80887,0.00525762,0.342764,62424,30962,0.061924,1,0
17,2,2,107-2,direct,1,1,1,0.194724,0.902778,-0.708054,0.0975019,1.71083,1.80269,0.0265917,0.460837,55684,27606,0.055212,1,0
17,3,2,117-90-2,direct,1,1,1,0.238367,0.921429,-0.683061,0.159796,1.69063,1.79848,0.0108481,0.45124,81996,40662,0.081324,1,0
17,2,2,101-2,direct,1,1,0,0.152742,0.904365,-0.751624,0.0571066,1.75255,1.80881,0.0164662,0.498139,52576,26058,0.052116,1,0
17,2,59,72-59,direct,1,1,0,0.291422,0.933477,-0.642055,0.224899,1.65738,1.79113,0.00185013,0.220004,45819,22680,0.04536,1,0
17,1,47,47,direct,1,1,2,0.287698,0.935348,-0.647651,0.223046,1.66268,1.79667,0.00273309,0.280579,24367,12032,0.024064,1,0
17,3,18,113-35-18,direct,1,1,1,0.262254,0.928233,-0.665979,0.190488,1.67683,1.79956,0.0116922,0.314835,67596,33513,0.067026,1,0
17,2,12,102-12,direct,1,1,1,0.275488,0.933433,-0.657945,0.20892,1.67106,1.79923,0.00698194,0.34603,55144,27336,0.054672,1,0
17,1,46,46,direct,1,1,1,0.262017,0.934541,-0.672525,0.196558,1.68403,1.80024,0.000756767,0.281247,23854,11776,0.023552,1,0
17,2,2,120-2,direct,1,1,2,0.216907,0.920172,-0.703265,0.137079,1.70877,1.80057,0.00816248,0.490851,62418,30960,0.06192,1,0
17,1,84,84,direct,1,1,2,0.278719,0.936982,-0.658263,0.215701,1.67223,1.79976,0.00128134,0.237553,43348,21504,0.043008,1,0
17,1,104,104,direct,1,1,2,0.283548,0.937037,-0.653489,0.220585,1.66814,1.79822,0.000768687,0.22213,53608,26624,0.053248,1,0
18,6,2,72-47-42-41-26-2,direct,1,1,0,0.182163,0.901058,-0.718896,0.0832208,1.72091,1.81624,0.032946,0.642073,53974,26630,0.05326,1,0
18,2,2,125-2,direct,1,1,0,0.163945,0.917923,-0.753979,0.0818678,1.75589,1.81357,0.0135076,0.53949,65008,32250,0.0645,1,0
18,2,2,113-2,direct,1,1,2,0.148722,0.886905,-0.738182,0.0356272,1.73855,1.78444,0.022684,0.500003,58792,29154,0.058308,1,0
18,3,2,113-58-2,direct,1,1,2,0.159972,0.914947,-0.754975,0.0749194,1.75657,1.80888,0.0114391,0.433617,71796,35598,0.071196,1,0
18,4,22,72-71-29-22,direct,1,1,1,0.245472,0.924146,-0.678674,0.169618,1.68722,1.79458,0.00567672,0.276623,53104,26241,0.052482,1,0
18,2,63,90-63,direct,1,1,1,0.271529,0.93259,-0.661061,0.204119,1.67356,1.79616,0.00215612,0.194883,57919,28710,0.05742,1,0
18,6,26,72-52-47-42-41-26,direct,1,1,2,0.247479,0.923433,-0.675954,0.170912,1.68465,1.79924,0.0106616,0.231626,59554,29382,0.058764,1,0
18,2,29,52-29,direct,1,1,1,0.261715,0.930642,-0.668927,0.192357,1.67998,1.79574,0.00430406,0.254791,30029,14820,0.02964,1,0
18,2,2,12-2,direct,1,1,2,0.101187,0.8875,-0.786313,-0.0113126,1.78635,1.83372,0.0402076,1.37051,6474,3096,0.006192,1,0
19,2,2,103-2,direct,1,1,0,0.274584,0.913492,-0.638908,0.188076,1.64966,1.80561,0.0331425,0.471798,53612,26574,0.053148,1,0
19,2,103,118-103,direct,1,1,1,0.292076,0.936743,-0.644667,0.228819,1.66051,1.79963,0.00414982,0.177602,85319,42362,0.084724,1,0
19,1,31,31,direct,1,1,0,0.281195,0.932151,-0.650957,0.213346,1.66468,1.79226,0.0024566,0.306266,16159,7936,0.015872,1,0
19,2,12,90-12,direct,1,1,2,0.260549,0.929619,-0.66907,0.190167,1.67987,1.79454,0.00233933,0.385378,48688,24120,0.04824,1,0
19,2,3,49-3,direct,1,1,0,0.220682,0.922487,-0.701805,0.143168,1.70782,1.79716,0.00735114,0.501708,25739,12691,0.025382,1,0
19,2,43,72-43,direct,1,1,0,0.272672,0.929885,-0.657212,0.202557,1.66955,1.79645,0.00584137,0.225195,43499,21528,0.043056,1,0
19,1,92,92,direct,1,1,1,0.286773,0.935999,-0.649226,0.222772,1.6642,1.79787,0.00356736,0.23034,47452,23552,0.047104,1,0
19,2,38,128-38,direct,1,1,1,0.272582,0.934214,-0.661632,0.206797,1.67445,1.80001,0.00557143,0.235407,75814,37632,0.075264,1,0
19,1,76,76,direct,1,1,1,0.290983,0.937364,-0.646382,0.228347,1.66214,1.79942,0.00415552,0.243685,39244,19456,0.038912,1,0
20,2,97,103-97,direct,1,1,2,0.28245,0.936982,-0.654532,0.219433,1.66902,1.79978,0.00158159,0.191908,73277,36359,0.072718,1,0
20,2,16,25-16,direct,1,1,2,0.203502,0.924322,-0.72082,0.127824,1.72556,1.80644,0.00653204,0.364578,13922,6800,0.0136,1,0
20,1,43,43,direct,1,1,0,0.28567,0.933349,-0.647679,0.219018,1.66217,1.79684,0.00544118,0.286309,22315,11008,0.022016,1,0
20,2,3,85-3,direct,1,1,1,0.193496,0.902557,-0.709061,0.0960533,1.71176,1.78203,0.0118419,0.549601,44459,22015,0.04403,1,0
20,2,6,44-6,direct,1,1,1,0.242684,0.920701,-0.678017,0.163386,1.68595,1.80563,0.0270574,0.361472,23406,11528,0.023056,1,0
20,1,63,63,direct,1,1,2,0.285695,0.93685,-0.651155,0.222545,1.66609,1.79758,0.000950717,0.255273,32575,16128,0.032256,1,0
20,2,2,79-2,direct,1,1,0,0.150755,0.890079,-0.739324,0.0408346,1.7398,1.79805,0.024299,0.501387,41180,20382,0.040764,1,0
20,6,15,125-52-47-42-41-15,direct,1,1,2,0.233847,0.923466,-0.689619,0.157312,1.69693,1.7941,0.00409032,0.303699,91395,45255,0.09051,1,0
20,1,89,89,direct,1,1,2,0.287327,0.936495,-0.649167,0.223822,1.66429,1.7987,0.00234352,0.234996,45913,22784,0.045568,1,0
21,1,79,79,direct,1,1,0,0.297163,0.936104,-0.638942,0.233267,1.65546,1.79561,0.00357349,0.241231,40783,20224,0.040448,1,0
21,2,14,52-14,direct,1,1,2,0.272146,0.928997,-0.656851,0.201143,1.66902,1.79591,0.011266,0.331627,28454,14040,0.02808,1,0
21,2,2,27-2,direct,1,1,0,0.11285,0.918981,-0.806132,0.0318311,1.80641,1.85498,0.0215867,0.497127,14244,6966,0.013932,1,0
21,3,2,72-32-2,direct,1,1,2,0.216041,0.910251,-0.694211,0.126292,1.69891,1.8043,0.023216,0.570885,42066,20800,0.0416,1,0
21,3,2,72-59-2,direct,1,1,0,0.192647,0.914021,-0.721375,0.106668,1.72468,1.80339,0.0117534,0.565822,46116,22798,0.045596,1,0
21,1,1,1,direct,1,1,1,0.0569244,0.903175,-0.84625,-0.039901,1.84668,1.8812,0.00864662,1.09009,769,256,0.000512,1,0
21,5,22,122-72-71-29-22,direct,1,1,1,0.224493,0.926966,-0.702473,0.151459,1.7092,1.80292,0.00636376,0.32883,96516,47825,0.09565,1,0
21,1,48,48,direct,1,1,1,0.28406,0.934797,-0.650737,0.218856,1.66518,1.79658,0.00412747,0.27719,24880,12288,0.024576,1,0
21,1,45,45,direct,1,1,1,0.283683,0.932704,-0.649021,0.216387,1.66316,1.79537,0.00388154,0.284343,23341,11520,0.02304,1,0
21,2,3,126-3,direct,1,1,0,0.229175,0.920018,-0.690843,0.149193,1.69741,1.79879,0.0140842,0.488026,65779,32634,0.065268,1,0
21,1,97,97,direct,1,1,0,0.283083,0.935506,-0.652422,0.218589,1.66682,1.79615,0.00125401,0.225276,50017,24832,0.049664,1,0
21,1,128,128,direct,1,1,0,0.299143,0.936536,-0.637393,0.235679,1.65427,1.79635,0.00326106,0.206221,65920,32768,0.065536,1,0
22,3,12,97-44-12,direct,1,1,0,0.237695,0.927502,-0.689807,0.165197,1.69786,1.79855,0.00304955,0.31433,59806,29628,0.059256,1,0
22,2,3,57-3,direct,1,1,0,0.204893,0.915035,-0.710143,0.119928,1.71434,1.8112,0.0195311,0.470029,29899,14763,0.029526,1,0
22,2,8,72-8,direct,1,1,1,0.241534,0.924917,-0.683384,0.166451,1.69159,1.80254,0.0154463,0.394756,38424,19008,0.038016,1,0
22,1,86,86,direct,1,1,1,0.295035,0.936571,-0.641536,0.231606,1.65779,1.79617,0.00191453,0.23463,44374,22016,0.044032,1,0
22,2,12,119-12,direct,1,1,1,0.247169,0.929398,-0.68223,0.176567,1.69147,1.80124,0.00663944,0.347641,64290,31892,0.063784,1,0
22,2,12,41-12,direct,1,1,0,0.236499,0.926841,-0.690342,0.16334,1.69822,1.80468,0.00839078,0.318416,22326,10988,0.021976,1,0
22,1,85,85,direct,1,1,1,0.290721,0.936106,-0.645386,0.226827,1.66095,1.79944,0.00510682,0.236199,43861,21760,0.04352,1,0
22,2,3,25-3,direct,1,1,1,0.119856,0.900265,-0.780408,0.0201208,1.78052,1.80469,0.00890847,0.471788,13259,6475,0.01295,1,0
22,1,73,73,direct,1,1,1,0.278382,0.935776,-0.657394,0.214158,1.67117,1.79806,0.00113853,0.249198,37705,18688,0.037376,1,0
22,1,7,7,direct,1,1,1,0.204528,0.919274,-0.714747,0.123802,1.71921,1.80303,0.0106027,0.404544,3847,1792,0.003584,1,0
22,2,3,6-3,direct,1,1,0,0.217719,0.920679,-0.70296,0.138398,1.70857,1.83808,0.0499543,0.501369,3379,1554,0.003108,1,0
23,3,2,71-6-2,direct,1,1,0,0.122229,0.909458,-0.787229,0.0316867,1.78751,1.81136,0.0047341,0.387599,37640,18614,0.037228,1,0
23,3,6,63-12-6,direct,1,1,2,0.169889,0.911552,-0.741663,0.0814407,1.74357,1.80918,0.0133521,0.396147,34324,16956,0.033912,1,0
23,2,14,72-14,direct,1,1,0,0.267979,0.925416,-0.657436,0.193395,1.66868,1.80041,0.0136295,0.351868,39294,19440,0.03888,1,0
23,2,6,89-6,direct,1,1,1,0.254252,0.924427,-0.670174,0.178679,1.6797,1.78642,0.0020125,0.380059,47076,23318,0.046636,1,0
23,3,2,44-3-2,direct,1,1,0,0.0509322,0.905225,-0.854293,-0.043843,1.85481,1.88408,0.00472987,0.770842,23156,11402,0.022804,1,0
23,2,34,72-34,direct,1,1,1,0.267144,0.933112,-0.665968,0.200255,1.67796,1.80012,0.00578389,0.261631,42194,20880,0.04176,1,0
23,2,6,127-6,direct,1,1,2,0.215037,0.919929,-0.704892,0.134967,1.71023,1.80299,0.013605,0.502548,67064,33274,0.066548,1,0
23,3,2,112-3-2,direct,1,1,0,0.118485,0.912698,-0.794213,0.0311837,1.79448,1.86016,0.0341544,0.690909,58516,29014,0.058028,1,0
23,3,3,44-12-3,direct,1,1,1,0.219746,0.907672,-0.687926,0.127418,1.69273,1.78337,0.0136027,0.452822,24027,11828,0.023656,1,0
23,2,12,44-12,direct,1,1,1,0.228633,0.921825,-0.693192,0.150458,1.69986,1.79478,0.00622008,0.345703,23940,11792,0.023584,1,0
23,3,55,72-56-55,direct,1,1,0,0.23895,0.927011,-0.68806,0.165961,1.6962,1.79585,0.00209319,0.231858,51655,25544,0.051088,1,0
23,1,11,11,direct,1,1,1,0.241259,0.924399,-0.683139,0.165658,1.69127,1.80436,0.0114707,0.360545,5899,2816,0.005632,1,0
24,2,93,109-93,direct,1,1,2,0.279272,0.936983,-0.657711,0.216255,1.67176,1.80032,0.00133381,0.177543,76649,38041,0.076082,1,0
24,1,82,82,direct,1,1,1,0.28077,0.934813,-0.654042,0.215583,1.66803,1.79863,0.00332105,0.237217,42322,20992,0.041984,1,0
24,2,2,46-2,direct,1,1,1,0.1506,0.899339,-0.748738,0.0499388,1.74945,1.79446,0.0168238,0.551093,24086,11868,0.023736,1,0
24,2,2,96-2,direct,1,1,2,0.180492,0.901058,-0.720566,0.0815501,1.7225,1.79896,0.0295758,0.478454,49986,24768,0.049536,1,0
24,2,12,72-12,direct,1,1,0,0.251134,0.928042,-0.676908,0.179177,1.68645,1.80176,0.00844946,0.326841,39004,19296,0.038592,1,0
24,1,115,115,direct,1,1,0,0.27722,0.937193,-0.659973,0.214413,1.67376,1.80102,0.00225706,0.2166,59251,29440,0.05888,1,0
24,3,2,72-6-2,direct,1,1,2,0.0816275,0.904894,-0.823267,-0.0134783,1.82332,1.87389,0.0302049,0.595852,38166,18876,0.037752,1,0
24,2,1,63-1,direct,1,1,2,0.0453789,0.908333,-0.862954,-0.0462878,1.86353,1.89961,0.00648061,0.640391,32765,16191,0.032382,1,0
24,3,8,27-21-8,direct,1,1,0,0.202376,0.909325,-0.706949,0.111702,1.7106,1.79935,0.0166107,0.396492,15654,7647,0.015294,1,0
25,2,2,6-2,direct,1,1,0,0.0945937,0.917262,-0.822668,0.0118556,1.82271,1.86126,0.0234784,0.530536,3366,1548,0.003096,1,0
25,3,72,103-90-72,direct,1,1,1,0.277158,0.935075,-0.657917,0.212233,1.67145,1.79948,0.00301248,0.200074,84950,42118,0.084236,1,0
25,3,3,75-32-3,direct,1,1,1,0.214507,0.920194,-0.705687,0.134701,1.711,1.80084,0.00782174,0.416835,43865,21696,0.043392,1,0
25,3,13,62-44-13,direct,1,1,2,0.2239,0.925041,-0.701141,0.148941,1.70765,1.80371,0.00658681,0.361559,38825,19172,0.038344,1,0
25,3,3,72-12-3,direct,1,1,1,0.139641,0.904012,-0.764372,0.043653,1.76491,1.80004,0.00735099,0.466313,39091,19332,0.038664,1,0
25,2,3,72-3,direct,1,1,0,0.219553,0.906702,-0.687149,0.126255,1.69187,1.78223,0.0210416,0.473526,37699,18648,0.037296,1,0
25,2,111,125-111,direct,1,1,0,0.274969,0.93507,-0.660101,0.210039,1.67334,1.79949,0.00280325,0.168622,92367,45875,0.09175,1,0
26,2,2,66-2,direct,1,1,2,0.187561,0.912632,-0.725071,0.100194,1.72798,1.80655,0.0192534,0.534714,34446,17028,0.034056,1,0
26,2,32,75-32,direct,1,1,2,0.274737,0.93354,-0.658803,0.208277,1.67183,1.79752,0.00313314,0.294021,43638,21600,0.0432,1,0
26,2,12,75-12,direct,1,1,2,0.282054,0.933807,-0.651753,0.215862,1.6658,1.79824,0.00786618,0.33134,40618,20100,0.0402,1,0
26,2,44,105-44,direct,1,1,0,0.289136,0.935053,-0.645917,0.224189,1.66112,1.79327,0.000861854,0.252721,63510,31500,0.063,1,0
26,2,35,64-35,direct,1,1,2,0.248087,0.931765,-0.683678,0.179852,1.69326,1.8024,0.00267671,0.24701,37667,18624,0.037248,1,0
26,2,6,47-6,direct,1,1,0,0.188783,0.915631,-0.726847,0.104414,1.73,1.80045,0.00691816,0.388732,24984,12314,0.024628,1,0
26,2,6,97-6,direct,1,1,1,0.247051,0.932804,-0.685753,0.179856,1.69532,1.81701,0.0183437,0.345632,51284,25414,0.050828,1,0
26,1,108,108,direct,1,1,1,0.289496,0.936624,-0.647128,0.22612,1.66258,1.7973,0.00237261,0.220278,55660,27648,0.055296,1,0
26,1,88,88,direct,1,1,1,0.286116,0.935806,-0.64969,0.221922,1.66455,1.79893,0.00314301,0.232112,45400,22528,0.045056,1,0
26,3,3,44-13-3,direct,1,1,2,0.175014,0.914418,-0.739404,0.0894323,1.7417,1.80329,0.00663786,0.647467,24123,11875,0.02375,1,0
26,2,6,64-6,direct,1,1,2,0.25391,0.924162,-0.670252,0.178072,1.67972,1.80061,0.0167161,0.418982,33926,16768,0.033536,1,0
26,2,34,85-34,direct,1,1,1,0.277393,0.932598,-0.655205,0.209991,1.66847,1.79828,0.00666345,0.264362,49760,24650,0.0493,1,0
26,2,73,125-73,direct,1,1,0,0.288442,0.938057,-0.649615,0.226499,1.66509,1.79993,0.00192774,0.210954,82829,41125,0.08225,1,0
26,2,12,124-12,direct,1,1,1,0.272763,0.930203,-0.65744,0.202966,1.66982,1.79812,0.0069084,0.350002,66980,33232,0.066464,1,0
26,2,13,72-13,direct,1,1,1,0.264565,0.927513,-0.662949,0.192078,1.674,1.7944,0.00723178,0.294676,39149,19368,0.038736,1,0
26,2,3,45-3,direct,1,1,1,0.204808,0.914506,-0.709698,0.119314,1.71386,1.81613,0.0306174,0.419317,23659,11655,0.02331,1,0
27,3,2,113-71-2,direct,1,1,0,0.173716,0.904563,-0.730847,0.0782799,1.73262,1.8174,0.0337915,0.446315,74812,37093,0.074186,1,0
27,2,12,24-12,direct,1,1,1,0.223767,0.913404,-0.689637,0.137171,1.6952,1.7871,0.00819476,0.31207,13180,6432,0.012864,1,0
27,2,3,81-3,direct,1,1,0,0.235102,0.91142,-0.676318,0.146522,1.68271,1.7901,0.0153678,0.486791,42379,20979,0.041958,1,0
27,4,12,121-72-32-12,direct,1,1,0,0.21589,0.924339,-0.708448,0.140229,1.71419,1.80011,0.00274851,0.385063,85470,42376,0.084752,1,0
27,4,2,113-104-71-2,direct,1,1,0,0.174587,0.918717,-0.74413,0.0933039,1.74662,1.81633,0.0107035,0.475036,97246,48206,0.096412,1,0
27,2,2,123-2,direct,1,1,2,0.170154,0.90463,-0.734476,0.0747835,1.73609,1.79624,0.0131214,0.565113,63972,31734,0.063468,1,0
27,2,1,83-1,direct,1,1,2,0.0437074,0.908995,-0.865287,-0.0472979,1.86589,1.90193,0.00604067,0.599004,43085,21331,0.042662,1,0
27,2,2,13-2,direct,1,1,2,0.124142,0.908003,-0.78386,0.0321451,1.78415,1.86181,0.0422328,0.678306,6992,3354,0.006708,1,0
27,2,13,44-13,direct,1,1,0,0.244746,0.928022,-0.683276,0.172768,1.69212,1.80207,0.0063682,0.293904,24029,11836,0.023672,1,0
27,3,3,85-79-3,direct,1,1,1,0.229013,0.921958,-0.692945,0.150971,1.69966,1.79184,0.0034254,0.483827,58011,28712,0.057424,1,0
27,4,3,44-37-12-3,direct,1,1,0,0.206738,0.912346,-0.705608,0.119083,1.70976,1.7914,0.015635,0.522967,27189,13372,0.026744,1,0
27,3,2,33-3-2,direct,1,1,2,0.158653,0.916138,-0.757485,0.0747901,1.75908,1.86415,0.0433209,0.532596,17436,8553,0.017106,1,0
27,3,2,123-3-2,direct,1,1,2,0.132792,0.900198,-0.767407,0.0329902,1.76771,1.82723,0.0408726,0.43634,64236,31863,0.063726,1,0
27,4,12,72-61-38-12,direct,1,1,1,0.27158,0.928671,-0.65709,0.200251,1.66915,1.79429,0.00596295,0.381159,51806,25598,0.051196,1,0
28,3,6,85-36-6,direct,1,1,1,0.237122,0.921605,-0.684483,0.158727,1.69194,1.80553,0.0209081,0.405276,50576,25036,0.050072,1,0
28,4,3,72-56-13-3,direct,1,1,0,0.186216,0.912213,-0.725998,0.098429,1.7288,1.81042,0.0211819,0.648397,47003,23231,0.046462,1,0
28,2,3,12-3,direct,1,1,2,0.138364,0.914947,-0.776583,0.0533114,1.77738,1.82505,0.0193286,0.658839,6499,3108,0.006216,1,0
28,2,6,72-6,direct,1,1,0,0.234632,0.919356,-0.684725,0.153988,1.69175,1.79412,0.0153882,0.420967,38134,18864,0.037728,1,0
28,2,6,43-6,direct,1,1,2,0.230217,0.913228,-0.68301,0.143445,1.68911,1.79497,0.0195044,0.46322,22880,11266,0.022532,1,0
28,2,3,66-3,direct,1,1,1,0.240738,0.918034,-0.677296,0.158771,1.68479,1.78857,0.0114884,0.409677,34579,17094,0.034188,1,0
28,2,6,12-6,direct,1,1,0,0.148681,0.908333,-0.759652,0.0570146,1.76058,1.80356,0.00740275,0.397649,6574,3144,0.006288,1,0
28,2,6,63-6,direct,1,1,1,0.214044,0.91713,-0.703086,0.131174,1.70813,1.78906,0.00293632,0.360241,33400,16506,0.033012,1,0
28,3,2,104-3-2,direct,1,1,0,0.113984,0.924008,-0.810024,0.0379923,1.81042,1.87034,0.0273959,0.758871,54356,26942,0.053884,1,0
28,2,3,52-3,direct,1,1,1,0.224305,0.910714,-0.686409,0.135019,1.69181,1.78307,0.0127029,0.480901,27299,13468,0.026936,1,0
28,1,122,122,direct,1,1,0,0.27761,0.936535,-0.658925,0.214145,1.67269,1.79935,0.000988651,0.211775,62842,31232,0.062464,1,0
28,2,83,85-83,direct,1,1,2,0.261734,0.934027,-0.672293,0.19576,1.68371,1.80035,0.00218784,0.202311,58139,28815,0.05763,1,0
28,4,13,119-117-72-13,direct,1,1,2,0.245029,0.93083,-0.685801,0.175859,1.69495,1.80339,0.00479654,0.286168,108379,53747,0.107494,1,0
28,2,93,113-93,direct,1,1,2,0.287373,0.936657,-0.649284,0.22403,1.66443,1.79844,0.002428,0.181573,79449,39437,0.078874,1,0
28,4,2,104-92-3-2,direct,1,1,0,0.0771222,0.90172,-0.824597,-0.0211583,1.82472,1.87129,0.0252439,0.714124,73604,36474,0.072948,1,0
28,2,6,93-6,direct,1,1,1,0.210232,0.918188,-0.707955,0.12842,1.71278,1.79748,0.0111818,0.467322,49180,24366,0.048732,1,0
28,2,3,24-3,direct,1,1,2,0.149404,0.915741,-0.766337,0.0651447,1.76754,1.83269,0.033589,0.570566,12739,6216,0.012432,1,0
29,3,2,72-13-2,direct,1,1,2,0.150803,0.910251,-0.759448,0.0610547,1.76051,1.79939,0.00235458,0.510499,39216,19394,0.038788,1,0
29,3,72,116-78-72,direct,1,1,2,0.271414,0.936019,-0.664605,0.207433,1.67748,1.80149,0.00201387,0.201368,89436,44360,0.08872,1,0
29,2,13,125-13,direct,1,1,0,0.25799,0.927981,-0.669992,0.185971,1.68031,1.7959,0.00671871,0.334777,67769,33625,0.06725,1,0
29,3,3,113-72-3,direct,1,1,0,0.168492,0.902513,-0.734021,0.0710056,1.73547,1.79355,0.022746,0.519513,75189,37280,0.07456,1,0
29,2,69,72-69,direct,1,1,1,0.258655,0.932666,-0.674011,0.191321,1.68491,1.79825,0.00158154,0.194581,47269,23400,0.0468,1,0
29,2,73,122-73,direct,1,1,0,0.285352,0.936146,-0.650794,0.221497,1.66559,1.79781,0.00176733,0.205909,80849,40138,0.080276,1,0
29,2,3,104-3,direct,1,1,0,0.163524,0.913713,-0.750189,0.0772362,1.75189,1.80791,0.00941043,0.523155,54339,26936,0.053872,1,0
29,2,3,122-3,direct,1,1,2,0.234162,0.918254,-0.684092,0.152416,1.69098,1.80103,0.015913,0.456011,63699,31598,0.063196,1,0
29,5,3,75-72-56-13-3,direct,1,1,2,0.180473,0.9097,-0.729228,0.0901728,1.73158,1.82588,0.0491965,0.476162,59489,29399,0.058798,1,0
29,3,3,72-58-3,direct,1,1,1,0.182183,0.921958,-0.739775,0.104141,1.74289,1.82547,0.0270994,0.474475,46083,22782,0.045564,1,0
29,2,67,72-67,direct,1,1,0,0.273431,0.935387,-0.661955,0.208818,1.67502,1.80037,0.00216362,0.208929,46979,23256,0.046512,1,0
29,2,52,114-52,direct,1,1,0,0.292119,0.934666,-0.642547,0.226786,1.65813,1.79671,0.00442233,0.223474,70760,35112,0.070224,1,0
29,1,75,75,direct,1,1,0,0.284044,0.935889,-0.651845,0.219933,1.66642,1.79681,0.00144119,0.24494,38731,19200,0.0384,1,0
29,2,6,61-6,direct,1,1,1,0.230368,0.920899,-0.690531,0.151268,1.69729,1.79376,0.00731689,0.41396,32348,15982,0.031964,1,0
29,3,12,108-85-12,direct,1,1,2,0.276427,0.934325,-0.657898,0.210753,1.67124,1.80342,0.00807589,0.382636,76350,37848,0.075696,1,0
29,4,3,91-72-13-3,direct,1,1,0,0.224531,0.91552,-0.690989,0.140052,1.69678,1.79822,0.0137266,0.411939,62257,30823,0.061646,1,0
30,2,2,40-2,direct,1,1,0,0.125484,0.888029,-0.762545,0.0135129,1.7626,1.7955,0.0179541,0.529269,20978,10320,0.02064,1,0
30,4,2,62-52-3-2,direct,1,1,1,0.0518831,0.908532,-0.856649,-0.0395851,1.85707,1.88903,0.0070448,0.380792,39008,19258,0.038516,1,0
30,3,1,80-3-1,direct,1,1,0,0.0461018,0.906614,-0.860512,-0.0472845,1.86111,1.89077,0.00203475,0.769143,41869,20723,0.041446,1,0
30,3,72,110-102-72,direct,1,1,0,0.281314,0.935411,-0.654097,0.216725,1.66823,1.79798,0.00371043,0.190525,94200,46724,0.093448,1,0
30,1,33,33,direct,1,1,2,0.272326,0.934496,-0.66217,0.206822,1.67499,1.80239,0.00504278,0.309498,17185,8448,0.016896,1,0
30,2,72,117-72,direct,1,1,0,0.27178,0.937533,-0.665753,0.209313,1.67885,1.80406,0.00186163,0.205738,77314,38376,0.076752,1,0
30,2,7,12-7,direct,1,1,2,0.174789,0.91113,-0.736341,0.0859189,1.73847,1.80179,0.0111518,0.462499,6599,3156,0.006312,1,0
31,1,105,105,direct,1,1,0,0.283206,0.935642,-0.652436,0.218849,1.66687,1.79709,0.00209581,0.222193,54121,26880,0.05376,1,0
31,2,52,108-52,direct,1,1,0,0.270138,0.936292,-0.666154,0.206429,1.67889,1.80088,0.00126967,0.216794,67052,33264,0.066528,1,0
31,2,2,36-2,direct,1,1,0,0.142644,0.927513,-0.784869,0.0701573,1.78625,1.86778,0.0362272,0.485305,18906,9288,0.018576,1,0
31,2,72,86-72,direct,1,1,2,0.287133,0.934889,-0.647756,0.222022,1.66265,1.79734,0.00410974,0.193694,56916,28208,0.056416,1,0
31,1,110,110,direct,1,1,0,0.280976,0.936196,-0.65522,0.217172,1.66941,1.79926,0.00186517,0.217251,56686,28160,0.05632,1,0
31,1,16,16,direct,1,1,0,0.254321,0.932316,-0.677995,0.186638,1.68834,1.80131,0.00444984,0.344179,8464,4096,0.008192,1,0
31,2,30,44-30,direct,1,1,2,0.238868,0.931821,-0.692953,0.170689,1.70154,1.80626,0.00405174,0.257443,25542,12584,0.025168,1,0
31,2,32,44-32,direct,1,1,2,0.271159,0.928919,-0.657759,0.200078,1.66979,1.79314,0.00659928,0.248418,25720,12672,0.025344,1,0
31,2,12,55-12,direct,1,1,1,0.278155,0.931019,-0.652864,0.209173,1.66605,1.79663,0.00622139,0.306348,29858,14740,0.02948,1,0
31,2,12,85-12,direct,1,1,0,0.270525,0.929663,-0.659137,0.200188,1.67117,1.79538,0.00634732,0.356348,45998,22780,0.04556,1,0
31,2,2,89-2,direct,1,1,2,0.137501,0.894048,-0.756546,0.031549,1.75683,1.79539,0.0190911,0.501932,46360,22962,0.045924,1,0
31,3,30,91-44-30,direct,1,1,0,0.240717,0.928664,-0.687947,0.169381,1.69642,1.79692,0.00158226,0.254375,57796,28620,0.05724,1,0
31,2,26,44-26,direct,1,1,2,0.265722,0.934666,-0.668945,0.200388,1.68093,1.80252,0.00304581,0.258631,25186,12408,0.024816,1,0
32,3,3,107-43-3,direct,1,1,0,0.223448,0.910406,-0.686958,0.133854,1.69226,1.79229,0.0160052,0.526987,64803,32122,0.064244,1,0
32,2,70,113-70,direct,1,1,1,0.280625,0.938063,-0.657439,0.218688,1.6718,1.80175,0.00236629,0.202127,74228,36838,0.073676,1,0
32,3,3,55-48-3,direct,1,1,0,0.175003,0.914374,-0.739371,0.0893771,1.74167,1.80189,0.00833759,0.50289,34193,16864,0.033728,1,0
32,2,16,93-16,direct,1,1,1,0.248503,0.930481,-0.681978,0.178984,1.69147,1.80032,0.00286459,0.309772,51050,25296,0.050592,1,0
32,2,3,64-3,direct,1,1,2,0.190591,0.915035,-0.724444,0.105627,1.72768,1.80489,0.0111778,0.458059,33539,16576,0.033152,1,0
33,2,3,20-3,direct,1,1,2,0.17688,0.918298,-0.741418,0.0951782,1.74402,1.82791,0.0254607,0.608141,10659,5180,0.01036,1,0
33,2,3,26-3,direct,1,1,1,0.156792,0.922399,-0.765606,0.0791909,1.76738,1.85661,0.0318994,0.443935,13779,6734,0.013468,1,0
33,2,6,103-6,direct,1,1,1,0.28482,0.930886,-0.646066,0.215706,1.66014,1.7873,0.00102125,0.416599,54440,26986,0.053972,1,0
33,3,2,98-52-2,direct,1,1,0,0.179019,0.901124,-0.722105,0.0801438,1.72397,1.8012,0.0263828,0.530373,61134,30288,0.060576,1,0
33,3,3,109-85-3,direct,1,1,1,0.237885,0.919268,-0.681383,0.157153,1.68871,1.79588,0.0107706,0.509688,75495,37424,0.074848,1,0
33,2,96,118-96,direct,1,1,0,0.28896,0.936351,-0.647391,0.225311,1.66273,1.79856,0.00277544,0.182006,83660,41536,0.083072,1,0
33,3,1,72-3-1,direct,1,1,2,0.0494955,0.906349,-0.856854,-0.0441553,1.85738,1.8908,0.00826335,0.830588,37709,18651,0.037302,1,0
33,2,12,104-12,direct,1,1,1,0.259471,0.928638,-0.669167,0.188108,1.67973,1.7933,0.00329715,0.360159,56220,27872,0.055744,1,0
33,1,40,40,direct,1,1,1,0.259965,0.932695,-0.67273,0.19266,1.68379,1.80054,0.00322639,0.288722,20776,10240,0.02048,1,0
33,2,26,74-26,direct,1,1,2,0.273974,0.935546,-0.661572,0.20952,1.67473,1.80216,0.00356436,0.270046,42166,20868,0.041736,1,0
33,2,52,110-52,direct,1,1,1,0.271425,0.935819,-0.664394,0.207243,1.67725,1.80137,0.00217618,0.225789,68288,33880,0.06776,1,0
34,3,50,85-53-50,direct,1,1,1,0.25806,0.929783,-0.671723,0.187843,1.68224,1.79687,0.00399256,0.208693,58412,28915,0.05783,1,0
34,2,6,85-6,direct,1,1,0,0.255211,0.924559,-0.669348,0.17977,1.679,1.79836,0.0113915,0.45041,44972,22270,0.04454,1,0
34,2,6,23-6,direct,1,1,0,0.131466,0.907496,-0.77603,0.0389616,1.77646,1.8038,0.00446249,0.447785,12360,6026,0.012052,1,0
34,3,2,52-3-2,direct,1,1,2,0.0487195,0.906548,-0.857828,-0.0447329,1.85837,1.88966,0.00492927,1.17943,27316,13474,0.026948,1,0
34,3,2,85-3-2,direct,1,1,1,0.126302,0.898743,-0.772441,0.0250457,1.77262,1.82823,0.0427847,0.98825,44476,22021,0.044042,1,0
34,3,3,72-13-3,direct,1,1,0,0.177933,0.918078,-0.740144,0.0960109,1.74279,1.80339,0.00463368,0.532864,39243,19407,0.038814,1,0
34,3,3,85-74-3,direct,1,1,1,0.220605,0.924515,-0.70391,0.14512,1.71008,1.82197,0.0194186,0.479543,57121,28272,0.056544,1,0
34,1,9,9,direct,1,1,0,0.245216,0.919297,-0.674081,0.164514,1.68215,1.79678,0.0145062,0.36819,4873,2304,0.004608,1,0
34,3,40,85-62-40,direct,1,1,2,0.262224,0.933714,-0.67149,0.195938,1.68293,1.79936,0.0016336,0.231874,59610,29510,0.05902,1,0
34,2,65,72-65,direct,1,1,2,0.279995,0.93442,-0.654425,0.214415,1.66826,1.79571,0.00229934,0.212263,46689,23112,0.046224,1,0
34,2,31,74-31,direct,1,1,0,0.267691,0.934148,-0.666457,0.201839,1.67864,1.79857,0.00163158,0.267086,42911,21238,0.042476,1,0
34,2,1,3-1,direct,1,1,1,0.0533956,0.902513,-0.849118,-0.0440911,1.84964,1.88576,0.0099034,0.268347,1805,771,0.001542,1,0
34,2,3,89-3,direct,1,1,0,0.212611,0.92015,-0.707539,0.132761,1.71269,1.80946,0.0135711,0.49971,46539,23051,0.046102,1,0
34,2,3,14-3,direct,1,1,1,0.164853,0.88933,-0.724477,0.0541831,1.72533,1.79375,0.0259736,0.523522,7539,3626,0.007252,1,0
34,4,2,102-85-53-2,direct,1,1,0,0.138313,0.908664,-0.770351,0.0469772,1.77097,1.82755,0.0273375,0.657516,79524,39393,0.078786,1,0
34,3,1,116-3-1,direct,1,1,1,0.049512,0.908995,-0.859483,-0.0414933,1.85995,1.88998,0.00411557,0.65771,60589,30047,0.060094,1,0
34,2,8,85-8,direct,1,1,1,0.248257,0.923082,-0.674825,0.171339,1.68357,1.7943,0.00808409,0.343195,45314,22440,0.04488,1,0
34,2,5,6-5,direct,1,1,0,0.15041,0.918889,-0.768479,0.0692987,1.76984,1.82121,0.00844533,0.4049,3405,1566,0.003132,1,0
34,2,6,31-6,direct,1,1,0,0.211332,0.914528,-0.703196,0.125861,1.70784,1.78939,0.00587839,0.449671,16568,8122,0.016244,1,0
35,1,13,13,direct,1,1,2,0.262406,0.925407,-0.663001,0.187813,1.67357,1.78913,0.00403288,0.353113,6925,3328,0.006656,1,0
35,2,13,117-13,direct,1,1,1,0.255346,0.929446,-0.6741,0.184792,1.68427,1.80378,0.00812089,0.328969,63449,31473,0.062946,1,0
35,4,2,66-18-3-2,direct,1,1,0,0.090407,0.9125,-0.822093,0.00290699,1.8221,1.86299,0.0300044,0.549611,36720,18144,0.036288,1,0
35,4,2,95-18-3-2,direct,1,1,2,0.0499997,0.908598,-0.858598,-0.0414024,1.85906,1.89143,0.00584571,0.281786,52670,26090,0.05218,1,0
35,2,3,13-3,direct,1,1,2,0.117445,0.909215,-0.79177,0.02666,1.79197,1.81489,0.00631869,1.01215,7019,3367,0.006734,1,0
35,3,3,104-79-3,direct,1,1,0,0.242313,0.918607,-0.676294,0.16092,1.684,1.79364,0.0109757,0.449723,70779,35077,0.070154,1,0
35,1,23,23,direct,1,1,1,0.239776,0.931516,-0.69174,0.171292,1.70039,1.8029,0.00221014,0.327601,12055,5888,0.011776,1,0
35,1,59,59,direct,1,1,1,0.276188,0.933995,-0.657807,0.210183,1.67108,1.79654,0.00220905,0.260533,30523,15104,0.030208,1,0
35,3,2,72-24-2,direct,1,1,0,0.159835,0.916336,-0.756501,0.0761712,1.75815,1.83629,0.0318285,0.493475,40866,20208,0.040416,1,0
35,3,12,85-71-12,direct,1,1,0,0.198234,0.922696,-0.724463,0.12093,1.7287,1.81011,0.00928934,0.317991,57874,28647,0.057294,1,0
35,2,3,47-3,direct,1,1,1,0.221017,0.915476,-0.694459,0.136494,1.69995,1.79063,0.0103703,0.440086,24699,12173,0.024346,1,0
35,3,2,9-3-2,direct,1,1,2,0.0780668,0.921164,-0.843097,-0.000769222,1.8431,1.87858,0.0253592,0.468994,4956,2337,0.004674,1,0
36,2,12,52-12,direct,1,1,2,0.211734,0.922906,-0.711172,0.13464,1.71646,1.7991,0.00349497,0.374039,28244,13936,0.027872,1,0
36,1,24,24,direct,1,1,2,0.268114,0.933383,-0.665269,0.201497,1.67741,1.79581,0.000266499,0.318612,12568,6144,0.012288,1,0
36,1,5,5,direct,1,1,2,0.153091,0.912593,-0.759501,0.0656839,1.76073,1.81049,0.00802854,0.479151,2821,1280,0.00256,1,0
36,2,44,93-44,direct,1,1,2,0.256966,0.93192,-0.674955,0.188886,1.68557,1.80086,0.00387968,0.249198,56286,27900,0.0558,1,0
36,2,74,83-74,direct,1,1,1,0.277808,0.932617,-0.654809,0.210424,1.66813,1.79656,0.0044889,0.19381,55276,27390,0.05478,1,0
36,2,44,104-44,direct,1,1,0,0.294339,0.933381,-0.639042,0.22772,1.65479,1.79524,0.00591253,0.245914,62908,31200,0.0624,1,0
36,3,3,44-32-3,direct,1,1,1,0.147661,0.911552,-0.763891,0.0592126,1.76489,1.81469,0.0140596,0.454671,25947,12768,0.025536,1,0
36,2,41,59-41,direct,1,1,1,0.266547,0.931481,-0.664934,0.198028,1.67667,1.79674,0.00287684,0.257893,35461,17523,0.035046,1,0
36,2,23,32-23,direct,1,1,2,0.229564,0.930435,-0.70087,0.159999,1.70838,1.80247,0.000321623,0.319828,18199,8928,0.017856,1,0
36,2,24,49-24,direct,1,1,0,0.253905,0.931911,-0.678006,0.185816,1.68826,1.79954,0.00313769,0.283629,27818,13720,0.02744,1,0
37,1,50,50,direct,1,1,0,0.266017,0.933077,-0.667059,0.199094,1.67891,1.79619,0.000906244,0.279426,25906,12800,0.0256,1,0
37,2,84,85-84,direct,1,1,2,0.284634,0.935576,-0.650941,0.22021,1.66556,1.79601,0.00185818,0.206513,58310,28900,0.0578,1,0
37,2,1,72-1,direct,1,1,2,0.0459177,0.90754,-0.861622,-0.0465426,1.8622,1.89816,0.00650783,0.649166,37409,18504,0.037008,1,0
37,2,3,110-3,direct,1,1,2,0.173863,0.906085,-0.732221,0.0799481,1.73407,1.78614,0.00384637,0.499217,57459,28490,0.05698,1,0
37,2,12,66-12,direct,1,1,0,0.258326,0.926929,-0.668603,0.185255,1.67886,1.79731,0.00730671,0.359443,35776,17688,0.035376,1,0
37,2,92,93-92,direct,1,1,0,0.277579,0.936471,-0.658891,0.21405,1.67264,1.7993,0.00114004,0.18713,65262,32364,0.064728,1,0
37,1,106,106,direct,1,1,1,0.295268,0.936519,-0.641251,0.231788,1.65754,1.7983,0.0035776,0.220082,54634,27136,0.054272,1,0
37,2,24,128-24,direct,1,1,2,0.273531,0.935549,-0.662018,0.20908,1.67512,1.79977,0.00154243,0.271567,72216,35840,0.07168,1,0
38,3,3,104-12-3,direct,1,1,1,0.187633,0.921825,-0.734193,0.109458,1.73764,1.81629,0.0102709,0.478723,56307,27908,0.055816,1,0
38,2,24,28-24,direct,1,1,2,0.224022,0.924774,-0.700752,0.148796,1.70725,1.79837,0.00300287,0.270284,16016,7840,0.01568,1,0
38,2,42,44-42,direct,1,1,0,0.235503,0.928266,-0.692763,0.163769,1.70067,1.79987,0.00295348,0.237451,26610,13112,0.026224,1,0
38,3,12,85-28-12,direct,1,1,1,0.233413,0.925562,-0.692149,0.158975,1.6996,1.80267,0.00996111,0.370979,49446,24476,0.048952,1,0
38,2,1,12-1,direct,1,1,2,0.0473319,0.906349,-0.859017,-0.0463189,1.85959,1.90018,0.0178636,0.814296,6449,3084,0.006168,1,0
38,2,6,121-6,direct,1,1,2,0.246093,0.924691,-0.678598,0.170784,1.68726,1.79797,0.0106812,0.438572,63908,31702,0.063404,1,0
38,2,12,82-12,direct,1,1,2,0.272103,0.927789,-0.655686,0.199892,1.66771,1.79429,0.00770661,0.359393,44384,21976,0.043952,1,0
38,2,3,38-3,direct,1,1,1,0.214887,0.909656,-0.694769,0.124543,1.69934,1.80286,0.0228176,0.385759,20019,9842,0.019684,1,0
38,3,3,85-26-3,direct,1,1,1,0.138458,0.906393,-0.767936,0.0448509,1.7685,1.80831,0.0131789,0.526745,48577,24048,0.048096,1,0
38,2,3,4-3,direct,1,1,2,0.0882301,0.912698,-0.824468,0.00092847,1.82447,1.85242,0.0336081,0.709841,2339,1036,0.002072,1,0
38,3,2,119-72-2,direct,1,1,0,0.15376,0.889418,-0.735658,0.0431784,1.73619,1.78086,0.0146156,0.579811,78992,39176,0.078352,1,0
39,2,52,60-52,direct,1,1,1,0.247439,0.932107,-0.684668,0.179546,1.69421,1.80134,0.00145368,0.228247,37388,18480,0.03696,1,0
39,2,1,38-1,direct,1,1,2,0.0570063,0.908598,-0.851592,-0.0343958,1.85191,1.89717,0.0183339,0.77521,19865,9766,0.019532,1,0
39,2,12,115-12,direct,1,1,0,0.25734,0.930941,-0.673601,0.188282,1.68416,1.80347,0.00638025,0.341609,62138,30820,0.06164,1,0
39,3,2,75-72-2,direct,1,1,0,0.197144,0.912302,-0.715157,0.109446,1.71865,1.80387,0.0169673,0.539811,50040,24744,0.049488,1,0
39,3,2,75-12-2,direct,1,1,2,0.18059,0.904167,-0.723577,0.0847563,1.72566,1.80634,0.0265253,0.516146,40680,20124,0.040248,1,0
39,3,72,119-107-72,direct,1,1,1,0.275518,0.933155,-0.657637,0.208673,1.67072,1.79653,0.00252828,0.201267,102582,50901,0.101802,1,0
39,2,12,40-12,direct,1,1,1,0.240516,0.930622,-0.690105,0.171138,1.69875,1.81288,0.0104192,0.316422,21788,10720,0.02144,1,0
39,2,5,99-5,direct,1,1,1,0.276436,0.920714,-0.644279,0.19715,1.65606,1.7857,0.0145602,0.443979,52137,25839,0.051678,1,0
39,2,24,94-24,direct,1,1,1,0.277799,0.933438,-0.655639,0.211237,1.66906,1.79688,0.00294399,0.273829,53108,26320,0.05264,1,0
39,2,3,21-3,direct,1,1,2,0.153073,0.917813,-0.76474,0.0708865,1.76616,1.81804,0.00790165,0.587028,11179,5439,0.010878,1,0
40,2,72,119-72,direct,1,1,0,0.287842,0.936381,-0.64854,0.224223,1.66372,1.79884,0.00266816,0.206801,78630,39032,0.078064,1,0
40,3,12,94-37-12,direct,1,1,2,0.229023,0.924493,-0.69547,0.153516,1.70241,1.79576,0.00243602,0.375441,56502,27986,0.055972,1,0
40,2,119,122-119,direct,1,1,1,0.277205,0.935503,-0.658298,0.212708,1.67188,1.79935,0.00202832,0.16365,92119,45750,0.0915,1,0
40,2,13,42-13,direct,1,1,0,0.249922,0.926974,-0.677052,0.176896,1.68636,1.80095,0.00796299,0.36626,22949,11298,0.022596,1,0
40,2,12,13-12,direct,1,1,2,0.172888,0.919213,-0.746325,0.0921006,1.74875,1.80567,0.00405048,0.335893,7262,3484,0.006968,1,0
40,3,3,65-63-3,direct,1,1,1,0.17908,0.902601,-0.723521,0.0816818,1.72546,1.79619,0.0161887,0.39044,42363,20924,0.041848,1,0
40,2,3,65-3,direct,1,1,2,0.165498,0.907143,-0.741645,0.0726406,1.74316,1.8109,0.0214461,0.515066,34059,16835,0.03367,1,0
40,3,12,107-44-12,direct,1,1,0,0.241308,0.926477,-0.685169,0.167785,1.6935,1.80734,0.0109952,0.349517,65826,32628,0.065256,1,0
40,1,56,56,direct,1,1,0,0.277696,0.935443,-0.657747,0.213138,1.67139,1.79785,0.00126946,0.268364,28984,14336,0.028672,1,0
40,2,72,75-72,direct,1,1,1,0.272442,0.932431,-0.65999,0.204873,1.67258,1.79942,0.00490684,0.197996,49678,24600,0.0492,1,0
40,2,3,34-3,direct,1,1,1,0.203968,0.914286,-0.710318,0.118253,1.7144,1.80292,0.0139249,0.418038,17939,8806,0.017612,1,0
40,3,31,104-43-31,direct,1,1,0,0.262028,0.931289,-0.669262,0.193317,1.68042,1.80018,0.0046224,0.270519,65439,32429,0.064858,1,0
41,3,3,85-28-3,direct,1,1,1,0.208493,0.919577,-0.711084,0.12807,1.71587,1.80155,0.00768887,0.382554,48933,24224,0.048448,1,0
41,3,2,119-31-2,direct,1,1,1,0.141766,0.913426,-0.77166,0.0551915,1.77252,1.81571,0.00936269,0.471453,68988,34215,0.06843,1,0
41,3,12,46-36-12,direct,1,1,0,0.257495,0.928527,-0.671032,0.186023,1.68135,1.80007,0.00701242,0.360542,28160,13864,0.027728,1,0
41,2,44,50-44,direct,1,1,0,0.269897,0.930859,-0.660962,0.200757,1.67305,1.79875,0.00603761,0.233385,30400,15000,0.03,1,0
41,2,1,121-1,direct,1,1,2,0.0424128,0.906481,-0.864069,-0.0511057,1.86477,1.90134,0.00469472,0.541655,62693,31097,0.062194,1,0
41,2,3,108-3,direct,1,1,1,0.197031,0.91433,-0.717299,0.111361,1.72091,1.8011,0.0109519,0.534041,56419,27972,0.055944,1,0
41,3,12,83-24-12,direct,1,1,1,0.201927,0.916777,-0.714849,0.118704,1.71895,1.80114,0.00905515,0.360753,47538,23528,0.047056,1,0
41,2,12,46-12,direct,1,1,0,0.237244,0.93136,-0.694117,0.168604,1.70249,1.80742,0.00667055,0.338825,25016,12328,0.024656,1,0
41,2,1,115-1,direct,1,1,1,0.0475403,0.908333,-0.860793,-0.0441264,1.86132,1.8988,0.00870938,0.479914,59597,29555,0.05911,1,0
41,3,2,12-11-2,direct,1,1,0,0.110921,0.908466,-0.797544,0.019387,1.79765,1.85906,0.0356204,0.783655,6756,3226,0.006452,1,0
41,2,13,99-13,direct,1,1,2,0.272116,0.928185,-0.656069,0.200301,1.66814,1.79857,0.00996109,0.356961,53729,26631,0.053262,1,0
42,3,2,88-72-2,direct,1,1,0,0.215082,0.908267,-0.693185,0.123349,1.69767,1.79393,0.0222621,0.53259,58594,29008,0.058016,1,0
42,2,75,78-75,direct,1,1,1,0.271898,0.934347,-0.66245,0.206245,1.67519,1.79867,0.00310741,0.182386,52123,25818,0.051636,1,0
42,2,72,81-72,direct,1,1,0,0.272701,0.933376,-0.660675,0.206076,1.67341,1.79749,0.00336077,0.210925,53626,26568,0.053136,1,0
42,2,74,90-74,direct,1,1,0,0.286848,0.934413,-0.647565,0.221261,1.66236,1.79675,0.00365657,0.202205,59910,29700,0.0594,1,0
42,3,12,39-24-12,direct,1,1,1,0.195348,0.923291,-0.727943,0.11864,1.73201,1.80366,0.00153795,0.357251,22810,11208,0.022416,1,0
42,2,67,104-67,direct,1,1,0,0.275484,0.936129,-0.660645,0.211613,1.67407,1.79959,0.0011729,0.212536,67715,33592,0.067184,1,0
42,2,12,22-12,direct,1,1,2,0.260737,0.925132,-0.664395,0.18587,1.67474,1.78645,0.00200066,0.333015,12104,5896,0.011792,1,0
42,3,2,7-3-2,direct,1,1,2,0.0497579,0.905026,-0.855269,-0.0452156,1.85582,1.89443,0.0106094,0.482607,3916,1819,0.003638,1,0
42,2,72,85-72,direct,1,1,0,0.277773,0.933793,-0.656019,0.211566,1.66948,1.79472,0.00109489,0.214984,56258,27880,0.05576,1,0
42,2,24,44-24,direct,1,1,0,0.246453,0.929255,-0.682802,0.175708,1.69195,1.80798,0.00976048,0.283777,25008,12320,0.02464,1,0
42,4,2,117-7-3-2,direct,1,1,0,0.104097,0.914749,-0.810652,0.0188457,1.81075,1.86789,0.032877,0.567493,62108,30798,0.061596,1,0
42,4,2,72-25-24-2,direct,1,1,2,0.104009,0.913294,-0.809285,0.0173025,1.80937,1.84863,0.0296204,0.66764,42260,20880,0.04176,1,0
42,3,12,116-44-12,direct,1,1,1,0.271644,0.933025,-0.661381,0.204669,1.67394,1.80149,0.0103489,0.328777,71244,35328,0.070656,1,0
42,3,7,60-52-7,direct,1,1,2,0.223363,0.927494,-0.704131,0.150857,1.7108,1.80244,0.00306088,0.444598,38175,18844,0.037688,1,0
42,2,43,59-43,direct,1,1,1,0.278956,0.935471,-0.656515,0.214428,1.67034,1.80088,0.00565431,0.243397,35699,17641,0.035282,1,0
43,3,3,85-7-3,direct,1,1,2,0.144977,0.899515,-0.754538,0.0444923,1.7551,1.79032,0.00851057,0.475249,45195,22376,0.044752,1,0
43,3,3,13-7-3,direct,1,1,2,0.149689,0.907363,-0.757675,0.057052,1.7586,1.80404,0.00873723,0.603324,7179,3440,0.00688,1,0
43,4,3,104-74-12-3,direct,1,1,1,0.132313,0.903571,-0.771259,0.0358842,1.77162,1.80122,0.00690615,0.364547,71127,35244,0.070488,1,0
43,1,8,8,direct,1,1,0,0.187221,0.908912,-0.721691,0.0961333,1.72437,1.79866,0.0129104,0.386376,4360,2048,0.004096,1,0
43,2,9,34-9,direct,1,1,1,0.228762,0.920179,-0.691418,0.148941,1.69796,1.7998,0.0123903,0.441191,18353,9010,0.01802,1,0
43,3,2,90-52-2,direct,1,1,0,0.214134,0.923743,-0.709609,0.137877,1.71516,1.82028,0.0206991,0.558381,56190,27824,0.055648,1,0
43,3,72,102-95-72,direct,1,1,0,0.281074,0.935246,-0.654171,0.21632,1.66826,1.80084,0.00477996,0.214483,86006,42642,0.085284,1,0
43,4,3,85-40-7-3,direct,1,1,0,0.12656,0.914638,-0.788078,0.0411985,1.78855,1.81695,0.00301888,0.560412,51445,25461,0.050922,1,0
43,2,42,106-42,direct,1,1,0,0.28277,0.932244,-0.649474,0.215013,1.66343,1.79878,0.00860114,0.236067,63686,31588,0.063176,1,0
43,2,14,108-14,direct,1,1,0,0.252854,0.933617,-0.680763,0.186471,1.69107,1.80765,0.00529857,0.348536,58806,29160,0.05832,1,0
43,2,5,85-5,direct,1,1,0,0.278454,0.920053,-0.641599,0.198507,1.65356,1.78446,0.0106759,0.453471,44801,22185,0.04437,1,0
43,3,2,42-3-2,direct,1,1,0,0.150361,0.922354,-0.771993,0.0727159,1.77348,1.86193,0.0347699,0.688977,22116,10884,0.021768,1,0
44,2,3,5-3,direct,1,1,0,0.122981,0.918915,-0.795934,0.0418964,1.79642,1.85484,0.0240485,0.514506,2859,1295,0.00259,1,0
44,2,2,119-2,direct,1,1,2,0.170245,0.912632,-0.742387,0.0828771,1.74436,1.80237,0.00820312,0.517349,61900,30702,0.061404,1,0
44,2,2,65-2,direct,1,1,0,0.201796,0.9125,-0.710704,0.114296,1.71452,1.80753,0.0199139,0.529495,33928,16770,0.03354,1,0
44,4,2,119-72-45-2,direct,1,1,1,0.17235,0.917659,-0.745309,0.0900085,1.74763,1.80724,0.00854229,0.491539,85454,42362,0.084724,1,0
44,2,85,121-85,direct,1,1,2,0.263607,0.936167,-0.67256,0.199774,1.68445,1.80286,0.00132215,0.193722,83105,41261,0.082522,1,0
44,3,2,119-3-2,direct,1,1,0,0.130718,0.890278,-0.75956,0.0209954,1.75969,1.8507,0.0568671,0.745513,62156,30827,0.061654,1,0
44,3,2,72-71-2,direct,1,1,2,0.232883,0.894511,-0.661628,0.127394,1.6665,1.78468,0.030936,0.490185,47916,23686,0.047372,1,0
44,2,6,114-6,direct,1,1,0,0.248545,0.922994,-0.674449,0.171539,1.68321,1.79413,0.00747445,0.451502,60226,29868,0.059736,1,0
44,2,3,44-3,direct,1,1,0,0.233985,0.922487,-0.688502,0.156472,1.69574,1.80194,0.0160909,0.51212,23139,11396,0.022792,1,0
44,2,75,77-75,direct,1,1,1,0.280439,0.936291,-0.655852,0.21673,1.66998,1.79824,0.000941898,0.188484,51459,25487,0.050974,1,0
44,3,2,119-33-2,direct,1,1,2,0.194984,0.917262,-0.722278,0.112246,1.72593,1.80143,0.0110699,0.43218,69476,34457,0.068914,1,0
44,3,3,104-43-3,direct,1,1,2,0.188556,0.905247,-0.716691,0.0938026,1.71925,1.78939,0.0146637,0.444217,63003,31225,0.06245,1,0
44,2,3,119-3,direct,1,1,2,0.254042,0.918034,-0.663991,0.172076,1.67287,1.78956,0.0121822,0.521429,62139,30821,0.061642,1,0
44,4,3,100-44-43-3,direct,1,1,1,0.20242,0.910185,-0.707765,0.112605,1.71147,1.79281,0.0137424,0.498115,64675,32021,0.064042,1,0
45,2,5,48-5,direct,1,1,1,0.168094,0.914048,-0.745954,0.0821417,1.74788,1.80241,0.00748078,0.474665,25413,12528,0.025056,1,0
45,4,3,75-33-32-3,direct,1,1,2,0.136967,0.902866,-0.765899,0.0398326,1.76635,1.80111,0.0110202,0.520478,46193,22827,0.045654,1,0
45,2,107,108-107,direct,1,1,1,0.282828,0.937126,-0.654298,0.219954,1.66886,1.80066,0.00209239,0.17055,78987,39204,0.078408,1,0
45,2,85,86-85,direct,1,1,0,0.283975,0.934833,-0.650858,0.218809,1.6653,1.79539,0.00137085,0.195186,59165,29326,0.058652,1,0
45,3,3,43-9-3,direct,1,1,1,0.171091,0.911464,-0.740373,0.082555,1.74233,1.81266,0.0156121,0.594497,23207,11422,0.022844,1,0
45,4,3,83-44-43-3,direct,1,1,0,0.189342,0.916975,-0.727633,0.106318,1.7309,1.7945,0.00109728,0.700347,54441,26921,0.053842,1,0
45,2,32,92-32,direct,1,1,2,0.276176,0.93466,-0.658485,0.210836,1.67183,1.79894,0.00274521,0.270654,53464,26496,0.052992,1,0
45,3,3,85-40-3,direct,1,1,2,0.231898,0.909568,-0.67767,0.141466,1.68362,1.78181,0.0138301,0.399111,51069,25280,0.05056,1,0
45,2,1,2-1,direct,1,1,0,0.0485287,0.902381,-0.853852,-0.0490903,1.8545,1.89421,0.00863326,1.65079,1289,514,0.001028,1,0
45,2,15,76-15,direct,1,1,1,0.247967,0.929383,-0.681416,0.177349,1.69074,1.80165,0.00502223,0.326656,41615,20596,0.041192,1,0
45,2,72,104-72,direct,1,1,1,0.281113,0.934572,-0.653458,0.215685,1.66747,1.79845,0.00401345,0.205781,68760,34112,0.068224,1,0
45,2,44,92-44,direct,1,1,1,0.270667,0.933207,-0.66254,0.203874,1.67499,1.79799,0.00478192,0.22495,55684,27600,0.0552,1,0
46,3,12,104-42-12,direct,1,1,1,0.236484,0.924647,-0.688163,0.161132,1.69584,1.80301,0.0156009,0.358987,63552,31496,0.062992,1,0
46,2,2,61-2,direct,1,1,0,0.158136,0.901852,-0.743716,0.0599875,1.74475,1.78244,0.00296835,0.496831,31856,15738,0.031476,1,0
46,2,65,96-65,direct,1,1,1,0.272561,0.933681,-0.661121,0.206242,1.67388,1.80128,0.00479247,0.194049,62145,30816,0.061632,1,0
46,3,2,104-72-2,direct,1,1,2,0.227225,0.906085,-0.67886,0.133309,1.68414,1.78179,0.0209778,0.421076,69122,34256,0.068512,1,0
46,3,2,79-42-2,direct,1,1,0,0.138979,0.905026,-0.766048,0.0440052,1.7666,1.82435,0.0351675,0.590219,47752,23626,0.047252,1,0
46,2,3,114-3,direct,1,1,2,0.250941,0.90485,-0.65391,0.155791,1.66123,1.77638,0.0173532,0.516144,59539,29526,0.059052,1,0
46,2,17,65-17,direct,1,1,0,0.273732,0.935177,-0.661445,0.20891,1.67453,1.801,0.00403755,0.319545,35893,17745,0.03549,1,0
46,3,60,96-85-60,direct,1,1,0,0.282213,0.935057,-0.652845,0.21727,1.66706,1.80025,0.00422085,0.216203,76350,37836,0.075672,1,0
46,2,12,73-12,direct,1,1,2,0.276616,0.93028,-0.653664,0.206896,1.66656,1.79546,0.0063707,0.331003,39542,19564,0.039128,1,0
46,3,3,66-40-3,direct,1,1,0,0.206113,0.92866,-0.722547,0.134773,1.72781,1.8161,0.0125799,0.508051,39783,19656,0.039312,1,0
47,2,9,41-9,direct,1,1,1,0.222158,0.921869,-0.699712,0.144027,1.7058,1.79469,0.00606932,0.384529,22077,10865,0.02173,1,0
47,3,3,75-12-3,direct,1,1,2,0.148719,0.912213,-0.763494,0.0609328,1.76455,1.80817,0.0108743,0.378355,40705,20136,0.040272,1,0
47,3,3,70-50-3,direct,1,1,1,0.237758,0.919665,-0.681907,0.157423,1.68926,1.79682,0.0132892,0.432471,43639,21570,0.04314,1,0
47,3,15,44-32-15,direct,1,1,1,0.21978,0.928951,-0.70917,0.148731,1.71563,1.80518,0.00257361,0.399877,26727,13152,0.026304,1,0
47,3,12,113-104-12,direct,1,1,1,0.253326,0.929023,-0.675697,0.18235,1.68559,1.80119,0.00663039,0.378199,84558,41928,0.083856,1,0
47,2,3,93-3,direct,1,1,2,0.216656,0.921649,-0.704993,0.138305,1.71059,1.79833,0.00474994,0.477485,48619,24087,0.048174,1,0
47,1,49,49,direct,1,1,0,0.271565,0.935952,-0.664387,0.207517,1.67727,1.80047,0.00116138,0.276203,25393,12544,0.025088,1,0
47,2,1,31-1,direct,1,1,2,0.058597,0.908069,-0.849472,-0.0333342,1.84977,1.89568,0.0194679,0.764358,16253,7967,0.015934,1,0
47,2,32,47-32,direct,1,1,0,0.251557,0.930341,-0.678784,0.181898,1.68861,1.79876,0.00430455,0.27474,27454,13536,0.027072,1,0
48,2,1,66-1,direct,1,1,2,0.0411445,0.908466,-0.867321,-0.0503899,1.868,1.90296,0.00466309,0.66334,34313,16962,0.033924,1,0
48,2,3,75-3,direct,1,1,2,0.161421,0.899427,-0.738006,0.0608473,1.73907,1.80312,0.0212749,0.510852,39259,19425,0.03885,1,0
48,3,1,12-3-1,direct,1,1,2,0.055137,0.907143,-0.852006,-0.0377202,1.85239,1.88495,0.00989032,1.12627,6509,3111,0.006222,1,0
48,3,3,125-96-3,direct,1,1,2,0.254838,0.917813,-0.662975,0.172651,1.67191,1.78423,0.00875528,0.512201,89277,44288,0.088576,1,0
48,2,8,109-8,direct,1,1,0,0.258274,0.928373,-0.670099,0.186647,1.6805,1.801,0.0109828,0.369741,58034,28776,0.057552,1,0
48,1,61,61,direct,1,1,0,0.281153,0.935502,-0.654349,0.216655,1.66847,1.79848,0.00234522,0.262073,31549,15616,0.031232,1,0
48,2,13,39-13,direct,1,1,0,0.267747,0.927971,-0.660224,0.195718,1.67172,1.79747,0.00793839,0.319446,21329,10491,0.020982,1,0
48,3,3,48-20-3,direct,1,1,2,0.191541,0.916578,-0.725037,0.10812,1.72842,1.80612,0.010216,0.399476,27011,13308,0.026616,1,0
48,2,3,125-3,direct,1,1,1,0.251615,0.917372,-0.665757,0.168987,1.67431,1.79433,0.0186657,0.422051,65259,32375,0.06475,1,0
48,3,3,104-52-3,direct,1,1,1,0.166813,0.912919,-0.746106,0.0797319,1.74793,1.80538,0.010354,0.416671,64947,32188,0.064376,1,0
49,2,40,85-40,direct,1,1,1,0.269527,0.934425,-0.664897,0.203952,1.67734,1.80108,0.00382315,0.229431,50786,25160,0.05032,1,0
49,1,87,87,direct,1,1,1,0.283363,0.934433,-0.651069,0.217796,1.66537,1.79685,0.00288641,0.235846,44887,22272,0.044544,1,0
49,2,13,50-13,direct,1,1,0,0.214939,0.926414,-0.711475,0.141353,1.7173,1.80497,0.00620723,0.37222,27269,13450,0.0269,1,0
49,3,12,74-61-12,direct,1,1,1,0.256465,0.929674,-0.673208,0.186139,1.68353,1.80074,0.00626619,0.295044,48918,24190,0.04838,1,0
49,2,68,74-68,direct,1,1,0,0.274081,0.936811,-0.66273,0.210892,1.67605,1.80691,0.00590985,0.213539,48424,23976,0.047952,1,0
49,2,3,43-3,direct,1,1,0,0.163561,0.913095,-0.749535,0.0766559,1.75121,1.80753,0.0149806,0.512838,22619,11137,0.022274,1,0
50,2,12,61-12,direct,1,1,2,0.221236,0.922685,-0.701449,0.143922,1.70752,1.7976,0.00560033,0.344842,33086,16348,0.032696,1,0
50,2,15,104-15,direct,1,1,0,0.233767,0.927231,-0.693464,0.160998,1.7011,1.79859,0.00425071,0.33039,56847,28184,0.056368,1,0
50,3,3,57-12-3,direct,1,1,2,0.138014,0.910538,-0.772524,0.0485521,1.77319,1.80882,0.0100103,0.70297,31021,15312,0.030624,1,0
50,4,3,104-92-69-3,direct,1,1,1,0.233215,0.916931,-0.683716,0.150146,1.6904,1.79679,0.0156029,0.588435,86283,42747,0.085494,1,0
50,3,2,114-3-2,direct,1,1,0,0.0426917,0.907804,-0.865113,-0.0495041,1.86577,1.89586,0.000772104,0.587224,59556,29532,0.059064,1,0
50,2,32,125-32,direct,1,1,1,0.279749,0.935727,-0.655978,0.215475,1.66994,1.80211,0.00507163,0.274356,72538,36000,0.072,1,0
50,2,26,104-26,direct,1,1,2,0.265732,0.934697,-0.668964,0.200429,1.68096,1.80264,0.0030301,0.276208,59146,29328,0.058656,1,0
50,2,55,75-55,direct,1,1,0,0.278074,0.932929,-0.654856,0.211003,1.66825,1.79673,0.00390474,0.225521,47111,23325,0.04665,1,0
50,2,3,79-3,direct,1,1,1,0.233969,0.921517,-0.687548,0.155486,1.6947,1.80218,0.0160705,0.456621,41339,20461,0.040922,1,0
50,2,4,12-4,direct,1,1,2,0.117819,0.912864,-0.795045,0.0306824,1.79531,1.81814,0.00483059,0.512415,6524,3120,0.00624,1,0
50,2,6,13-6,direct,1,1,2,0.129735,0.91228,-0.782544,0.042015,1.78304,1.81388,0.00529714,0.357741,7100,3406,0.006812,1,0
50,4,3,75-25-12-3,direct,1,1,1,0.195805,0.909127,-0.713322,0.104932,1.71653,1.80639,0.0214643,0.623063,43305,21411,0.042822,1,0
50,2,6,125-6,direct,1,1,1,0.205761,0.920503,-0.714741,0.126264,1.71938,1.8058,0.0165985,0.401581,66012,32750,0.0655,1,0
51,2,8,47-8,direct,1,1,1,0.228514,0.924752,-0.696238,0.153266,1.70315,1.80189,0.00642315,0.399608,25174,12408,0.024816,1,0
51,2,22,108-22,direct,1,1,1,0.286014,0.936015,-0.650001,0.222029,1.66487,1.79919,0.00334476,0.290851,60542,30024,0.060048,1,0
51,3,2,122-22-2,direct,1,1,0,0.135602,0.896362,-0.76076,0.0319645,1.76105,1.80982,0.0218335,0.436083,68466,33960,0.06792,1,0
51,3,3,108-85-3,direct,1,1,0,0.249592,0.920635,-0.671043,0.170227,1.67969,1.78891,0.00898886,0.471537,74811,37083,0.074166,1,0
51,3,3,104-101-3,direct,1,1,2,0.248642,0.916138,-0.667495,0.16478,1.67562,1.78583,0.0106514,0.50821,75531,37431,0.074862,1,0
51,2,7,108-7,direct,1,1,0,0.196115,0.927003,-0.730888,0.123118,1.73526,1.81301,0.00402339,0.419364,57287,28404,0.056808,1,0
51,4,3,119-72-12-3,direct,1,1,0,0.208692,0.917725,-0.709033,0.126417,1.7137,1.79872,0.0121933,0.361643,80529,39932,0.079864,1,0
51,2,1,50-1,direct,1,1,2,0.0513008,0.908069,-0.856768,-0.0406304,1.85721,1.89714,0.0121974,0.714897,26057,12850,0.0257,1,0
51,1,94,94,direct,1,1,0,0.276349,0.935834,-0.659485,0.212183,1.67299,1.79936,0.00182255,0.229664,48478,24064,0.048128,1,0
52,2,42,72-42,direct,1,1,2,0.261161,0.930077,-0.668916,0.191238,1.67984,1.79699,0.00659229,0.223649,43354,21456,0.042912,1,0
52,2,8,61-8,direct,1,1,1,0.206002,0.920899,-0.714897,0.126902,1.71959,1.80662,0.00898545,0.353052,32594,16104,0.032208,1,0
52,3,2,55-8-2,direct,1,1,1,0.192279,0.902183,-0.709904,0.0944611,1.71251,1.8104,0.0388898,0.601831,29456,14536,0.029072,1,0
52,2,2,22-2,direct,1,1,2,0.138069,0.903439,-0.76537,0.0415084,1.76586,1.82612,0.0341876,0.566585,11654,5676,0.011352,1,0
52,3,3,113-104-3,direct,1,1,0,0.179617,0.912654,-0.733037,0.0922714,1.73549,1.79696,0.00663721,0.497838,82677,40992,0.081984,1,0
52,2,2,5-2,direct,1,1,2,0.0969736,0.909061,-0.812087,0.0060344,1.8121,1.84092,0.0294315,1.21307,2848,1290,0.00258,1,0
52,3,3,93-72-3,direct,1,1,0,0.167722,0.914947,-0.747225,0.0826691,1.74918,1.80052,0.00247471,0.495299,62029,30720,0.06144,1,0
53,2,12,91-12,direct,1,1,1,0.242025,0.928053,-0.686028,0.170078,1.69458,1.80066,0.00597269,0.311246,49226,24388,0.048776,1,0
53,2,20,54-20,direct,1,1,0,0.257993,0.929914,-0.671921,0.187907,1.68245,1.79858,0.00498977,0.25698,30192,14904,0.029808,1,0
53,3,2,55-33-2,direct,1,1,1,0.105971,0.902844,-0.796873,0.008815,1.79689,1.8128,0.0121063,0.533172,32356,15961,0.031922,1,0
53,2,110,114-110,direct,1,1,2,0.283462,0.936098,-0.652635,0.21956,1.66716,1.80053,0.00346995,0.17033,84042,41724,0.083448,1,0
53,3,8,61-32-8,direct,1,1,1,0.187443,0.917047,-0.729604,0.10449,1.73276,1.80288,0.00637051,0.431435,36098,17824,0.035648,1,0
53,2,12,68-12,direct,1,1,2,0.226231,0.931217,-0.704986,0.157448,1.71224,1.8056,0.000921558,0.308891,36852,18224,0.036448,1,0
53,2,32,110-32,direct,1,1,2,0.286712,0.934627,-0.647915,0.221339,1.66271,1.80097,0.00640264,0.249418,63868,31680,0.06336,1,0
53,2,1,21-1,direct,1,1,2,0.051816,0.909127,-0.857311,-0.039057,1.85772,1.89851,0.0138768,0.785684,11093,5397,0.010794,1,0
53,2,9,62-9,direct,1,1,0,0.264801,0.92719,-0.662389,0.191991,1.67344,1.79607,0.00826794,0.346679,33249,16430,0.03286,1,0
53,2,12,112-12,direct,1,1,0,0.260541,0.9333,-0.67276,0.193841,1.68395,1.8035,0.00794396,0.369657,60524,30016,0.060032,1,0
53,2,3,103-3,direct,1,1,2,0.26374,0.915653,-0.651913,0.179392,1.66163,1.78536,0.0161595,0.509059,53819,26677,0.053354,1,0
54,3,3,40-22-3,direct,1,1,2,0.212856,0.916138,-0.703281,0.128994,1.70816,1.78834,0.00339327,0.459763,22755,11186,0.022372,1,0
54,3,3,44-43-3,direct,1,1,2,0.188933,0.914638,-0.725705,0.103571,1.72881,1.80626,0.0122918,0.476512,27003,13285,0.02657,1,0
54,3,3,125-114-3,direct,1,1,2,0.257507,0.909877,-0.652369,0.167384,1.66083,1.77837,0.0173718,0.570395,93921,46592,0.093184,1,0
54,2,3,18-3,direct,1,1,1,0.179308,0.910847,-0.731539,0.0901541,1.73388,1.79609,0.00960209,0.394548,9619,4662,0.009324,1,0
54,3,2,5-4-2,direct,1,1,0,0.0463354,0.908003,-0.861667,-0.0456619,1.86223,1.89612,0.00550178,0.998707,2892,1308,0.002616,1,0
54,3,3,113-85-3,direct,1,1,2,0.244413,0.911817,-0.667403,0.15623,1.67471,1.79338,0.0220867,0.515752,78231,38788,0.077576,1,0
54,2,22,125-22,direct,1,1,2,0.267662,0.932263,-0.664601,0.199925,1.67656,1.8001,0.00460836,0.290837,70028,34750,0.0695,1,0
54,2,23,66-23,direct,1,1,1,0.279413,0.929612,-0.6502,0.209025,1.66339,1.79827,0.0143186,0.289511,37239,18414,0.036828,1,0
54,3,2,13-5-2,direct,1,1,2,0.0685042,0.909259,-0.840755,-0.0222365,1.84089,1.88112,0.019562,1.2982,7100,3403,0.006806,1,0
54,3,3,118-72-3,direct,1,1,2,0.234674,0.908642,-0.673968,0.143316,1.68009,1.7872,0.0180079,0.452017,78479,38920,0.07784,1,0
54,2,5,94-5,direct,1,1,1,0.254313,0.925899,-0.671586,0.180212,1.68127,1.79594,0.00647786,0.431682,49517,24534,0.049068,1,0
55,2,40,66-40,direct,1,1,1,0.280201,0.931151,-0.65095,0.211352,1.66442,1.79823,0.00939886,0.235364,39500,19536,0.039072,1,0
55,2,6,109-6,direct,1,1,0,0.243973,0.927888,-0.683915,0.171861,1.69266,1.80141,0.00749182,0.460634,57596,28558,0.057116,1,0
55,3,32,110-95-32,direct,1,1,1,0.268399,0.933912,-0.665513,0.202311,1.67776,1.8006,0.00411513,0.241905,83998,41650,0.0833,1,0
55,3,3,114-113-3,direct,1,1,0,0.223688,0.917637,-0.693948,0.141325,1.69983,1.79908,0.011644,0.507028,85523,42405,0.08481,1,0
55,4,1,75-12-2-1,direct,1,1,2,0.0506751,0.907143,-0.856468,-0.0421821,1.85695,1.89262,0.00879963,0.798983,40687,20126,0.040252,1,0
55,2,8,75-8,direct,1,1,0,0.230455,0.924405,-0.69395,0.15486,1.70101,1.80434,0.00899321,0.415621,40014,19800,0.0396,1,0
55,4,3,85-40-18-3,direct,1,1,1,0.187149,0.917328,-0.730179,0.104477,1.73333,1.80728,0.00983091,0.576777,52413,25934,0.051868,1,0
55,2,2,99-2,direct,1,1,0,0.272408,0.901521,-0.629113,0.173929,1.63837,1.79815,0.0529827,0.544947,51540,25542,0.051084,1,0
55,2,2,100-2,direct,1,1,1,0.176084,0.912963,-0.736879,0.089047,1.73916,1.81761,0.0187463,0.52366,52058,25800,0.0516,1,0
55,3,3,110-38-3,direct,1,1,1,0.158937,0.909171,-0.750234,0.0681077,1.75156,1.79496,0.0034249,0.494964,65463,32454,0.064908,1,0
56,3,3,52-6-3,direct,1,1,1,0.135085,0.905864,-0.770779,0.0409492,1.77125,1.83523,0.0457523,0.649906,27659,13642,0.027284,1,0
56,3,3,47-43-3,direct,1,1,0,0.242577,0.908774,-0.666197,0.151352,1.67306,1.78418,0.0169138,0.539333,28803,14182,0.028364,1,0
56,3,12,29-22-12,direct,1,1,0,0.235817,0.925154,-0.689337,0.160971,1.69699,1.79664,0.00404578,0.350494,17022,8326,0.016652,1,0
56,3,2,105-80-2,direct,1,1,0,0.192476,0.90787,-0.715394,0.100347,1.71833,1.80544,0.0247955,0.462506,71508,35440,0.07088,1,0
56,2,2,59-2,direct,1,1,2,0.176598,0.904365,-0.727767,0.0809629,1.72966,1.79188,0.0104831,0.574714,30820,15222,0.030444,1,0
56,3,3,88-85-3,direct,1,1,0,0.196007,0.906481,-0.710475,0.102488,1.71354,1.80256,0.0207127,0.440486,61131,30263,0.060526,1,0
56,2,3,30-3,direct,1,1,1,0.273479,0.910053,-0.636574,0.183531,1.64683,1.78963,0.0264621,0.403622,15859,7770,0.01554,1,0
56,2,43,52-43,direct,1,1,0,0.26344,0.930017,-0.666577,0.193458,1.67777,1.79629,0.0036782,0.256407,31499,15548,0.031096,1,0
56,4,3,114-64-40-3,direct,1,1,1,0.215197,0.919312,-0.704115,0.134509,1.70942,1.79961,0.0114354,0.513518,79015,39160,0.07832,1,0
56,3,3,83-12-3,direct,1,1,2,0.194876,0.918122,-0.723246,0.112997,1.72695,1.80313,0.00922569,0.396945,45009,22280,0.04456,1,0
56,3,3,34-32-3,direct,1,1,0,0.169417,0.906305,-0.736888,0.075722,1.73854,1.80267,0.0139883,0.662204,20167,9888,0.019776,1,0
57,4,3,67-47-8-3,direct,1,1,1,0.158425,0.901587,-0.743162,0.0600124,1.74419,1.80816,0.0203825,0.643853,41905,20701,0.041402,1,0
57,3,3,12-5-3,direct,1,1,0,0.14304,0.909303,-0.766263,0.0523434,1.76704,1.82897,0.0335419,0.321378,6587,3147,0.006294,1,0
57,2,64,125-64,direct,1,1,1,0.27907,0.93534,-0.65627,0.214411,1.67009,1.79919,0.00274633,0.207359,80570,40000,0.08,1,0
57,2,75,82-75,direct,1,1,1,0.279433,0.932958,-0.653525,0.212391,1.66711,1.79336,0.00174434,0.204428,54779,27142,0.054284,1,0
57,2,2,16-2,direct,1,1,0,0.0977068,0.911839,-0.814132,0.00954543,1.81416,1.82447,0.00515322,0.721646,8546,4128,0.008256,1,0
57,3,12,87-44-12,direct,1,1,2,0.231562,0.92371,-0.692148,0.155272,1.69926,1.80704,0.0124063,0.357324,53786,26628,0.053256,1,0
57,3,2,61-23-2,direct,1,1,2,0.180841,0.904563,-0.723723,0.0854041,1.72584,1.80385,0.0211373,0.550055,34556,17065,0.03413,1,0
57,3,8,119-47-8,direct,1,1,0,0.232486,0.926025,-0.693539,0.158511,1.70094,1.80247,0.00949759,0.337124,73462,36433,0.072866,1,0
57,3,3,100-75-3,direct,1,1,0,0.196944,0.906614,-0.70967,0.103558,1.7128,1.79457,0.0178343,0.493444,67259,33325,0.06665,1,0
57,2,61,95-61,direct,1,1,2,0.275918,0.935385,-0.659466,0.211303,1.67287,1.80054,0.00320558,0.213852,60737,30115,0.06023,1,0
57,2,22,40-22,direct,1,1,0,0.272239,0.929209,-0.656969,0.201448,1.66917,1.80197,0.0104674,0.303447,22598,11120,0.02224,1,0
57,1,4,4,direct,1,1,2,0.100434,0.911442,-0.811008,0.0118756,1.81105,1.81829,0.000201012,0.493473,2308,1024,0.002048,1,0
58,2,61,87-61,direct,1,1,1,0.272781,0.93422,-0.661439,0.207002,1.67428,1.79961,0.00449647,0.20568,55649,27579,0.055158,1,0
58,3,2,110-61-2,direct,1,1,0,0.147678,0.923413,-0.775734,0.0710911,1.77716,1.82037,0.00221166,0.529723,70584,34992,0.069984,1,0
58,3,3,82-12-3,direct,1,1,1,0.185887,0.913272,-0.727384,0.0991588,1.73023,1.80491,0.0148772,0.476316,44471,22012,0.044024,1,0
58,2,10,112-10,direct,1,1,0,0.244232,0.931772,-0.687541,0.176004,1.69669,1.8056,0.00646742,0.392723,60074,29792,0.059584,1,0
58,3,3,122-75-3,direct,1,1,1,0.232018,0.923369,-0.69135,0.155387,1.69847,1.80857,0.0140218,0.429409,81867,40607,0.081214,1,0
58,3,3,13-12-3,direct,1,1,1,0.116723,0.918166,-0.801442,0.0348892,1.80178,1.84027,0.0223768,0.411315,7349,3520,0.00704,1,0
58,3,12,112-82-12,direct,1,1,0,0.252948,0.93718,-0.684233,0.190128,1.69493,1.81301,0.00528768,0.362172,78336,38840,0.07768,1,0
58,4,3,48-34-12-3,direct,1,1,2,0.137535,0.913007,-0.775472,0.0505423,1.77619,1.81976,0.0105238,0.490734,29175,14364,0.028728,1,0
58,3,3,66-12-3,direct,1,1,1,0.165306,0.916711,-0.751405,0.0820169,1.75332,1.81454,0.012566,0.495686,35863,17724,0.035448,1,0
58,2,25,112-25,direct,1,1,0,0.265285,0.932725,-0.66744,0.19801,1.67916,1.79975,0.0034283,0.274494,63449,31472,0.062944,1,0
58,2,81,83-81,direct,1,1,2,0.265803,0.934824,-0.669021,0.200627,1.68104,1.7995,0.00129442,0.189283,56445,27971,0.055942,1,0
58,2,96,106-96,direct,1,1,0,0.269502,0.934768,-0.665266,0.204269,1.67775,1.79786,0.000607986,0.172717,75188,37312,0.074624,1,0
59,2,4,124-4,direct,1,1,1,0.24781,0.929597,-0.681786,0.177407,1.69112,1.79848,0.00344962,0.47325,64988,32240,0.06448,1,0
59,2,2,104-2,direct,1,1,1,0.191979,0.905026,-0.713048,0.0970052,1.71579,1.83144,0.0506236,0.449578,54130,26832,0.053664,1,0
59,3,9,23-21-9,direct,1,1,1,0.183036,0.914036,-0.731,0.0970716,1.73372,1.80264,0.0106639,0.518376,13473,6560,0.01312,1,0
59,5,2,117-83-61-3-2,direct,1,1,0,0.123482,0.907606,-0.784124,0.0310881,1.78439,1.8311,0.0385703,0.501078,90616,44915,0.08983,1,0
59,4,3,127-104-43-3,direct,1,1,2,0.213095,0.917637,-0.704541,0.130732,1.70955,1.80342,0.016572,0.491033,101449,50321,0.100642,1,0
59,2,12,17-12,direct,1,1,1,0.19974,0.920712,-0.720973,0.120452,1.72518,1.80923,0.0130843,0.342248,9414,4556,0.009112,1,0
59,3,7,28-12-7,direct,1,1,1,0.164375,0.912755,-0.74838,0.0771299,1.75008,1.79987,0.00553494,0.323022,15519,7588,0.015176,1,0
59,4,3,110-44-12-3,direct,1,1,2,0.186734,0.897399,-0.710664,0.0841328,1.71273,1.79328,0.0221266,0.451779,67719,33564,0.067128,1,0
60,4,43,112-104-49-43,direct,1,1,2,0.25501,0.933361,-0.678351,0.188371,1.68889,1.79994,0.000625271,0.270695,95875,47523,0.095046,1,0
60,2,22,64-22,direct,1,1,0,0.27322,0.928583,-0.655363,0.201804,1.66762,1.79554,0.00889886,0.273842,35990,17792,0.035584,1,0
60,1,93,93,direct,1,1,0,0.288155,0.934962,-0.646806,0.223117,1.66185,1.79517,0.00368869,0.229622,47965,23808,0.047616,1,0
60,2,12,34-12,direct,1,1,0,0.218275,0.92058,-0.702305,0.138855,1.70796,1.79619,0.00500792,0.38565,18560,9112,0.018224,1,0
60,3,2,89-61-2,direct,1,1,1,0.153549,0.908532,-0.754983,0.0620808,1.75608,1.8004,0.00799083,0.478291,57228,28335,0.05667,1,0
60,5,2,61-12-8-3-2,direct,1,1,2,0.0632336,0.908796,-0.845563,-0.0279701,1.84577,1.88782,0.0181444,0.36791,33374,16474,0.032948,1,0
60,3,4,92-12-4,direct,1,1,2,0.165522,0.916567,-0.751045,0.0820898,1.75297,1.81099,0.007102,0.704341,49876,24704,0.049408,1,0
60,4,2,78-61-3-2,direct,1,1,2,0.117816,0.916402,-0.798586,0.0342179,1.79891,1.85692,0.0335329,0.395318,50372,24915,0.04983,1,0
60,2,2,85-2,direct,1,1,0,0.16221,0.90291,-0.7407,0.0651198,1.74192,1.80457,0.0191675,0.557438,44288,21930,0.04386,1,0
61,2,9,23-9,direct,1,1,2,0.227182,0.928336,-0.701154,0.155519,1.70825,1.8039,0.00623265,0.368563,12501,6095,0.01219,1,0
61,3,3,114-37-3,direct,1,1,1,0.192976,0.917681,-0.724704,0.110657,1.72825,1.80822,0.011532,0.418523,67587,33513,0.067026,1,0
61,2,9,12-9,direct,1,1,2,0.191439,0.921987,-0.730548,0.113426,1.73426,1.80439,0.00458764,0.452603,6649,3180,0.00636,1,0
61,3,3,66-5-3,direct,1,1,0,0.155769,0.914771,-0.759001,0.0705401,1.76042,1.81938,0.0146483,0.440973,34883,17241,0.034482,1,0
61,2,9,100-9,direct,1,1,0,0.240966,0.928307,-0.687341,0.169273,1.69581,1.79757,0.00321465,0.390282,53465,26500,0.053,1,0
61,2,43,107-43,direct,1,1,0,0.27518,0.933841,-0.658661,0.209021,1.67178,1.79657,0.00236016,0.233898,64499,31993,0.063986,1,0
61,2,23,76-23,direct,1,1,1,0.269464,0.935036,-0.665572,0.2045,1.67808,1.80339,0.00407855,0.286179,42839,21204,0.042408,1,0
61,1,109,109,direct,1,1,0,0.29472,0.936622,-0.641902,0.231342,1.65812,1.79671,0.00237958,0.218885,56173,27904,0.055808,1,0
62,1,41,41,direct,1,1,1,0.289707,0.93164,-0.641932,0.221347,1.65678,1.79086,0.00313525,0.289441,21289,10496,0.020992,1,0
62,1,60,60,direct,1,1,0,0.296468,0.934757,-0.638289,0.231226,1.65453,1.79221,0.00161482,0.262299,31036,15360,0.03072,1,0
62,4,2,107-83-3-2,direct,1,1,0,0.145788,0.899537,-0.753749,0.045325,1.75433,1.83601,0.0490584,0.390689,73700,36528,0.073056,1,0
62,2,85,91-85,direct,1,1,1,0.286322,0.937768,-0.651446,0.224091,1.66658,1.80091,0.00288043,0.182898,62585,31031,0.062062,1,0
62,4,2,61-8-3-2,direct,1,1,0,0.0836099,0.903638,-0.820028,-0.0127526,1.82007,1.85451,0.0369168,0.650836,32670,16134,0.032268,1,0
62,2,36,106-36,direct,1,1,2,0.274626,0.935446,-0.66082,0.210073,1.67405,1.79965,0.0026548,0.255717,62408,30952,0.061904,1,0
62,4,2,119-66-3-2,direct,1,1,0,0.145567,0.919511,-0.773944,0.0650775,1.77514,1.86048,0.03382,0.59536,77678,38522,0.077044,1,0
62,4,3,63-44-43-3,direct,1,1,0,0.186714,0.914859,-0.728145,0.101573,1.73113,1.80144,0.0081441,0.548776,42401,20921,0.041842,1,0
62,2,72,100-72,direct,1,1,0,0.27999,0.935112,-0.655121,0.215102,1.66904,1.79768,0.00243307,0.199255,66128,32800,0.0656,1,0
62,2,40,114-40,direct,1,1,1,0.277636,0.934507,-0.656871,0.212144,1.6704,1.80105,0.00509516,0.221949,68012,33744,0.067488,1,0
62,4,3,65-44-43-3,direct,1,1,2,0.191571,0.918254,-0.726683,0.109825,1.73017,1.8021,0.00779996,0.486717,43605,21521,0.043042,1,0
62,2,23,85-23,direct,1,1,0,0.255212,0.931786,-0.676574,0.186998,1.68697,1.79727,0.00063539,0.272151,47879,23715,0.04743,1,0
62,2,67,85-67,direct,1,1,2,0.26966,0.934565,-0.664905,0.204225,1.67738,1.79845,0.00116187,0.216354,55403,27455,0.05491,1,0
62,4,3,44-43-34-3,direct,1,1,0,0.156235,0.917769,-0.761534,0.0740044,1.76309,1.82026,0.00980056,0.539198,29941,14720,0.02944,1,0
63,2,2,82-2,direct,1,1,0,0.268372,0.920966,-0.652593,0.189338,1.6634,1.79963,0.0207077,0.5285,42734,21156,0.042312,1,0
63,3,3,65-44-3,direct,1,1,1,0.184788,0.907804,-0.723016,0.0925925,1.7255,1.7925,0.00923584,0.479499,39741,19632,0.039264,1,0
63,3,40,85-72-40,direct,1,1,2,0.263392,0.932851,-0.669459,0.196242,1.68095,1.80014,0.00321359,0.257241,62130,30760,0.06152,1,0
63,3,3,85-67-3,direct,1,1,0,0.232766,0.912522,-0.679756,0.145288,1.68603,1.79854,0.019854,0.476272,55875,27656,0.055312,1,0
63,3,43,104-74-43,direct,1,1,0,0.271769,0.934004,-0.662235,0.205773,1.67492,1.80218,0.00476073,0.233155,75659,37502,0.075004,1,0
63,2,3,27-3,direct,1,1,2,0.124669,0.901411,-0.776742,0.02608,1.77693,1.80224,0.0119788,0.590161,14299,6993,0.013986,1,0
63,3,12,100-22-12,direct,1,1,1,0.216131,0.925243,-0.709112,0.141373,1.71495,1.80358,0.00458481,0.29616,56640,28064,0.056128,1,0
63,2,3,58-3,direct,1,1,0,0.214419,0.921429,-0.707009,0.135848,1.71241,1.79878,0.00658123,0.497118,30419,15022,0.030044,1,0
63,3,1,40-8-1,direct,1,1,2,0.0510032,0.906481,-0.855478,-0.0425153,1.85597,1.8906,0.0069201,0.533316,21489,10568,0.021136,1,0
63,2,114,120-114,direct,1,1,2,0.274942,0.93592,-0.660978,0.210862,1.67431,1.79827,0.000412805,0.173167,89410,44400,0.0888,1,0
63,2,2,83-2,direct,1,1,2,0.155076,0.906614,-0.751538,0.0616895,1.75262,1.7963,0.00985441,0.491629,43252,21414,0.042828,1,0
64,2,1,51-1,direct,1,1,2,0.048492,0.90754,-0.859048,-0.0439683,1.85957,1.89787,0.00908643,0.731761,26573,13107,0.026214,1,0
64,2,12,54-12,direct,1,1,0,0.250836,0.929321,-0.678485,0.180157,1.68813,1.79888,0.00407833,0.329151,29320,14472,0.028944,1,0
64,2,4,37-4,direct,1,1,1,0.141339,0.903406,-0.762068,0.0447446,1.76264,1.80255,0.0129792,0.415689,19574,9620,0.01924,1,0
64,2,1,47-1,direct,1,1,2,0.0494136,0.908069,-0.858655,-0.0425176,1.85914,1.89828,0.0111642,0.7588,24509,12079,0.024158,1,0
64,3,2,43-3-2,direct,1,1,2,0.0826927,0.925265,-0.842572,0.00795726,1.84259,1.85851,0.0156504,1.08101,22636,11143,0.022286,1,0
64,2,12,87-12,direct,1,1,2,0.251023,0.92963,-0.678607,0.180652,1.6883,1.79852,0.00491155,0.326035,47074,23316,0.046632,1,0
64,2,41,43-41,direct,1,1,0,0.26655,0.933869,-0.667319,0.200419,1.67932,1.79933,0.00279521,0.246317,25925,12771,0.025542,1,0
