born_generation,depth,latent,encoder_widths,encoding,time_steps,voltage_threshold,winning_seed_offset,alpha,beta,g1,g2,d_truth,d_penalized_mean,d_penalized_std,latent_activity,param_count,inference_cost,est_latency_ms,feasible,constraint_violation
0,3,24,122-102-24,direct,1,1,1,0.280982,0.933052,-0.652071,0.214034,1.66588,1.79809,0.00486403,0.314574,92976,46124,0.092248,1,0
0,6,3,91-84-77-43-19-3,direct,1,1,0,0.159461,0.906658,-0.747197,0.0661191,1.74845,1.80675,0.0140715,0.543392,84073,41593,0.083186,1,0
0,5,1,121-107-28-24-1,direct,1,1,2,0.0513848,0.906746,-0.855361,-0.0418691,1.85583,1.88826,0.00675811,0.370096,96047,47615,0.09523,1,0
0,2,68,79-68,direct,1,1,0,0.256978,0.932746,-0.675767,0.189724,1.68647,1.80064,0.00259056,0.223124,51674,25596,0.051192,1,0
0,2,12,59-12,direct,1,1,2,0.23071,0.92586,-0.69515,0.15657,1.70236,1.8064,0.00882488,0.364463,32010,15812,0.031624,1,0
0,4,9,88-58-22-9,direct,1,1,1,0.207827,0.914594,-0.706767,0.122422,1.71115,1.80416,0.0265939,0.326178,58813,29106,0.058212,1,0
0,6,3,124-104-73-50-39-3,direct,1,1,1,0.239224,0.91261,-0.673386,0.151834,1.68026,1.79051,0.0187928,0.456659,116937,57949,0.115898,1,0
0,3,16,88-79-16,direct,1,1,1,0.253553,0.931779,-0.678226,0.185332,1.68843,1.80101,0.00322873,0.373152,62094,30744,0.061488,1,0
0,2,24,85-24,direct,1,1,1,0.272929,0.932044,-0.659114,0.204973,1.67173,1.79527,0.00252378,0.294321,48050,23800,0.0476,1,0
0,6,51,121-119-115-100-58-51,direct,1,1,0,0.260934,0.931637,-0.670703,0.192571,1.68176,1.79564,0.000878713,0.261622,159969,79318,0.158636,1,0
0,6,6,74-67-42-26-12-6,direct,1,1,2,0.153297,0.920855,-0.767558,0.0741523,1.76911,1.81495,0.00228175,0.507105,57088,28192,0.056384,1,0
0,3,36,124-78-36,direct,1,1,0,0.251655,0.934693,-0.683038,0.186348,1.69332,1.80581,0.00239037,0.278555,89144,44224,0.088448,1,0
0,1,127,127,direct,1,1,0,0.287464,0.935716,-0.648253,0.22318,1.66329,1.79778,0.00353672,0.213102,65407,32512,0.065024,1,0
0,2,91,92-91,direct,1,1,1,0.288863,0.935435,-0.646572,0.224298,1.66178,1.79589,0.0021693,0.206616,64379,31924,0.063848,1,0
0,5,10,119-84-78-46-10,direct,1,1,1,0.224383,0.924272,-0.69989,0.148655,1.70638,1.80013,0.00545185,0.436971,103040,51060,0.10212,1,0
0,3,40,86-42-40,direct,1,1,2,0.261288,0.930665,-0.669377,0.191953,1.68038,1.79704,0.00298824,0.289849,55168,27308,0.054616,1,0
0,3,16,125-50-16,direct,1,1,0,0.240125,0.933325,-0.6932,0.17345,1.70206,1.80714,0.00275806,0.359685,78722,39050,0.0781,1,0
0,5,31,99-93-72-33-31,direct,1,1,1,0.256564,0.92576,-0.669196,0.182323,1.67912,1.79939,0.0135595,0.269284,90173,44646,0.089292,1,0
0,1,26,26,direct,1,1,1,0.240712,0.92995,-0.689238,0.170662,1.69784,1.80117,0.00380319,0.338082,13594,6656,0.013312,1,0
0,5,18,117-78-53-32-18,direct,1,1,0,0.205273,0.922296,-0.717023,0.127569,1.72176,1.80256,0.00447724,0.388337,91802,45484,0.090968,1,0
0,1,77,77,direct,1,1,0,0.281215,0.934806,-0.653591,0.216021,1.66764,1.79557,0.000980644,0.246724,39757,19712,0.039424,1,0
0,6,14,112-104-82-80-38-14,direct,1,1,1,0.205473,0.927012,-0.72154,0.132485,1.72663,1.8053,0.000800257,0.38794,119062,58980,0.11796,1,0
0,2,24,54-24,direct,1,1,0,0.292723,0.93147,-0.638747,0.224194,1.65401,1.79143,0.00550958,0.284011,30628,15120,0.03024,1,0
0,5,1,111-46-40-22-1,direct,1,1,1,0.0466124,0.905688,-0.859075,-0.0476998,1.85969,1.89259,0.00358908,0.668138,73223,36264,0.072528,1,0
0,3,29,89-63-29,direct,1,1,2,0.242166,0.931404,-0.689238,0.17357,1.69813,1.80183,0.00146974,0.314941,61025,30218,0.060436,1,0
0,3,9,125-47-9,direct,1,1,1,0.234311,0.923883,-0.689572,0.158194,1.69696,1.79961,0.0106318,0.404395,77205,38298,0.076596,1,0
0,3,19,92-39-19,direct,1,1,2,0.245631,0.929859,-0.684229,0.17549,1.69335,1.80429,0.00607059,0.327773,56299,27881,0.055762,1,0
0,4,7,126-65-53-7,direct,1,1,0,0.187613,0.918745,-0.731132,0.106358,1.7344,1.80661,0.00951976,0.56517,89275,44262,0.088524,1,0
0,3,31,117-82-31,direct,1,1,1,0.233556,0.930329,-0.696773,0.163886,1.70467,1.8029,0.00159248,0.286224,84861,42088,0.084176,1,0
0,4,11,98-87-48-11,direct,1,1,0,0.238993,0.928211,-0.689217,0.167204,1.69747,1.79742,0.00147622,0.474397,77369,38318,0.076636,1,0
0,3,12,105-69-12,direct,1,1,0,0.237896,0.927138,-0.689242,0.165035,1.69728,1.80085,0.00487471,0.401119,70522,34953,0.069906,1,0
0,1,42,42,direct,1,1,0,0.28121,0.933066,-0.651856,0.214276,1.6657,1.79462,0.00378213,0.289499,21802,10752,0.021504,1,0
1,3,16,88-23-16,direct,1,1,0,0.218182,0.922652,-0.70447,0.140834,1.71028,1.80334,0.00750065,0.312538,50334,24920,0.04984,1,0
1,5,19,117-68-63-58-19,direct,1,1,2,0.220856,0.925682,-0.704826,0.146538,1.71111,1.80395,0.00589286,0.349974,94783,46948,0.093896,1,0
1,3,5,88-23-5,direct,1,1,1,0.195451,0.913598,-0.718147,0.109049,1.7216,1.79674,0.00841423,0.615058,49817,24667,0.049334,1,0
1,4,9,58-43-13-9,direct,1,1,0,0.140103,0.910156,-0.770052,0.0502591,1.77077,1.80706,0.00507517,0.31418,36529,18018,0.036036,1,0
1,5,27,70-67-55-40-27,direct,1,1,0,0.218013,0.924152,-0.706139,0.142166,1.71205,1.80272,0.00876836,0.242467,59897,29575,0.05915,1,0
1,3,67,102-85-67,direct,1,1,2,0.272112,0.935785,-0.663674,0.207897,1.67661,1.80086,0.00250468,0.226973,81651,40477,0.080954,1,0
1,4,9,111-58-22-9,direct,1,1,0,0.262013,0.925456,-0.663442,0.187469,1.67397,1.79221,0.00603229,0.359535,73303,36328,0.072656,1,0
1,1,59,59,direct,1,1,1,0.271978,0.930999,-0.659021,0.202978,1.67139,1.79401,0.0041963,0.268293,30523,15104,0.030208,1,0
1,3,12,105-82-12,direct,1,1,2,0.269669,0.934127,-0.664458,0.203796,1.67689,1.79774,0.00170995,0.384749,73590,36474,0.072948,1,0
1,2,24,115-24,direct,1,1,0,0.264427,0.935466,-0.671039,0.199893,1.68295,1.80171,0.00132656,0.32506,64910,32200,0.0644,1,0
1,3,6,38-18-6,direct,1,1,0,0.167969,0.915454,-0.747485,0.0834233,1.74948,1.80759,0.00731727,0.672243,21414,10520,0.02104,1,0
1,1,124,124,direct,1,1,0,0.286394,0.935188,-0.648794,0.221583,1.66362,1.79562,0.001959,0.215511,63868,31744,0.063488,1,0
1,2,31,94-31,direct,1,1,0,0.276024,0.933538,-0.657514,0.209563,1.67071,1.79651,0.00216788,0.279743,54431,26978,0.053956,1,0
1,6,16,115-114-104-70-42-16,direct,1,1,2,0.205193,0.92839,-0.723196,0.133583,1.72837,1.80814,0.0019822,0.399458,131758,65298,0.130596,1,0
1,1,35,35,direct,1,1,0,0.255229,0.930839,-0.67561,0.186068,1.68591,1.80101,0.00435078,0.309668,18211,8960,0.01792,1,0
1,5,1,111-46-40-30-1,direct,1,1,2,0.043031,0.904894,-0.861863,-0.0520748,1.86259,1.89546,0.00271045,0.498084,73895,36592,0.073184,1,0
1,3,36,72-50-36,direct,1,1,1,0.221971,0.930798,-0.708827,0.152769,1.71564,1.8089,0.00266471,0.290631,48200,23832,0.047664,1,0
1,2,30,112-30,direct,1,1,1,0.269145,0.931856,-0.662711,0.201001,1.67482,1.79736,0.00368869,0.282254,64574,32032,0.064064,1,0
1,3,9,88-22-9,direct,1,1,1,0.21942,0.930629,-0.711209,0.150049,1.71778,1.81572,0.011628,0.348744,49809,24662,0.049324,1,0
1,2,14,30-14,direct,1,1,2,0.234796,0.924093,-0.689297,0.158889,1.69675,1.7998,0.0111633,0.361998,16530,8100,0.0162,1,0
1,1,57,57,direct,1,1,1,0.280229,0.933874,-0.653645,0.214103,1.66745,1.79639,0.00267761,0.271214,29497,14592,0.029184,1,0
1,3,13,58-43-13,direct,1,1,2,0.214867,0.927605,-0.712738,0.142471,1.71865,1.81161,0.00705228,0.349122,36273,17901,0.035802,1,0
1,5,6,110-106-90-24-6,direct,1,1,1,0.264237,0.922972,-0.658735,0.187208,1.66927,1.79911,0.0155982,0.731193,104250,51664,0.103328,1,0
1,6,16,114-104-70-54-42-16,direct,1,1,2,0.22754,0.928555,-0.701015,0.156095,1.70816,1.80592,0.00591581,0.41604,111120,55040,0.11008,1,0
1,2,49,78-49,direct,1,1,2,0.268325,0.932056,-0.663732,0.200381,1.67576,1.79533,0.00209287,0.246748,48041,23790,0.04758,1,0
1,3,18,38-31-18,direct,1,1,0,0.210964,0.917468,-0.706504,0.128432,1.71133,1.79185,0.00503321,0.352911,23340,11464,0.022928,1,0
2,1,98,98,direct,1,1,0,0.279966,0.935501,-0.655535,0.215467,1.6695,1.79875,0.00220104,0.231425,50530,25088,0.050176,1,0
2,3,18,91-31-18,direct,1,1,0,0.233614,0.932136,-0.698522,0.165749,1.70659,1.81452,0.00805924,0.28643,53868,26675,0.05335,1,0
2,2,86,122-86,direct,1,1,2,0.277151,0.934764,-0.657613,0.211914,1.6711,1.79899,0.00267958,0.198918,84034,41724,0.083448,1,0
2,2,6,78-6,direct,1,1,1,0.228228,0.928064,-0.699836,0.156292,1.70701,1.8113,0.0137488,0.37001,41290,20436,0.040872,1,0
2,3,9,43-40-9,direct,1,1,1,0.238479,0.926484,-0.688005,0.164963,1.69605,1.79773,0.005605,0.436812,26607,13088,0.026176,1,0
2,1,94,94,direct,1,1,0,0.282381,0.935703,-0.653322,0.218084,1.66764,1.79679,0.00099816,0.235627,48478,24064,0.048128,1,0
2,1,91,91,direct,1,1,2,0.284807,0.936296,-0.651489,0.221103,1.66622,1.79746,0.00233471,0.236989,46939,23296,0.046592,1,0
2,1,46,46,direct,1,1,1,0.271252,0.933644,-0.662392,0.204896,1.67497,1.79821,0.00259794,0.285863,23854,11776,0.023552,1,0
2,1,30,30,direct,1,1,1,0.26464,0.931477,-0.666837,0.196117,1.67833,1.80106,0.00756081,0.315677,15646,7680,0.01536,1,0
2,4,9,105-58-12-9,direct,1,1,0,0.181564,0.916637,-0.735073,0.0982016,1.73785,1.7972,0.00173868,0.521342,68163,33774,0.067548,1,0
2,2,69,111-69,direct,1,1,2,0.278779,0.934744,-0.655966,0.213523,1.66967,1.798,0.00326878,0.223007,72697,36075,0.07215,1,0
2,4,9,111-58-12-9,direct,1,1,0,0.168315,0.901176,-0.732861,0.069491,1.73425,1.79643,0.016175,0.336539,71943,35658,0.071316,1,0
2,4,16,105-104-70-16,direct,1,1,0,0.267557,0.931068,-0.663511,0.198626,1.67533,1.79831,0.00571045,0.374377,93230,46200,0.0924,1,0
2,2,30,77-30,direct,1,1,1,0.271797,0.930287,-0.65849,0.202083,1.67076,1.79869,0.00690946,0.297913,44484,22022,0.044044,1,0
2,2,114,115-114,direct,1,1,1,0.285908,0.936524,-0.650616,0.222432,1.66554,1.79658,0.000596959,0.178352,85700,42550,0.0851,1,0
2,2,91,105-91,direct,1,1,0,0.291134,0.93499,-0.643857,0.226124,1.65934,1.79875,0.00518237,0.210226,73427,36435,0.07287,1,0
2,5,3,69-43-9-5-3,direct,1,1,0,0.156255,0.922751,-0.766496,0.0790068,1.76826,1.85778,0.0340829,0.323541,42667,21078,0.042156,1,0
2,2,29,89-29,direct,1,1,2,0.265499,0.933698,-0.668199,0.199198,1.68005,1.8009,0.00466273,0.29323,51193,25365,0.05073,1,0
2,3,31,94-93-31,direct,1,1,2,0.284298,0.934153,-0.649854,0.218451,1.66425,1.80037,0.00712565,0.274844,72039,35689,0.071378,1,0
2,4,52,105-69-54-52,direct,1,1,1,0.258507,0.934102,-0.675594,0.192609,1.68663,1.80417,0.00374555,0.22031,82082,40659,0.081318,1,0
2,1,121,121,direct,1,1,1,0.289486,0.935857,-0.646371,0.225344,1.66172,1.79566,0.00220041,0.216659,62329,30976,0.061952,1,0
2,3,22,111-69-22,direct,1,1,2,0.266024,0.931686,-0.665662,0.19771,1.67735,1.7985,0.00376771,0.365919,75824,37593,0.075186,1,0
2,3,3,59-6-3,direct,1,1,0,0.170477,0.911772,-0.741296,0.0822491,1.74324,1.84542,0.041841,0.397883,31341,15476,0.030952,1,0
2,2,33,124-33,direct,1,1,2,0.290267,0.933361,-0.643094,0.223629,1.65824,1.79348,0.00303093,0.303542,72209,35836,0.071672,1,0
3,2,41,59-41,direct,1,1,2,0.261987,0.930898,-0.66891,0.192885,1.68002,1.79939,0.00625826,0.282848,35461,17523,0.035046,1,0
3,1,105,105,direct,1,1,0,0.284433,0.935671,-0.651239,0.220104,1.66584,1.79694,0.00176214,0.22581,54121,26880,0.05376,1,0
3,3,87,115-106-87,direct,1,1,2,0.269846,0.935792,-0.665946,0.205638,1.67859,1.80127,0.00176806,0.210082,102489,50852,0.101704,1,0
3,1,67,67,direct,1,1,0,0.283619,0.935833,-0.652214,0.219452,1.66672,1.79615,0.00122051,0.257585,34627,17152,0.034304,1,0
3,2,6,67-6,direct,1,1,0,0.245701,0.923765,-0.678065,0.169466,1.6866,1.79338,0.0067583,0.403085,35504,17554,0.035108,1,0
3,2,54,114-54,direct,1,1,0,0.275683,0.93469,-0.659008,0.210373,1.67229,1.79709,0.00154612,0.255546,71218,35340,0.07068,1,0
3,5,20,123-111-58-22-20,direct,1,1,1,0.24606,0.92461,-0.67855,0.17067,1.6872,1.79701,0.00796672,0.279159,107494,53295,0.10659,1,0
3,3,22,123-111-22,direct,1,1,2,0.272429,0.935738,-0.66331,0.208167,1.67629,1.80235,0.00364391,0.320809,95912,47583,0.095166,1,0
3,1,104,104,direct,1,1,0,0.292318,0.936308,-0.643991,0.228626,1.65981,1.79775,0.00321494,0.226674,53608,26624,0.053248,1,0
3,2,57,102-57,direct,1,1,0,0.292673,0.936287,-0.643614,0.228961,1.65949,1.79892,0.00381865,0.243468,64369,31926,0.063852,1,0
3,4,35,123-42-40-35,direct,1,1,0,0.197462,0.926179,-0.728718,0.123641,1.73313,1.81037,0.00408361,0.281254,80169,39734,0.079468,1,0
3,3,6,70-18-6,direct,1,1,0,0.21259,0.911574,-0.698984,0.124164,1.70352,1.80767,0.0248159,0.427732,39014,19288,0.038576,1,0
3,2,6,59-6,direct,1,1,1,0.229602,0.918695,-0.689093,0.148297,1.69559,1.78985,0.00522332,0.398852,31296,15458,0.030916,1,0
3,3,14,73-30-14,direct,1,1,0,0.23378,0.920474,-0.686695,0.154254,1.69373,1.79521,0.00849265,0.309496,43072,21298,0.042596,1,0
3,1,89,89,direct,1,1,2,0.282107,0.935722,-0.653615,0.217828,1.6679,1.79767,0.00157253,0.23972,45913,22784,0.045568,1,0
3,4,6,90-51-42-6,direct,1,1,0,0.199769,0.917901,-0.718132,0.117671,1.72216,1.8,0.00648034,0.528273,60676,30024,0.060048,1,0
3,5,3,104-73-50-30-3,direct,1,1,0,0.161934,0.902469,-0.740535,0.0644032,1.74173,1.80421,0.0186962,0.622804,79685,39456,0.078912,1,0
3,5,12,126-66-49-26-12,direct,1,1,2,0.22213,0.925915,-0.703785,0.148045,1.7102,1.80335,0.00557811,0.46561,91586,45392,0.090784,1,0
3,1,62,62,direct,1,1,0,0.287097,0.934165,-0.647069,0.221262,1.66186,1.79252,0.00129689,0.262059,32062,15872,0.031744,1,0
3,4,9,87-63-57-9,direct,1,1,1,0.204471,0.925338,-0.720867,0.129809,1.72576,1.80355,0.00123972,0.49904,64393,31857,0.063714,1,0
3,5,3,88-73-50-39-3,direct,1,1,0,0.126605,0.908201,-0.781596,0.0348059,1.78194,1.81508,0.00902714,0.511344,70097,34669,0.069338,1,0
3,2,29,30-29,direct,1,1,1,0.220492,0.92323,-0.702738,0.143722,1.70879,1.79518,0.00155341,0.286865,17445,8550,0.0171,1,0
3,4,40,86-62-42-40,direct,1,1,2,0.2268,0.926247,-0.699447,0.153047,1.70632,1.8022,0.00507145,0.255015,63940,31632,0.063264,1,0
4,4,22,111-71-57-22,direct,1,1,2,0.258448,0.928096,-0.669649,0.186544,1.68004,1.79223,0.0020604,0.349114,83952,41598,0.083196,1,0
4,6,3,104-73-50-39-30-3,direct,1,1,0,0.187751,0.914771,-0.72702,0.102522,1.73006,1.79671,0.00818641,0.668565,83003,41076,0.082152,1,0
4,2,110,114-110,direct,1,1,1,0.284002,0.936649,-0.652646,0.220651,1.66731,1.79805,0.00190214,0.187348,84042,41724,0.083448,1,0
4,2,44,86-44,direct,1,1,2,0.253679,0.932669,-0.67899,0.186348,1.6893,1.79977,0.00108533,0.224011,52072,25800,0.0516,1,0
4,2,30,109-30,direct,1,1,0,0.275849,0.932094,-0.656246,0.207943,1.66925,1.79826,0.00526462,0.292612,62852,31174,0.062348,1,0
4,4,6,90-42-24-6,direct,1,1,2,0.171357,0.909568,-0.738211,0.0809245,1.74009,1.80341,0.0119622,0.633964,56518,27972,0.055944,1,0
4,2,58,111-58,direct,1,1,1,0.283808,0.935402,-0.651594,0.21921,1.66608,1.79892,0.00313893,0.233519,70244,34854,0.069708,1,0
4,4,9,111-69-12-9,direct,1,1,0,0.199591,0.914874,-0.715283,0.114464,1.7191,1.8012,0.0106437,0.400959,74671,37011,0.074022,1,0
4,1,128,128,direct,1,1,0,0.292802,0.935779,-0.642977,0.228582,1.6588,1.79503,0.0028581,0.212074,65920,32768,0.065536,1,0
4,1,78,78,direct,1,1,0,0.282213,0.934871,-0.652658,0.217084,1.66685,1.79729,0.00236645,0.245446,40270,19968,0.039936,1,0
4,2,11,87-11,direct,1,1,1,0.241625,0.932431,-0.690806,0.174057,1.69974,1.80482,0.0025526,0.364786,46899,23229,0.046458,1,0
4,2,27,57-27,direct,1,1,1,0.251932,0.930105,-0.678173,0.182037,1.68802,1.80122,0.00685433,0.290676,32659,16131,0.032262,1,0
4,1,50,50,direct,1,1,1,0.280559,0.933698,-0.65314,0.214257,1.66697,1.79536,0.00208049,0.277132,25906,12800,0.0256,1,0
4,5,23,86-62-42-40-23,direct,1,1,0,0.239795,0.922659,-0.682865,0.162454,1.69069,1.79884,0.010048,0.392209,65843,32552,0.065104,1,0
4,2,30,110-30,direct,1,1,2,0.267741,0.932835,-0.665094,0.200576,1.67713,1.80095,0.00739079,0.293077,63426,31460,0.06292,1,0
4,2,57,62-57,direct,1,1,1,0.2678,0.932899,-0.665099,0.2007,1.67715,1.80011,0.00633898,0.241594,39249,19406,0.038812,1,0
4,3,9,105-58-9,direct,1,1,0,0.211764,0.924706,-0.712942,0.13647,1.71837,1.81292,0.0121728,0.42637,67575,33492,0.066984,1,0
4,2,88,104-88,direct,1,1,1,0.275536,0.933333,-0.657797,0.20887,1.6709,1.79777,0.00484823,0.204392,72104,35776,0.071552,1,0
4,1,88,88,direct,1,1,1,0.295935,0.935098,-0.639163,0.231033,1.65536,1.79654,0.00436854,0.238281,45400,22528,0.045056,1,0
4,2,1,30-1,direct,1,1,2,0.0491875,0.906349,-0.857162,-0.0444633,1.85769,1.8979,0.0101376,0.770715,15737,7710,0.01542,1,0
4,3,6,59-18-6,direct,1,1,2,0.180315,0.914903,-0.734588,0.0952179,1.7372,1.8037,0.0135752,0.52308,32964,16274,0.032548,1,0
4,1,86,86,direct,1,1,1,0.280811,0.93619,-0.655379,0.217,1.66954,1.79888,0.00157547,0.239895,44374,22016,0.044032,1,0
5,5,16,104-70-42-24-16,direct,1,1,0,0.204724,0.924769,-0.720045,0.129492,1.72491,1.80623,0.00400159,0.326947,77224,38236,0.076472,1,0
5,2,97,122-97,direct,1,1,2,0.274003,0.935447,-0.661444,0.20945,1.67459,1.79873,0.0013853,0.207089,86729,43066,0.086132,1,0
5,5,16,70-54-42-41-16,direct,1,1,0,0.214388,0.921478,-0.70709,0.135866,1.71249,1.80238,0.00826961,0.328135,53378,26346,0.052692,1,0
5,3,40,62-42-40,direct,1,1,1,0.238569,0.928952,-0.690383,0.167521,1.69866,1.80141,0.0033813,0.204954,40816,20156,0.040312,1,0
5,2,91,94-91,direct,1,1,0,0.285567,0.934753,-0.649187,0.22032,1.66384,1.79654,0.002586,0.198326,65771,32618,0.065236,1,0
5,3,29,35-30-29,direct,1,1,2,0.236361,0.918961,-0.6826,0.155322,1.68975,1.79565,0.0126909,0.356807,22175,10880,0.02176,1,0
5,5,16,70-54-42-30-16,direct,1,1,1,0.181617,0.916534,-0.734917,0.0981517,1.73769,1.79962,0.00459306,0.373372,52080,25708,0.051416,1,0
5,3,6,70-24-6,direct,1,1,1,0.200937,0.930203,-0.729266,0.13114,1.73423,1.81437,0.00276144,0.747883,39938,19744,0.039488,1,0
5,2,46,104-46,direct,1,1,0,0.268864,0.935677,-0.666813,0.204541,1.67932,1.80224,0.00236144,0.251511,63326,31408,0.062816,1,0
5,3,24,110-100-24,direct,1,1,2,0.277529,0.93486,-0.657331,0.212389,1.67088,1.79928,0.00414139,0.307685,83820,41560,0.08312,1,0
5,6,16,115-104-70-42-24-16,direct,1,1,0,0.216312,0.921751,-0.705439,0.138063,1.71102,1.81105,0.0135669,0.273895,107006,53012,0.106024,1,0
5,2,99,104-99,direct,1,1,1,0.278322,0.93543,-0.657108,0.213752,1.67084,1.79707,0.00129881,0.207314,74403,36920,0.07384,1,0
5,4,26,104-42-39-26,direct,1,1,0,0.224457,0.924842,-0.700385,0.1493,1.70693,1.80209,0.00568829,0.385047,67940,33644,0.067288,1,0
5,2,18,70-18,direct,1,1,1,0.263607,0.931371,-0.667765,0.194978,1.67912,1.80186,0.00613644,0.322781,38774,19180,0.03836,1,0
5,1,79,79,direct,1,1,0,0.302243,0.93549,-0.633247,0.237733,1.65046,1.79408,0.00320454,0.244577,40783,20224,0.040448,1,0
5,5,16,104-70-54-42-16,direct,1,1,0,0.234296,0.922073,-0.687778,0.156369,1.69501,1.80046,0.0117437,0.312112,82060,40624,0.081248,1,0
5,1,51,51,direct,1,1,1,0.290037,0.935294,-0.645258,0.225331,1.66062,1.79418,0.00146286,0.275378,26419,13056,0.026112,1,0
5,2,26,43-26,direct,1,1,0,0.241622,0.930169,-0.688547,0.171791,1.69726,1.80534,0.00526338,0.285989,24620,12126,0.024252,1,0
6,4,18,40-38-31-18,direct,1,1,0,0.200022,0.918034,-0.718012,0.118055,1.72206,1.79946,0.0059053,0.334333,27484,13496,0.026992,1,0
6,2,57,103-57,direct,1,1,0,0.275772,0.934192,-0.65842,0.209964,1.67166,1.79707,0.00197742,0.228366,64997,32239,0.064478,1,0
6,5,16,70-54-30-24-16,direct,1,1,0,0.231499,0.927265,-0.695766,0.158764,1.70318,1.80172,0.00494283,0.380043,49476,24424,0.048848,1,0
6,3,1,41-22-1,direct,1,1,2,0.0452499,0.906085,-0.860835,-0.0486655,1.86147,1.89246,0.00201651,0.836868,23223,11420,0.02284,1,0
6,2,6,38-6,direct,1,1,1,0.210201,0.917284,-0.707083,0.127485,1.71184,1.80078,0.0101302,0.457308,20250,9956,0.019912,1,0
6,5,9,111-101-58-22-9,direct,1,1,0,0.192735,0.923266,-0.730531,0.116001,1.73441,1.80738,0.00464187,0.341675,94767,46959,0.093918,1,0
6,2,26,37-26,direct,1,1,0,0.227126,0.926577,-0.699451,0.153703,1.70639,1.80457,0.00599101,0.331299,21224,10434,0.020868,1,0
6,1,115,115,direct,1,1,0,0.278498,0.936215,-0.657716,0.214713,1.67156,1.79986,0.00232887,0.220178,59251,29440,0.05888,1,0
6,1,87,87,direct,1,1,1,0.287942,0.933455,-0.645513,0.221397,1.66034,1.79726,0.00517007,0.241199,44887,22272,0.044544,1,0
6,2,6,79-6,direct,1,1,0,0.255675,0.921803,-0.666128,0.177479,1.67555,1.79225,0.0108776,0.444588,41816,20698,0.041396,1,0
6,3,14,52-30-14,direct,1,1,0,0.251787,0.933796,-0.682009,0.185584,1.69222,1.8086,0.0055476,0.243719,31018,15292,0.030584,1,0
7,2,10,38-10,direct,1,1,1,0.216309,0.92164,-0.705331,0.13795,1.7109,1.79843,0.00541533,0.393838,20558,10108,0.020216,1,0
7,2,54,59-54,direct,1,1,1,0.255339,0.931846,-0.676507,0.187186,1.68692,1.79871,0.00228814,0.264113,37008,18290,0.03658,1,0
7,2,6,12-6,direct,1,1,2,0.120291,0.914418,-0.794127,0.0347089,1.79446,1.83977,0.0282573,0.537425,6574,3144,0.006288,1,0
7,1,14,14,direct,1,1,1,0.229294,0.924329,-0.695035,0.153623,1.70198,1.79745,0.00769967,0.363969,7438,3584,0.007168,1,0
7,6,6,70-42-30-24-16-6,direct,1,1,1,0.128687,0.914594,-0.785908,0.0432812,1.78643,1.82164,0.0100589,0.544457,47266,23320,0.04664,1,0
7,2,30,68-30,direct,1,1,0,0.281776,0.931124,-0.649349,0.2129,1.66303,1.79909,0.00890392,0.296544,39318,19448,0.038896,1,0
7,1,38,38,direct,1,1,0,0.273246,0.931363,-0.658117,0.204609,1.67069,1.79437,0.00278258,0.3017,19750,9728,0.019456,1,0
7,2,18,121-18,direct,1,1,1,0.253196,0.933414,-0.680218,0.186611,1.69055,1.80256,0.00190452,0.349387,66824,33154,0.066308,1,0
7,2,104,114-104,direct,1,1,2,0.278506,0.93524,-0.656733,0.213746,1.67046,1.80193,0.00461355,0.197951,82668,41040,0.08208,1,0
7,2,94,125-94,direct,1,1,1,0.289716,0.936761,-0.647045,0.226477,1.66254,1.79834,0.00271793,0.194344,88100,43750,0.0875,1,0
7,1,21,21,direct,1,1,2,0.246129,0.927633,-0.681503,0.173762,1.69046,1.79678,0.00367495,0.340825,11029,5376,0.010752,1,0
7,3,18,87-38-18,direct,1,1,2,0.256747,0.930269,-0.673522,0.187016,1.68394,1.80036,0.00674404,0.323466,53048,26262,0.052524,1,0
7,1,4,4,direct,1,1,0,0.130688,0.902249,-0.771561,0.0329363,1.77187,1.80825,0.0140021,0.517829,2308,1024,0.002048,1,0
7,1,110,110,direct,1,1,1,0.281991,0.935798,-0.653808,0.217789,1.66809,1.79742,0.00125228,0.223276,56686,28160,0.05632,1,0
7,2,6,70-6,direct,1,1,1,0.18975,0.919687,-0.729937,0.109437,1.73339,1.8045,0.00811679,0.420871,37082,18340,0.03668,1,0
7,4,6,33-26-18-6,direct,1,1,0,0.181867,0.920767,-0.7389,0.102634,1.74193,1.80958,0.00532656,0.591345,20180,9882,0.019764,1,0
7,3,18,46-31-18,direct,1,1,2,0.253141,0.926323,-0.673182,0.179463,1.68278,1.79585,0.00584013,0.395102,27948,13760,0.02752,1,0
7,2,14,104-14,direct,1,1,0,0.256463,0.932587,-0.676124,0.18905,1.68675,1.80073,0.00228514,0.364828,56638,28080,0.05616,1,0
8,2,100,116-100,direct,1,1,1,0.276246,0.936902,-0.660656,0.213148,1.67428,1.80147,0.00216061,0.188502,83180,41296,0.082592,1,0
8,3,43,114-54-43,direct,1,1,0,0.260073,0.932986,-0.672912,0.193059,1.68402,1.80547,0.00633942,0.275914,75959,37662,0.075324,1,0
8,2,18,67-18,direct,1,1,2,0.249154,0.93121,-0.682056,0.180364,1.6917,1.80499,0.00675227,0.345139,37124,18358,0.036716,1,0
8,3,31,97-38-31,direct,1,1,0,0.222792,0.929135,-0.706343,0.151926,1.71309,1.80265,0.00046948,0.300189,59949,29696,0.059392,1,0
8,2,1,114-1,direct,1,1,1,0.0476179,0.90754,-0.859922,-0.0448424,1.86046,1.89603,0.0104282,0.413592,59081,29298,0.058596,1,0
8,2,30,97-30,direct,1,1,0,0.277105,0.932853,-0.655747,0.209958,1.66901,1.79551,0.00249615,0.291706,55964,27742,0.055484,1,0
8,4,18,105-91-31-18,direct,1,1,0,0.210298,0.924655,-0.714357,0.134953,1.71966,1.80343,0.00366776,0.367963,80356,39814,0.079628,1,0
8,2,106,117-106,direct,1,1,2,0.28026,0.935626,-0.655365,0.215886,1.66938,1.79992,0.00290627,0.181463,85304,42354,0.084708,1,0
8,1,54,54,direct,1,1,2,0.294985,0.933654,-0.638669,0.228639,1.65454,1.79555,0.00584619,0.272851,27958,13824,0.027648,1,0
8,2,4,100-4,direct,1,1,1,0.22117,0.91746,-0.69629,0.138631,1.70195,1.79862,0.0142923,0.474099,52460,26000,0.052,1,0
8,1,114,114,direct,1,1,0,0.295955,0.935641,-0.639687,0.231596,1.65596,1.79585,0.00416968,0.220991,58738,29184,0.058368,1,0
8,5,16,114-104-62-42-16,direct,1,1,1,0.254661,0.926314,-0.671654,0.180975,1.68142,1.80158,0.0115319,0.354067,102444,50764,0.101528,1,0
8,2,100,106-100,direct,1,1,0,0.275208,0.934499,-0.659291,0.209707,1.67249,1.79686,0.00134644,0.195177,76040,37736,0.075472,1,0
8,2,31,38-31,direct,1,1,1,0.240819,0.927692,-0.686873,0.168512,1.69527,1.80138,0.00574263,0.284945,22175,10906,0.021812,1,0
8,2,25,38-25,direct,1,1,0,0.244457,0.927259,-0.682803,0.171716,1.69154,1.7992,0.00586471,0.294275,21713,10678,0.021356,1,0
8,4,38,104-62-42-38,direct,1,1,0,0.246603,0.928467,-0.681864,0.17507,1.69095,1.8006,0.00517477,0.270253,75254,37272,0.074544,1,0
8,2,75,114-75,direct,1,1,2,0.27204,0.934511,-0.662472,0.206551,1.67525,1.79873,0.00183277,0.205203,76027,37734,0.075468,1,0
9,2,4,128-4,direct,1,1,0,0.212576,0.925794,-0.713218,0.13837,1.7188,1.8064,0.00613324,0.467767,67076,33280,0.06656,1,0
9,1,111,111,direct,1,1,1,0.289914,0.936838,-0.646924,0.226752,1.66246,1.79632,0.00104441,0.221172,57199,28416,0.056832,1,0
9,2,58,104-58,direct,1,1,0,0.278177,0.934157,-0.65598,0.212333,1.66954,1.79918,0.00378633,0.211195,65834,32656,0.065312,1,0
9,2,7,95-7,direct,1,1,2,0.24835,0.934127,-0.685777,0.182477,1.69562,1.80573,0.00335276,0.45842,50423,24985,0.04997,1,0
9,2,63,64-63,direct,1,1,0,0.266071,0.933518,-0.667447,0.199589,1.67935,1.80032,0.00297028,0.219749,41279,20416,0.040832,1,0
9,3,18,31-26-18,direct,1,1,0,0.213823,0.925573,-0.711751,0.139396,1.71742,1.80222,0.00263723,0.294734,18808,9210,0.01842,1,0
9,2,21,104-21,direct,1,1,0,0.247842,0.930852,-0.68301,0.178693,1.69247,1.79894,0.00139201,0.32766,58101,28808,0.057616,1,0
9,3,22,105-69-22,direct,1,1,1,0.229691,0.92889,-0.699199,0.158581,1.70658,1.80802,0.00676374,0.324311,71912,35643,0.071286,1,0
9,2,21,54-21,direct,1,1,0,0.238517,0.927721,-0.689204,0.166238,1.69736,1.80315,0.0067669,0.287438,30301,14958,0.029916,1,0
9,3,58,111-110-58,direct,1,1,1,0.275,0.933714,-0.658714,0.208714,1.67179,1.79671,0.00188509,0.227109,94768,47006,0.094012,1,0
9,3,5,54-6-5,direct,1,1,1,0.150761,0.91381,-0.763049,0.0645705,1.76423,1.83707,0.0411973,0.457976,28737,14178,0.028356,1,0
9,2,38,66-38,direct,1,1,1,0.264233,0.929835,-0.665602,0.194068,1.67687,1.80209,0.00817798,0.260684,39234,19404,0.038808,1,0
9,3,18,44-31-18,direct,1,1,0,0.226869,0.922604,-0.695735,0.149474,1.70231,1.79846,0.00851811,0.376992,26796,13186,0.026372,1,0
9,2,10,14-10,direct,1,1,2,0.181058,0.919061,-0.738003,0.100119,1.74088,1.80324,0.0045335,0.498532,7742,3724,0.007448,1,0
10,6,14,114-104-70-42-16-14,direct,1,1,1,0.211723,0.910232,-0.698509,0.121956,1.70288,1.79189,0.0226435,0.370008,105274,52156,0.104312,1,0
10,2,3,4-3,direct,1,1,2,0.0649658,0.899647,-0.834681,-0.0353869,1.83502,1.88118,0.0180534,1.05858,2339,1036,0.002072,1,0
10,1,27,27,direct,1,1,0,0.253939,0.92888,-0.674941,0.182819,1.68489,1.79925,0.00521481,0.325162,14107,6912,0.013824,1,0
10,2,38,60-38,direct,1,1,1,0.255101,0.932696,-0.677595,0.187798,1.68807,1.80132,0.00283885,0.255711,35694,17640,0.03528,1,0
10,1,116,116,direct,1,1,0,0.290453,0.935987,-0.645534,0.22644,1.66104,1.79709,0.00360456,0.21986,59764,29696,0.059392,1,0
10,2,29,38-29,direct,1,1,1,0.247864,0.927185,-0.679321,0.175049,1.68842,1.79344,0.00322908,0.290175,22021,10830,0.02166,1,0
10,1,120,120,direct,1,1,0,0.291239,0.93581,-0.644571,0.227049,1.66017,1.79694,0.00276165,0.21695,61816,30720,0.06144,1,0
10,1,16,16,direct,1,1,0,0.25977,0.925504,-0.665734,0.185275,1.67601,1.79521,0.00776822,0.353519,8464,4096,0.008192,1,0
10,2,18,31-18,direct,1,1,0,0.214107,0.922928,-0.708821,0.137034,1.71431,1.80124,0.00766845,0.337167,17324,8494,0.016988,1,0
10,1,72,72,direct,1,1,2,0.286088,0.934886,-0.648797,0.220974,1.66354,1.79548,0.00177211,0.254096,37192,18432,0.036864,1,0
10,6,6,124-42-31-30-16-6,direct,1,1,0,0.142709,0.92284,-0.78013,0.0655485,1.78134,1.84212,0.0275001,0.571325,80268,39760,0.07952,1,0
10,3,18,38-26-18,direct,1,1,1,0.192562,0.909744,-0.717182,0.102307,1.72023,1.78947,0.00870864,0.383047,22770,11184,0.022368,1,0
10,6,16,104-70-52-42-24-16,direct,1,1,2,0.23655,0.925298,-0.688747,0.161848,1.69649,1.80031,0.00774868,0.374953,83096,41120,0.08224,1,0
10,1,96,96,direct,1,1,2,0.291295,0.935415,-0.64412,0.22671,1.65968,1.79553,0.00224839,0.233701,49504,24576,0.049152,1,0
10,1,92,92,direct,1,1,0,0.285998,0.934578,-0.64858,0.220577,1.66327,1.79598,0.00269389,0.236236,47452,23552,0.047104,1,0
11,6,16,70-54-42-38-24-16,direct,1,1,0,0.174229,0.91536,-0.741132,0.089589,1.74344,1.80038,0.00345623,0.435708,54448,26860,0.05372,1,0
11,6,16,54-42-40-37-24-16,direct,1,1,2,0.209578,0.920999,-0.711421,0.130576,1.7164,1.796,0.00394067,0.34576,41714,20524,0.041048,1,0
11,2,29,104-29,direct,1,1,2,0.287718,0.934656,-0.646938,0.222374,1.66188,1.79836,0.00723139,0.305808,59773,29640,0.05928,1,0
11,6,6,124-59-42-30-16-6,direct,1,1,0,0.162221,0.921715,-0.759494,0.0839366,1.76149,1.81632,0.0054333,0.450412,87552,43374,0.086748,1,0
11,6,16,42-38-37-29-24-16,direct,1,1,0,0.176577,0.926463,-0.749886,0.10304,1.75292,1.81812,0.00368225,0.330827,32426,15907,0.031814,1,0
11,1,125,125,direct,1,1,0,0.28624,0.935881,-0.649641,0.222122,1.66453,1.79563,0.001216,0.214701,64381,32000,0.064,1,0
11,5,4,59-30-16-6-4,direct,1,1,0,0.134105,0.897354,-0.76325,0.0314594,1.76353,1.86079,0.0557705,0.547857,35430,17474,0.034948,1,0
11,6,4,59-42-30-16-6-4,direct,1,1,0,0.0971462,0.903869,-0.806723,0.00101527,1.80672,1.86355,0.0399819,0.530882,39450,19442,0.038884,1,0
11,4,26,114-104-42-26,direct,1,1,0,0.258265,0.930179,-0.671914,0.188445,1.6825,1.79488,0.00269634,0.314015,93802,46500,0.093,1,0
11,3,18,54-26-18,direct,1,1,2,0.19749,0.922972,-0.725481,0.120462,1.72968,1.80267,0.00318499,0.29036,31826,15696,0.031392,1,0
11,1,126,126,direct,1,1,2,0.284052,0.936342,-0.65229,0.220394,1.66692,1.79741,0.00098941,0.213841,64894,32256,0.064512,1,0
11,6,16,54-42-38-37-24-16,direct,1,1,2,0.199996,0.921131,-0.721135,0.121127,1.72539,1.80251,0.00558045,0.428881,41394,20366,0.040732,1,0
11,2,24,88-24,direct,1,1,2,0.236263,0.92953,-0.693267,0.165793,1.70136,1.80237,0.00285751,0.334211,49736,24640,0.04928,1,0
11,1,81,81,direct,1,1,0,0.296859,0.935495,-0.638636,0.232355,1.65503,1.79249,0.00102647,0.242692,41809,20736,0.041472,1,0
11,5,4,59-42-30-16-4,direct,1,1,1,0.1338,0.909292,-0.775492,0.0430923,1.77602,1.81177,0.00862181,0.534696,39326,19386,0.038772,1,0
11,4,7,81-26-18-7,direct,1,1,0,0.192129,0.905064,-0.712935,0.0971933,1.71569,1.78519,0.0114681,0.6069,47385,23436,0.046872,1,0
11,1,1,1,direct,1,1,1,0.0566973,0.902513,-0.845816,-0.0407895,1.84627,1.87467,0.00419752,1.02227,769,256,0.000512,1,0
12,2,46,83-46,direct,1,1,0,0.265226,0.933851,-0.668625,0.199077,1.68046,1.80297,0.00418028,0.268624,50600,25066,0.050132,1,0
12,3,31,65-38-31,direct,1,1,1,0.225864,0.928909,-0.703045,0.154772,1.71006,1.80563,0.00347584,0.323645,41069,20288,0.040576,1,0
12,1,12,12,direct,1,1,1,0.21228,0.917174,-0.704894,0.129453,1.7098,1.79138,0.0067575,0.388607,6412,3072,0.006144,1,0
12,2,4,38-4,direct,1,1,2,0.167988,0.909755,-0.741768,0.0777431,1.7435,1.80286,0.0130548,0.503543,20096,9880,0.01976,1,0
12,2,38,70-38,direct,1,1,0,0.241089,0.93239,-0.691301,0.173479,1.70017,1.80642,0.00517134,0.271891,41594,20580,0.04116,1,0
12,2,54,119-54,direct,1,1,1,0.273111,0.936025,-0.662915,0.209136,1.67601,1.80157,0.00220868,0.233642,74328,36890,0.07378,1,0
12,2,7,34-7,direct,1,1,1,0.185563,0.921259,-0.735695,0.106822,1.73898,1.80536,0.00489446,0.488491,18215,8942,0.017884,1,0
12,3,4,69-38-4,direct,1,1,1,0.200287,0.911839,-0.711552,0.112126,1.71522,1.7991,0.0129075,0.412852,41350,20438,0.040876,1,0
12,2,38,46-38,direct,1,1,2,0.220879,0.926253,-0.705375,0.147132,1.71171,1.80199,0.00325315,0.282215,27434,13524,0.027048,1,0
12,2,46,112-46,direct,1,1,1,0.264014,0.931881,-0.667867,0.195895,1.67933,1.79528,0.000866306,0.246425,68174,33824,0.067648,1,0
12,4,4,85-65-31-4,direct,1,1,0,0.178239,0.912235,-0.733997,0.0904743,1.73636,1.79624,0.00524529,0.493808,59470,29424,0.058848,1,0
13,3,18,81-26-18,direct,1,1,1,0.217263,0.923325,-0.706061,0.140588,1.71184,1.797,0.00207714,0.419076,47108,23310,0.04662,1,0
13,2,4,99-4,direct,1,1,0,0.222417,0.925066,-0.702649,0.147483,1.70902,1.79978,0.00349556,0.464229,51938,25740,0.05148,1,0
13,2,26,38-26,direct,1,1,2,0.246176,0.926099,-0.679923,0.172275,1.68873,1.79331,0.004703,0.302317,21790,10716,0.021432,1,0
13,5,24,119-104-70-54-24,direct,1,1,1,0.269875,0.930759,-0.660884,0.200635,1.67296,1.79862,0.00651572,0.290874,111366,55196,0.110392,1,0
13,4,4,65-38-31-4,direct,1,1,2,0.116813,0.898214,-0.781402,0.0150269,1.78147,1.79832,0.010514,0.519739,41352,20412,0.040824,1,0
13,6,6,59-42-30-16-8-6,direct,1,1,1,0.154697,0.889484,-0.734788,0.0441807,1.73535,1.79685,0.0317941,0.411813,39568,19498,0.038996,1,0
13,2,7,56-7,direct,1,1,2,0.258915,0.926493,-0.667577,0.185408,1.67785,1.79405,0.00546314,0.390094,29831,14728,0.029456,1,0
13,1,73,73,direct,1,1,0,0.284397,0.936626,-0.652228,0.221023,1.66695,1.79815,0.00122873,0.250766,37705,18688,0.037376,1,0
13,3,38,63-53-38,direct,1,1,0,0.246303,0.930855,-0.684552,0.177158,1.69384,1.80234,0.00334984,0.318561,43488,21481,0.042962,1,0
13,2,34,66-34,direct,1,1,0,0.266168,0.932042,-0.665874,0.198209,1.67762,1.80026,0.00876039,0.257136,38702,19140,0.03828,1,0
13,5,31,126-116-82-38-31,direct,1,1,1,0.251993,0.928379,-0.676386,0.180373,1.68606,1.79877,0.00664949,0.265276,122367,60678,0.121356,1,0
13,1,63,63,direct,1,1,1,0.279001,0.935047,-0.656046,0.214048,1.66982,1.79734,0.00214865,0.264523,32575,16128,0.032256,1,0
13,1,37,37,direct,1,1,2,0.250912,0.932268,-0.681356,0.183179,1.69131,1.79979,0.00147724,0.30377,19237,9472,0.018944,1,0
13,5,7,26-18-17-9-7,direct,1,1,1,0.131196,0.914078,-0.782882,0.0452742,1.78346,1.82593,0.0201446,0.365988,15695,7646,0.015292,1,0
13,2,38,63-38,direct,1,1,2,0.252327,0.926657,-0.67433,0.178984,1.68387,1.79437,0.00414317,0.302071,37464,18522,0.037044,1,0
14,2,4,7-4,direct,1,1,1,0.0931637,0.912401,-0.819237,0.00556446,1.81925,1.82844,0.00499195,0.563063,3914,1820,0.00364,1,0
14,2,4,115-4,direct,1,1,1,0.199425,0.92619,-0.726766,0.125615,1.73133,1.81385,0.00635482,0.451139,60290,29900,0.0598,1,0
14,3,7,55-17-7,direct,1,1,1,0.215832,0.910299,-0.694467,0.12613,1.69915,1.78506,0.0152251,0.301755,30675,15134,0.030268,1,0
14,4,7,61-26-17-7,direct,1,1,0,0.161532,0.918292,-0.75676,0.0798237,1.75857,1.8138,0.00618898,0.420476,35997,17763,0.035526,1,0
14,2,4,96-4,direct,1,1,0,0.188146,0.918684,-0.730538,0.10683,1.73383,1.8009,0.00367273,0.440465,50372,24960,0.04992,1,0
14,2,4,49-4,direct,1,1,1,0.212598,0.913492,-0.700894,0.12609,1.70556,1.79772,0.0129806,0.475773,25838,12740,0.02548,1,0
14,1,117,117,direct,1,1,0,0.282668,0.935172,-0.652504,0.21784,1.6668,1.79722,0.00336134,0.218146,60277,29952,0.059904,1,0
14,3,4,38-31-4,direct,1,1,2,0.199843,0.927216,-0.727373,0.127058,1.73204,1.81606,0.00850985,0.600109,22458,11030,0.02206,1,0
14,2,8,116-8,direct,1,1,2,0.237329,0.926009,-0.688679,0.163338,1.69656,1.80142,0.00650826,0.377611,61744,30624,0.061248,1,0
14,4,38,126-69-65-38,direct,1,1,0,0.259119,0.92752,-0.668401,0.18664,1.67881,1.7967,0.00681226,0.245366,96624,47905,0.09581,1,0
14,4,4,68-8-7-4,direct,1,1,0,0.109577,0.905423,-0.795846,0.0150003,1.79591,1.83532,0.039669,0.452107,36498,18036,0.036072,1,0
14,1,33,33,direct,1,1,2,0.26629,0.934359,-0.668069,0.20065,1.68009,1.80232,0.00334552,0.317703,17185,8448,0.016896,1,0
14,1,100,100,direct,1,1,1,0.289985,0.933963,-0.643978,0.223948,1.65916,1.79491,0.00397511,0.229088,51556,25600,0.0512,1,0
15,2,12,62-12,direct,1,1,0,0.250702,0.929927,-0.679225,0.180629,1.68891,1.8002,0.00387684,0.331762,33624,16616,0.033232,1,0
15,1,20,20,direct,1,1,1,0.249022,0.930562,-0.68154,0.179584,1.6911,1.80554,0.00668641,0.350409,10516,5120,0.01024,1,0
15,3,3,128-4-3,direct,1,1,0,0.134177,0.911332,-0.777154,0.0455089,1.77774,1.84117,0.031704,0.424621,67107,33292,0.066584,1,0
15,2,4,118-4,direct,1,1,1,0.229494,0.923247,-0.693754,0.152741,1.70063,1.79858,0.00611389,0.461507,61856,30680,0.06136,1,0
15,2,4,97-4,direct,1,1,2,0.217714,0.922917,-0.705203,0.14063,1.71099,1.80081,0.00751849,0.467209,50894,25220,0.05044,1,0
15,3,3,7-4-3,direct,1,1,2,0.0704701,0.904938,-0.834468,-0.0245916,1.83463,1.87336,0.0180884,0.906066,3945,1832,0.003664,1,0
15,1,66,66,direct,1,1,0,0.27265,0.932812,-0.660163,0.205462,1.67283,1.7979,0.00360564,0.257307,34114,16896,0.033792,1,0
15,5,4,65-63-38-31-4,direct,1,1,0,0.179926,0.916303,-0.736377,0.0962288,1.73904,1.80699,0.00882042,0.719031,49516,24431,0.048862,1,0
15,1,18,18,direct,1,1,2,0.20785,0.927102,-0.719252,0.134952,1.72454,1.80514,0.0019092,0.358756,9490,4608,0.009216,1,0
15,1,7,7,direct,1,1,2,0.135054,0.913605,-0.778551,0.0486598,1.77922,1.81029,0.00181654,0.428965,3847,1792,0.003584,1,0
15,4,16,70-54-24-16,direct,1,1,0,0.206091,0.921462,-0.71537,0.127553,1.72011,1.80147,0.00473682,0.343263,47328,23380,0.04676,1,0
15,1,82,82,direct,1,1,1,0.285609,0.935343,-0.649735,0.220952,1.66447,1.79625,0.00175342,0.241749,42322,20992,0.041984,1,0
15,3,4,65-38-4,direct,1,1,0,0.205283,0.91379,-0.708506,0.119073,1.71265,1.7869,0.00347433,0.509876,38990,19262,0.038524,1,0
15,2,91,96-91,direct,1,1,1,0.276221,0.936242,-0.660021,0.212463,1.67356,1.79872,0.000853653,0.203919,67163,33312,0.066624,1,0
15,2,11,64-11,direct,1,1,0,0.245404,0.929425,-0.684021,0.174829,1.69307,1.80506,0.0067724,0.386057,34571,17088,0.034176,1,0
16,2,39,53-39,direct,1,1,0,0.2623,0.931353,-0.669053,0.193652,1.68025,1.8,0.00583468,0.276573,31671,15635,0.03127,1,0
16,1,56,56,direct,1,1,0,0.280505,0.934429,-0.653925,0.214934,1.66783,1.79763,0.00286531,0.270649,28984,14336,0.028672,1,0
16,1,112,112,direct,1,1,0,0.274072,0.935978,-0.661906,0.210049,1.67513,1.80088,0.00191501,0.220739,57712,28672,0.057344,1,0
16,2,4,51-4,direct,1,1,0,0.219934,0.920734,-0.7008,0.140668,1.70661,1.79558,0.00502783,0.502944,26882,13260,0.02652,1,0
16,2,36,81-36,direct,1,1,2,0.25673,0.93412,-0.67739,0.19085,1.68821,1.80307,0.00282979,0.269672,47758,23652,0.047304,1,0
16,2,18,96-18,direct,1,1,2,0.276726,0.931268,-0.654542,0.207994,1.66756,1.79306,0.00259864,0.368926,53074,26304,0.052608,1,0
16,3,30,83-38-30,direct,1,1,1,0.251607,0.926715,-0.675108,0.178322,1.68457,1.79567,0.00828042,0.332044,51612,25542,0.051084,1,0
16,1,122,122,direct,1,1,1,0.283786,0.937048,-0.653262,0.220834,1.66795,1.79818,0.000629546,0.215019,62842,31232,0.062464,1,0
16,1,60,60,direct,1,1,0,0.295655,0.934239,-0.638584,0.229895,1.65463,1.79282,0.00480212,0.265893,31036,15360,0.03072,1,0
16,4,7,60-55-17-7,direct,1,1,1,0.208651,0.922676,-0.714025,0.131326,1.71905,1.79733,0.000983883,0.491172,39955,19714,0.039428,1,0
16,2,63,78-63,direct,1,1,0,0.271344,0.932695,-0.661351,0.204039,1.67383,1.79633,0.00211444,0.226885,50239,24882,0.049764,1,0
16,2,1,7-1,direct,1,1,0,0.0505985,0.905026,-0.854428,-0.044375,1.85496,1.89272,0.00832223,0.984584,3869,1799,0.003598,1,0
16,1,71,71,direct,1,1,0,0.280612,0.933615,-0.653003,0.214227,1.66683,1.79411,0.00188396,0.253204,36679,18176,0.036352,1,0
16,2,117,122-117,direct,1,1,1,0.280823,0.936111,-0.655288,0.216934,1.66944,1.79982,0.0023359,0.184737,91629,45506,0.091012,1,0
16,1,83,83,direct,1,1,1,0.292173,0.93569,-0.643517,0.227864,1.65924,1.79618,0.00331646,0.242902,42835,21248,0.042496,1,0
17,2,38,97-38,direct,1,1,0,0.277732,0.936129,-0.658396,0.213861,1.67213,1.80124,0.00491662,0.268615,57524,28518,0.057036,1,0
17,2,31,81-31,direct,1,1,2,0.253429,0.932109,-0.678679,0.185538,1.6889,1.7987,0.00119671,0.2854,46943,23247,0.046494,1,0
17,4,3,54-24-4-3,direct,1,1,0,0.0737193,0.9097,-0.835981,-0.0165805,1.83606,1.86726,0.0212585,0.487403,30879,15228,0.030456,1,0
17,2,12,81-12,direct,1,1,2,0.254717,0.923446,-0.668728,0.178163,1.67821,1.78916,0.00878512,0.355376,43846,21708,0.043416,1,0
17,4,13,104-54-16-13,direct,1,1,0,0.199837,0.921256,-0.721419,0.121092,1.72567,1.80233,0.00584065,0.349804,67241,33312,0.066624,1,0
17,2,116,117-116,direct,1,1,1,0.282932,0.935572,-0.65264,0.218503,1.66702,1.79748,0.0017565,0.17952,87654,43524,0.087048,1,0
17,5,4,104-54-24-16-4,direct,1,1,0,0.16125,0.920536,-0.759286,0.0817853,1.76119,1.81521,0.00481392,0.52525,68624,33984,0.067968,1,0
17,2,1,35-1,direct,1,1,2,0.0487775,0.907407,-0.85863,-0.0438151,1.85915,1.89925,0.0106193,0.680396,18317,8995,0.01799,1,0
17,2,12,102-12,direct,1,1,1,0.225617,0.926753,-0.701135,0.15237,1.70795,1.80033,0.00379898,0.345872,55144,27336,0.054672,1,0
17,3,3,12-4-3,direct,1,1,1,0.0655235,0.90216,-0.836637,-0.032316,1.83692,1.87806,0.0284136,0.936708,6555,3132,0.006264,1,0
18,3,81,120-96-81,direct,1,1,0,0.268889,0.93413,-0.665241,0.203019,1.67757,1.79858,0.00279492,0.245056,100801,50016,0.100032,1,0
18,1,55,55,direct,1,1,2,0.277251,0.937261,-0.66001,0.214511,1.67381,1.80092,0.00112748,0.271312,28471,14080,0.02816,1,0
18,2,17,112-17,direct,1,1,2,0.262081,0.933131,-0.67105,0.195212,1.68241,1.80618,0.0068129,0.364111,61649,30576,0.061152,1,0
18,1,48,48,direct,1,1,0,0.274919,0.933135,-0.658216,0.208054,1.67122,1.79664,0.00411413,0.281126,24880,12288,0.024576,1,0
18,1,90,90,direct,1,1,0,0.287366,0.935366,-0.648,0.222732,1.66298,1.79748,0.00378735,0.236083,46426,23040,0.04608,1,0
18,2,4,74-4,direct,1,1,2,0.245837,0.916865,-0.671028,0.162702,1.67893,1.79251,0.0130502,0.454592,38888,19240,0.03848,1,0
18,2,4,17-4,direct,1,1,0,0.192395,0.920503,-0.728108,0.112898,1.73179,1.80933,0.0124509,0.459547,9134,4420,0.00884,1,0
18,2,1,110-1,direct,1,1,2,0.0494515,0.905688,-0.856236,-0.0448607,1.85678,1.88943,0.00750466,0.613379,57017,28270,0.05654,1,0
18,2,1,92-1,direct,1,1,1,0.0425124,0.906614,-0.864101,-0.0508738,1.8648,1.90017,0.00442882,0.712798,47729,23644,0.047288,1,0
18,1,53,53,direct,1,1,1,0.285862,0.935585,-0.649723,0.221446,1.66452,1.79807,0.00277917,0.273856,27445,13568,0.027136,1,0
18,1,80,80,direct,1,1,2,0.292046,0.936658,-0.644612,0.228704,1.66044,1.79662,0.00264821,0.245252,41296,20480,0.04096,1,0
19,2,25,118-25,direct,1,1,1,0.273534,0.933286,-0.659752,0.206819,1.67259,1.79706,0.00291894,0.304207,66833,33158,0.066316,1,0
19,3,18,55-38-18,direct,1,1,0,0.22432,0.926146,-0.701826,0.150467,1.70846,1.80662,0.0108114,0.387409,34168,16854,0.033708,1,0
19,2,12,35-12,direct,1,1,2,0.206495,0.917593,-0.711098,0.124087,1.71559,1.80611,0.0138455,0.368121,19098,9380,0.01876,1,0
19,2,56,98-56,direct,1,1,0,0.267422,0.935098,-0.667676,0.202519,1.67993,1.79989,0.00112815,0.236388,61660,30576,0.061152,1,0
19,2,103,127-103,direct,1,1,0,0.276806,0.935342,-0.658536,0.212148,1.67205,1.79751,0.000962197,0.196683,91799,45593,0.091186,1,0
19,2,4,79-4,direct,1,1,2,0.190425,0.916534,-0.72611,0.106959,1.72942,1.8011,0.0107152,0.472232,41498,20540,0.04108,1,0
19,2,1,128-1,direct,1,1,2,0.0488402,0.905159,-0.856319,-0.0460011,1.85689,1.89387,0.00729223,0.596881,66305,32896,0.065792,1,0
19,1,113,113,direct,1,1,1,0.288716,0.934327,-0.645611,0.223044,1.66066,1.79443,0.00228273,0.222149,58225,28928,0.057856,1,0
19,2,1,17-1,direct,1,1,2,0.0602216,0.905026,-0.844805,-0.034752,1.84513,1.89825,0.025326,0.747928,9029,4369,0.008738,1,0
19,2,38,51-38,direct,1,1,0,0.24684,0.92878,-0.68194,0.175621,1.69108,1.79875,0.0036691,0.269242,30384,14994,0.029988,1,0
19,2,4,122-4,direct,1,1,0,0.233876,0.924835,-0.690959,0.15871,1.69839,1.80203,0.010647,0.47678,63944,31720,0.06344,1,0
19,2,60,72-60,direct,1,1,0,0.260691,0.931138,-0.670447,0.191828,1.68143,1.79618,0.00256329,0.220253,45964,22752,0.045504,1,0
20,2,103,123-103,direct,1,1,1,0.277503,0.935595,-0.658092,0.213098,1.67173,1.79877,0.00180949,0.187126,88919,44157,0.088314,1,0
20,3,26,81-62-26,direct,1,1,2,0.250414,0.929726,-0.679312,0.18014,1.68895,1.80008,0.00397579,0.325439,55308,27370,0.05474,1,0
20,2,26,81-26,direct,1,1,1,0.261896,0.931247,-0.669352,0.193143,1.68049,1.79832,0.00335057,0.292178,46128,22842,0.045684,1,0
20,1,61,61,direct,1,1,2,0.272755,0.935445,-0.662691,0.2082,1.67568,1.79945,0.00208325,0.267124,31549,15616,0.031232,1,0
20,1,23,23,direct,1,1,2,0.245365,0.93086,-0.685495,0.176225,1.69468,1.80007,0.00274561,0.341081,12055,5888,0.011776,1,0
20,1,3,3,direct,1,1,2,0.113774,0.902425,-0.788651,0.0161994,1.78872,1.81699,0.0132767,0.590656,1795,768,0.001536,1,0
20,2,1,4-1,direct,1,1,0,0.0531626,0.900529,-0.847367,-0.0463083,1.84795,1.88788,0.00912247,1.34863,2321,1028,0.002056,1,0
20,2,1,41-1,direct,1,1,0,0.0493314,0.905159,-0.855827,-0.0455099,1.85639,1.89174,0.0079501,0.694231,21413,10537,0.021074,1,0
20,2,34,118-34,direct,1,1,1,0.281006,0.934458,-0.653451,0.215464,1.66743,1.79975,0.00478323,0.270721,68966,34220,0.06844,1,0
20,1,32,32,direct,1,1,0,0.273431,0.935251,-0.66182,0.208683,1.67487,1.79957,0.00303269,0.314263,16672,8192,0.016384,1,0
20,3,97,116-100-97,direct,1,1,0,0.275515,0.934127,-0.658612,0.209642,1.67181,1.79641,0.00233701,0.199537,102777,50996,0.101992,1,0
20,1,106,106,direct,1,1,1,0.301995,0.935649,-0.633654,0.237644,1.65085,1.79696,0.00514107,0.22483,54634,27136,0.054272,1,0
20,4,15,61-26-18-15,direct,1,1,1,0.229189,0.915194,-0.686005,0.144383,1.69218,1.79224,0.0123623,0.331319,36361,17940,0.03588,1,0
20,2,12,108-12,direct,1,1,0,0.288664,0.92942,-0.640756,0.218084,1.65519,1.79291,0.00706676,0.349366,58372,28944,0.057888,1,0
21,2,3,97-3,direct,1,1,1,0.257924,0.912654,-0.65473,0.170579,1.6635,1.79659,0.0235414,0.420652,50699,25123,0.050246,1,0
21,1,103,103,direct,1,1,1,0.288423,0.936918,-0.648495,0.22534,1.66382,1.79736,0.00114106,0.226333,53095,26368,0.052736,1,0
21,2,1,27-1,direct,1,1,2,0.0565809,0.907143,-0.850562,-0.0362763,1.85092,1.89631,0.0193583,0.659062,14189,6939,0.013878,1,0
21,2,3,107-3,direct,1,1,1,0.213227,0.920811,-0.707585,0.134038,1.71284,1.81298,0.0154482,0.395564,55899,27713,0.055426,1,0
21,2,90,116-90,direct,1,1,0,0.289816,0.93514,-0.645324,0.224955,1.66063,1.79688,0.00363334,0.202793,80850,40136,0.080272,1,0
21,2,18,38-18,direct,1,1,1,0.239048,0.927175,-0.688127,0.166223,1.69629,1.79708,0.00385313,0.319001,21174,10412,0.020824,1,0
21,2,12,69-12,direct,1,1,0,0.245164,0.923677,-0.678513,0.168842,1.68698,1.79852,0.00966435,0.379805,37390,18492,0.036984,1,0
21,2,1,109-1,direct,1,1,1,0.0434554,0.905423,-0.861968,-0.0511213,1.86267,1.90313,0.00849051,0.643344,56501,28013,0.056026,1,0
21,2,104,119-104,direct,1,1,0,0.287118,0.935946,-0.648828,0.223064,1.66385,1.79687,0.00286206,0.194965,86278,42840,0.08568,1,0
22,2,22,57-22,direct,1,1,2,0.254825,0.930267,-0.675442,0.185092,1.68563,1.79975,0.00407554,0.328433,32084,15846,0.031692,1,0
22,1,31,31,direct,1,1,1,0.261101,0.929792,-0.668691,0.190893,1.67957,1.79651,0.00605729,0.316676,16159,7936,0.015872,1,0
22,1,13,13,direct,1,1,0,0.217724,0.918254,-0.70053,0.135978,1.70596,1.79559,0.00754712,0.377075,6925,3328,0.006656,1,0
22,2,56,68-56,direct,1,1,2,0.240472,0.931857,-0.691385,0.172329,1.70014,1.80202,0.000808815,0.221229,42880,21216,0.042432,1,0
22,2,1,72-1,direct,1,1,2,0.0442269,0.907804,-0.863577,-0.0479689,1.86419,1.89963,0.00563392,0.592052,37409,18504,0.037008,1,0
22,2,2,128-2,direct,1,1,2,0.167992,0.911045,-0.743053,0.0790372,1.74484,1.83273,0.0470361,0.511851,66562,33024,0.066048,1,0
22,1,24,24,direct,1,1,1,0.260543,0.930274,-0.669731,0.190818,1.6806,1.79473,0.00194552,0.337313,12568,6144,0.012288,1,0
22,1,74,74,direct,1,1,2,0.291984,0.935553,-0.643569,0.227538,1.65924,1.79618,0.00334407,0.252335,38218,18944,0.037888,1,0
22,1,85,85,direct,1,1,0,0.279893,0.93456,-0.654666,0.214453,1.66851,1.79684,0.00348619,0.242322,43861,21760,0.04352,1,0
22,2,82,90-82,direct,1,1,1,0.276873,0.934153,-0.65728,0.211025,1.67066,1.79633,0.00221129,0.198873,61358,30420,0.06084,1,0
22,2,12,127-12,direct,1,1,2,0.224742,0.929619,-0.704877,0.154361,1.71185,1.80714,0.00359214,0.380733,68594,34036,0.068072,1,0
22,2,5,71-5,direct,1,1,1,0.218129,0.920635,-0.702506,0.138764,1.70815,1.80992,0.0165325,0.431569,37465,18531,0.037062,1,0
22,2,12,119-12,direct,1,1,0,0.230086,0.930886,-0.7008,0.160972,1.7084,1.80731,0.00413968,0.370638,64290,31892,0.063784,1,0
22,1,75,75,direct,1,1,2,0.282272,0.934422,-0.652149,0.216694,1.6663,1.7939,0.000706188,0.249732,38731,19200,0.0384,1,0
23,1,2,2,direct,1,1,2,0.0485165,0.904828,-0.856312,-0.0466555,1.8569,1.90222,0.0176728,0.717473,1282,512,0.001024,1,0
23,4,1,65-55-17-1,direct,1,1,2,0.0422125,0.906085,-0.863872,-0.0517029,1.86459,1.89756,0.00219287,0.468629,42865,21167,0.042334,1,0
23,2,19,100-19,direct,1,1,0,0.254743,0.931725,-0.676982,0.186468,1.68732,1.80602,0.00673041,0.313406,55475,27500,0.055,1,0
23,3,7,92-17-7,direct,1,1,0,0.178778,0.917876,-0.739098,0.0966537,1.74178,1.80961,0.00812932,0.541122,50951,25235,0.05047,1,0
23,2,35,60-35,direct,1,1,2,0.2571,0.929872,-0.672772,0.186971,1.68319,1.80387,0.00891676,0.295314,35331,17460,0.03492,1,0
23,1,68,68,direct,1,1,1,0.278339,0.93531,-0.656971,0.213648,1.67069,1.79687,0.0011262,0.258209,35140,17408,0.034816,1,0
23,1,5,5,direct,1,1,2,0.155433,0.913333,-0.7579,0.0687664,1.75924,1.80525,0.00450297,0.493845,2821,1280,0.00256,1,0
23,2,4,125-4,direct,1,1,1,0.239236,0.915377,-0.676141,0.154613,1.68326,1.79453,0.0216625,0.453145,65510,32500,0.065,1,0
23,2,4,85-4,direct,1,1,0,0.205344,0.921759,-0.716416,0.127103,1.72112,1.79871,0.00222057,0.443175,44630,22100,0.0442,1,0
23,1,65,65,direct,1,1,0,0.279868,0.9334,-0.653532,0.213269,1.66723,1.79567,0.0025279,0.261393,33601,16640,0.03328,1,0
23,3,3,81-18-3,direct,1,1,0,0.157406,0.913713,-0.756306,0.071119,1.75775,1.81383,0.0105908,0.575217,44953,22248,0.044496,1,0
23,2,4,58-4,direct,1,1,1,0.195662,0.921693,-0.726031,0.117355,1.73002,1.80813,0.0105573,0.41883,30536,15080,0.03016,1,0
23,4,17,87-65-55-17,direct,1,1,1,0.227422,0.929653,-0.702231,0.157075,1.70946,1.80541,0.00550253,0.384382,65561,32437,0.064874,1,0
23,2,4,90-4,direct,1,1,2,0.274676,0.919775,-0.6451,0.194451,1.65655,1.7837,0.013959,0.422906,47240,23400,0.0468,1,0
24,4,7,55-48-17-7,direct,1,1,2,0.17723,0.91901,-0.74178,0.0962399,1.74444,1.81178,0.0132377,0.345152,35813,17655,0.03531,1,0
24,2,31,68-31,direct,1,1,0,0.270606,0.928874,-0.658268,0.199481,1.67022,1.7953,0.00629685,0.279588,39455,19516,0.039032,1,0
24,2,123,128-123,direct,1,1,0,0.291824,0.938048,-0.646224,0.229872,1.6622,1.7986,0.00125268,0.185224,97659,48512,0.097024,1,0
24,2,4,89-4,direct,1,1,1,0.182365,0.922222,-0.739858,0.104587,1.743,1.80907,0.00340127,0.468142,46718,23140,0.04628,1,0
24,2,12,83-12,direct,1,1,0,0.233602,0.930049,-0.696447,0.16365,1.70432,1.80325,0.00231514,0.356644,44922,22244,0.044488,1,0
24,2,3,45-3,direct,1,1,0,0.192646,0.914638,-0.721993,0.107284,1.72533,1.79485,0.00478214,0.473196,23659,11655,0.02331,1,0
25,3,3,112-62-3,direct,1,1,2,0.213606,0.912831,-0.699225,0.126436,1.70392,1.80099,0.0166566,0.479167,72211,35802,0.071604,1,0
25,2,18,26-18,direct,1,1,2,0.23814,0.926029,-0.687889,0.164169,1.69585,1.8024,0.00838236,0.355168,14574,7124,0.014248,1,0
25,3,4,90-36-4,direct,1,1,0,0.147936,0.916865,-0.768929,0.0648015,1.77012,1.81623,0.0067054,0.410247,53360,26424,0.052848,1,0
25,3,3,71-18-3,direct,1,1,0,0.165529,0.907628,-0.742099,0.073157,1.74363,1.80218,0.0125677,1.13639,39453,19508,0.039016,1,0
25,3,7,87-55-7,direct,1,1,0,0.264312,0.927532,-0.66322,0.191844,1.67425,1.79854,0.00898088,0.431308,55431,27442,0.054884,1,0
25,2,4,112-4,direct,1,1,2,0.182551,0.913988,-0.731437,0.0965395,1.73413,1.80242,0.00925722,0.474784,58724,29120,0.05824,1,0
25,2,1,117-1,direct,1,1,1,0.0495987,0.906349,-0.856751,-0.0440521,1.85727,1.89853,0.0110674,0.388329,60629,30069,0.060138,1,0
25,1,9,9,direct,1,1,0,0.22116,0.916064,-0.694904,0.137225,1.70045,1.80329,0.0195451,0.390309,4873,2304,0.004608,1,0
25,2,24,81-24,direct,1,1,1,0.264892,0.929293,-0.664402,0.194185,1.67569,1.79637,0.00533816,0.298989,45802,22680,0.04536,1,0
25,2,12,44-12,direct,1,1,0,0.218135,0.921914,-0.703779,0.140048,1.70953,1.80115,0.00939498,0.367047,23940,11792,0.023584,1,0
25,3,18,51-26-18,direct,1,1,1,0.221961,0.925162,-0.703201,0.147123,1.70954,1.80543,0.00783863,0.384304,30128,14850,0.0297,1,0
25,1,34,34,direct,1,1,2,0.263199,0.931264,-0.668064,0.194463,1.67936,1.79693,0.00287877,0.312119,17698,8704,0.017408,1,0
26,3,7,17-11-7,direct,1,1,0,0.170977,0.913265,-0.742288,0.0842427,1.74432,1.81836,0.0284975,0.360099,9551,4616,0.009232,1,0
26,2,1,84-1,direct,1,1,2,0.0446623,0.906085,-0.861422,-0.049253,1.86207,1.89658,0.0043371,0.588063,43601,21588,0.043176,1,0
26,2,12,120-12,direct,1,1,1,0.257234,0.930357,-0.673123,0.187592,1.68361,1.79775,0.00461223,0.379512,64828,32160,0.06432,1,0
26,3,3,26-18-3,direct,1,1,0,0.21333,0.915388,-0.702058,0.128718,1.70692,1.80499,0.0167205,0.581406,14703,7178,0.014356,1,0
26,1,39,39,direct,1,1,2,0.274846,0.933808,-0.658962,0.208654,1.67203,1.7977,0.00278051,0.298552,20263,9984,0.019968,1,0
26,2,34,77-34,direct,1,1,1,0.260573,0.934637,-0.674063,0.19521,1.68541,1.80304,0.00415361,0.251913,45104,22330,0.04466,1,0
26,3,18,113-26-18,direct,1,1,2,0.241593,0.927822,-0.686229,0.169415,1.69472,1.79926,0.00374765,0.350128,65220,32334,0.064668,1,0
26,5,17,87-65-55-35-17,direct,1,1,0,0.208722,0.926976,-0.718254,0.135698,1.7236,1.80838,0.00588561,0.323589,68801,34022,0.068044,1,0
26,3,18,66-26-18,direct,1,1,1,0.19768,0.920907,-0.723227,0.118587,1.7273,1.80188,0.00697826,0.433912,38618,19080,0.03816,1,0
26,3,3,84-26-3,direct,1,1,1,0.167267,0.917328,-0.750061,0.0845951,1.7521,1.81397,0.0130842,0.469666,48011,23766,0.047532,1,0
26,3,1,72-22-1,direct,1,1,2,0.0453772,0.906085,-0.860707,-0.0485381,1.86134,1.8965,0.00488766,0.571556,40521,20038,0.040076,1,0
26,2,11,68-11,direct,1,1,1,0.263814,0.929461,-0.665647,0.193275,1.67682,1.80416,0.0102398,0.393488,36715,18156,0.036312,1,0
26,2,17,55-17,direct,1,1,2,0.233392,0.928447,-0.695055,0.161839,1.70276,1.80264,0.00362837,0.355507,30413,15015,0.03003,1,0
26,2,3,66-3,direct,1,1,0,0.218088,0.918651,-0.700563,0.136739,1.70605,1.81511,0.02092,0.477708,34579,17094,0.034188,1,0
26,1,49,49,direct,1,1,2,0.282274,0.935417,-0.653143,0.217692,1.66741,1.79734,0.00175925,0.283312,25393,12544,0.025088,1,0
26,4,7,55-31-17-7,direct,1,1,2,0.193799,0.917385,-0.723585,0.111184,1.72717,1.79963,0.00518436,0.417275,33331,16431,0.032862,1,0
27,2,7,17-7,direct,1,1,2,0.208384,0.920446,-0.712062,0.128829,1.7169,1.80083,0.00599054,0.419473,9239,4471,0.008942,1,0
27,3,7,30-17-7,direct,1,1,0,0.147878,0.909921,-0.762043,0.0577988,1.76299,1.80648,0.0073276,0.657169,16975,8309,0.016618,1,0
27,2,12,24-12,direct,1,1,2,0.177185,0.91616,-0.738975,0.0933446,1.74148,1.80317,0.00745835,0.293266,13180,6432,0.012864,1,0
27,3,17,79-55-17,direct,1,1,0,0.244667,0.930237,-0.68557,0.174903,1.69462,1.80592,0.00721549,0.39277,51549,25504,0.051008,1,0
27,2,32,38-32,direct,1,1,1,0.238724,0.928518,-0.689793,0.167242,1.69805,1.79876,0.0035048,0.30864,22252,10944,0.021888,1,0
27,2,11,30-11,direct,1,1,2,0.200159,0.917196,-0.717036,0.117355,1.72104,1.79707,0.00535339,0.465448,16347,8010,0.01602,1,0
27,4,1,38-26-18-1,direct,1,1,2,0.041995,0.90582,-0.863825,-0.0521849,1.86456,1.8971,0.00145047,0.751056,22825,11202,0.022404,1,0
27,2,17,54-17,direct,1,1,0,0.231591,0.928883,-0.697292,0.160474,1.70486,1.80065,0.00209194,0.341077,29865,14742,0.029484,1,0
27,5,1,24-22-12-7-1,direct,1,1,2,0.050468,0.905291,-0.854823,-0.044241,1.85535,1.89783,0.0119336,0.878554,14441,7027,0.014054,1,0
27,2,20,114-20,direct,1,1,0,0.255695,0.93002,-0.674325,0.185715,1.68459,1.79563,0.00266456,0.325929,63432,31464,0.062928,1,0
27,3,7,105-17-7,direct,1,1,0,0.158065,0.909373,-0.751308,0.0674378,1.75261,1.80876,0.012018,0.469172,58075,28784,0.057568,1,0
27,3,3,90-4-3,direct,1,1,0,0.138139,0.916093,-0.777954,0.0542327,1.77878,1.86708,0.0415935,0.353561,47271,23412,0.046824,1,0
28,2,33,121-33,direct,1,1,2,0.267193,0.93274,-0.665547,0.199933,1.6775,1.79623,0.00131759,0.290669,70469,34969,0.069938,1,0
28,3,7,22-12-7,direct,1,1,1,0.156167,0.913492,-0.757325,0.0696593,1.7587,1.80287,0.00283503,0.437469,12291,5980,0.01196,1,0
28,4,7,62-55-17-7,direct,1,1,2,0.206392,0.921769,-0.715377,0.12816,1.72016,1.80249,0.00514401,0.456157,41203,20336,0.040672,1,0
28,2,37,72-37,direct,1,1,0,0.271086,0.930302,-0.659216,0.201388,1.67139,1.79904,0.00895574,0.288934,42629,21096,0.042192,1,0
28,1,41,41,direct,1,1,1,0.280376,0.93192,-0.651544,0.212296,1.66513,1.79257,0.00417929,0.297329,21289,10496,0.020992,1,0
28,2,62,82-62,direct,1,1,0,0.284439,0.934283,-0.649844,0.218721,1.66428,1.79939,0.00519616,0.25159,52634,26076,0.052152,1,0
28,2,63,120-63,direct,1,1,0,0.284881,0.933606,-0.648726,0.218487,1.66314,1.79627,0.00367683,0.238153,77119,38280,0.07656,1,0
28,2,51,86-51,direct,1,1,0,0.308646,0.930187,-0.621541,0.238833,1.63904,1.79237,0.0103654,0.246776,53283,26402,0.052804,1,0
29,2,18,97-18,direct,1,1,2,0.252529,0.93315,-0.680621,0.185678,1.69085,1.80468,0.00362722,0.33698,53624,26578,0.053156,1,0
29,1,109,109,direct,1,1,2,0.287069,0.936916,-0.649847,0.223984,1.66498,1.79658,0.000493612,0.22481,56173,27904,0.055808,1,0
29,3,82,102-94-82,direct,1,1,1,0.27074,0.933985,-0.663245,0.204725,1.6758,1.79836,0.00196704,0.191955,87546,43408,0.086816,1,0
29,2,12,88-12,direct,1,1,1,0.279028,0.926466,-0.647438,0.205494,1.6602,1.79695,0.0122215,0.373523,47612,23584,0.047168,1,0
29,2,23,43-23,direct,1,1,2,0.228122,0.928911,-0.700789,0.157032,1.70802,1.80206,0.00274399,0.34544,24359,11997,0.023994,1,0
29,3,7,112-17-7,direct,1,1,1,0.146272,0.914777,-0.768505,0.0610495,1.76956,1.81293,0.00796724,0.335007,61911,30695,0.06139,1,0
29,2,12,79-12,direct,1,1,0,0.247876,0.928296,-0.68042,0.176172,1.68963,1.79904,0.00738884,0.391658,42770,21172,0.042344,1,0
29,2,107,114-107,direct,1,1,1,0.285801,0.935918,-0.650117,0.22172,1.66495,1.79758,0.00195597,0.17829,83355,41382,0.082764,1,0
29,1,47,47,direct,1,1,2,0.286636,0.933592,-0.646956,0.220228,1.66162,1.79402,0.00260391,0.288993,24367,12032,0.024064,1,0
29,4,17,116-87-65-17,direct,1,1,0,0.246694,0.928696,-0.682002,0.17539,1.69112,1.80304,0.00648981,0.37995,93905,46548,0.093096,1,0
29,3,7,78-17-7,direct,1,1,0,0.204791,0.921391,-0.716599,0.126182,1.72123,1.80105,0.00417758,0.397945,43279,21413,0.042826,1,0
29,4,7,110-55-17-7,direct,1,1,1,0.215144,0.924906,-0.709762,0.140049,1.71549,1.80582,0.00586463,0.430386,71155,35264,0.070528,1,0
29,2,81,122-81,direct,1,1,1,0.277711,0.936157,-0.658446,0.213868,1.67218,1.80072,0.00231644,0.206697,82809,41114,0.082228,1,0
29,2,3,100-3,direct,1,1,0,0.180581,0.908951,-0.72837,0.0895311,1.73069,1.80036,0.0124067,0.45549,52259,25900,0.0518,1,0
29,2,12,73-12,direct,1,1,2,0.240631,0.924923,-0.684292,0.165554,1.69241,1.79853,0.0107618,0.367584,39542,19564,0.039128,1,0
30,2,3,8-3,direct,1,1,0,0.21059,0.918563,-0.707973,0.129152,1.71285,1.8213,0.0317737,0.550537,4419,2072,0.004144,1,0
30,1,43,43,direct,1,1,0,0.279477,0.933598,-0.654121,0.213075,1.66779,1.79721,0.00336342,0.29342,22315,11008,0.022016,1,0
30,2,1,104-1,direct,1,1,2,0.0472097,0.90582,-0.85861,-0.0469702,1.8592,1.89192,0.00516812,0.589232,53921,26728,0.053456,1,0
30,4,3,48-29-26-3,direct,1,1,2,0.204146,0.91142,-0.707274,0.115566,1.71118,1.79868,0.0149371,0.593244,29489,14512,0.029024,1,0
30,5,1,124-65-55-17-1,direct,1,1,2,0.050826,0.906481,-0.855655,-0.0426925,1.85615,1.88616,0.00458459,0.377871,89441,44331,0.088662,1,0
31,3,7,109-17-7,direct,1,1,2,0.213447,0.916856,-0.703408,0.130303,1.70838,1.79684,0.00969576,0.422274,60267,29876,0.059752,1,0
31,3,4,90-79-4,direct,1,1,1,0.241809,0.921098,-0.679288,0.162907,1.68717,1.78513,0.00283242,0.427031,61530,30466,0.060932,1,0
31,5,4,87-65-55-17-4,direct,1,1,2,0.152714,0.917295,-0.764581,0.0700093,1.76597,1.81323,0.00765609,0.757617,65718,32505,0.06501,1,0
31,3,26,39-38-26,direct,1,1,2,0.205577,0.924959,-0.719382,0.130537,1.72433,1.80722,0.00494797,0.350407,25344,12454,0.024908,1,0
31,2,5,63-5,direct,1,1,1,0.219807,0.920132,-0.700325,0.139939,1.70607,1.79989,0.0147243,0.403565,33273,16443,0.032886,1,0
31,2,101,108-101,direct,1,1,2,0.282518,0.936419,-0.653901,0.218937,1.66833,1.79823,0.00145265,0.191353,77685,38556,0.077112,1,0
31,4,7,112-96-17-7,direct,1,1,0,0.227175,0.918802,-0.691627,0.145977,1.69791,1.80073,0.0132652,0.415288,83063,41175,0.08235,1,0
31,2,108,118-108,direct,1,1,0,0.29664,0.934987,-0.638347,0.231626,1.65464,1.79555,0.00380207,0.180096,86504,42952,0.085904,1,0
31,2,3,98-3,direct,1,1,1,0.211679,0.923898,-0.712218,0.135577,1.71758,1.79824,0.000903806,0.45331,51219,25382,0.050764,1,0
31,4,3,125-26-18-3,direct,1,1,0,0.230125,0.917945,-0.68782,0.148071,1.6943,1.79905,0.0188508,0.52148,72141,35772,0.071544,1,0
31,3,18,81-44-18,direct,1,1,2,0.208565,0.927638,-0.719073,0.136204,1.72446,1.8055,0.000929451,0.300211,50708,25092,0.050184,1,0
31,2,1,108-1,direct,1,1,2,0.0486953,0.90582,-0.857125,-0.0454846,1.85768,1.88957,0.00404986,0.595822,55985,27756,0.055512,1,0
31,3,26,94-38-26,direct,1,1,0,0.252395,0.930266,-0.67787,0.182661,1.68778,1.79662,0.00196865,0.317736,57794,28624,0.057248,1,0
31,3,26,60-38-26,direct,1,1,0,0.237588,0.925163,-0.687575,0.162751,1.6954,1.79399,0.00238125,0.295204,37734,18628,0.037256,1,0
31,2,109,117-109,direct,1,1,1,0.287505,0.935327,-0.647823,0.222832,1.66282,1.79821,0.00377266,0.199809,86009,42705,0.08541,1,0
31,4,3,55-26-18-3,direct,1,1,0,0.118197,0.917063,-0.798866,0.0352607,1.79921,1.83938,0.0205099,0.661471,32521,16032,0.032064,1,0
32,3,26,55-39-26,direct,1,1,2,0.214255,0.923748,-0.709493,0.138004,1.71505,1.80647,0.0125407,0.318594,34948,17239,0.034478,1,0
32,6,3,92-65-55-17-4-3,direct,1,1,0,0.124923,0.901367,-0.776444,0.0262898,1.77664,1.85931,0.047714,0.445019,68969,34122,0.068244,1,0
32,4,16,38-26-18-16,direct,1,1,2,0.206995,0.924058,-0.717062,0.131053,1.72206,1.80553,0.00477136,0.467838,23380,11472,0.022944,1,0
32,2,5,84-5,direct,1,1,2,0.218672,0.92627,-0.707597,0.144942,1.71374,1.80959,0.0077932,0.486438,44277,21924,0.043848,1,0
32,4,7,84-36-17-7,direct,1,1,1,0.26889,0.922222,-0.653332,0.191112,1.66434,1.79293,0.0134728,0.343815,51055,25259,0.050518,1,0
32,2,1,83-1,direct,1,1,2,0.0437709,0.905159,-0.861388,-0.0510704,1.86209,1.89649,0.00318311,0.634708,43085,21331,0.042662,1,0
32,5,17,116-87-65-55-17,direct,1,1,2,0.274188,0.925498,-0.65131,0.199686,1.66334,1.79597,0.0135477,0.395622,100825,49953,0.099906,1,0
32,4,7,55-44-17-7,direct,1,1,0,0.185962,0.912453,-0.726491,0.0984145,1.72929,1.7976,0.0109174,0.501708,35229,17367,0.034734,1,0
32,3,18,43-26-18,direct,1,1,1,0.211072,0.917144,-0.706073,0.128216,1.71088,1.79398,0.00610213,0.458974,25600,12594,0.025188,1,0
33,3,18,55-26-18,direct,1,1,2,0.209959,0.926426,-0.716467,0.136384,1.72188,1.80634,0.00496005,0.352849,32392,15978,0.031956,1,0
33,3,17,55-18-17,direct,1,1,2,0.239395,0.923374,-0.683979,0.162768,1.69183,1.80482,0.0154289,0.34815,31171,15376,0.030752,1,0
33,1,84,84,direct,1,1,0,0.279673,0.93513,-0.655457,0.214803,1.66933,1.79697,0.00230411,0.238456,43348,21504,0.043008,1,0
33,3,7,112-96-7,direct,1,1,0,0.183021,0.920956,-0.737935,0.103978,1.74104,1.80948,0.0055786,0.506039,80871,40096,0.080192,1,0
33,3,17,89-38-17,direct,1,1,1,0.232242,0.931124,-0.698882,0.163365,1.70672,1.81123,0.00887532,0.347015,54151,26812,0.053624,1,0
33,3,1,26-18-1,direct,1,1,2,0.0488307,0.904894,-0.856064,-0.0462752,1.85664,1.89231,0.00637465,0.796472,14629,7142,0.014284,1,0
33,3,17,84-36-17,direct,1,1,1,0.237474,0.928859,-0.691385,0.166333,1.69954,1.80229,0.00606325,0.282918,50793,25140,0.05028,1,0
33,2,3,26-3,direct,1,1,1,0.165683,0.919885,-0.754202,0.0855684,1.75629,1.82063,0.0189097,0.455679,13779,6734,0.013468,1,0
33,3,7,55-38-7,direct,1,1,2,0.19915,0.920503,-0.721353,0.119652,1.72551,1.79908,0.0045328,0.435911,33321,16436,0.032872,1,0
33,3,5,70-62-5,direct,1,1,1,0.232803,0.919762,-0.686959,0.152564,1.69384,1.79406,0.00818382,0.483364,45665,22570,0.04514,1,0
33,3,12,26-16-12,direct,1,1,2,0.136789,0.909987,-0.773198,0.0467754,1.77381,1.81156,0.00796578,0.369419,14880,7264,0.014528,1,0
34,2,7,57-7,direct,1,1,0,0.244017,0.920427,-0.67641,0.164444,1.68446,1.79885,0.0130264,0.447866,30359,14991,0.029982,1,0
34,3,7,86-55-7,direct,1,1,0,0.257045,0.916553,-0.659509,0.173598,1.66856,1.78688,0.0117694,0.55886,54807,27131,0.054262,1,0
34,2,116,126-116,direct,1,1,0,0.282468,0.935369,-0.652901,0.217836,1.66719,1.797,0.00266989,0.190077,94368,46872,0.093744,1,0
34,4,16,74-55-43-16,direct,1,1,1,0.238636,0.923661,-0.685025,0.162297,1.69282,1.80428,0.0142777,0.296664,52750,26067,0.052134,1,0
35,3,12,26-18-12,direct,1,1,2,0.144578,0.912743,-0.768165,0.0573205,1.76909,1.80483,0.00187976,0.389286,15036,7340,0.01468,1,0
35,1,118,118,direct,1,1,1,0.287311,0.936211,-0.6489,0.223522,1.66398,1.79736,0.00322985,0.218654,60790,30208,0.060416,1,0
35,3,1,108-3-1,direct,1,1,2,0.0505694,0.904894,-0.854325,-0.0445365,1.85486,1.88662,0.00541677,0.597009,56429,27975,0.05595,1,0
35,1,108,108,direct,1,1,1,0.287271,0.936225,-0.648954,0.223496,1.66403,1.79681,0.00131888,0.223851,55660,27648,0.055296,1,0
35,1,29,29,direct,1,1,2,0.25171,0.933872,-0.682161,0.185582,1.69237,1.80387,0.00199411,0.319239,15133,7424,0.014848,1,0
35,4,7,86-55-26-7,direct,1,1,0,0.180749,0.921221,-0.740472,0.10197,1.74346,1.80607,0.00214897,0.502224,57313,28358,0.056716,1,0
35,2,4,27-4,direct,1,1,0,0.186955,0.913823,-0.726867,0.100778,1.72981,1.82077,0.0350968,0.528764,14354,7020,0.01404,1,0
35,2,17,111-17,direct,1,1,0,0.276009,0.932034,-0.656025,0.208043,1.66904,1.79581,0.00354447,0.35022,61101,30303,0.060606,1,0
35,3,1,108-40-1,direct,1,1,2,0.039357,0.906085,-0.866728,-0.0545584,1.86752,1.90087,0.00136786,0.570336,64569,32008,0.064016,1,0
36,2,27,109-27,direct,1,1,1,0.26267,0.932643,-0.669972,0.195313,1.68136,1.79804,0.00167732,0.323714,62195,30847,0.061694,1,0
36,4,7,74-55-17-7,direct,1,1,1,0.18875,0.918122,-0.729372,0.106871,1.73267,1.79751,0.00158498,0.344058,48691,24068,0.048136,1,0
36,2,8,20-8,direct,1,1,0,0.209525,0.914021,-0.704496,0.123546,1.70897,1.8004,0.0140115,0.420548,10864,5280,0.01056,1,0
36,2,9,79-9,direct,1,1,1,0.238232,0.927102,-0.688869,0.165334,1.69694,1.79738,0.00325184,0.384412,42293,20935,0.04187,1,0
36,1,52,52,direct,1,1,0,0.290097,0.931904,-0.641807,0.222,1.65675,1.79314,0.00459812,0.276116,26932,13312,0.026624,1,0
36,2,43,127-43,direct,1,1,0,0.273687,0.933622,-0.659936,0.207309,1.67283,1.7968,0.00224111,0.258099,76499,37973,0.075946,1,0
36,2,12,86-12,direct,1,1,1,0.246434,0.930291,-0.683857,0.176725,1.69311,1.79862,0.00183429,0.368154,46536,23048,0.046096,1,0
36,3,7,90-86-7,direct,1,1,0,0.23475,0.927816,-0.693066,0.162565,1.70085,1.80501,0.00994574,0.451422,63379,31382,0.062764,1,0
36,2,5,119-5,direct,1,1,1,0.220395,0.917275,-0.69688,0.13767,1.70246,1.79993,0.0124275,0.435461,62617,31059,0.062118,1,0
36,6,1,120-43-17-12-7-1,direct,1,1,2,0.0418077,0.905026,-0.863219,-0.0531659,1.86398,1.9007,0.00455312,1.36063,74467,36906,0.073812,1,0
36,2,7,9-7,direct,1,1,2,0.16067,0.908409,-0.747739,0.0690785,1.7491,1.80572,0.0115385,0.576525,5015,2367,0.004734,1,0
37,3,7,42-17-7,direct,1,1,2,0.211439,0.919728,-0.708289,0.131167,1.71332,1.7958,0.00651866,0.495452,23551,11585,0.02317,1,0
37,2,5,62-5,direct,1,1,2,0.236109,0.920053,-0.683944,0.156162,1.69117,1.79405,0.00956472,0.411216,32749,16182,0.032364,1,0
37,3,4,103-90-4,direct,1,1,2,0.265525,0.926918,-0.661393,0.192443,1.6725,1.79291,0.00661924,0.4756,72642,35998,0.071996,1,0
37,2,12,52-12,direct,1,1,2,0.224504,0.921847,-0.697344,0.146351,1.70364,1.79623,0.00506906,0.433666,28244,13936,0.027872,1,0
37,2,4,120-4,direct,1,1,0,0.187129,0.916071,-0.728942,0.103201,1.73202,1.80224,0.00693501,0.48047,62900,31200,0.0624,1,0
37,3,9,53-18-9,direct,1,1,2,0.240724,0.92134,-0.680617,0.162064,1.68841,1.79378,0.0109159,0.446508,29775,14684,0.029368,1,0
37,4,18,95-38-26-18,direct,1,1,0,0.215711,0.922979,-0.707269,0.13869,1.71289,1.80136,0.00559239,0.376356,59364,29386,0.058772,1,0
37,1,22,22,direct,1,1,0,0.258674,0.930904,-0.67223,0.189579,1.68294,1.79818,0.00388217,0.334057,11542,5632,0.011264,1,0
37,3,7,52-12-7,direct,1,1,1,0.166363,0.919067,-0.752704,0.0854292,1.75478,1.80723,0.00245171,0.360287,28431,14020,0.02804,1,0
37,1,17,17,direct,1,1,0,0.191279,0.922744,-0.731465,0.114022,1.73521,1.80814,0.00504284,0.357343,8977,4352,0.008704,1,0
37,4,1,92-38-4-1,direct,1,1,2,0.0455547,0.905952,-0.860398,-0.0484929,1.86103,1.89629,0.0055423,0.654151,54933,27204,0.054408,1,0
37,4,1,96-17-7-1,direct,1,1,2,0.0473468,0.905556,-0.858209,-0.0470976,1.85881,1.89111,0.00333236,0.664846,53165,26334,0.052668,1,0
37,4,7,120-17-12-7,direct,1,1,1,0.162373,0.909599,-0.747226,0.0719727,1.74871,1.80044,0.010171,0.462527,66657,33048,0.066096,1,0
37,3,33,113-52-33,direct,1,1,0,0.247253,0.931473,-0.684221,0.178726,1.69368,1.8016,0.00286502,0.283676,73659,36520,0.07304,1,0
37,2,84,85-84,direct,1,1,1,0.278407,0.933374,-0.654967,0.211781,1.66846,1.79542,0.00236242,0.21758,58310,28900,0.0578,1,0
37,2,62,85-62,direct,1,1,2,0.261245,0.932371,-0.671127,0.193616,1.68231,1.79879,0.00323097,0.231264,54548,27030,0.05406,1,0
38,2,3,31-3,direct,1,1,0,0.216818,0.919885,-0.703067,0.136703,1.70854,1.80329,0.0140677,0.541055,16379,8029,0.016058,1,0
38,1,99,99,direct,1,1,0,0.293504,0.936829,-0.643325,0.230332,1.65939,1.79699,0.00247043,0.229562,51043,25344,0.050688,1,0
38,3,9,28-22-9,direct,1,1,2,0.203596,0.924103,-0.720508,0.127699,1.72524,1.80383,0.00297817,0.564107,16329,7982,0.015964,1,0
38,3,17,60-55-17,direct,1,1,2,0.234667,0.930781,-0.696114,0.165448,1.70416,1.80711,0.00448033,0.374556,39693,19595,0.03919,1,0
38,3,7,96-17-7,direct,1,1,2,0.194896,0.916931,-0.722035,0.111828,1.72566,1.79648,0.00415175,0.41875,53143,26327,0.052654,1,0
38,2,22,60-22,direct,1,1,2,0.255716,0.935137,-0.679421,0.190853,1.69023,1.8045,0.00180741,0.317137,33758,16680,0.03336,1,0
38,2,12,99-12,direct,1,1,0,0.264828,0.928406,-0.663578,0.193234,1.67476,1.79722,0.00696036,0.345411,53530,26532,0.053064,1,0
38,2,13,117-13,direct,1,1,0,0.259211,0.929528,-0.670317,0.188739,1.68095,1.80263,0.00931481,0.348433,63449,31473,0.062946,1,0
38,2,4,5-4,direct,1,1,0,0.1557,0.916369,-0.760669,0.0720695,1.76214,1.87144,0.048043,0.438464,2870,1300,0.0026,1,0
38,4,17,86-55-29-17,direct,1,1,1,0.213774,0.921833,-0.70806,0.135607,1.71343,1.79894,0.00429226,0.353575,58281,28834,0.057668,1,0
38,2,40,95-40,direct,1,1,0,0.256962,0.931716,-0.674754,0.188679,1.68535,1.7994,0.00357741,0.258566,56726,28120,0.05624,1,0
38,2,7,93-7,direct,1,1,2,0.239096,0.927079,-0.687983,0.166174,1.69614,1.80705,0.00974455,0.418953,49367,24459,0.048918,1,0
38,4,1,38-18-3-1,direct,1,1,2,0.0489444,0.906878,-0.857934,-0.0441773,1.85846,1.89526,0.00880438,0.78279,21313,10469,0.020938,1,0
38,2,52,113-52,direct,1,1,2,0.279841,0.933534,-0.653693,0.213376,1.6674,1.79621,0.00371917,0.235411,70142,34804,0.069608,1,0
38,5,1,43-17-12-7-1,direct,1,1,2,0.0469562,0.905556,-0.858599,-0.0474882,1.85921,1.90064,0.0101428,1.08371,24483,12034,0.024068,1,0
39,2,12,77-12,direct,1,1,0,0.255563,0.931878,-0.676316,0.187441,1.68676,1.80238,0.00735942,0.366225,41694,20636,0.041272,1,0
39,3,22,86-60-22,direct,1,1,2,0.240393,0.930525,-0.690133,0.170918,1.69875,1.79917,0.000207672,0.343326,57562,28496,0.056992,1,0
39,2,12,26-12,direct,1,1,1,0.198231,0.919753,-0.721522,0.117984,1.72556,1.79915,0.0046756,0.494708,14256,6968,0.013936,1,0
39,2,12,45-12,direct,1,1,1,0.213432,0.92198,-0.708548,0.135412,1.71391,1.80234,0.00699555,0.391006,24478,12060,0.02412,1,0
39,3,7,17-12-7,direct,1,1,1,0.221234,0.908428,-0.687193,0.129662,1.69217,1.79834,0.0230192,0.363737,9601,4640,0.00928,1,0
39,2,3,34-3,direct,1,1,0,0.161808,0.913933,-0.752125,0.0757409,1.75376,1.82092,0.0167125,0.706179,17939,8806,0.017612,1,0
39,2,109,114-109,direct,1,1,0,0.275908,0.935412,-0.659504,0.21132,1.6729,1.79949,0.00314032,0.193901,83813,41610,0.08322,1,0
39,2,9,98-9,direct,1,1,1,0.240756,0.92741,-0.686655,0.168166,1.69502,1.80004,0.00659126,0.385643,52401,25970,0.05194,1,0
39,5,1,38-26-18-3-1,direct,1,1,2,0.0450755,0.905952,-0.860877,-0.0489722,1.86152,1.89186,0.00139129,1.23983,22909,11241,0.022482,1,0
39,3,2,18-3-2,direct,1,1,0,0.0830142,0.908201,-0.825187,-0.00878474,1.82521,1.86361,0.0235752,0.731211,9636,4668,0.009336,1,0
39,3,1,40-4-1,direct,1,1,2,0.0498478,0.905026,-0.855179,-0.0451258,1.85573,1.89386,0.0109379,1.14612,21153,10404,0.020808,1,0
39,6,1,65-38-26-17-3-1,direct,1,1,2,0.0430414,0.906614,-0.863572,-0.0503449,1.86425,1.8968,0.00224513,0.721371,41743,20594,0.041188,1,0
39,5,1,55-26-18-3-1,direct,1,1,2,0.0460269,0.906349,-0.860322,-0.0476238,1.86093,1.89368,0.00346177,0.54946,32531,16035,0.03207,1,0
39,2,12,63-12,direct,1,1,1,0.230502,0.930666,-0.700164,0.161168,1.70779,1.80589,0.00338238,0.345807,34162,16884,0.033768,1,0
40,1,64,64,direct,1,1,2,0.271175,0.934228,-0.663053,0.205404,1.67569,1.79773,0.00200454,0.263359,33088,16384,0.032768,1,0
40,2,1,55-1,direct,1,1,1,0.043253,0.905423,-0.86217,-0.0513237,1.86288,1.89919,0.00795684,0.863218,28637,14135,0.02827,1,0
40,2,3,17-3,direct,1,1,0,0.132026,0.904277,-0.772251,0.0363029,1.77262,1.80571,0.0131165,0.834292,9099,4403,0.008806,1,0
40,4,18,55-31-20-18,direct,1,1,1,0.151891,0.91527,-0.763379,0.0671616,1.76466,1.8062,0.00252699,0.31843,34016,16765,0.03353,1,0
40,2,64,114-64,direct,1,1,0,0.26405,0.93428,-0.67023,0.19833,1.68196,1.80005,0.00168602,0.235091,73508,36480,0.07296,1,0
40,3,17,90-60-17,direct,1,1,1,0.255301,0.931404,-0.676103,0.186705,1.68647,1.79976,0.00371905,0.338284,59493,29460,0.05892,1,0
40,4,7,96-57-17-7,direct,1,1,2,0.21895,0.923847,-0.704897,0.142798,1.71087,1.80012,0.003964,0.384131,62875,31136,0.062272,1,0
40,2,3,30-3,direct,1,1,1,0.18332,0.924339,-0.741019,0.107658,1.74434,1.81511,0.00689144,0.472183,15859,7770,0.01554,1,0
40,5,1,38-32-17-3-1,direct,1,1,1,0.049019,0.905556,-0.856537,-0.0454254,1.85709,1.89041,0.00547606,0.987688,23521,11542,0.023084,1,0
41,1,123,123,direct,1,1,0,0.285787,0.936142,-0.650356,0.221929,1.66521,1.79922,0.00285089,0.214631,63355,31488,0.062976,1,0
41,3,17,55-26-17,direct,1,1,1,0.227871,0.921911,-0.69404,0.149782,1.70065,1.79304,0.00458813,0.359821,32339,15952,0.031904,1,0
41,1,10,10,direct,1,1,0,0.180645,0.922937,-0.742292,0.103581,1.74537,1.81486,0.00908075,0.400218,5386,2560,0.00512,1,0
41,2,9,12-9,direct,1,1,1,0.187178,0.917225,-0.730047,0.104403,1.73319,1.8081,0.0101308,0.308535,6649,3180,0.00636,1,0
41,2,12,18-12,direct,1,1,0,0.181246,0.914738,-0.733492,0.0959833,1.73615,1.79994,0.00708548,0.323972,9952,4824,0.009648,1,0
41,3,6,73-64-6,direct,1,1,0,0.205863,0.928946,-0.723083,0.13481,1.72835,1.81581,0.0076588,0.456331,48024,23744,0.047488,1,0
41,4,2,94-18-3-2,direct,1,1,1,0.153183,0.905357,-0.752174,0.0585398,1.75315,1.82472,0.0366074,1.13976,52120,25816,0.051632,1,0
41,3,18,38-23-18,direct,1,1,1,0.224645,0.925228,-0.700583,0.149873,1.70717,1.8052,0.00817949,0.318777,22428,11016,0.022032,1,0
41,5,1,115-55-31-3-1,direct,1,1,2,0.0511949,0.906614,-0.855419,-0.0421913,1.8559,1.88989,0.00733047,0.500805,75797,37566,0.075132,1,0
41,2,12,101-12,direct,1,1,0,0.273933,0.924868,-0.650935,0.1988,1.66286,1.78854,0.00885181,0.342788,54606,27068,0.054136,1,0
41,3,28,86-60-28,direct,1,1,2,0.264552,0.931004,-0.666452,0.195556,1.67789,1.79391,0.00104393,0.326431,58288,28856,0.057712,1,0
41,2,12,31-12,direct,1,1,0,0.239803,0.924284,-0.68448,0.164087,1.69245,1.80276,0.0125775,0.317537,16946,8308,0.016616,1,0
41,6,1,55-48-31-17-3-1,direct,1,1,2,0.0481571,0.90582,-0.857663,-0.0460228,1.85823,1.89359,0.00676479,0.744894,38143,18789,0.037578,1,0
41,2,11,57-11,direct,1,1,1,0.230302,0.923966,-0.693664,0.154268,1.70068,1.80266,0.0100199,0.38501,30819,15219,0.030438,1,0
41,1,58,58,direct,1,1,2,0.285829,0.935347,-0.649518,0.221176,1.66428,1.79447,0.00045281,0.266242,30010,14848,0.029696,1,0
42,2,12,17-12,direct,1,1,0,0.20038,0.918397,-0.718018,0.118777,1.72212,1.80945,0.0132459,0.365831,9414,4556,0.009112,1,0
42,4,12,29-26-18-12,direct,1,1,2,0.17268,0.9153,-0.74262,0.0879794,1.74484,1.80352,0.00594031,0.467994,18138,8862,0.017724,1,0
42,2,3,5-3,direct,1,1,1,0.0844404,0.902778,-0.818337,-0.0127818,1.81838,1.86363,0.0323286,0.999296,2859,1295,0.00259,1,0
42,2,63,90-63,direct,1,1,0,0.286545,0.933577,-0.647032,0.220122,1.66168,1.79675,0.00531613,0.226987,57919,28710,0.05742,1,0
42,2,5,30-5,direct,1,1,1,0.178819,0.916746,-0.737927,0.0955646,1.74055,1.80792,0.00962008,0.582185,15981,7830,0.01566,1,0
42,2,1,54-1,direct,1,1,2,0.0469199,0.906878,-0.859958,-0.0462018,1.86053,1.89825,0.00996372,0.603776,28121,13878,0.027756,1,0
42,2,5,6-5,direct,1,1,2,0.138363,0.913413,-0.77505,0.0517755,1.7758,1.81953,0.0149764,0.901487,3405,1566,0.003132,1,0
42,3,1,55-7-1,direct,1,1,2,0.0536892,0.906349,-0.85266,-0.0399616,1.85309,1.89148,0.0106706,0.739025,29325,14472,0.028944,1,0
43,2,17,96-17,direct,1,1,2,0.251385,0.932617,-0.681233,0.184002,1.69127,1.80312,0.00436596,0.342489,52881,26208,0.052416,1,0
43,2,12,107-12,direct,1,1,0,0.248768,0.929123,-0.680354,0.177891,1.68974,1.7973,0.00240907,0.348779,57834,28676,0.057352,1,0
43,5,1,64-17-12-7-1,direct,1,1,2,0.0441393,0.90582,-0.861681,-0.0500406,1.86235,1.89594,0.00343949,1.26701,35991,17767,0.035534,1,0
43,3,5,12-9-5,direct,1,1,1,0.10177,0.911561,-0.809791,0.0133311,1.80984,1.81981,0.00255839,0.776734,6753,3225,0.00645,1,0
43,4,7,55-17-9-7,direct,1,1,1,0.121854,0.913568,-0.791713,0.035422,1.79206,1.86308,0.0360786,0.39948,30887,15231,0.030462,1,0
43,3,7,90-35-7,direct,1,1,2,0.261904,0.924584,-0.66268,0.186489,1.67311,1.79904,0.0118334,0.354176,53383,26435,0.05287,1,0
43,2,8,38-8,direct,1,1,0,0.181426,0.915509,-0.734083,0.0969355,1.73679,1.7982,0.00364211,0.535095,20404,10032,0.020064,1,0
43,1,8,8,direct,1,1,0,0.195518,0.906614,-0.711095,0.102132,1.71414,1.79354,0.0141865,0.402797,4360,2048,0.004096,1,0
43,4,18,100-38-26-18,direct,1,1,2,0.216048,0.921811,-0.705763,0.137859,1.71132,1.79824,0.00843165,0.353797,62314,30856,0.061712,1,0
43,2,42,44-42,direct,1,1,0,0.238739,0.927315,-0.688576,0.166054,1.69672,1.797,0.00222812,0.301141,26610,13112,0.026224,1,0
43,2,1,2-1,direct,1,1,0,0.047052,0.903307,-0.856255,-0.0496411,1.85692,1.88744,0.0019119,1.60964,1289,514,0.001028,1,0
44,2,7,26-7,direct,1,1,1,0.14956,0.903987,-0.754427,0.0535475,1.75524,1.79596,0.00678237,0.412211,13991,6838,0.013676,1,0
44,2,12,67-12,direct,1,1,1,0.251325,0.928527,-0.677202,0.179852,1.68682,1.80287,0.00867436,0.33605,36314,17956,0.035912,1,0
44,4,18,107-38-35-18,direct,1,1,1,0.254311,0.924059,-0.669749,0.17837,1.67925,1.7916,0.00555986,0.366389,67470,33418,0.066836,1,0
44,6,1,38-26-25-18-3-1,direct,1,1,2,0.0459359,0.906746,-0.86081,-0.047318,1.86141,1.89607,0.00492379,0.745827,24223,11873,0.023746,1,0
44,2,4,9-4,direct,1,1,0,0.197615,0.916997,-0.719383,0.114612,1.7232,1.81106,0.0162363,0.618319,4958,2340,0.00468,1,0
44,1,15,15,direct,1,1,2,0.22695,0.924242,-0.697292,0.151192,1.70401,1.79552,0.00244719,0.366725,7951,3840,0.00768,1,0
44,3,18,55-31-18,direct,1,1,1,0.198887,0.924434,-0.725547,0.123322,1.72995,1.80682,0.00388003,0.356966,33132,16343,0.032686,1,0
44,2,17,68-17,direct,1,1,0,0.255219,0.929762,-0.674543,0.184981,1.68473,1.79496,0.00164263,0.352516,37537,18564,0.037128,1,0
44,2,32,81-32,direct,1,1,0,0.273602,0.935247,-0.661645,0.20885,1.67472,1.79831,0.00112678,0.296339,47106,23328,0.046656,1,0
44,3,17,55-31-17,direct,1,1,0,0.20171,0.919071,-0.717361,0.120781,1.7216,1.80268,0.00820903,0.371615,33069,16312,0.032624,1,0
45,4,3,114-35-18-3,direct,1,1,1,0.198562,0.916755,-0.718193,0.115317,1.72206,1.8091,0.0160653,0.781608,68309,33858,0.067716,1,0
45,2,42,58-42,direct,1,1,2,0.246329,0.929784,-0.683455,0.176113,1.69264,1.79723,0.00174569,0.253908,34982,17284,0.034568,1,0
45,3,14,26-18-14,direct,1,1,1,0.170743,0.914872,-0.744128,0.0856148,1.74623,1.80302,0.00543177,0.475275,15110,7376,0.014752,1,0
45,2,42,111-42,direct,1,1,0,0.265479,0.935267,-0.669788,0.200746,1.68181,1.80117,0.00178399,0.264722,66676,33078,0.066156,1,0
45,1,36,36,direct,1,1,1,0.267848,0.932738,-0.66489,0.200586,1.67693,1.79771,0.00337449,0.306191,18724,9216,0.018432,1,0
45,3,18,70-26-18,direct,1,1,1,0.260662,0.927432,-0.666771,0.188094,1.67735,1.79129,0.00289067,0.282112,40882,20208,0.040416,1,0
45,3,4,76-47-4,direct,1,1,2,0.223563,0.923214,-0.699652,0.146777,1.70598,1.8057,0.0177441,0.490777,46938,23216,0.046432,1,0
45,2,35,38-35,direct,1,1,1,0.274622,0.927453,-0.652831,0.202075,1.66514,1.79214,0.00669478,0.268326,22483,11058,0.022116,1,0
45,5,1,55-31-17-3-1,direct,1,1,2,0.0433343,0.906217,-0.862883,-0.0504487,1.86357,1.89558,0.0025912,0.90229,33201,16366,0.032732,1,0
45,4,3,38-31-18-3,direct,1,1,1,0.140818,0.906217,-0.765399,0.047035,1.76603,1.80873,0.0201335,0.545418,23469,11518,0.023036,1,0
45,6,1,43-38-26-18-3-1,direct,1,1,2,0.0459333,0.90582,-0.859887,-0.0482466,1.86051,1.89771,0.00636698,1.10225,28823,14155,0.02831,1,0
46,2,1,3-1,direct,1,1,1,0.0541106,0.903175,-0.849064,-0.0427148,1.84956,1.88632,0.0105501,0.223315,1805,771,0.001542,1,0
46,2,4,30-4,direct,1,1,1,0.231177,0.919081,-0.687904,0.150258,1.69458,1.80398,0.0180255,0.437787,15920,7800,0.0156,1,0
46,3,18,79-26-18,direct,1,1,1,0.197707,0.917975,-0.720267,0.115682,1.72415,1.79688,0.00386637,0.348333,45976,22746,0.045492,1,0
46,2,12,91-12,direct,1,1,1,0.245292,0.929112,-0.68382,0.174403,1.69283,1.803,0.0105499,0.343108,49226,24388,0.048776,1,0
46,3,4,90-49-4,direct,1,1,2,0.204729,0.919874,-0.715145,0.124603,1.71967,1.80531,0.0111786,0.475311,55830,27646,0.055292,1,0
46,3,18,90-26-18,direct,1,1,2,0.219051,0.924126,-0.705074,0.143177,1.71107,1.79708,0.00192752,0.368572,52202,25848,0.051696,1,0
46,2,3,27-3,direct,1,1,0,0.146845,0.91649,-0.769646,0.063335,1.77078,1.82199,0.0107794,0.487239,14299,6993,0.013986,1,0
47,2,16,44-16,direct,1,1,0,0.240261,0.924603,-0.684342,0.164864,1.69239,1.80001,0.0108317,0.335748,24296,11968,0.023936,1,0
47,3,7,90-87-7,direct,1,1,1,0.230588,0.927116,-0.696529,0.157704,1.70384,1.80135,0.00673863,0.439567,63575,31479,0.062958,1,0
47,3,4,90-53-4,direct,1,1,1,0.230746,0.919048,-0.688302,0.149793,1.69493,1.78837,0.00501361,0.534965,56590,28022,0.056044,1,0
47,4,7,76-35-21-7,direct,1,1,0,0.165384,0.911867,-0.746483,0.0772509,1.74819,1.80249,0.0065361,0.42848,46523,22998,0.045996,1,0
47,2,4,8-4,direct,1,1,2,0.108756,0.89914,-0.790384,0.00789598,1.7904,1.83802,0.0367179,0.48817,4436,2080,0.00416,1,0
47,2,4,109-4,direct,1,1,1,0.254787,0.924239,-0.669453,0.179026,1.67902,1.80649,0.0166177,0.451746,57158,28340,0.05668,1,0
47,4,18,52-38-26-18,direct,1,1,0,0.213808,0.921869,-0.708061,0.135678,1.71344,1.79807,0.00433192,0.332525,33994,16744,0.033488,1,0
47,3,7,90-14-7,direct,1,1,2,0.1747,0.917498,-0.742798,0.0921985,1.74523,1.80511,0.00556281,0.477205,49267,24398,0.048796,1,0
47,2,4,69-4,direct,1,1,0,0.205966,0.921627,-0.715661,0.127593,1.7204,1.80671,0.0107201,0.423517,36278,17940,0.03588,1,0
47,2,12,41-12,direct,1,1,1,0.208281,0.920084,-0.711802,0.128365,1.71661,1.80458,0.0102851,0.491916,22326,10988,0.021976,1,0
47,4,1,35-12-7-1,direct,1,1,2,0.0518197,0.904894,-0.853074,-0.0432861,1.85358,1.89033,0.00896498,0.803422,19307,9471,0.018942,1,0
47,2,3,35-3,direct,1,1,1,0.168727,0.910847,-0.742119,0.0795737,1.74394,1.81007,0.0161344,0.616127,18459,9065,0.01813,1,0
47,5,1,55-26-17-3-1,direct,1,1,2,0.0425942,0.904365,-0.861771,-0.0530407,1.86253,1.89533,0.00134276,0.645003,32471,16006,0.032012,1,0
48,2,8,36-8,direct,1,1,0,0.235303,0.92128,-0.685977,0.156583,1.69323,1.79358,0.00623247,0.55349,19344,9504,0.019008,1,0
48,2,38,61-38,direct,1,1,0,0.254116,0.932571,-0.678455,0.186687,1.68881,1.80128,0.00222598,0.260984,36284,17934,0.035868,1,0
48,3,1,35-7-1,direct,1,1,2,0.0468869,0.90582,-0.858933,-0.047293,1.85953,1.89667,0.00834891,0.798932,18765,9212,0.018424,1,0
48,2,3,18-3,direct,1,1,0,0.195761,0.920194,-0.724434,0.115955,1.72833,1.79867,0.00322015,0.462671,9619,4662,0.009324,1,0
48,4,18,90-61-60-18,direct,1,1,1,0.233887,0.927917,-0.694031,0.161804,1.70174,1.79866,0.00279547,0.359532,67236,33270,0.06654,1,0
48,1,69,69,direct,1,1,1,0.278436,0.936818,-0.658382,0.215255,1.67229,1.8001,0.00167384,0.257461,35653,17664,0.035328,1,0
48,6,1,26-18-16-7-3-1,direct,1,1,2,0.0475162,0.904365,-0.856849,-0.0481187,1.85747,1.89361,0.00598029,0.370813,15493,7548,0.015096,1,0
48,4,18,67-61-38-18,direct,1,1,1,0.222167,0.92827,-0.706103,0.150437,1.71272,1.80477,0.00312834,0.399135,49088,24241,0.048482,1,0
48,2,4,83-4,direct,1,1,2,0.249487,0.91875,-0.669263,0.168237,1.67772,1.79459,0.0129657,0.52181,43586,21580,0.04316,1,0
48,3,4,24-5-4,direct,1,1,1,0.161034,0.926951,-0.765917,0.0879853,1.76811,1.86556,0.0327332,0.957915,12886,6284,0.012568,1,0
48,2,4,31-4,direct,1,1,1,0.221708,0.907209,-0.685501,0.128917,1.69042,1.79743,0.0236233,0.541706,16442,8060,0.01612,1,0
49,3,4,90-10-4,direct,1,1,1,0.16669,0.920866,-0.754176,0.0875569,1.75636,1.82295,0.0110691,0.691719,48420,23980,0.04796,1,0
49,3,7,61-38-7,direct,1,1,2,0.198483,0.917838,-0.719355,0.116322,1.72329,1.8062,0.0107936,0.460205,36861,18200,0.0364,1,0
49,4,1,55-17-3-1,direct,1,1,0,0.0448061,0.906217,-0.861411,-0.048977,1.86206,1.89406,0.00402565,0.944321,30545,15069,0.030138,1,0
49,2,85,94-85,direct,1,1,0,0.288594,0.934941,-0.646347,0.223535,1.66145,1.79664,0.00410387,0.208538,64637,32054,0.064108,1,0
49,3,18,38-37-18,direct,1,1,1,0.224747,0.922083,-0.697335,0.14683,1.70367,1.79921,0.00738301,0.373073,24024,11800,0.0236,1,0
49,2,5,36-5,direct,1,1,0,0.235304,0.911693,-0.676389,0.146997,1.68282,1.80178,0.0233127,0.409949,19125,9396,0.018792,1,0
49,6,1,81-38-26-17-3-1,direct,1,1,2,0.046272,0.906614,-0.860342,-0.0471143,1.86094,1.89682,0.00585882,0.499901,51183,25298,0.050596,1,0
49,1,107,107,direct,1,1,1,0.287024,0.934443,-0.647419,0.221468,1.66224,1.79507,0.00293868,0.224057,55147,27392,0.054784,1,0
49,3,35,117-90-35,direct,1,1,2,0.285808,0.934255,-0.648448,0.220063,1.66307,1.80536,0.00964075,0.289228,87969,43632,0.087264,1,0
49,1,40,40,direct,1,1,0,0.256521,0.931604,-0.675083,0.188125,1.68561,1.80004,0.00299198,0.298509,20776,10240,0.02048,1,0
49,2,1,50-1,direct,1,1,0,0.0471151,0.904762,-0.857647,-0.048123,1.85827,1.89077,0.0030498,0.70807,26057,12850,0.0257,1,0
49,2,36,50-36,direct,1,1,1,0.227149,0.92798,-0.700831,0.155129,1.70789,1.79969,0.00082772,0.273835,29592,14600,0.0292,1,0
50,1,6,6,direct,1,1,1,0.149215,0.906944,-0.75773,0.0561593,1.75863,1.79636,0.0065317,0.433576,3334,1536,0.003072,1,0
50,2,4,113-4,direct,1,1,1,0.221264,0.918122,-0.696857,0.139386,1.70257,1.80359,0.0177402,0.494159,59246,29380,0.05876,1,0
50,2,4,121-4,direct,1,1,0,0.165597,0.914385,-0.748788,0.0799822,1.75062,1.80308,0.0072981,0.492866,63422,31460,0.06292,1,0
50,2,35,68-35,direct,1,1,2,0.27739,0.931515,-0.654125,0.208906,1.66726,1.7994,0.00719502,0.272674,40003,19788,0.039576,1,0
50,2,1,25-1,direct,1,1,0,0.045968,0.904365,-0.858397,-0.0496669,1.85906,1.89501,0.00485134,0.762143,13157,6425,0.01285,1,0
50,4,7,90-61-40-7,direct,1,1,0,0.294311,0.924131,-0.62982,0.218441,1.64439,1.7872,0.0120599,0.533939,63145,31250,0.0625,1,0
50,2,12,23-12,direct,1,1,1,0.231681,0.922421,-0.690739,0.154102,1.69775,1.79161,0.00400456,0.376697,12642,6164,0.012328,1,0
50,3,17,119-55-17,direct,1,1,0,0.2476,0.928603,-0.681003,0.176203,1.69021,1.79837,0.00460888,0.368374,76509,37944,0.075888,1,0
50,3,45,105-54-45,direct,1,1,1,0.236089,0.932637,-0.696548,0.168725,1.70492,1.80462,0.000742516,0.258711,70579,34980,0.06996,1,0
50,2,24,90-24,direct,1,1,0,0.264163,0.933879,-0.669716,0.198042,1.68142,1.80399,0.00569019,0.280302,50860,25200,0.0504,1,0
50,3,1,116-35-1,direct,1,1,1,0.0525383,0.904894,-0.852356,-0.0425675,1.85284,1.89129,0.00955367,0.621586,68141,33791,0.067582,1,0
50,2,18,90-18,direct,1,1,1,0.268141,0.927205,-0.659064,0.195346,1.67052,1.79491,0.00738686,0.353745,49774,24660,0.04932,1,0
51,3,4,108-90-4,direct,1,1,0,0.253383,0.912202,-0.65882,0.165585,1.66706,1.78745,0.0196666,0.512566,76112,37728,0.075456,1,0
51,2,80,126-80,direct,1,1,2,0.281299,0.936313,-0.655014,0.217612,1.66926,1.79955,0.00285975,0.213876,85260,42336,0.084672,1,0
51,3,4,90-14-4,direct,1,1,1,0.217898,0.914815,-0.696916,0.132713,1.7021,1.79373,0.00989254,0.468084,49180,24356,0.048712,1,0
51,2,26,69-26,direct,1,1,2,0.263766,0.933145,-0.669379,0.196911,1.68095,1.80233,0.00693667,0.314001,39336,19458,0.038916,1,0
51,2,27,82-27,direct,1,1,0,0.267038,0.93473,-0.667692,0.201767,1.67985,1.80449,0.00787756,0.33731,46859,23206,0.046412,1,0
51,2,3,109-3,direct,1,1,0,0.188465,0.920106,-0.73164,0.108571,1.73504,1.81758,0.0151451,0.515484,56939,28231,0.056462,1,0
51,3,24,90-66-24,direct,1,1,2,0.266065,0.927938,-0.661873,0.194002,1.67316,1.79643,0.00740693,0.310252,61720,30564,0.061128,1,0
51,3,45,101-54-45,direct,1,1,1,0.237495,0.929909,-0.692414,0.167403,1.70067,1.80154,0.00266599,0.251402,68091,33740,0.06748,1,0
51,4,4,122-121-90-4,direct,1,1,0,0.201545,0.920569,-0.719023,0.122114,1.72336,1.79766,0.00220193,0.491279,115414,57244,0.114488,1,0
51,2,24,116-24,direct,1,1,2,0.293225,0.930434,-0.637209,0.22366,1.65242,1.7954,0.00869462,0.328559,65472,32480,0.06496,1,0
51,3,45,101-66-45,direct,1,1,2,0.270579,0.934265,-0.663686,0.204845,1.67625,1.7998,0.00263622,0.250034,71619,35492,0.070984,1,0
51,2,33,117-33,direct,1,1,0,0.280753,0.933726,-0.652974,0.214479,1.66683,1.79737,0.00397412,0.282846,68149,33813,0.067626,1,0
51,2,5,72-5,direct,1,1,0,0.229279,0.921402,-0.692123,0.150681,1.69882,1.79593,0.00893183,0.426239,37989,18792,0.037584,1,0
51,3,26,122-90-26,direct,1,1,2,0.251539,0.929675,-0.678137,0.181214,1.68789,1.79682,0.0028378,0.316581,89810,44552,0.089104,1,0
51,2,1,100-1,direct,1,1,1,0.0433707,0.906349,-0.862979,-0.0502801,1.86366,1.89821,0.00479703,0.675747,51857,25700,0.0514,1,0
51,3,24,87-69-24,direct,1,1,0,0.268743,0.93109,-0.662347,0.199834,1.67431,1.80231,0.00856792,0.319721,60454,29931,0.059862,1,0
52,2,96,113-96,direct,1,1,1,0.284689,0.933927,-0.649238,0.218616,1.66366,1.79629,0.00414598,0.198302,80130,39776,0.079552,1,0
52,2,5,104-5,direct,1,1,0,0.202318,0.917963,-0.715645,0.120281,1.71986,1.80068,0.00734446,0.442544,54757,27144,0.054288,1,0
52,2,54,115-54,direct,1,1,1,0.277068,0.936324,-0.659256,0.213392,1.67292,1.79973,0.00145866,0.225971,71840,35650,0.0713,1,0
52,2,95,123-95,direct,1,1,0,0.279925,0.936771,-0.656846,0.216696,1.67096,1.80139,0.00273669,0.199094,86943,43173,0.086346,1,0
52,3,18,90-61-18,direct,1,1,0,0.262611,0.930908,-0.668298,0.193519,1.67948,1.80041,0.0054879,0.330223,59832,29628,0.059256,1,0
52,2,38,65-38,direct,1,1,2,0.259426,0.929828,-0.670402,0.189254,1.68109,1.79551,0.00253421,0.260308,38644,19110,0.03822,1,0
52,2,38,123-38,direct,1,1,0,0.275667,0.933486,-0.65782,0.209153,1.67096,1.79912,0.00400706,0.266888,72864,36162,0.072324,1,0
52,2,1,69-1,direct,1,1,2,0.0420511,0.907143,-0.865092,-0.050806,1.86578,1.90059,0.00361088,0.592334,35861,17733,0.035466,1,0
52,2,2,18-2,direct,1,1,1,0.195138,0.919378,-0.72424,0.114516,1.72804,1.83299,0.0270724,0.66095,9582,4644,0.009288,1,0
52,2,24,113-24,direct,1,1,0,0.265215,0.93594,-0.670725,0.201155,1.68279,1.80407,0.00252057,0.314802,63786,31640,0.06328,1,0
53,2,24,62-24,direct,1,1,1,0.245115,0.928533,-0.683418,0.173647,1.69235,1.79929,0.00379261,0.287344,35124,17360,0.03472,1,0
53,2,2,3-2,direct,1,1,0,0.121348,0.908069,-0.78672,0.0294173,1.78696,1.85731,0.0375618,0.971115,1812,774,0.001548,1,0
53,2,3,10-3,direct,1,1,0,0.155723,0.905556,-0.749832,0.0612789,1.7509,1.79566,0.00746669,0.56043,5459,2590,0.00518,1,0
53,4,7,55-47-17-7,direct,1,1,1,0.198964,0.925775,-0.72681,0.124739,1.73131,1.8047,0.00030906,0.49256,35667,17583,0.035166,1,0
53,3,17,59-55-17,direct,1,1,2,0.200498,0.927965,-0.727467,0.128462,1.73224,1.80916,0.00124814,0.397432,39069,19284,0.038568,1,0
53,2,6,28-6,direct,1,1,1,0.144069,0.914947,-0.770878,0.0590161,1.77186,1.81631,0.00710232,0.393954,14990,7336,0.014672,1,0
53,3,3,59-18-3,direct,1,1,2,0.139381,0.918915,-0.779535,0.0582961,1.78049,1.82033,0.00495177,0.524489,32853,16220,0.03244,1,0
53,2,4,111-4,direct,1,1,0,0.186828,0.920602,-0.733774,0.10743,1.7371,1.80413,0.00567959,0.460601,58202,28860,0.05772,1,0
53,2,24,69-24,direct,1,1,1,0.250116,0.931867,-0.681751,0.181983,1.69157,1.80225,0.00541656,0.315914,39058,19320,0.03864,1,0
53,2,1,66-1,direct,1,1,2,0.0416991,0.906878,-0.865179,-0.0514226,1.86589,1.89927,0.0028632,0.589107,34313,16962,0.033924,1,0
53,2,35,110-35,direct,1,1,1,0.2826,0.935098,-0.652498,0.217698,1.66678,1.79934,0.00366746,0.275106,64531,32010,0.06402,1,0
53,2,55,70-55,direct,1,1,2,0.272834,0.931207,-0.658373,0.204042,1.67088,1.79578,0.00379972,0.248896,43991,21770,0.04354,1,0
53,4,3,17-12-7-3,direct,1,1,1,0.0698197,0.903924,-0.834104,-0.0262561,1.83429,1.88556,0.0274662,0.679645,9653,4661,0.009322,1,0
54,3,4,75-69-4,direct,1,1,1,0.228551,0.921759,-0.693209,0.15031,1.69987,1.79498,0.0058052,0.438364,49850,24651,0.049302,1,0
54,5,2,55-17-7-4-2,direct,1,1,0,0.057431,0.903571,-0.84614,-0.0389976,1.84655,1.88428,0.0111288,0.61069,30764,15170,0.03034,1,0
54,3,10,59-47-10,direct,1,1,1,0.193345,0.926217,-0.732872,0.119562,1.73699,1.8102,0.00352035,0.398694,37172,18347,0.036694,1,0
54,2,28,69-28,direct,1,1,0,0.241128,0.92885,-0.687722,0.169978,1.69626,1.80102,0.00367364,0.292133,39614,19596,0.039192,1,0
54,4,3,56-18-9-3,direct,1,1,2,0.145213,0.911023,-0.76581,0.0562363,1.7667,1.80657,0.00703924,0.783746,31491,15533,0.031066,1,0
54,2,101,116-101,direct,1,1,1,0.275267,0.936154,-0.660887,0.211422,1.67429,1.79856,0.00033542,0.187669,83413,41412,0.082824,1,0
54,2,1,124-1,direct,1,1,2,0.049014,0.905291,-0.856277,-0.045695,1.85684,1.89357,0.00763403,0.602345,64241,31868,0.063736,1,0
54,3,18,91-61-18,direct,1,1,2,0.236221,0.928762,-0.692542,0.164983,1.70056,1.81094,0.00992643,0.353199,60468,29945,0.05989,1,0
54,4,7,55-17-16-7,direct,1,1,1,0.15824,0.908617,-0.750377,0.0668565,1.75165,1.81299,0.0161747,0.533217,31237,15399,0.030798,1,0
54,3,4,47-5-4,direct,1,1,2,0.134648,0.909821,-0.775173,0.0444698,1.77573,1.86259,0.043922,0.404847,24938,12287,0.024574,1,0
54,3,7,90-26-7,direct,1,1,1,0.225162,0.931085,-0.705922,0.156247,1.71306,1.80858,0.00421133,0.41072,51619,25562,0.051124,1,0
54,5,12,66-49-31-17-12,direct,1,1,0,0.188048,0.924085,-0.736037,0.112133,1.73965,1.81493,0.0107831,0.228362,45354,22380,0.04476,1,0
55,2,61,90-61,direct,1,1,1,0.283125,0.935348,-0.652223,0.218473,1.6666,1.79695,0.00276211,0.229043,57557,28530,0.05706,1,0
55,3,7,38-26-7,direct,1,1,1,0.239552,0.92277,-0.683218,0.162322,1.69103,1.80213,0.0186489,0.493178,22187,10898,0.021796,1,0
55,2,20,59-20,direct,1,1,0,0.241266,0.927831,-0.686565,0.169096,1.69502,1.80047,0.00783409,0.264977,32962,16284,0.032568,1,0
55,3,31,38-34-31,direct,1,1,0,0.218424,0.923519,-0.705095,0.141943,1.71099,1.79718,0.00389061,0.331467,24579,12074,0.024148,1,0
55,2,59,96-59,direct,1,1,1,0.271311,0.933795,-0.662484,0.205106,1.67509,1.80061,0.00450895,0.21951,60987,30240,0.06048,1,0
55,4,2,32-18-3-2,direct,1,1,0,0.125857,0.893122,-0.767264,0.0189791,1.76737,1.85252,0.0534539,0.916939,18020,8828,0.017656,1,0
55,2,1,29-1,direct,1,1,2,0.0501755,0.906217,-0.856041,-0.0436076,1.85655,1.89829,0.0115109,0.759317,15221,7453,0.014906,1,0
55,4,7,59-55-17-7,direct,1,1,2,0.167374,0.913416,-0.746042,0.0807909,1.74791,1.8027,0.00649179,0.35922,39331,19403,0.038806,1,0
55,3,7,90-61-7,direct,1,1,0,0.231459,0.922581,-0.691122,0.15404,1.69812,1.80348,0.010703,0.447375,58479,28957,0.057914,1,0
56,3,1,17-7-1,direct,1,1,2,0.051245,0.906349,-0.855104,-0.0424058,1.85559,1.8871,0.00508071,0.91932,9261,4478,0.008956,1,0
56,2,97,127-97,direct,1,1,1,0.2748,0.934996,-0.660195,0.209796,1.6734,1.80102,0.00401133,0.196411,90269,44831,0.089662,1,0
56,2,12,42-12,direct,1,1,2,0.266542,0.921991,-0.655449,0.188532,1.66615,1.79491,0.0147703,0.387544,22864,11256,0.022512,1,0
56,3,7,59-17-7,direct,1,1,2,0.177741,0.907937,-0.730196,0.085677,1.73232,1.80063,0.0128407,0.405205,32867,16226,0.032452,1,0
56,2,8,18-8,direct,1,1,2,0.190728,0.910433,-0.719705,0.101161,1.72268,1.80673,0.0175729,0.443359,9804,4752,0.009504,1,0
56,2,59,63-59,direct,1,1,1,0.26622,0.932647,-0.666428,0.198867,1.67825,1.79909,0.00531592,0.235882,40131,19845,0.03969,1,0
56,1,95,95,direct,1,1,0,0.291491,0.935661,-0.644171,0.227152,1.65979,1.79671,0.00322282,0.232168,48991,24320,0.04864,1,0
56,3,3,18-8-3,direct,1,1,1,0.130386,0.903175,-0.772789,0.0335604,1.77311,1.84589,0.038785,0.902064,9863,4776,0.009552,1,0
56,3,7,39-17-7,direct,1,1,1,0.195253,0.913964,-0.718711,0.109218,1.72218,1.80228,0.011922,0.427165,21907,10766,0.021532,1,0
56,3,18,73-26-18,direct,1,1,2,0.198641,0.92464,-0.725999,0.123281,1.7304,1.80544,0.0020053,0.281499,42580,21054,0.042108,1,0
56,4,3,89-35-18-3,direct,1,1,1,0.220154,0.926587,-0.706434,0.146741,1.71273,1.81329,0.0159876,0.488482,53709,26583,0.053166,1,0
56,3,12,124-101-12,direct,1,1,0,0.256045,0.930974,-0.67493,0.187019,1.68534,1.79788,0.00311919,0.387518,91678,45480,0.09096,1,0
56,2,6,66-6,direct,1,1,2,0.250706,0.924471,-0.673765,0.175177,1.68291,1.79942,0.010202,0.444161,34978,17292,0.034584,1,0
56,3,4,124-47-4,direct,1,1,1,0.232319,0.912335,-0.680016,0.144653,1.68623,1.78616,0.0140461,0.443288,76122,37760,0.07552,1,0
56,2,1,73-1,direct,1,1,0,0.0434918,0.905026,-0.861535,-0.0514817,1.86225,1.90137,0.00705404,0.517472,37925,18761,0.037522,1,0
56,3,18,124-38-18,direct,1,1,0,0.213042,0.926337,-0.713296,0.139379,1.71896,1.80984,0.0103341,0.295139,74878,37140,0.07428,1,0
56,2,1,89-1,direct,1,1,0,0.0436187,0.905688,-0.862069,-0.0506935,1.86276,1.89836,0.00758916,0.49625,46181,22873,0.045746,1,0
56,2,1,105-1,direct,1,1,2,0.0496804,0.90582,-0.85614,-0.0444995,1.85667,1.89476,0.0092617,0.590155,54437,26985,0.05397,1,0
57,2,55,124-55,direct,1,1,1,0.275814,0.935722,-0.659907,0.211536,1.67333,1.80021,0.00410591,0.232745,77687,38564,0.077128,1,0
57,2,4,12-4,direct,1,1,2,0.0954165,0.92047,-0.825053,0.0158861,1.82512,1.85641,0.0155878,0.546405,6524,3120,0.00624,1,0
57,2,38,50-38,direct,1,1,1,0.249416,0.932463,-0.683047,0.18188,1.69285,1.80424,0.003994,0.249864,29794,14700,0.0294,1,0
57,2,7,38-7,direct,1,1,2,0.184596,0.925302,-0.740706,0.109898,1.74417,1.81145,0.0020526,0.481,20327,9994,0.019988,1,0
57,3,18,90-47-18,direct,1,1,0,0.233126,0.927646,-0.69452,0.160771,1.70213,1.80456,0.00987361,0.37331,56780,28116,0.056232,1,0
57,3,18,56-26-18,direct,1,1,2,0.195173,0.922178,-0.727005,0.117351,1.73099,1.80963,0.00911712,0.459998,32958,16260,0.03252,1,0
57,2,59,120-59,direct,1,1,1,0.271586,0.935374,-0.663787,0.20696,1.67661,1.8016,0.00307276,0.237315,76155,37800,0.0756,1,0
58,2,1,37-1,direct,1,1,2,0.0473418,0.907407,-0.860066,-0.0452508,1.86062,1.89574,0.00790961,0.609637,19349,9509,0.019018,1,0
58,3,2,73-3-2,direct,1,1,0,0.0716192,0.903505,-0.831886,-0.0248755,1.83205,1.86952,0.0173774,0.909763,38236,18913,0.037826,1,0
58,2,24,55-24,direct,1,1,1,0.23792,0.924311,-0.686391,0.162231,1.69418,1.79757,0.00604561,0.273222,31190,15400,0.0308,1,0
58,4,7,85-59-17-7,direct,1,1,1,0.191985,0.920484,-0.728499,0.112468,1.73215,1.80247,0.00384239,0.440209,56379,27897,0.055794,1,0
58,3,10,38-26-10,direct,1,1,0,0.22664,0.920661,-0.694022,0.147301,1.70041,1.79597,0.00825017,0.531895,22346,10976,0.021952,1,0
59,2,7,61-7,direct,1,1,1,0.233292,0.922808,-0.689516,0.1561,1.69671,1.79958,0.00901003,0.354508,32471,16043,0.032086,1,0
59,3,7,61-12-7,direct,1,1,0,0.1662,0.915306,-0.749106,0.0815061,1.751,1.80354,0.00646136,0.443996,33273,16432,0.032864,1,0
59,3,2,122-7-2,direct,1,1,1,0.147595,0.894444,-0.746849,0.0420397,1.74735,1.8281,0.0544693,0.648173,64716,32100,0.0642,1,0
59,3,5,18-9-5,direct,1,1,1,0.082901,0.913677,-0.830776,-0.00342179,1.83078,1.85384,0.0250962,0.465311,9945,4815,0.00963,1,0
59,3,4,47-39-4,direct,1,1,1,0.215207,0.928803,-0.713596,0.14401,1.71964,1.81355,0.00696756,0.57048,28474,14021,0.028042,1,0
59,4,18,73-66-26-18,direct,1,1,2,0.216639,0.925588,-0.708949,0.142226,1.71486,1.80505,0.00501097,0.398053,51984,25690,0.05138,1,0
59,4,7,55-29-17-7,direct,1,1,0,0.161429,0.907861,-0.746432,0.0692894,1.74781,1.80553,0.0150234,0.711748,33039,16287,0.032574,1,0
60,3,19,38-26-19,direct,1,1,0,0.233592,0.922494,-0.688902,0.156086,1.6961,1.79453,0.00677989,0.416725,22823,11210,0.02242,1,0
60,2,49,90-49,direct,1,1,0,0.272702,0.934219,-0.661516,0.206921,1.67435,1.79796,0.0020467,0.262571,55385,27450,0.0549,1,0
60,2,3,91-3,direct,1,1,2,0.140852,0.907143,-0.766291,0.0479952,1.76694,1.80574,0.00912969,0.50927,47579,23569,0.047138,1,0
60,3,5,90-61-5,direct,1,1,1,0.214146,0.923968,-0.709822,0.138114,1.71539,1.81602,0.0153,0.458112,58233,28835,0.05767,1,0
60,3,5,55-7-5,direct,1,1,2,0.12748,0.891693,-0.764213,0.0191734,1.76432,1.85618,0.0571272,0.362304,29385,14500,0.029,1,0
60,2,15,65-15,direct,1,1,2,0.200139,0.929233,-0.729094,0.129372,1.73393,1.81509,0.0056926,0.342982,35631,17615,0.03523,1,0
60,2,90,125-90,direct,1,1,0,0.287931,0.93551,-0.647579,0.223441,1.66266,1.79855,0.0043339,0.195259,87096,43250,0.0865,1,0
60,2,26,93-26,direct,1,1,1,0.263201,0.929675,-0.666474,0.192877,1.6776,1.79523,0.00580235,0.326573,52920,26226,0.052452,1,0
61,4,18,125-73-26-18,direct,1,1,1,0.234505,0.924148,-0.689643,0.158652,1.69707,1.8002,0.0117953,0.467957,87704,43491,0.086982,1,0
61,2,2,64-2,direct,1,1,1,0.187988,0.91336,-0.725372,0.101347,1.72835,1.79119,0.00295667,0.504657,33410,16512,0.033024,1,0
61,3,26,108-78-26,direct,1,1,0,0.249232,0.932494,-0.683262,0.181725,1.69304,1.80784,0.00649707,0.319315,76854,38100,0.0762,1,0
61,2,18,106-18,direct,1,1,0,0.289594,0.931915,-0.642321,0.221509,1.65719,1.79746,0.00954111,0.335238,58574,29044,0.058088,1,0
61,2,6,18-6,direct,1,1,2,0.189372,0.906415,-0.717043,0.0957875,1.71971,1.78623,0.00768731,0.557731,9730,4716,0.009432,1,0
61,2,7,55-7,direct,1,1,2,0.272608,0.930745,-0.658137,0.203352,1.67056,1.80222,0.0103523,0.428946,29303,14465,0.02893,1,0
61,3,18,29-26-18,direct,1,1,2,0.210444,0.923604,-0.713159,0.134048,1.7184,1.80549,0.00669188,0.397148,17676,8646,0.017292,1,0
62,4,3,55-37-4-3,direct,1,1,2,0.0401158,0.90679,-0.866674,-0.0530941,1.86743,1.9015,0.00211655,0.499129,33001,16275,0.03255,1,0
62,5,3,37-29-8-4-3,direct,1,1,2,0.124461,0.904101,-0.779639,0.0285619,1.77987,1.83411,0.0438858,0.699959,22057,10821,0.021642,1,0
62,2,56,112-56,direct,1,1,1,0.266925,0.934257,-0.667332,0.201182,1.67943,1.79804,0.000628363,0.230976,70424,34944,0.069888,1,0
62,4,17,90-89-66-17,direct,1,1,2,0.253071,0.929552,-0.676481,0.182622,1.6864,1.80218,0.00636835,0.401652,76855,38046,0.076092,1,0
62,2,4,37-4,direct,1,1,2,0.185552,0.922321,-0.73677,0.107873,1.74012,1.81336,0.00721557,0.44845,19574,9620,0.01924,1,0
62,2,17,120-17,direct,1,1,2,0.249569,0.930594,-0.681025,0.180164,1.69065,1.79791,0.00141942,0.362359,66033,32760,0.06552,1,0
62,2,8,93-8,direct,1,1,2,0.246889,0.929481,-0.682591,0.17637,1.69181,1.80225,0.00702837,0.38348,49554,24552,0.049104,1,0
62,6,3,55-37-29-8-4-3,direct,1,1,2,0.0479735,0.909744,-0.861771,-0.0422822,1.86225,1.89539,0.00623811,0.611351,35453,17464,0.034928,1,0
62,2,19,124-19,direct,1,1,2,0.287235,0.931621,-0.644386,0.218856,1.65889,1.7946,0.0057206,0.329381,68723,34100,0.0682,1,0
63,3,7,118-47-7,direct,1,1,0,0.21235,0.927079,-0.714729,0.139428,1.72039,1.80681,0.00645729,0.458353,72759,36083,0.072166,1,0
63,2,12,34-12,direct,1,1,0,0.230336,0.924724,-0.694389,0.15506,1.70147,1.80443,0.00858162,0.438065,18560,9112,0.018224,1,0
63,3,3,17-7-3,direct,1,1,1,0.0852854,0.923854,-0.838568,0.009139,1.83859,1.87413,0.0214195,0.370948,9291,4492,0.008984,1,0
63,2,1,32-1,direct,1,1,2,0.0499275,0.906349,-0.856422,-0.0437233,1.85694,1.89987,0.0128454,0.71462,16769,8224,0.016448,1,0
63,4,3,55-8-4-3,direct,1,1,2,0.0479239,0.9056,-0.857676,-0.0464765,1.85826,1.89544,0.00826776,0.846188,29521,14564,0.029128,1,0
64,4,3,55-6-4-3,direct,1,1,0,0.0863564,0.914021,-0.827665,0.000377535,1.82766,1.86685,0.0275738,0.36806,29281,14446,0.028892,1,0
64,2,34,120-34,direct,1,1,1,0.26526,0.935065,-0.669805,0.200324,1.68178,1.80078,0.00147564,0.288424,70130,34800,0.0696,1,0
64,3,6,36-18-6,direct,1,1,1,0.150832,0.908907,-0.758075,0.0597381,1.75909,1.80487,0.00762934,0.550516,20314,9972,0.019944,1,0
64,3,7,122-55-7,direct,1,1,1,0.24381,0.926417,-0.682607,0.170227,1.6912,1.80501,0.0109635,0.487946,77271,38327,0.076654,1,0
64,4,3,65-55-4-3,direct,1,1,0,0.0471457,0.905556,-0.85841,-0.0472987,1.85901,1.89385,0.00692406,0.252129,41401,20447,0.040894,1,0
64,2,6,21-6,direct,1,1,2,0.197308,0.927469,-0.730161,0.124778,1.73465,1.81216,0.0031913,0.534562,11308,5502,0.011004,1,0
