born_generation,depth,latent,encoder_widths,encoding,time_steps,voltage_threshold,alpha,beta,g1,g2,d_truth,d_penalized_mean,d_penalized_std,latent_activity,param_count,inference_cost,est_latency_ms,feasible,constraint_violation
0,3,24,122-102-24,direct,1,1,0.273364,0.924124,-0.650759,0.197488,1.66253,1.78601,0.00763856,0.357142,92976,46124,0.092248,1,0
0,6,3,91-84-77-43-19-3,direct,1,1,0.224369,0.900529,-0.67616,0.124898,1.68081,1.77408,0.0177715,0.308788,84073,41593,0.083186,1,0
0,5,1,121-107-28-24-1,direct,1,1,0.153073,0.864021,-0.710948,0.0170939,1.71103,1.7226,0.00179295,0.258603,96047,47615,0.09523,1,0
0,2,68,79-68,direct,1,1,0.262928,0.927869,-0.664941,0.190797,1.67584,1.79344,0.00532348,0.187186,51674,25596,0.051192,1,0
0,2,12,59-12,direct,1,1,0.25694,0.922277,-0.665337,0.179218,1.67495,1.78615,0.00542547,0.243169,32010,15812,0.031624,1,0
0,4,9,88-58-22-9,direct,1,1,0.27604,0.919591,-0.643552,0.195631,1.65515,1.77918,0.012982,0.248077,58813,29106,0.058212,1,0
0,6,3,124-104-73-50-39-3,direct,1,1,0.195118,0.916711,-0.721592,0.111829,1.72522,1.79699,0.00800904,0.346246,116937,57949,0.115898,1,0
0,3,16,88-79-16,direct,1,1,0.198499,0.918576,-0.720077,0.117076,1.72406,1.79756,0.00369584,0.28732,62094,30744,0.061488,1,0
0,2,24,85-24,direct,1,1,0.225164,0.926466,-0.701302,0.15163,1.70805,1.80022,0.00287516,0.229682,48050,23800,0.0476,1,0
0,6,51,121-119-115-100-58-51,direct,1,1,0.236048,0.919284,-0.683236,0.155332,1.69039,1.79321,0.0109233,0.228603,159969,79318,0.158636,1,0
0,6,6,74-67-42-26-12-6,direct,1,1,0.262144,0.908245,-0.646101,0.170389,1.6549,1.76462,0.00799494,0.267244,57088,28192,0.056384,1,0
0,3,36,124-78-36,direct,1,1,0.297184,0.92446,-0.627276,0.221644,1.6423,1.77895,0.00674237,0.267826,89144,44224,0.088448,1,0
0,1,127,127,direct,1,1,0.288157,0.934772,-0.646615,0.222929,1.66164,1.79576,0.00312547,0.209121,65407,32512,0.065024,1,0
0,2,91,92-91,direct,1,1,0.268219,0.927893,-0.659674,0.196112,1.67122,1.79383,0.00605491,0.163831,64379,31924,0.063848,1,0
0,5,10,119-84-78-46-10,direct,1,1,0.237411,0.920026,-0.682615,0.157438,1.68996,1.79348,0.0138719,0.348576,103040,51060,0.10212,1,0
0,3,40,86-42-40,direct,1,1,0.247354,0.925575,-0.678221,0.17293,1.68711,1.79186,0.00246114,0.196173,55168,27308,0.054616,1,0
0,3,16,125-50-16,direct,1,1,0.257898,0.922197,-0.6643,0.180095,1.67402,1.78701,0.0058699,0.295641,78722,39050,0.0781,1,0
0,5,31,99-93-72-33-31,direct,1,1,0.222583,0.923191,-0.700608,0.145774,1.70684,1.79555,0.0037558,0.207518,90173,44646,0.089292,1,0
0,1,26,26,direct,1,1,0.243482,0.927091,-0.683609,0.170573,1.69223,1.79756,0.00594267,0.249603,13594,6656,0.013312,1,0
0,5,18,117-78-53-32-18,direct,1,1,0.254468,0.922685,-0.668217,0.177153,1.6776,1.78444,0.00427386,0.30208,91802,45484,0.090968,1,0
0,1,77,77,direct,1,1,0.269845,0.930815,-0.66097,0.20066,1.67305,1.79173,0.00154029,0.227339,39757,19712,0.039424,1,0
0,6,14,112-104-82-80-38-14,direct,1,1,0.302349,0.926672,-0.624323,0.229022,1.64039,1.78407,0.0111285,0.32619,119062,58980,0.11796,1,0
0,2,24,54-24,direct,1,1,0.244426,0.920817,-0.67639,0.165243,1.68451,1.79209,0.00889566,0.221727,30628,15120,0.03024,1,0
0,5,1,111-46-40-22-1,direct,1,1,0.160986,0.864683,-0.703696,0.0256688,1.70389,1.72142,0.00217998,0.277553,73223,36264,0.072528,1,0
0,3,29,89-63-29,direct,1,1,0.314208,0.928777,-0.614569,0.242984,1.63275,1.78944,0.0106839,0.216794,61025,30218,0.060436,1,0
0,3,9,125-47-9,direct,1,1,0.251352,0.918489,-0.667137,0.169841,1.67577,1.78763,0.00950342,0.349546,77205,38298,0.076596,1,0
0,3,19,92-39-19,direct,1,1,0.230055,0.919528,-0.689473,0.149583,1.69608,1.80083,0.0139134,0.233141,56299,27881,0.055762,1,0
0,4,7,126-65-53-7,direct,1,1,0.246145,0.920389,-0.674244,0.166535,1.68251,1.78554,0.00483159,0.521095,89275,44262,0.088524,1,0
0,3,31,117-82-31,direct,1,1,0.283674,0.925708,-0.642034,0.209382,1.65533,1.78614,0.00578359,0.2554,84861,42088,0.084176,1,0
0,4,11,98-87-48-11,direct,1,1,0.260787,0.923148,-0.662361,0.183935,1.67251,1.78917,0.00671996,0.399703,77369,38318,0.076636,1,0
0,3,12,105-69-12,direct,1,1,0.228399,0.920955,-0.692555,0.149354,1.69913,1.79305,0.00505651,0.350648,70522,34953,0.069906,1,0
0,1,42,42,direct,1,1,0.266648,0.929633,-0.662985,0.19628,1.67453,1.79048,0.000956731,0.243521,21802,10752,0.021504,1,0
1,1,113,113,direct,1,1,0.294298,0.933078,-0.638781,0.227376,1.65448,1.79153,0.00272853,0.21481,58225,28928,0.057856,1,0
1,4,6,110-90-24-6,direct,1,1,0.186936,0.91078,-0.723845,0.0977163,1.72661,1.79063,0.00504406,0.422896,81438,40364,0.080728,1,0
1,5,9,111-96-31-22-9,direct,1,1,0.23582,0.912419,-0.676599,0.148239,1.68314,1.7784,0.00810633,0.227471,86641,42928,0.085856,1,0
1,4,36,128-103-78-36,direct,1,1,0.249754,0.925599,-0.675845,0.175353,1.68499,1.79219,0.00558117,0.284184,114498,56794,0.113588,1,0
1,3,24,90-85-24,direct,1,1,0.25434,0.921076,-0.666736,0.175416,1.67594,1.79619,0.0124,0.31469,66090,32730,0.06546,1,0
1,1,35,35,direct,1,1,0.278267,0.92845,-0.650183,0.206718,1.66308,1.79771,0.00996393,0.248357,18211,8960,0.01792,1,0
1,2,23,24-23,direct,1,1,0.270497,0.914821,-0.644323,0.185318,1.65473,1.76866,0.00393561,0.250337,13719,6696,0.013392,1,0
1,4,7,65-53-35-7,direct,1,1,0.244672,0.915401,-0.670729,0.160072,1.67838,1.79406,0.0187439,0.283469,44939,22185,0.04437,1,0
1,1,88,88,direct,1,1,0.285489,0.933721,-0.648232,0.21921,1.66275,1.79518,0.00323283,0.222997,45400,22528,0.045056,1,0
1,6,12,109-96-70-35-26-12,direct,1,1,0.318762,0.916612,-0.59785,0.235373,1.61509,1.77837,0.0186597,0.208925,98460,48760,0.09752,1,0
1,2,6,38-6,direct,1,1,0.266493,0.915763,-0.64927,0.182256,1.65931,1.78558,0.0141259,0.293269,20250,9956,0.019912,1,0
1,6,14,113-104-82-80-38-14,direct,1,1,0.20179,0.921003,-0.719213,0.122793,1.72359,1.80327,0.00989601,0.238526,119784,59340,0.11868,1,0
1,5,19,117-82-58-31-19,direct,1,1,0.186749,0.91675,-0.730001,0.103499,1.73309,1.79824,0.00329896,0.268012,94229,46689,0.093378,1,0
1,6,1,111-81-35-22-15-1,direct,1,1,0.16581,0.864153,-0.698344,0.0299633,1.69861,1.71857,0.00173209,0.422882,83499,41357,0.082714,1,0
1,6,1,83-55-35-30-15-1,direct,1,1,0.146734,0.863095,-0.716362,0.00982875,1.71639,1.72257,0.000457946,0.393308,59199,29253,0.058506,1,0
1,1,33,33,direct,1,1,0.247369,0.927261,-0.679892,0.174629,1.68894,1.79682,0.0041074,0.250946,17185,8448,0.016896,1,0
1,1,8,8,direct,1,1,0.295457,0.922917,-0.62746,0.218373,1.64205,1.77121,0.00151141,0.262255,4360,2048,0.004096,1,0
1,4,41,73-66-61-41,direct,1,1,0.252885,0.923697,-0.670812,0.176581,1.68012,1.79128,0.00917205,0.180399,60763,30033,0.060066,1,0
1,1,52,52,direct,1,1,0.287682,0.930779,-0.643097,0.218462,1.65756,1.79105,0.00441159,0.241281,26932,13312,0.026624,1,0
1,1,38,38,direct,1,1,0.255868,0.930385,-0.674517,0.186253,1.68484,1.79767,0.00349592,0.246843,19750,9728,0.019456,1,0
1,5,15,111-46-40-30-15,direct,1,1,0.283903,0.91455,-0.630647,0.198453,1.64268,1.78587,0.01934,0.235672,74749,37012,0.074024,1,0
1,3,13,86-42-13,direct,1,1,0.228706,0.920116,-0.69141,0.148822,1.69794,1.79349,0.00869616,0.271298,52873,26174,0.052348,1,0
1,5,9,115-111-58-22-9,direct,1,1,0.217545,0.918372,-0.700827,0.135916,1.70625,1.79674,0.00984639,0.305638,101111,50117,0.100234,1,0
1,6,12,74-67-50-42-35-12,direct,1,1,0.264388,0.922167,-0.657779,0.186555,1.66824,1.79313,0.0169104,0.248594,63288,31242,0.062484,1,0
1,6,18,120-117-78-53-32-18,direct,1,1,0.209792,0.920547,-0.710755,0.130339,1.71571,1.80515,0.0114102,0.275386,121658,60292,0.120584,1,0
1,4,9,111-58-22-9,direct,1,1,0.25838,0.918651,-0.660271,0.177031,1.66968,1.78883,0.0147047,0.257449,73303,36328,0.072656,1,0
1,1,79,79,direct,1,1,0.29732,0.931204,-0.633883,0.228524,1.64979,1.78798,0.00331017,0.228458,40783,20224,0.040448,1,0
1,4,41,117-116-78-41,direct,1,1,0.254424,0.92629,-0.671867,0.180714,1.68161,1.78963,0.0019445,0.275107,112459,55770,0.11154,1,0
1,3,18,38-31-18,direct,1,1,0.28743,0.917997,-0.630567,0.205426,1.64346,1.78257,0.0134152,0.252413,23340,11464,0.022928,1,0
1,6,6,74-70-67-26-12-6,direct,1,1,0.194638,0.908488,-0.71385,0.103126,1.71695,1.78955,0.0160498,0.314907,62640,30940,0.06188,1,0
2,6,26,74-70-67-42-35-26,direct,1,1,0.25936,0.917699,-0.658339,0.17706,1.66776,1.77571,0.00526762,0.201062,68874,34008,0.068016,1,0
2,1,93,93,direct,1,1,0.296396,0.933397,-0.637002,0.229793,1.65305,1.79266,0.00355089,0.222234,47965,23808,0.047616,1,0
2,6,26,109-67-42-41-35-26,direct,1,1,0.202672,0.911671,-0.708998,0.114343,1.71282,1.78501,0.00476143,0.181961,85046,42088,0.084176,1,0
2,3,38,63-50-38,direct,1,1,0.242754,0.926079,-0.683325,0.168833,1.69177,1.79833,0.00651731,0.20387,42876,21178,0.042356,1,0
2,1,68,68,direct,1,1,0.273469,0.93147,-0.658001,0.204939,1.67062,1.79403,0.0039999,0.229895,35140,17408,0.034816,1,0
2,3,12,126-45-12,direct,1,1,0.262544,0.920139,-0.657595,0.182683,1.66763,1.78056,0.00469954,0.306395,77542,38466,0.076932,1,0
2,3,18,91-31-18,direct,1,1,0.258162,0.923457,-0.665295,0.181619,1.67517,1.79183,0.0099283,0.294821,53868,26675,0.05335,1,0
2,4,9,125-119-47-9,direct,1,1,0.26235,0.926705,-0.664355,0.189054,1.67506,1.79401,0.00682595,0.387248,106629,52891,0.105782,1,0
2,1,117,117,direct,1,1,0.281633,0.934144,-0.652511,0.215777,1.66654,1.79391,0.00117298,0.213836,60277,29952,0.059904,1,0
2,4,9,52-47-45-9,direct,1,1,0.266388,0.926734,-0.660346,0.193123,1.67154,1.80032,0.0150117,0.305275,37105,18276,0.036552,1,0
2,1,55,55,direct,1,1,0.264569,0.930406,-0.665838,0.194975,1.67721,1.79221,0.00060657,0.236516,28471,14080,0.02816,1,0
2,2,59,99-59,direct,1,1,0.263206,0.925285,-0.662079,0.18849,1.67273,1.78926,0.00464061,0.192182,62883,31185,0.06237,1,0
2,5,8,96-58-31-9-8,direct,1,1,0.247081,0.908284,-0.661203,0.155364,1.66845,1.77928,0.0202194,0.292556,65238,32293,0.064586,1,0
2,1,109,109,direct,1,1,0.293024,0.933807,-0.640783,0.22683,1.65639,1.79076,0.00137695,0.216684,56173,27904,0.055808,1,0
2,5,41,109-96-50-42-41,direct,1,1,0.233015,0.924413,-0.691398,0.157428,1.69871,1.79537,0.00464545,0.205389,94871,46990,0.09398,1,0
2,5,12,112-96-35-26-12,direct,1,1,0.263019,0.915377,-0.652358,0.178396,1.66196,1.78293,0.0140509,0.297631,88818,44006,0.088012,1,0
2,4,18,99-38-31-18,direct,1,1,0.224059,0.923787,-0.699728,0.147847,1.70615,1.80594,0.0130144,0.263251,62294,30842,0.061684,1,0
2,6,1,83-46-35-22-15-1,direct,1,1,0.155433,0.864947,-0.709514,0.0203797,1.70964,1.72213,0.000680373,0.415114,56241,27791,0.055582,1,0
2,1,105,105,direct,1,1,0.30598,0.934864,-0.628884,0.240844,1.64659,1.79117,0.00247223,0.217649,54121,26880,0.05376,1,0
2,5,15,83-46-35-30-15,direct,1,1,0.202723,0.916596,-0.713873,0.119319,1.71802,1.79056,0.00212152,0.264268,57011,28176,0.056352,1,0
2,5,9,81-58-43-31-9,direct,1,1,0.229303,0.916564,-0.687261,0.145867,1.69355,1.80272,0.0167845,0.325261,59771,29540,0.05908,1,0
2,1,51,51,direct,1,1,0.284983,0.928911,-0.643928,0.213894,1.65778,1.79008,0.00501016,0.238566,26419,13056,0.026112,1,0
2,1,110,110,direct,1,1,0.297707,0.934648,-0.63694,0.232355,1.65335,1.79278,0.0023937,0.214766,56686,28160,0.05632,1,0
2,6,1,83-55-30-29-15-1,direct,1,1,0.158241,0.864683,-0.706441,0.0229238,1.7066,1.72053,0.000700125,0.434794,58247,28783,0.057566,1,0
2,3,9,85-47-9,direct,1,1,0.196576,0.916446,-0.719871,0.113022,1.72358,1.79626,0.00525087,0.31019,52885,26178,0.052356,1,0
2,6,1,112-81-35-22-15-1,direct,1,1,0.161756,0.864815,-0.703059,0.0265711,1.70327,1.72232,0.00249723,0.284972,84175,41694,0.083388,1,0
3,3,46,120-111-46,direct,1,1,0.269535,0.925037,-0.655503,0.194572,1.6669,1.78279,0.00139758,0.238983,99056,49146,0.098292,1,0
3,6,1,111-55-40-22-15-1,direct,1,1,0.160769,0.861772,-0.701003,0.0225416,1.70115,1.71962,0.00420631,0.328007,76635,37946,0.075892,1,0
3,2,38,63-38,direct,1,1,0.282341,0.924272,-0.641932,0.206613,1.65488,1.79193,0.0116848,0.225162,37464,18522,0.037044,1,0
3,6,1,83-78-55-35-22-1,direct,1,1,0.172707,0.866138,-0.693431,0.0388442,1.69388,1.7221,0.00397526,0.369534,70261,34729,0.069458,1,0
3,5,15,111-55-35-30-15,direct,1,1,0.182221,0.915203,-0.732982,0.0974238,1.73572,1.80138,0.00919406,0.187838,76625,37946,0.075892,1,0
3,6,3,101-91-84-77-43-3,direct,1,1,0.234675,0.912831,-0.678156,0.147506,1.68463,1.80567,0.0262091,0.384542,106249,52599,0.105198,1,0
3,6,35,109-96-70-50-42-35,direct,1,1,0.272726,0.918477,-0.645751,0.191203,1.65682,1.7809,0.0092979,0.194823,105341,52158,0.104316,1,0
3,6,26,109-70-69-67-35-26,direct,1,1,0.23612,0.922624,-0.686505,0.158744,1.69396,1.79494,0.00623124,0.238582,97466,48242,0.096484,1,0
3,2,79,112-79,direct,1,1,0.283993,0.928483,-0.64449,0.212475,1.65816,1.78995,0.00523376,0.192375,75599,37520,0.07504,1,0
3,3,79,107-83-79,direct,1,1,0.265572,0.926276,-0.660704,0.191847,1.67175,1.78846,0.00336133,0.17918,86375,42830,0.08566,1,0
3,5,1,111-55-40-30-1,direct,1,1,0.157619,0.862566,-0.704947,0.0201854,1.70507,1.71884,0.00176128,0.25363,76631,37951,0.075902,1,0
3,6,42,115-74-70-67-50-42,direct,1,1,0.315155,0.921227,-0.606072,0.236382,1.62337,1.77953,0.0149034,0.192908,107590,53270,0.10654,1,0
3,5,12,66-59-49-26-12,direct,1,1,0.297172,0.925827,-0.628655,0.222998,1.64385,1.80564,0.0225685,0.278352,51202,25267,0.050534,1,0
3,5,26,66-59-49-38-26,direct,1,1,0.235275,0.918381,-0.683106,0.153656,1.69011,1.79299,0.0122724,0.248243,53768,26531,0.053062,1,0
3,5,1,83-55-35-15-1,direct,1,1,0.159026,0.865079,-0.706053,0.0241057,1.70622,1.72225,0.00160139,0.23768,57189,28278,0.056556,1,0
3,5,1,81-35-22-15-1,direct,1,1,0.160223,0.865608,-0.705385,0.0258317,1.70558,1.72146,0.0007876,0.468307,49935,24686,0.049372,1,0
3,2,9,63-9,direct,1,1,0.190871,0.920679,-0.729808,0.11155,1.7334,1.80177,0.00318171,0.261411,33781,16695,0.03339,1,0
3,6,6,109-70-67-42-26-6,direct,1,1,0.276967,0.908333,-0.631366,0.1853,1.64186,1.8123,0.0610737,0.389437,89462,44286,0.088572,1,0
3,1,59,59,direct,1,1,0.299385,0.931907,-0.632523,0.231292,1.64883,1.79109,0.00522613,0.236209,30523,15104,0.030208,1,0
3,5,1,59-55-35-30-1,direct,1,1,0.162694,0.868254,-0.70556,0.0309482,1.70584,1.72466,0.000566482,0.235297,43323,21354,0.042708,1,0
3,6,1,83-55-35-22-15-1,direct,1,1,0.157026,0.864815,-0.707789,0.0218407,1.70793,1.72182,0.00152908,0.480589,58383,28853,0.057706,1,0
4,2,55,111-55,direct,1,1,0.276128,0.927246,-0.651118,0.203374,1.6636,1.78735,0.00434005,0.197855,69575,34521,0.069042,1,0
4,2,27,93-27,direct,1,1,0.245304,0.926984,-0.68168,0.172288,1.69048,1.79513,0.00306663,0.241306,53107,26319,0.052638,1,0
4,5,1,111-46-40-15-1,direct,1,1,0.162228,0.864683,-0.702455,0.0269106,1.70267,1.72075,0.001641,0.414855,72635,35977,0.071954,1,0
4,6,35,74-67-50-42-41-35,direct,1,1,0.276547,0.925291,-0.648744,0.201838,1.66105,1.78801,0.00934349,0.223345,65857,32509,0.065018,1,0
4,6,1,111-110-81-35-15-1,direct,1,1,0.163212,0.864153,-0.700942,0.0273653,1.70116,1.7177,0.000379916,0.27251,106783,52911,0.105822,1,0
4,2,18,38-18,direct,1,1,0.217119,0.921333,-0.704214,0.138452,1.70983,1.79933,0.00646607,0.241125,21174,10412,0.020824,1,0
4,5,15,111-55-40-22-15,direct,1,1,0.21905,0.914215,-0.695165,0.133265,1.7004,1.78579,0.00708728,0.232812,76589,37931,0.075862,1,0
4,2,66,80-66,direct,1,1,0.289021,0.928465,-0.639444,0.217487,1.65381,1.78766,0.0054081,0.171047,52002,25760,0.05152,1,0
4,5,1,111-46-37-15-1,direct,1,1,0.164354,0.865079,-0.700725,0.0294337,1.70098,1.71976,0.00169711,0.441604,72263,35794,0.071588,1,0
4,1,91,91,direct,1,1,0.286381,0.933415,-0.647034,0.219796,1.66163,1.79393,0.00337416,0.222684,46939,23296,0.046592,1,0
4,1,57,57,direct,1,1,0.272002,0.92907,-0.657068,0.201073,1.66922,1.79161,0.00335465,0.238526,29497,14592,0.029184,1,0
4,3,40,112-79-40,direct,1,1,0.282595,0.925403,-0.642808,0.207999,1.65592,1.78618,0.00601507,0.233649,82038,40680,0.08136,1,0
4,4,6,80-49-26-6,direct,1,1,0.305076,0.93265,-0.627574,0.237726,1.64484,1.79479,0.00895033,0.340873,52232,25830,0.05166,1,0
4,6,22,80-66-59-49-26-22,direct,1,1,0.197675,0.919126,-0.721451,0.1168,1.72541,1.79629,0.00208078,0.252186,69620,34391,0.068782,1,0
4,1,120,120,direct,1,1,0.283363,0.934001,-0.650638,0.217364,1.66489,1.79338,0.000828715,0.21176,61816,30720,0.06144,1,0
4,6,1,111-46-34-30-15-1,direct,1,1,0.161433,0.863889,-0.702456,0.0253218,1.70264,1.72105,0.00264008,0.356278,73871,36571,0.073142,1,0
4,6,1,83-46-35-30-15-1,direct,1,1,0.161639,0.864286,-0.702646,0.0259251,1.70284,1.72076,0.00262841,0.545455,57057,28191,0.056382,1,0
4,6,6,59-55-42-35-26-6,direct,1,1,0.28987,0.91153,-0.62166,0.2014,1.63412,1.76884,0.0149792,0.226544,47086,23195,0.04639,1,0
5,5,1,93-35-30-27-1,direct,1,1,0.15853,0.865741,-0.707211,0.0242707,1.70738,1.72204,0.000511631,0.330844,58527,28950,0.0579,1,0
5,1,67,67,direct,1,1,0.261882,0.930648,-0.668767,0.19253,1.67984,1.79572,0.00385225,0.232576,34627,17152,0.034304,1,0
5,2,27,59-27,direct,1,1,0.234652,0.924074,-0.689422,0.158726,1.69686,1.79672,0.00876559,0.226906,33795,16697,0.033394,1,0
5,6,6,83-55-35-26-12-6,direct,1,1,0.212573,0.908223,-0.69565,0.120796,1.69995,1.79264,0.0203228,0.442007,58748,29032,0.058064,1,0
5,1,111,111,direct,1,1,0.281699,0.933165,-0.651466,0.214865,1.66538,1.79406,0.00211669,0.215598,57199,28416,0.056832,1,0
5,5,1,111-46-37-26-1,direct,1,1,0.157709,0.864153,-0.706444,0.0218624,1.70658,1.72157,0.00186228,0.216689,73121,36212,0.072424,1,0
5,6,1,87-46-35-30-15-1,direct,1,1,0.168029,0.866667,-0.698637,0.0346962,1.69899,1.72248,0.00317879,0.610767,59481,29399,0.058798,1,0
5,2,14,111-14,direct,1,1,0.211168,0.922222,-0.711054,0.13339,1.71625,1.7974,0.00230039,0.298816,60432,29970,0.05994,1,0
5,6,1,67-35-34-26-15-1,direct,1,1,0.15623,0.865873,-0.709643,0.022103,1.70979,1.72533,0.00183394,0.442838,44563,21976,0.043952,1,0
5,2,23,111-23,direct,1,1,0.254695,0.925943,-0.671249,0.180638,1.68098,1.79212,0.0042106,0.264031,62439,30969,0.061938,1,0
5,5,1,111-101-46-37-1,direct,1,1,0.154894,0.865344,-0.71045,0.0202382,1.71057,1.72499,0.00359692,0.368998,92871,46012,0.092024,1,0
5,1,24,24,direct,1,1,0.27535,0.924713,-0.649363,0.200063,1.66145,1.7843,0.00411167,0.253669,12568,6144,0.012288,1,0
5,1,46,46,direct,1,1,0.266637,0.931366,-0.66473,0.198003,1.67646,1.7993,0.00487458,0.241969,23854,11776,0.023552,1,0
5,3,46,90-83-46,direct,1,1,0.271007,0.928094,-0.657087,0.199101,1.66901,1.7919,0.00807648,0.216716,69304,34328,0.068656,1,0
5,1,43,43,direct,1,1,0.292777,0.929091,-0.636314,0.221869,1.65129,1.79096,0.0107307,0.245764,22315,11008,0.022016,1,0
5,6,1,99-81-35-22-15-1,direct,1,1,0.163045,0.86336,-0.700315,0.0264049,1.70052,1.72071,0.00357815,0.287832,75387,37313,0.074626,1,0
5,2,31,89-31,direct,1,1,0.291149,0.927812,-0.636663,0.21896,1.65125,1.78595,0.00522551,0.226583,51551,25543,0.051086,1,0
5,6,1,85-83-67-42-35-1,direct,1,1,0.164605,0.86455,-0.699945,0.0291552,1.7002,1.71926,0.00222191,0.224463,78271,38695,0.07739,1,0
5,2,55,59-55,direct,1,1,0.256189,0.927576,-0.671387,0.183765,1.68146,1.79871,0.00886505,0.193276,37127,18349,0.036698,1,0
5,3,6,89-50-6,direct,1,1,0.179963,0.914131,-0.734168,0.0940947,1.73672,1.80835,0.0142748,0.331252,55608,27534,0.055068,1,0
5,5,15,111-81-36-22-15,direct,1,1,0.166064,0.916755,-0.750691,0.0828187,1.75265,1.80355,0.0018697,0.265899,83661,41445,0.08289,1,0
6,5,1,111-46-18-15-1,direct,1,1,0.155617,0.864418,-0.708801,0.0200349,1.70892,1.72403,0.002483,0.319899,69907,34635,0.06927,1,0
6,2,24,81-24,direct,1,1,0.264986,0.923341,-0.658355,0.188327,1.66901,1.79103,0.00868351,0.223546,45802,22680,0.04536,1,0
6,5,1,110-55-35-30-1,direct,1,1,0.168733,0.863757,-0.695024,0.0324895,1.69534,1.71929,0.0036444,0.396069,75147,37215,0.07443,1,0
6,2,8,128-8,direct,1,1,0.204517,0.913889,-0.709372,0.118406,1.71347,1.80202,0.0164719,0.367964,68104,33792,0.067584,1,0
6,6,1,110-81-35-26-15-1,direct,1,1,0.168413,0.864683,-0.696269,0.0330959,1.69659,1.72039,0.00383529,0.411808,83231,41220,0.08244,1,0
6,1,44,44,direct,1,1,0.273808,0.93006,-0.656252,0.203867,1.66875,1.79265,0.00625734,0.240208,22828,11264,0.022528,1,0
6,5,1,111-81-22-15-1,direct,1,1,0.160954,0.865741,-0.704787,0.026695,1.705,1.72162,0.000698108,0.343774,79783,39534,0.079068,1,0
6,2,26,112-26,direct,1,1,0.239647,0.925977,-0.68633,0.165624,1.69444,1.79623,0.00345097,0.253529,63674,31584,0.063168,1,0
6,6,1,89-55-35-30-7-1,direct,1,1,0.159203,0.864815,-0.705611,0.0240182,1.70578,1.72406,0.00297808,0.447548,62431,30871,0.061742,1,0
6,2,81,112-81,direct,1,1,0.268469,0.927254,-0.658785,0.195722,1.67029,1.78842,0.00263879,0.193102,76049,37744,0.075488,1,0
6,6,15,110-97-87-35-26-15,direct,1,1,0.212891,0.918201,-0.70531,0.131092,1.71034,1.79203,0.00690101,0.257578,104209,51614,0.103228,1,0
6,3,26,92-72-26,direct,1,1,0.2582,0.922741,-0.664541,0.180941,1.67435,1.78805,0.00574943,0.244992,64706,32048,0.064096,1,0
6,2,24,46-24,direct,1,1,0.177882,0.924091,-0.746208,0.101973,1.74918,1.81095,0.00216064,0.194257,26132,12880,0.02576,1,0
6,1,104,104,direct,1,1,0.272815,0.932635,-0.65982,0.20545,1.67249,1.79427,0.00169825,0.217403,53608,26624,0.053248,1,0
6,6,1,112-79-35-22-15-1,direct,1,1,0.160315,0.863889,-0.703574,0.0242042,1.70375,1.72119,0.0027637,0.280715,83583,41400,0.0828,1,0
6,2,32,87-32,direct,1,1,0.249358,0.925719,-0.676361,0.175078,1.68548,1.79354,0.00477299,0.237162,50574,25056,0.050112,1,0
6,5,1,59-55-35-15-1,direct,1,1,0.162483,0.868915,-0.706433,0.031398,1.70672,1.72763,0.00178681,0.241595,42213,20814,0.041628,1,0
6,3,15,46-24-15,direct,1,1,0.257881,0.917848,-0.659967,0.17573,1.66924,1.78447,0.0134363,0.218044,26891,13240,0.02648,1,0
6,6,1,88-73-46-37-15-1,direct,1,1,0.172133,0.865344,-0.693211,0.0374771,1.69363,1.72075,0.00375155,0.493687,69939,34582,0.069164,1,0
6,3,48,94-76-48,direct,1,1,0.272516,0.927519,-0.655003,0.200034,1.66705,1.79003,0.00426446,0.228681,70356,34856,0.069712,1,0
6,6,1,111-55-35-30-15-1,direct,1,1,0.166587,0.864286,-0.697699,0.0308723,1.69798,1.72027,0.00537093,0.366503,76671,37961,0.075922,1,0
7,2,55,83-55,direct,1,1,0.287397,0.929177,-0.64178,0.216575,1.656,1.78767,0.00425275,0.20108,52103,25813,0.051626,1,0
7,1,85,85,direct,1,1,0.301331,0.933302,-0.631971,0.234633,1.64875,1.7899,0.00371208,0.224568,43861,21760,0.04352,1,0
7,5,1,88-48-37-15-1,direct,1,1,0.166771,0.865476,-0.698706,0.0322468,1.69901,1.72037,0.00180671,0.449204,58829,29098,0.058196,1,0
7,6,1,88-46-37-35-15-1,direct,1,1,0.168094,0.864815,-0.696721,0.0329088,1.69704,1.71939,0.00239104,0.439673,60925,30113,0.060226,1,0
7,5,1,60-55-29-15-1,direct,1,1,0.161708,0.865079,-0.703372,0.0267872,1.70358,1.72293,0.0030277,0.3109,41985,20705,0.04141,1,0
7,3,24,72-53-24,direct,1,1,0.219587,0.925209,-0.705622,0.144797,1.71176,1.79848,0.00223084,0.2702,47570,23520,0.04704,1,0
7,6,1,111-79-30-29-15-1,direct,1,1,0.167433,0.864286,-0.696853,0.0317184,1.69715,1.7199,0.00295572,0.399571,82535,40875,0.08175,1,0
7,5,1,75-55-26-15-1,direct,1,1,0.166476,0.866005,-0.69953,0.0324809,1.69984,1.72046,0.00165396,0.376146,50919,25160,0.05032,1,0
7,5,1,111-55-35-30-1,direct,1,1,0.16019,0.865344,-0.705154,0.0255334,1.70535,1.72163,0.00116671,0.400559,75771,37526,0.075052,1,0
7,6,1,111-48-37-15-4-1,direct,1,1,0.159845,0.864947,-0.705102,0.0247924,1.70528,1.72164,0.00132535,0.632958,72965,36139,0.072278,1,0
7,1,12,12,direct,1,1,0.290942,0.925562,-0.63462,0.216504,1.6489,1.78145,0.00429918,0.24804,6412,3072,0.006144,1,0
7,6,1,46-43-35-30-15-1,direct,1,1,0.166804,0.866799,-0.699995,0.0336032,1.70033,1.72142,0.00139664,0.769962,34143,16774,0.033548,1,0
7,6,1,111-40-23-22-15-1,direct,1,1,0.163548,0.864947,-0.701399,0.0284956,1.70164,1.7212,0.00229032,0.577881,69933,34627,0.069254,1,0
7,5,1,88-46-30-15-1,direct,1,1,0.158311,0.865344,-0.707033,0.023655,1.7072,1.72349,0.00225886,0.313844,57457,28421,0.056842,1,0
7,3,78,83-79-78,direct,1,1,0.279034,0.92761,-0.648576,0.206644,1.66148,1.7873,0.00645732,0.17565,68592,33967,0.067934,1,0
7,2,46,111-46,direct,1,1,0.301305,0.926731,-0.625427,0.228036,1.64134,1.78686,0.00844087,0.211073,67568,33522,0.067044,1,0
7,6,1,83-67-42-35-26-1,direct,1,1,0.170626,0.866138,-0.695511,0.0367636,1.69591,1.72063,0.00258254,0.431164,64821,32029,0.064058,1,0
7,2,46,96-46,direct,1,1,0.25484,0.926199,-0.671359,0.181039,1.68114,1.79342,0.0044078,0.211449,58478,28992,0.057984,1,0
7,5,1,83-35-22-12-1,direct,1,1,0.158589,0.862566,-0.703977,0.0211554,1.70411,1.72243,0.00459947,0.359984,50959,25199,0.050398,1,0
7,2,79,83-79,direct,1,1,0.25958,0.928141,-0.668561,0.187721,1.67909,1.79046,0.00165335,0.181812,56111,27805,0.05561,1,0
8,5,1,48-37-24-15-1,direct,1,1,0.163472,0.865079,-0.701607,0.0285513,1.70185,1.72098,0.00231663,0.517865,31159,15327,0.030654,1,0
8,1,81,81,direct,1,1,0.280612,0.931957,-0.651345,0.212569,1.66497,1.7935,0.00386077,0.227505,41809,20736,0.041472,1,0
8,2,51,104-51,direct,1,1,0.250889,0.926471,-0.675581,0.17736,1.68494,1.78984,0.000813301,0.195886,64371,31928,0.063856,1,0
8,2,48,111-48,direct,1,1,0.280428,0.928425,-0.647997,0.208853,1.66118,1.78645,0.00375613,0.222135,68014,33744,0.067488,1,0
8,4,1,75-55-26-1,direct,1,1,0.16546,0.866667,-0.701207,0.0321263,1.70151,1.72248,0.00265535,0.401309,50131,24781,0.049562,1,0
8,3,35,127-55-35,direct,1,1,0.27808,0.922302,-0.644221,0.200382,1.65639,1.78124,0.00699954,0.24478,83499,41422,0.082844,1,0
8,5,1,81-35-27-15-1,direct,1,1,0.154447,0.865079,-0.710632,0.0195266,1.71074,1.72275,0.000406418,0.458523,50445,24936,0.049872,1,0
8,5,1,88-46-35-15-1,direct,1,1,0.160056,0.864021,-0.703965,0.0240771,1.70414,1.72269,0.00453824,0.296222,58077,28726,0.057452,1,0
8,2,81,100-81,direct,1,1,0.262838,0.93083,-0.667991,0.193668,1.6792,1.79378,0.000961381,0.184613,67937,33700,0.0674,1,0
8,1,112,112,direct,1,1,0.296078,0.934721,-0.638643,0.230799,1.65482,1.79194,0.00137543,0.214064,57712,28672,0.057344,1,0
8,5,15,83-55-30-29-15,direct,1,1,0.251344,0.917002,-0.665657,0.168346,1.67414,1.78497,0.0103787,0.275028,58201,28768,0.057536,1,0
8,5,1,126-88-37-15-1,direct,1,1,0.160967,0.865344,-0.704377,0.0263105,1.70458,1.72117,0.00164786,0.271836,95129,47170,0.09434,1,0
8,5,1,90-75-35-15-1,direct,1,1,0.163444,0.866534,-0.70309,0.0299785,1.70335,1.72131,0.000492858,0.357036,66597,32955,0.06591,1,0
8,5,1,55-40-30-24-1,direct,1,1,0.148693,0.865212,-0.716519,0.0139044,1.71658,1.72861,0.00534804,0.474537,37003,18224,0.036448,1,0
8,2,7,24-7,direct,1,1,0.28288,0.912642,-0.629762,0.195522,1.64145,1.77806,0.0187064,0.333093,12935,6312,0.012624,1,0
8,6,1,110-35-30-24-2-1,direct,1,1,0.154682,0.865741,-0.711058,0.0204232,1.71118,1.72394,0.000810973,0.420342,68319,33830,0.06766,1,0
8,3,46,124-55-46,direct,1,1,0.235609,0.924626,-0.689017,0.160235,1.6966,1.79344,0.00291822,0.233549,82848,41094,0.082188,1,0
8,6,1,81-22-21-15-12-1,direct,1,1,0.154566,0.86455,-0.709984,0.0191162,1.71009,1.72386,0.00182472,0.552531,47533,23487,0.046974,1,0
8,2,10,24-10,direct,1,1,0.320384,0.921561,-0.601177,0.241945,1.61935,1.7732,0.0085715,0.249623,13082,6384,0.012768,1,0
8,6,1,81-35-22-15-8-1,direct,1,1,0.159592,0.864815,-0.705223,0.0244067,1.7054,1.72128,0.00175074,0.575581,50177,24799,0.049598,1,0
8,5,15,104-62-35-22-15,direct,1,1,0.208697,0.921199,-0.712502,0.129897,1.71742,1.80017,0.00928013,0.270719,73401,36342,0.072684,1,0
8,2,4,24-4,direct,1,1,0.286498,0.910747,-0.624249,0.197246,1.63618,1.77744,0.0185446,0.356056,12788,6240,0.01248,1,0
9,5,1,55-46-35-30-1,direct,1,1,0.162714,0.864947,-0.702233,0.0276612,1.70246,1.72418,0.00459657,0.530099,39189,19300,0.0386,1,0
9,4,1,55-35-30-1,direct,1,1,0.165289,0.866005,-0.700716,0.0312944,1.701,1.72401,0.00388866,0.397185,34667,17085,0.03417,1,0
9,5,1,91-46-43-30-1,direct,1,1,0.168352,0.864286,-0.695934,0.0326372,1.69625,1.71845,0.00219853,0.467804,62237,30780,0.06156,1,0
9,5,15,46-40-24-22-15,direct,1,1,0.308756,0.915961,-0.607205,0.224717,1.62284,1.78324,0.0231471,0.204859,31403,15434,0.030868,1,0
9,6,1,111-81-35-24-22-1,direct,1,1,0.160219,0.864815,-0.704596,0.0250338,1.70478,1.72308,0.00256873,0.17865,84067,41632,0.083264,1,0
9,6,1,113-75-55-26-15-1,direct,1,1,0.153775,0.86336,-0.709585,0.0171348,1.70967,1.72336,0.00353733,0.196517,87551,43363,0.086726,1,0
9,6,1,40-24-23-22-15-1,direct,1,1,0.151415,0.863095,-0.71168,0.0145101,1.71174,1.72406,0.00345918,0.687593,25711,12603,0.025206,1,0
9,1,48,48,direct,1,1,0.260629,0.930035,-0.669405,0.190664,1.68026,1.79299,0.000817414,0.242049,24880,12288,0.024576,1,0
9,4,1,110-55-30-1,direct,1,1,0.168963,0.864021,-0.695058,0.0329843,1.69538,1.72223,0.00534954,0.382,72427,35890,0.07178,1,0
9,3,11,24-23-11,direct,1,1,0.318524,0.919529,-0.601004,0.238053,1.61861,1.76423,0.00463761,0.229241,14259,6949,0.013898,1,0
9,6,1,111-40-22-15-14-1,direct,1,1,0.157096,0.862831,-0.705735,0.0199267,1.70585,1.72047,0.00297059,0.493612,69241,34290,0.06858,1,0
9,2,107,111-107,direct,1,1,0.270208,0.927354,-0.657146,0.197561,1.66888,1.78782,0.00270179,0.148022,81171,40293,0.080586,1,0
9,1,40,40,direct,1,1,0.252106,0.928525,-0.676419,0.180631,1.68612,1.79312,0.00149771,0.245376,20776,10240,0.02048,1,0
9,1,50,50,direct,1,1,0.282362,0.930712,-0.64835,0.213073,1.66206,1.78911,0.00163758,0.242402,25906,12800,0.0256,1,0
9,6,1,83-81-35-15-8-1,direct,1,1,0.154076,0.864286,-0.71021,0.0183618,1.71031,1.7233,0.00178012,0.474156,63619,31459,0.062918,1,0
10,6,1,70-67-59-30-15-1,direct,1,1,0.155961,0.86455,-0.708589,0.0205111,1.70871,1.72247,0.00131421,0.337919,58335,28798,0.057596,1,0
10,2,18,24-18,direct,1,1,0.292159,0.918357,-0.626197,0.210516,1.63977,1.76594,0.00311688,0.20916,13474,6576,0.013152,1,0
10,2,20,88-20,direct,1,1,0.240148,0.92414,-0.683992,0.164288,1.69199,1.78978,0.00119773,0.237425,49028,24288,0.048576,1,0
10,6,1,103-83-81-35-15-1,direct,1,1,0.164417,0.864683,-0.700266,0.0290994,1.70051,1.71922,0.00159401,0.280164,90921,45015,0.09003,1,0
10,1,126,126,direct,1,1,0.289505,0.933449,-0.643944,0.222953,1.65899,1.79179,0.00171841,0.208722,64894,32256,0.064512,1,0
10,2,8,112-8,direct,1,1,0.174025,0.91422,-0.740195,0.0882442,1.74243,1.80782,0.00989601,0.336207,59624,29568,0.059136,1,0
10,4,1,127-55-35-1,direct,1,1,0.158018,0.864815,-0.706796,0.0228332,1.70695,1.72144,0.00125818,0.332861,83605,41457,0.082914,1,0
10,4,1,46-30-5-1,direct,1,1,0.149696,0.863757,-0.714061,0.0134527,1.71411,1.72508,0.00327512,0.506859,27041,13311,0.026622,1,0
10,6,1,110-83-81-35-15-1,direct,1,1,0.162758,0.863095,-0.700337,0.0258532,1.70053,1.71907,0.00461567,0.236746,95681,47388,0.094776,1,0
10,5,1,37-24-15-8-1,direct,1,1,0.161432,0.866138,-0.704706,0.0275692,1.70493,1.72501,0.00443301,0.814827,22121,10848,0.021696,1,0
10,5,1,46-43-30-5-1,direct,1,1,0.163643,0.866138,-0.702494,0.0297808,1.70275,1.72169,0.00146582,0.835861,30903,15199,0.030398,1,0
10,5,1,110-83-22-15-1,direct,1,1,0.154344,0.864286,-0.709942,0.0186294,1.71004,1.72216,0.00132314,0.28116,79639,39461,0.078922,1,0
10,6,15,112-81-35-34-22-15,direct,1,1,0.149246,0.922928,-0.773681,0.0721741,1.77515,1.83058,0.0108021,0.344924,86533,42847,0.085694,1,0
10,2,56,124-56,direct,1,1,0.281742,0.929556,-0.647814,0.211299,1.66131,1.78938,0.00527963,0.213353,77936,38688,0.077376,1,0
10,2,8,24-8,direct,1,1,0.217122,0.906366,-0.689244,0.123488,1.69375,1.77699,0.00771863,0.224592,12984,6336,0.012672,1,0
10,5,1,88-37-35-15-1,direct,1,1,0.15632,0.865212,-0.708892,0.0215312,1.70903,1.72352,0.00132864,0.451215,55845,27619,0.055238,1,0
10,6,1,111-43-35-30-15-1,direct,1,1,0.158512,0.864683,-0.706171,0.0231944,1.70633,1.72098,0.00106286,0.373215,73143,36209,0.072418,1,0
10,3,4,112-35-4,direct,1,1,0.213073,0.910681,-0.697608,0.123755,1.70211,1.80497,0.0223155,0.380486,66018,32732,0.065464,1,0
10,2,110,111-110,direct,1,1,0.273422,0.930675,-0.657253,0.204096,1.66977,1.7921,0.00201276,0.163582,81840,40626,0.081252,1,0
10,2,26,68-26,direct,1,1,0.238338,0.921215,-0.682877,0.159553,1.69042,1.78859,0.0038287,0.22261,38770,19176,0.038352,1,0
10,4,1,37-15-8-1,direct,1,1,0.145594,0.865741,-0.720146,0.011335,1.72018,1.72785,0.00102225,1.08504,20687,10155,0.02031,1,0
10,4,15,127-55-26-15,direct,1,1,0.200108,0.915026,-0.714919,0.115134,1.71878,1.79744,0.00818796,0.299236,83321,41317,0.082634,1,0
11,4,1,55-26-7-1,direct,1,1,0.171965,0.863624,-0.691659,0.0355896,1.69203,1.72198,0.00663051,0.659518,31831,15699,0.031398,1,0
11,2,66,93-66,direct,1,1,0.251583,0.927643,-0.676061,0.179226,1.68562,1.79195,0.00106262,0.186526,60400,29946,0.059892,1,0
11,4,15,127-55-35-15,direct,1,1,0.204914,0.917681,-0.712767,0.122595,1.71715,1.80225,0.0102061,0.332578,84599,41947,0.083894,1,0
11,3,23,81-24-23,direct,1,1,0.205443,0.920526,-0.715082,0.125969,1.7197,1.79873,0.0053036,0.247848,46953,23232,0.046464,1,0
11,5,11,111-35-23-15-11,direct,1,1,0.271934,0.91348,-0.641546,0.185414,1.65198,1.77592,0.0114273,0.281758,67867,33616,0.067232,1,0
11,1,23,23,direct,1,1,0.230542,0.927139,-0.696597,0.157682,1.70391,1.80095,0.00446735,0.248777,12055,5888,0.011776,1,0
11,4,38,120-117-53-38,direct,1,1,0.269559,0.922908,-0.653348,0.192467,1.66451,1.7827,0.00410107,0.232981,106824,52975,0.10595,1,0
11,6,1,75-55-26-25-15-1,direct,1,1,0.161673,0.86746,-0.705787,0.0291336,1.70604,1.72318,5.23119e-05,0.854351,52239,25795,0.05159,1,0
11,1,75,75,direct,1,1,0.277209,0.931335,-0.654126,0.208544,1.66722,1.79154,0.00153746,0.229539,38731,19200,0.0384,1,0
11,1,5,5,direct,1,1,0.292594,0.905317,-0.612724,0.197911,1.62482,1.7607,0.0151357,0.310229,2821,1280,0.00256,1,0
11,6,1,111-110-81-58-15-1,direct,1,1,0.171154,0.864815,-0.693661,0.0359684,1.69404,1.72036,0.00372652,0.24334,111245,55119,0.110238,1,0
11,1,2,2,direct,1,1,0.144612,0.876852,-0.73224,0.0214634,1.73237,1.75092,0.00440386,0.427512,1282,512,0.001024,1,0
11,5,1,127-55-35-15-1,direct,1,1,0.162516,0.865476,-0.702961,0.0279919,1.70319,1.72025,0.000466149,0.388594,84645,41962,0.083924,1,0
11,2,15,37-15,direct,1,1,0.252558,0.918492,-0.665934,0.17105,1.67469,1.79191,0.0129317,0.269906,20399,10027,0.020054,1,0
11,2,3,124-3,direct,1,1,0.240744,0.910229,-0.669485,0.150974,1.6763,1.80913,0.0431405,0.445043,64739,32116,0.064232,1,0
11,3,11,56-24-11,direct,1,1,0.297633,0.918675,-0.621042,0.216308,1.63541,1.7913,0.0220271,0.253969,32315,15944,0.031888,1,0
11,6,1,91-46-43-30-13-1,direct,1,1,0.163593,0.862831,-0.699238,0.0264238,1.69944,1.71801,0.00219746,0.467874,63009,31153,0.062306,1,0
11,5,5,100-43-40-23-5,direct,1,1,0.318233,0.920582,-0.602349,0.238815,1.62005,1.77449,0.0126799,0.343959,65983,32655,0.06531,1,0
11,6,1,88-69-37-15-8-1,direct,1,1,0.155403,0.864153,-0.70875,0.0195567,1.70886,1.72504,0.00442008,0.536764,64363,31836,0.063672,1,0
12,5,1,88-83-37-15-1,direct,1,1,0.15771,0.86627,-0.70856,0.0239793,1.70873,1.72471,0.00144745,0.284501,67649,33473,0.066946,1,0
12,5,15,37-30-24-23-15,direct,1,1,0.281205,0.908889,-0.627683,0.190094,1.63875,1.7645,0.0193852,0.312081,24897,12199,0.024398,1,0
12,6,1,43-40-23-22-15-1,direct,1,1,0.158015,0.864683,-0.706668,0.0226975,1.70682,1.72266,0.00212877,0.663125,29541,14499,0.028998,1,0
12,6,1,110-83-35-23-15-1,direct,1,1,0.157238,0.864286,-0.707047,0.0215242,1.70718,1.72188,0.00241008,0.474164,83509,41360,0.08272,1,0
12,6,1,81-35-26-15-2-1,direct,1,1,0.158616,0.86455,-0.705935,0.023166,1.70609,1.72431,0.00330947,0.469141,50381,24903,0.049806,1,0
12,2,23,26-23,direct,1,1,0.272064,0.927456,-0.655391,0.19952,1.66737,1.79389,0.0100007,0.255043,14839,7254,0.014508,1,0
12,2,21,111-21,direct,1,1,0.270312,0.923526,-0.653214,0.193839,1.66454,1.78235,0.00553161,0.262815,61993,30747,0.061494,1,0
12,6,1,91-24-23-22-15-1,direct,1,1,0.157502,0.86455,-0.707049,0.0220519,1.70719,1.72213,0.00231538,0.424994,54373,26883,0.053766,1,0
12,5,1,92-24-22-15-1,direct,1,1,0.161027,0.863492,-0.702465,0.0245189,1.70264,1.72042,0.00361099,0.420773,53829,26633,0.053266,1,0
12,4,30,46-43-37-30,direct,1,1,0.200605,0.919683,-0.719077,0.120288,1.72328,1.79738,0.00462671,0.204551,33448,16455,0.03291,1,0
12,6,1,81-35-26-22-15-1,direct,1,1,0.166305,0.866931,-0.700626,0.0332363,1.70095,1.72273,0.00165871,0.726529,51411,25398,0.050796,1,0
12,2,2,74-2,direct,1,1,0.386257,0.880026,-0.49377,0.266283,1.51732,1.83755,0.122413,0.371725,38590,19092,0.038184,1,0
12,6,5,40-37-30-24-15-5,direct,1,1,0.216519,0.893042,-0.676524,0.109561,1.6801,1.7479,0.00332418,0.374546,28523,13985,0.02797,1,0
12,5,1,83-40-23-15-1,direct,1,1,0.152587,0.864947,-0.71236,0.0175345,1.71245,1.72375,0.00129507,0.433971,52275,25848,0.051696,1,0
12,5,8,75-55-24-15-8,direct,1,1,0.259297,0.909392,-0.650094,0.168689,1.65869,1.76623,0.00687115,0.321039,50852,25125,0.05025,1,0
12,3,15,55-35-15,direct,1,1,0.247803,0.925811,-0.678008,0.173615,1.68697,1.80772,0.013602,0.309134,33511,16530,0.03306,1,0
12,5,1,24-23-22-9-1,direct,1,1,0.151996,0.864286,-0.712289,0.0162821,1.71237,1.72832,0.00864751,0.92579,15231,7409,0.014818,1,0
12,1,89,89,direct,1,1,0.295668,0.931731,-0.636063,0.227399,1.65179,1.78954,0.00464578,0.223198,45913,22784,0.045568,1,0
12,4,1,91-15-8-1,direct,1,1,0.154693,0.86455,-0.709857,0.0192431,1.70997,1.72278,0.00146443,0.509503,50063,24789,0.049578,1,0
12,6,1,88-81-46-35-15-1,direct,1,1,0.164055,0.864947,-0.700892,0.0290017,1.70114,1.72286,0.00337396,0.384343,71851,35532,0.071064,1,0
12,5,1,115-46-43-30-1,direct,1,1,0.152337,0.86336,-0.711023,0.0156966,1.7111,1.72373,0.00273421,0.424535,76781,38028,0.076056,1,0
12,2,27,83-27,direct,1,1,0.264114,0.928552,-0.664438,0.192666,1.67555,1.79964,0.0083587,0.227173,47427,23489,0.046978,1,0
12,2,17,37-17,direct,1,1,0.33666,0.919623,-0.582964,0.256283,1.60358,1.77067,0.0132175,0.188087,20549,10101,0.020202,1,0
12,2,64,111-64,direct,1,1,0.25712,0.926897,-0.669777,0.184017,1.67989,1.79125,0.00343654,0.194324,71582,35520,0.07104,1,0
12,5,1,81-47-22-15-1,direct,1,1,0.156589,0.865608,-0.709019,0.0221974,1.70916,1.72262,0.00060854,0.355488,52431,25922,0.051844,1,0
13,5,1,111-35-27-15-1,direct,1,1,0.162632,0.863624,-0.700992,0.0262562,1.7012,1.71929,0.00208877,0.409156,67965,33666,0.067332,1,0
13,6,1,120-110-81-35-15-1,direct,1,1,0.1662,0.865476,-0.699276,0.0316765,1.69957,1.72347,0.00392913,0.327806,113389,56205,0.11241,1,0
13,5,1,91-8-7-5-1,direct,1,1,0.152769,0.862037,-0.709268,0.0148058,1.70933,1.72258,0.0035237,0.60544,48719,24120,0.04824,1,0
13,5,15,120-110-81-76-15,direct,1,1,0.266072,0.926905,-0.660832,0.192977,1.67201,1.79626,0.00809988,0.353933,121297,60126,0.120252,1,0
13,6,1,110-81-35-24-15-1,direct,1,1,0.172908,0.864153,-0.691246,0.0370612,1.69165,1.71844,0.003624,0.429375,83027,41120,0.08224,1,0
13,5,1,112-75-26-7-1,direct,1,1,0.159801,0.864683,-0.704882,0.0244834,1.70506,1.72046,0.00132927,0.274255,79119,39211,0.078422,1,0
13,6,1,81-61-35-22-15-1,direct,1,1,0.162034,0.863228,-0.701194,0.0252615,1.70138,1.7199,0.0033711,0.394351,58539,28927,0.057854,1,0
13,4,1,43-40-5-1,direct,1,1,0.151584,0.864947,-0.713363,0.0165309,1.71344,1.72423,0.000819204,0.727377,26299,12933,0.025866,1,0
13,1,76,76,direct,1,1,0.273702,0.932038,-0.658337,0.20574,1.67105,1.79305,0.00137387,0.229654,39244,19456,0.038912,1,0
13,6,1,37-24-23-22-8-1,direct,1,1,0.163423,0.864815,-0.701392,0.0282374,1.70163,1.72431,0.00475687,0.855994,23689,11602,0.023204,1,0
13,6,1,126-35-15-14-8-1,direct,1,1,0.15379,0.865079,-0.711289,0.0188693,1.71139,1.72351,0.000784721,0.367726,75695,37521,0.075042,1,0
13,6,15,110-81-37-35-26-15,direct,1,1,0.237211,0.913086,-0.675875,0.150298,1.6826,1.78959,0.0136255,0.236762,86173,42662,0.085324,1,0
13,5,8,118-75-55-15-8,direct,1,1,0.210408,0.916501,-0.706093,0.12691,1.71081,1.80328,0.014845,0.257042,89046,44128,0.088256,1,0
13,5,1,83-43-35-15-1,direct,1,1,0.1539,0.863889,-0.709989,0.0177886,1.71008,1.72207,0.00126649,0.267968,54333,26862,0.053724,1,0
13,6,1,91-46-43-22-13-1,direct,1,1,0.16485,0.863757,-0.698907,0.0286062,1.69915,1.72104,0.00427009,0.636772,62097,30705,0.06141,1,0
13,2,78,91-78,direct,1,1,0.254614,0.928663,-0.674049,0.183277,1.68405,1.79552,0.00352989,0.177243,61304,30394,0.060788,1,0
13,6,1,24-23-22-8-5-1,direct,1,1,0.168755,0.86455,-0.695795,0.0333056,1.69612,1.7311,0.0109638,0.439284,15267,7423,0.014846,1,0
13,6,1,40-35-24-23-15-1,direct,1,1,0.158332,0.864153,-0.705822,0.0224852,1.70597,1.72276,0.00273312,0.658211,27315,13392,0.026784,1,0
13,6,1,110-40-35-26-15-1,direct,1,1,0.166459,0.864153,-0.697695,0.0306124,1.69797,1.71865,0.00217172,0.53468,71259,35275,0.07055,1,0
13,6,1,110-83-46-35-15-1,direct,1,1,0.162839,0.864021,-0.701182,0.02686,1.70139,1.71979,0.003454,0.315287,87351,43258,0.086516,1,0
13,5,8,75-55-26-15-8,direct,1,1,0.200036,0.910036,-0.71,0.110073,1.71354,1.81011,0.0323688,0.304387,51136,25265,0.05053,1,0
13,2,35,126-35,direct,1,1,0.257484,0.926504,-0.66902,0.183989,1.67913,1.79438,0.00556934,0.240537,73875,36666,0.073332,1,0
14,5,22,91-66-24-23-22,direct,1,1,0.229025,0.916246,-0.687221,0.145271,1.69346,1.79275,0.0111323,0.220176,64574,31944,0.063888,1,0
14,5,1,37-24-23-15-1,direct,1,1,0.161492,0.864153,-0.702661,0.0256457,1.70285,1.72175,0.00364898,0.542844,22999,11272,0.022544,1,0
14,6,1,91-46-23-22-15-1,direct,1,1,0.161295,0.864021,-0.702726,0.0253164,1.70291,1.7203,0.00249001,0.330554,59433,29391,0.058782,1,0
14,6,15,71-43-37-24-22-15,direct,1,1,0.242938,0.907654,-0.664717,0.150592,1.67151,1.76797,0.0109282,0.256638,49797,24566,0.049132,1,0
14,6,1,110-52-40-35-15-1,direct,1,1,0.169099,0.86627,-0.697171,0.0353684,1.69754,1.72021,0.00188101,0.449595,76561,37900,0.0758,1,0
14,5,1,83-40-35-15-1,direct,1,1,0.163212,0.864683,-0.701471,0.0278944,1.7017,1.72005,0.00195225,0.49618,53619,26508,0.053016,1,0
14,4,1,110-26-23-1,direct,1,1,0.169812,0.86455,-0.694738,0.0343621,1.69509,1.72025,0.0035668,0.416527,63857,31641,0.063282,1,0
14,5,8,55-26-15-10-8,direct,1,1,0.226401,0.894593,-0.668192,0.120994,1.67257,1.75823,0.016603,0.253134,32736,16130,0.03226,1,0
14,2,2,33-2,direct,1,1,0.290201,0.895569,-0.605368,0.18577,1.61608,1.75193,0.032402,0.361639,17352,8514,0.017028,1,0
14,6,1,81-37-35-23-15-1,direct,1,1,0.161486,0.86455,-0.703065,0.0260359,1.70326,1.72147,0.00309295,0.339763,53025,26193,0.052386,1,0
14,5,1,35-24-22-15-1,direct,1,1,0.161845,0.864947,-0.703102,0.0267924,1.70331,1.7233,0.00313235,0.454924,21795,10673,0.021346,1,0
14,5,1,112-111-81-15-1,direct,1,1,0.159483,0.863492,-0.704009,0.0229754,1.70416,1.71985,0.001604,0.253312,103545,51325,0.10265,1,0
14,6,1,40-37-24-23-15-1,direct,1,1,0.153412,0.86336,-0.709948,0.0167715,1.71003,1.72235,0.00176771,0.403053,27575,13520,0.02704,1,0
14,6,1,110-81-35-23-22-1,direct,1,1,0.160027,0.862566,-0.702539,0.0225928,1.70269,1.71989,0.00284627,0.221863,83275,41238,0.082476,1,0
14,6,1,76-26-22-15-2-1,direct,1,1,0.149889,0.864947,-0.715058,0.0148362,1.71512,1.7248,0.000988072,0.438734,45271,22366,0.044732,1,0
14,4,29,46-37-30-29,direct,1,1,0.257643,0.914336,-0.656693,0.171979,1.6656,1.78161,0.0123987,0.256551,31427,15458,0.030916,1,0
14,6,1,43-37-24-22-13-1,direct,1,1,0.156879,0.862831,-0.705951,0.0197101,1.70607,1.72263,0.00374209,0.387333,29163,14314,0.028628,1,0
14,6,1,108-40-37-24-23-1,direct,1,1,0.160714,0.865344,-0.70463,0.0260581,1.70483,1.72166,0.00185191,0.293561,70543,34911,0.069822,1,0
14,5,1,111-87-40-17-1,direct,1,1,0.15584,0.864418,-0.708578,0.0202576,1.7087,1.72195,0.00121248,0.337554,85267,42250,0.0845,1,0
15,6,1,91-46-43-30-22-1,direct,1,1,0.161289,0.864021,-0.702732,0.0253099,1.70292,1.72262,0.00355518,0.431213,63585,31432,0.062864,1,0
15,6,1,24-23-22-8-2-1,direct,1,1,0.156135,0.864021,-0.707886,0.0201564,1.708,1.74125,0.021114,0.693901,15207,7396,0.014792,1,0
15,5,1,111-110-23-15-1,direct,1,1,0.163741,0.864021,-0.700281,0.0277617,1.70051,1.71937,0.00184468,0.274876,87807,43516,0.087032,1,0
15,5,1,35-15-8-7-1,direct,1,1,0.147367,0.864153,-0.716786,0.0115205,1.71683,1.72756,0.00485935,0.476313,19723,9668,0.019336,1,0
15,4,7,75-37-19-7,direct,1,1,0.265095,0.904667,-0.639572,0.169763,1.64834,1.76937,0.0226916,0.325312,46147,22811,0.045622,1,0
15,6,1,83-64-40-35-15-1,direct,1,1,0.163628,0.866005,-0.702377,0.0296337,1.70263,1.72262,0.0021466,0.525659,62851,31060,0.06212,1,0
15,5,1,55-26-24-8-1,direct,1,1,0.163445,0.866534,-0.703089,0.0299798,1.70335,1.72565,0.00348136,0.536469,33151,16334,0.032668,1,0
15,4,15,73-55-26-15,direct,1,1,0.204366,0.920062,-0.715695,0.124428,1.7202,1.80409,0.011752,0.234029,49625,24523,0.049046,1,0
15,5,15,110-66-35-26-15,direct,1,1,0.245503,0.918166,-0.672663,0.163669,1.68065,1.78569,0.012473,0.348981,78805,39030,0.07806,1,0
15,4,5,46-43-30-5,direct,1,1,0.238163,0.920132,-0.68197,0.158295,1.6894,1.80081,0.0134655,0.340385,30887,15194,0.030388,1,0
15,5,1,111-81-35-15-1,direct,1,1,0.154006,0.863889,-0.709883,0.0178949,1.70998,1.72261,0.00159294,0.235307,82305,40782,0.081564,1,0
15,2,8,91-8,direct,1,1,0.18357,0.922123,-0.738553,0.105694,1.74176,1.80555,0.00201234,0.303722,48494,24024,0.048048,1,0
15,5,1,40-37-31-15-1,direct,1,1,0.150283,0.865079,-0.714796,0.0153626,1.71486,1.72501,0.00125398,0.564331,27197,13347,0.026694,1,0
15,5,15,46-43-30-22-15,direct,1,1,0.286115,0.917981,-0.631865,0.204096,1.64458,1.77581,0.00909979,0.232438,32621,16034,0.032068,1,0
15,5,1,112-81-39-27-1,direct,1,1,0.164361,0.863492,-0.699131,0.0278528,1.69936,1.72069,0.00432607,0.479447,84741,41983,0.083966,1,0
15,4,7,55-26-19-7,direct,1,1,0.234257,0.917158,-0.682901,0.151415,1.6897,1.79948,0.0238195,0.343624,32737,16137,0.032274,1,0
15,6,1,35-26-24-21-2-1,direct,1,1,0.155055,0.862698,-0.707644,0.017753,1.70774,1.72274,0.00325929,0.701742,22557,11042,0.022084,1,0
15,1,97,97,direct,1,1,0.277726,0.932735,-0.655009,0.210461,1.66834,1.79326,0.00210095,0.220687,50017,24832,0.049664,1,0
15,5,15,91-43-24-22-15,direct,1,1,0.243698,0.916931,-0.673233,0.16063,1.68093,1.78464,0.00688376,0.26063,58829,29099,0.058198,1,0
15,6,5,26-24-23-22-11-5,direct,1,1,0.161968,0.867646,-0.705678,0.0296135,1.70593,1.74555,0.0191383,0.361265,17743,8635,0.01727,1,0
15,5,1,97-24-22-19-1,direct,1,1,0.162854,0.865476,-0.702623,0.0283298,1.70286,1.72237,0.00214907,0.433287,56831,28125,0.05625,1,0
15,2,21,37-21,direct,1,1,0.234592,0.922424,-0.687832,0.157016,1.69512,1.79284,0.00692432,0.229294,20849,10249,0.020498,1,0
15,6,1,110-81-35-23-15-1,direct,1,1,0.168403,0.865741,-0.697338,0.0341436,1.69768,1.72048,0.00235918,0.405927,82925,41070,0.08214,1,0
16,5,1,46-37-30-15-1,direct,1,1,0.149445,0.864418,-0.714973,0.0138628,1.71503,1.72561,0.00193085,0.511933,30619,15053,0.030106,1,0
16,5,1,75-55-37-35-1,direct,1,1,0.162169,0.865476,-0.703307,0.027645,1.70353,1.72107,0.00148437,0.273772,54041,26690,0.05338,1,0
16,5,1,102-43-40-15-1,direct,1,1,0.159486,0.864947,-0.705461,0.0244333,1.70564,1.72263,0.00288628,0.262254,66323,32833,0.065666,1,0
16,6,1,88-83-39-37-15-1,direct,1,1,0.147856,0.863757,-0.715901,0.0116127,1.71594,1.72409,0.000992284,0.34686,70945,35082,0.070164,1,0
16,5,1,40-35-15-8-1,direct,1,1,0.160791,0.863757,-0.702966,0.0245476,1.70314,1.72289,0.00609652,0.517732,25039,12293,0.024586,1,0
16,5,1,83-61-35-15-1,direct,1,1,0.165672,0.864683,-0.69901,0.0303548,1.69928,1.72178,0.00335621,0.388487,58617,28986,0.057972,1,0
16,4,30,46-43-38-30,direct,1,1,0.19492,0.921764,-0.726843,0.116684,1.73078,1.80349,0.00416672,0.168838,33596,16528,0.033056,1,0
16,2,89,111-89,direct,1,1,0.278009,0.92731,-0.6493,0.205319,1.66203,1.78518,0.00355086,0.181755,77157,38295,0.07659,1,0
16,6,1,84-23-22-8-2-1,direct,1,1,0.153294,0.864286,-0.710992,0.0175797,1.71108,1.72378,0.00215413,0.184059,48807,24136,0.048272,1,0
16,5,1,110-48-35-22-1,direct,1,1,0.163289,0.864683,-0.701393,0.0279716,1.70162,1.71962,0.0016871,0.274476,72511,35912,0.071824,1,0
16,5,1,58-37-8-7-1,direct,1,1,0.154128,0.864286,-0.710157,0.0184141,1.71026,1.72439,0.00277026,1.43616,35183,17353,0.034706,1,0
16,2,17,91-17,direct,1,1,0.232963,0.922471,-0.689508,0.155435,1.69664,1.79496,0.0059109,0.284846,50141,24843,0.049686,1,0
16,5,17,75-55-35-27-17,direct,1,1,0.240142,0.920993,-0.680851,0.161134,1.68856,1.79395,0.0146748,0.276857,53965,26654,0.053308,1,0
16,5,1,111-24-15-13-1,direct,1,1,0.159927,0.863624,-0.703698,0.0235511,1.70386,1.72134,0.00448933,0.52969,63879,31648,0.063296,1,0
16,2,12,110-12,direct,1,1,0.171325,0.917989,-0.746664,0.0893144,1.74895,1.80406,0.00358086,0.314262,59448,29480,0.05896,1,0
16,1,1,1,direct,1,1,0.171735,0.871693,-0.699958,0.0434285,1.70051,1.75014,0.0197727,0.594142,769,256,0.000512,1,0
16,6,1,46-37-30-22-15-1,direct,1,1,0.169243,0.86627,-0.697027,0.0355126,1.6974,1.72517,0.00492756,0.567556,31743,15593,0.031186,1,0
16,5,20,85-24-23-22-20,direct,1,1,0.273732,0.915933,-0.642201,0.189665,1.65312,1.78394,0.0139739,0.319715,51180,25298,0.050596,1,0
16,2,35,79-35,direct,1,1,0.251075,0.928896,-0.677821,0.179972,1.68745,1.79658,0.00485243,0.195657,46427,22989,0.045978,1,0
16,5,15,110-83-35-27-15,direct,1,1,0.185291,0.918342,-0.733051,0.103633,1.73615,1.80281,0.00674619,0.254342,83871,41545,0.08309,1,0
16,5,15,88-81-46-35-15,direct,1,1,0.293856,0.919824,-0.625968,0.21368,1.63995,1.78033,0.0131497,0.279343,71805,35517,0.071034,1,0
16,5,15,83-40-35-28-15,direct,1,1,0.287364,0.914347,-0.626984,0.201711,1.63944,1.77604,0.016525,0.281142,55379,27368,0.054736,1,0
17,5,15,111-81-35-34-15,direct,1,1,0.262677,0.922478,-0.659801,0.185155,1.6701,1.78037,0.00231403,0.261653,84677,41942,0.083884,1,0
17,6,1,91-30-24-23-15-1,direct,1,1,0.152052,0.864947,-0.712895,0.0169993,1.71298,1.72482,0.00133601,0.384124,55939,27658,0.055316,1,0
17,2,83,110-83,direct,1,1,0.279725,0.929407,-0.649682,0.209131,1.66288,1.78668,0.00138235,0.174411,75139,37290,0.07458,1,0
17,4,4,35-24-22-4,direct,1,1,0.265304,0.91703,-0.651726,0.182335,1.66176,1.81928,0.0461599,0.665365,21254,10416,0.020832,1,0
17,6,1,83-81-80-27-15-1,direct,1,1,0.157641,0.864153,-0.706512,0.0217945,1.70665,1.72114,0.00241461,0.298952,74891,37031,0.074062,1,0
17,2,7,82-7,direct,1,1,0.24425,0.912075,-0.667825,0.156324,1.67514,1.79722,0.0219526,0.334245,43559,21566,0.043132,1,0
17,6,1,91-30-24-23-13-1,direct,1,1,0.158702,0.864683,-0.70598,0.0233847,1.70614,1.72321,0.00262404,0.48681,55839,27610,0.05522,1,0
17,5,1,26-24-21-2-1,direct,1,1,0.159116,0.864947,-0.705831,0.024063,1.706,1.72578,0.00516633,0.358758,16059,7828,0.015656,1,0
17,5,1,76-46-37-15-1,direct,1,1,0.156892,0.865741,-0.708849,0.0226327,1.709,1.72385,0.00213036,0.399831,51053,25224,0.050448,1,0
17,6,1,110-83-35-34-15-1,direct,1,1,0.153294,0.864021,-0.710727,0.0173152,1.71081,1.72255,0.00114288,0.268223,84631,41910,0.08382,1,0
17,5,15,91-46-43-22-15,direct,1,1,0.290701,0.914453,-0.623752,0.205154,1.63666,1.77735,0.0231752,0.292804,62147,30736,0.061472,1,0
17,6,1,70-24-23-8-2-1,direct,1,1,0.154387,0.86455,-0.710163,0.0189378,1.71027,1.72451,0.0025596,0.970225,41219,20354,0.040708,1,0
17,6,15,92-91-65-23-22-15,direct,1,1,0.255611,0.917055,-0.661444,0.172665,1.67039,1.79642,0.0176105,0.220317,81197,40170,0.08034,1,0
17,2,83,104-83,direct,1,1,0.284094,0.92776,-0.643666,0.211854,1.65726,1.7879,0.00489414,0.183993,71059,35256,0.070512,1,0
17,6,1,97-23-22-8-2-1,direct,1,1,0.163819,0.865476,-0.701657,0.0292949,1.70191,1.72059,0.00119547,0.155317,56087,27763,0.055526,1,0
17,6,7,108-91-83-75-15-7,direct,1,1,0.231337,0.918462,-0.687125,0.149799,1.69376,1.79133,0.0132471,0.396186,105975,52484,0.104968,1,0
17,5,15,112-81-37-27-15,direct,1,1,0.296227,0.922928,-0.626701,0.219155,1.6414,1.78879,0.0155422,0.254756,85075,42145,0.08429,1,0
17,6,1,81-37-30-23-15-1,direct,1,1,0.167002,0.866534,-0.699532,0.0335368,1.69986,1.7221,0.00278947,0.733044,52415,25893,0.051786,1,0
17,6,1,96-35-8-7-4-1,direct,1,1,0.163567,0.866005,-0.702438,0.0295721,1.7027,1.72356,0.00260716,0.308571,57165,28304,0.056608,1,0
17,6,1,119-81-48-43-15-1,direct,1,1,0.151818,0.863492,-0.711674,0.0153101,1.71174,1.72129,0.000471515,0.309023,94299,46715,0.09343,1,0
17,6,1,97-22-17-8-2-1,direct,1,1,0.15108,0.864418,-0.713338,0.0154983,1.71341,1.72329,0.00091569,0.723353,55537,27494,0.054988,1,0
17,3,103,123-110-103,direct,1,1,0.281639,0.927524,-0.645885,0.209162,1.65912,1.78907,0.0063955,0.191903,113521,56348,0.112696,1,0
17,2,76,91-76,direct,1,1,0.272686,0.927409,-0.654723,0.200095,1.66678,1.78871,0.00337481,0.176085,60938,30212,0.060424,1,0
17,1,37,37,direct,1,1,0.277195,0.931117,-0.653922,0.208312,1.66699,1.79762,0.00644415,0.244443,19237,9472,0.018944,1,0
18,6,1,46-37-35-22-15-1,direct,1,1,0.160034,0.864418,-0.704384,0.0244517,1.70456,1.72329,0.00319485,0.463362,32343,15888,0.031776,1,0
18,6,1,83-81-35-27-15-1,direct,1,1,0.159302,0.86455,-0.705248,0.0238521,1.70542,1.72215,0.00344938,0.291873,65081,32171,0.064342,1,0
18,5,1,112-37-35-24-1,direct,1,1,0.159312,0.865741,-0.706428,0.0250532,1.70661,1.7225,0.000857054,0.467923,70623,34975,0.06995,1,0
18,4,13,43-30-24-13,direct,1,1,0.269061,0.917481,-0.648419,0.186542,1.65894,1.77639,0.0097073,0.293365,27123,13330,0.02666,1,0
18,5,1,24-23-21-2-1,direct,1,1,0.161942,0.865079,-0.703137,0.0270217,1.70335,1.72299,0.00284661,0.525081,14843,7223,0.014446,1,0
18,5,1,55-35-22-15-1,direct,1,1,0.157009,0.865741,-0.708731,0.02275,1.70888,1.72589,0.0030027,0.445298,34751,17120,0.03424,1,0
18,5,1,55-35-24-22-1,direct,1,1,0.160564,0.863492,-0.702928,0.0240563,1.7031,1.72076,0.00291512,0.431666,35319,17395,0.03479,1,0
18,5,1,110-81-35-15-1,direct,1,1,0.162776,0.866005,-0.703229,0.0287812,1.70347,1.72332,0.00293419,0.310545,81629,40445,0.08089,1,0
18,6,1,46-37-30-23-15-1,direct,1,1,0.162334,0.864153,-0.70182,0.0264872,1.70203,1.72216,0.00335838,0.424479,31835,15638,0.031276,1,0
18,4,1,23-8-2-1,direct,1,1,0.149493,0.864286,-0.714793,0.0137788,1.71485,1.72857,0.00537536,0.584986,12503,6090,0.01218,1,0
18,5,15,113-111-81-35-15,direct,1,1,0.308656,0.914974,-0.606318,0.223629,1.62181,1.78224,0.0228666,0.349119,108595,53822,0.107644,1,0
18,5,1,26-21-17-2-1,direct,1,1,0.150422,0.863757,-0.713335,0.0141782,1.71339,1.73381,0.0114376,0.749275,15579,7595,0.01519,1,0
18,6,1,66-55-26-15-8-1,direct,1,1,0.15992,0.865212,-0.705291,0.0251318,1.70548,1.72228,0.00191788,0.549734,45545,22474,0.044948,1,0
18,6,1,46-43-30-6-5-1,direct,1,1,0.162735,0.86455,-0.701815,0.0272853,1.70203,1.72242,0.00315857,0.928616,31035,15259,0.030518,1,0
18,5,1,24-21-17-2-1,direct,1,1,0.161135,0.861905,-0.70077,0.0230398,1.70093,1.72915,0.014285,0.691249,14467,7041,0.014082,1,0
18,6,1,111-81-35-27-15-1,direct,1,1,0.160937,0.862566,-0.701629,0.023503,1.70179,1.72117,0.00417629,0.304817,84009,41607,0.083214,1,0
18,6,1,24-22-17-8-2-1,direct,1,1,0.17316,0.864418,-0.691258,0.037578,1.69168,1.72316,0.00669884,0.337765,14803,7200,0.0144,1,0
18,6,1,111-110-35-27-15-1,direct,1,1,0.161424,0.864683,-0.703259,0.0261065,1.70346,1.72224,0.00265574,0.439742,92535,45841,0.091682,1,0
18,6,1,107-83-78-40-15-1,direct,1,1,0.160714,0.862831,-0.702117,0.0235443,1.70228,1.71969,0.00255784,0.291344,93867,46482,0.092964,1,0
18,6,1,111-83-81-35-27-1,direct,1,1,0.160954,0.865741,-0.704787,0.0266947,1.705,1.72126,0.000661386,0.405933,97249,48159,0.096318,1,0
18,6,8,75-55-26-15-14-8,direct,1,1,0.239588,0.883482,-0.643894,0.12307,1.64849,1.74832,0.0211773,0.183241,51568,25467,0.050934,1,0
18,6,1,114-81-37-23-15-1,direct,1,1,0.155833,0.864683,-0.70885,0.0205154,1.70897,1.7217,0.000520543,0.32648,86049,42626,0.085252,1,0
18,5,1,24-17-8-2-1,direct,1,1,0.166721,0.863757,-0.697035,0.0304779,1.69731,1.72592,0.00766312,0.36607,13771,6706,0.013412,1,0
18,6,1,110-23-22-9-8-1,direct,1,1,0.150522,0.864418,-0.713896,0.0149402,1.71396,1.72332,0.000583717,0.442991,63549,31474,0.062948,1,0
18,5,1,75-26-24-15-1,direct,1,1,0.160374,0.863492,-0.703118,0.0238657,1.70329,1.72253,0.0037253,0.343622,44835,22149,0.044298,1,0
18,5,1,91-43-30-15-1,direct,1,1,0.161523,0.863624,-0.702101,0.0251475,1.70229,1.72146,0.00313794,0.419263,58543,28964,0.057928,1,0
19,5,24,112-111-85-35-24,direct,1,1,0.229414,0.921302,-0.691888,0.150716,1.69859,1.79546,0.00618187,0.275944,109674,54354,0.108708,1,0
19,6,1,83-70-40-15-13-1,direct,1,1,0.148512,0.863757,-0.715244,0.012269,1.71529,1.72323,0.00088603,0.386765,62031,30666,0.061332,1,0
19,5,14,127-106-63-15-14,direct,1,1,0.210992,0.917876,-0.706884,0.128868,1.71174,1.79942,0.014478,0.214126,108506,53807,0.107614,1,0
19,5,1,40-37-30-5-1,direct,1,1,0.156664,0.865741,-0.709076,0.0224052,1.70922,1.72425,0.00167281,0.42428,26451,12985,0.02597,1,0
19,6,1,127-63-35-34-15-1,direct,1,1,0.158564,0.86336,-0.704796,0.0219236,1.70494,1.72232,0.00450816,0.323899,89671,44433,0.088866,1,0
19,6,1,108-81-35-26-2-1,direct,1,1,0.153652,0.864815,-0.711162,0.0184672,1.71126,1.7236,0.00198736,3.34496,81151,40195,0.08039,1,0
19,4,5,54-37-15-5,direct,1,1,0.330346,0.905661,-0.575315,0.236007,1.5929,1.76454,0.0287474,0.318309,33377,16452,0.032904,1,0
19,6,13,46-37-30-23-21-13,direct,1,1,0.267932,0.907438,-0.639506,0.17537,1.64886,1.76804,0.011662,0.18548,32651,16034,0.032068,1,0
19,5,15,102-43-41-40-15,direct,1,1,0.217446,0.923157,-0.705711,0.140603,1.7115,1.79628,0.00285097,0.230391,69725,34501,0.069002,1,0
19,6,1,81-68-61-22-15-1,direct,1,1,0.157986,0.865212,-0.707225,0.023198,1.70738,1.72164,0.000690155,0.421062,64909,32079,0.064158,1,0
19,5,1,46-43-35-30-1,direct,1,1,0.176801,0.86746,-0.69066,0.044261,1.69124,1.72141,0.0030538,0.433624,33243,16339,0.032678,1,0
19,5,1,112-55-37-35-1,direct,1,1,0.153143,0.863889,-0.710746,0.0170318,1.71083,1.72271,0.00137009,0.220852,77129,38197,0.076394,1,0
19,5,1,24-22-17-15-1,direct,1,1,0.168554,0.864815,-0.696261,0.0333688,1.69659,1.72106,0.00348104,0.464788,15045,7316,0.014632,1,0
19,5,7,83-43-24-22-7,direct,1,1,0.294754,0.909448,-0.614694,0.204203,1.62755,1.7757,0.022249,0.299785,53669,26531,0.053062,1,0
19,6,1,91-89-46-43-22-1,direct,1,1,0.163283,0.865608,-0.702325,0.0288918,1.70257,1.72129,0.00197701,0.439467,77709,38435,0.07687,1,0
19,2,8,56-8,direct,1,1,0.251422,0.917874,-0.666452,0.169295,1.67503,1.79341,0.0144029,0.25602,29944,14784,0.029568,1,0
19,5,1,55-46-24-22-1,direct,1,1,0.162993,0.864947,-0.701954,0.0279401,1.70218,1.7234,0.00383528,0.421031,37079,18264,0.036528,1,0
19,3,30,43-40-30,direct,1,1,0.290263,0.927619,-0.637356,0.217882,1.65179,1.79721,0.012596,0.205556,28308,13928,0.027856,1,0
19,5,1,112-81-35-26-1,direct,1,1,0.162111,0.86455,-0.70244,0.0266608,1.70265,1.72009,0.00129304,0.233229,83795,41515,0.08303,1,0
19,6,1,46-43-37-22-13-1,direct,1,1,0.157767,0.864153,-0.706386,0.0219205,1.70653,1.72281,0.00243828,0.636154,33495,16458,0.032916,1,0
19,4,1,37-30-5-1,direct,1,1,0.177758,0.864418,-0.68666,0.0421759,1.68719,1.72155,0.00755916,0.493315,21875,10737,0.021474,1,0
19,6,1,110-26-24-21-2-1,direct,1,1,0.162811,0.864947,-0.702136,0.0277579,1.70236,1.72194,0.00338379,0.611094,65007,32192,0.064384,1,0
19,5,22,46-45-37-23-22,direct,1,1,0.258469,0.919871,-0.661402,0.17834,1.67095,1.78733,0.0145073,0.185502,34316,16868,0.033736,1,0
19,5,1,91-49-46-30-1,direct,1,1,0.158599,0.864286,-0.705687,0.0228848,1.70584,1.7216,0.00190762,0.298239,63527,31419,0.062838,1,0
20,5,1,43-40-23-5-1,direct,1,1,0.143951,0.86455,-0.720599,0.00850129,1.72062,1.72649,0.000968411,0.477759,28015,13768,0.027536,1,0
20,6,1,88-83-37-35-15-1,direct,1,1,0.154951,0.86336,-0.708409,0.0183108,1.70851,1.7223,0.00257234,0.30757,70249,34738,0.069476,1,0
20,2,3,24-3,direct,1,1,0.321591,0.897354,-0.575763,0.218946,1.5909,1.72701,0.00669963,0.336512,12739,6216,0.012432,1,0
20,1,83,83,direct,1,1,0.284593,0.932776,-0.648183,0.217368,1.66245,1.78993,0.000173929,0.226999,42835,21248,0.042496,1,0
20,5,1,81-80-35-22-1,direct,1,1,0.151145,0.865212,-0.714066,0.016357,1.71414,1.72473,0.000739041,0.295805,62309,30808,0.061616,1,0
20,5,1,55-43-35-15-1,direct,1,1,0.159893,0.866931,-0.707038,0.0268242,1.70725,1.72745,0.00454873,0.426094,37533,18490,0.03698,1,0
20,4,1,35-24-15-1,direct,1,1,0.160247,0.863624,-0.703377,0.0238714,1.70354,1.72265,0.00364069,0.369319,20755,10175,0.02035,1,0
20,6,1,110-81-46-35-15-1,direct,1,1,0.156117,0.864418,-0.708301,0.0205352,1.70842,1.72275,0.00221364,0.264557,86723,42946,0.085892,1,0
20,5,1,91-43-35-30-1,direct,1,1,0.161992,0.863757,-0.701765,0.0257487,1.70196,1.72052,0.00261476,0.359543,60243,29794,0.059588,1,0
20,5,8,24-23-22-15-8,direct,1,1,0.219689,0.88874,-0.669051,0.108429,1.67257,1.75964,0.0167459,0.311558,15736,7652,0.015304,1,0
20,5,1,112-81-26-15-1,direct,1,1,0.161595,0.864418,-0.702823,0.0260133,1.70302,1.71898,0.000558554,0.194098,81235,40255,0.08051,1,0
20,5,15,128-75-55-35-15,direct,1,1,0.23912,0.91933,-0.680209,0.15845,1.68766,1.78908,0.0118422,0.371031,98743,48943,0.097886,1,0
20,5,1,91-46-24-22-1,direct,1,1,0.161759,0.86627,-0.704511,0.0280289,1.70474,1.72191,0.000857267,0.367401,58895,29136,0.058272,1,0
20,5,7,110-44-17-8-7,direct,1,1,0.161596,0.864248,-0.702651,0.0258444,1.70285,1.75633,0.0332692,0.217356,68501,33940,0.06788,1,0
20,5,1,83-40-35-21-1,direct,1,1,0.162339,0.86627,-0.703931,0.0286085,1.70417,1.72254,0.00153699,0.451693,54063,26724,0.053448,1,0
20,5,1,91-73-46-43-1,direct,1,1,0.161411,0.864286,-0.702874,0.0256972,1.70307,1.71878,0.000848089,0.343459,71399,35318,0.070636,1,0
20,5,1,55-43-26-15-1,direct,1,1,0.162628,0.86336,-0.700732,0.0259876,1.70093,1.72229,0.00464392,0.38913,36471,17968,0.035936,1,0
20,6,1,46-37-30-23-13-1,direct,1,1,0.148552,0.864286,-0.715734,0.0128377,1.71578,1.72557,0.00166367,0.578676,31735,15590,0.03118,1,0
20,5,13,107-91-43-30-13,direct,1,1,0.282043,0.912841,-0.630798,0.194884,1.6424,1.78789,0.0221519,0.298202,86255,42722,0.085444,1,0
20,6,1,81-35-24-8-2-1,direct,1,1,0.15378,0.865873,-0.712093,0.0196533,1.71221,1.72411,0.000488252,0.835967,49799,24621,0.049242,1,0
20,6,1,61-46-30-22-15-1,direct,1,1,0.158486,0.866138,-0.707652,0.0246232,1.70783,1.72642,0.00333779,0.316891,42219,20807,0.041614,1,0
20,6,1,112-81-37-35-27-1,direct,1,1,0.154089,0.863095,-0.709006,0.0171847,1.70909,1.72314,0.0036404,0.311633,86857,43008,0.086016,1,0
20,5,1,125-81-35-27-1,direct,1,1,0.158753,0.866005,-0.707252,0.0247587,1.70743,1.72338,0.00103346,0.381967,92657,45932,0.091864,1,0
20,5,1,111-110-35-27-1,direct,1,1,0.161758,0.863095,-0.701337,0.0248535,1.70152,1.71874,0.00219425,0.263247,91719,45448,0.090896,1,0
20,5,1,111-110-81-15-1,direct,1,1,0.167097,0.864683,-0.697586,0.0317793,1.69788,1.71954,0.0026739,0.244118,102423,50766,0.101532,1,0
20,1,25,25,direct,1,1,0.249742,0.92745,-0.677708,0.177191,1.68704,1.79844,0.00677105,0.251939,13081,6400,0.0128,1,0
20,4,1,104-81-35-1,direct,1,1,0.170737,0.864815,-0.694078,0.0355521,1.69445,1.72379,0.00639921,0.307708,76533,37918,0.075836,1,0
21,5,1,55-43-35-22-1,direct,1,1,0.161184,0.864815,-0.703631,0.0259986,1.70383,1.72367,0.00357364,0.324722,38051,18742,0.037484,1,0
21,5,26,75-46-35-27-26,direct,1,1,0.288845,0.915003,-0.626158,0.203848,1.63889,1.78398,0.0186706,0.187824,52462,25907,0.051814,1,0
21,6,1,110-35-8-7-2-1,direct,1,1,0.163113,0.865608,-0.702495,0.0287218,1.70274,1.72313,0.00272081,0.0210627,65305,32362,0.064724,1,0
21,5,1,112-55-26-15-1,direct,1,1,0.152245,0.862434,-0.710189,0.0146792,1.71025,1.71995,0.00155036,0.186778,74007,36667,0.073334,1,0
21,5,1,81-75-35-26-1,direct,1,1,0.163137,0.866534,-0.703397,0.0296716,1.70366,1.72223,0.000865402,0.403814,61435,30372,0.060744,1,0
21,5,1,24-22-17-8-1,direct,1,1,0.151031,0.863492,-0.712461,0.0145233,1.71252,1.72525,0.00344596,0.38151,14779,7190,0.01438,1,0
21,5,27,112-55-37-35-27,direct,1,1,0.27596,0.919023,-0.643063,0.194983,1.65459,1.78828,0.0139903,0.305091,78975,39107,0.078214,1,0
21,4,1,71-15-5-1,direct,1,1,0.155912,0.863889,-0.707977,0.0198011,1.70809,1.72317,0.00246184,0.497118,39081,19321,0.038642,1,0
21,6,1,24-22-17-15-8-1,direct,1,1,0.181946,0.864153,-0.682208,0.0460992,1.68284,1.72191,0.00888052,0.466068,15287,7429,0.014858,1,0
21,5,15,83-81-35-27-15,direct,1,1,0.234745,0.917919,-0.683174,0.152664,1.69008,1.80155,0.0215913,0.264304,65035,32156,0.064312,1,0
21,6,1,108-83-40-35-15-1,direct,1,1,0.159304,0.864021,-0.704717,0.0233255,1.70488,1.71981,0.00150672,0.27866,84563,41872,0.083744,1,0
21,6,1,91-46-30-24-14-1,direct,1,1,0.159949,0.864815,-0.704866,0.0247641,1.70505,1.72081,0.00171959,0.27592,60531,29932,0.059864,1,0
21,6,1,91-43-39-22-3-1,direct,1,1,0.160304,0.865344,-0.70504,0.0256476,1.70523,1.72302,0.00218652,0.514715,60279,29813,0.059626,1,0
21,5,14,81-75-41-26-14,direct,1,1,0.247493,0.920134,-0.672641,0.167627,1.68102,1.78939,0.00816279,0.339634,63348,31316,0.062632,1,0
21,5,1,91-35-24-22-1,direct,1,1,0.162697,0.864021,-0.701324,0.0267185,1.70153,1.72183,0.00370904,0.360914,56343,27871,0.055742,1,0
21,5,1,83-40-35-3-1,direct,1,1,0.156507,0.864683,-0.708176,0.0211891,1.70831,1.72349,0.00237935,0.371344,52731,26076,0.052152,1,0
21,3,41,111-81-41,direct,1,1,0.280851,0.925407,-0.644556,0.206257,1.65744,1.78888,0.0107277,0.237922,82137,40728,0.081456,1,0
21,6,2,115-24-22-17-8-2,direct,1,1,0.153542,0.865013,-0.711471,0.0185552,1.71157,1.72682,0.00535349,0.529752,67138,33254,0.066508,1,0
21,5,15,111-110-35-27-15,direct,1,1,0.22227,0.914171,-0.691901,0.136441,1.69739,1.78447,0.00538835,0.290537,92489,45826,0.091652,1,0
21,6,1,81-61-30-22-15-1,direct,1,1,0.158571,0.864286,-0.705715,0.0228568,1.70587,1.72278,0.00262694,0.289225,57699,28512,0.057024,1,0
21,2,27,111-27,direct,1,1,0.275093,0.925103,-0.65001,0.200196,1.66211,1.78271,0.00241158,0.23789,63331,31413,0.062826,1,0
21,6,1,87-38-26-17-8-1,direct,1,1,0.164732,0.864683,-0.699951,0.0294145,1.70021,1.72255,0.00361559,0.437248,54913,27152,0.054304,1,0
21,5,1,26-17-8-2-1,direct,1,1,0.16444,0.865608,-0.701168,0.030049,1.70143,1.72264,0.00412548,0.322857,14867,7252,0.014504,1,0
22,5,5,40-32-23-22-5,direct,1,1,0.28245,0.905847,-0.623396,0.188297,1.63428,1.75169,0.0056351,0.253164,26239,12872,0.025744,1,0
22,5,1,37-30-23-15-1,direct,1,1,0.160489,0.862566,-0.702077,0.0230548,1.70223,1.72222,0.00458575,0.453616,23731,11632,0.023264,1,0
22,5,1,26-24-22-17-1,direct,1,1,0.156847,0.864021,-0.707174,0.0208683,1.7073,1.7234,0.00300475,0.399684,16833,8199,0.016398,1,0
22,2,48,57-48,direct,1,1,0.250777,0.924297,-0.67352,0.175074,1.68265,1.78873,0.00251878,0.18577,35074,17328,0.034656,1,0
22,6,1,112-48-37-24-15-1,direct,1,1,0.154945,0.864021,-0.709076,0.0189665,1.70918,1.72305,0.00253717,0.409459,74903,37087,0.074174,1,0
22,5,27,112-48-37-35-27,direct,1,1,0.272228,0.915403,-0.643175,0.187631,1.65385,1.78692,0.0194396,0.230392,76875,38064,0.076128,1,0
22,6,1,103-26-17-8-2-1,direct,1,1,0.15633,0.864286,-0.707955,0.0206161,1.70808,1.7227,0.00225053,0.332683,59853,29642,0.059284,1,0
22,5,13,46-43-37-30-13,direct,1,1,0.260931,0.918162,-0.657231,0.179093,1.66688,1.77658,0.00413769,0.245597,34271,16845,0.03369,1,0
22,5,8,83-41-27-15-8,direct,1,1,0.260165,0.904067,-0.643903,0.164232,1.65209,1.76558,0.0157406,0.302116,53162,26283,0.052566,1,0
22,5,2,26-17-15-8-2,direct,1,1,0.149701,0.865013,-0.715313,0.0147139,1.71538,1.73829,0.0195232,0.411889,15368,7489,0.014978,1,0
22,6,1,55-46-42-30-24-1,direct,1,1,0.167989,0.866402,-0.698413,0.0343911,1.69876,1.72547,0.00533584,0.387391,41743,20546,0.041092,1,0
22,6,1,126-91-43-22-15-1,direct,1,1,0.167123,0.865476,-0.698353,0.0325992,1.69867,1.72156,0.00307253,0.335743,98703,48926,0.097852,1,0
22,3,2,40-5-2,direct,1,1,0.162594,0.866931,-0.704338,0.0295249,1.70459,1.74144,0.0192959,0.351728,21248,10450,0.0209,1,0
22,5,1,125-26-17-2-1,direct,1,1,0.150746,0.865212,-0.714465,0.0159578,1.71454,1.72532,0.00118208,0.767401,72053,35728,0.071456,1,0
22,5,1,110-35-8-2-1,direct,1,1,0.160427,0.864815,-0.704388,0.0252414,1.70458,1.72372,0.00319746,0.231319,65183,32308,0.064616,1,0
22,6,1,26-24-22-17-2-1,direct,1,1,0.15054,0.866534,-0.715994,0.0170748,1.71608,1.72856,0.00242628,0.481059,16875,8218,0.016436,1,0
22,5,15,81-44-37-35-15,direct,1,1,0.192964,0.919127,-0.726163,0.112091,1.7298,1.80066,0.00393575,0.30079,56161,27748,0.055496,1,0
22,5,1,48-35-24-15-1,direct,1,1,0.164948,0.864286,-0.699338,0.0292338,1.69959,1.72185,0.0037523,0.367997,30867,15183,0.030366,1,0
22,6,1,110-83-37-35-15-1,direct,1,1,0.1563,0.865212,-0.708911,0.0215121,1.70905,1.72582,0.00304306,0.434448,85209,42196,0.084392,1,0
22,5,1,55-46-43-22-1,direct,1,1,0.161196,0.864418,-0.703222,0.0256135,1.70342,1.72427,0.00494389,0.420013,39701,19556,0.039112,1,0
22,5,1,81-30-23-22-1,direct,1,1,0.153578,0.864021,-0.710443,0.0175991,1.71053,1.72337,0.00214098,0.391861,49337,24384,0.048768,1,0
22,5,1,83-81-35-15-1,direct,1,1,0.155373,0.864815,-0.709441,0.0201882,1.70956,1.72346,0.00203522,0.292182,63377,31346,0.062692,1,0
22,4,5,43-40-23-5,direct,1,1,0.246226,0.909365,-0.663139,0.155591,1.6704,1.78056,0.0136756,0.267552,27999,13763,0.027526,1,0
22,6,1,111-81-41-35-15-1,direct,1,1,0.162746,0.864418,-0.701672,0.0271639,1.70189,1.72017,0.00168019,0.419987,86229,42703,0.085406,1,0
22,5,27,75-55-42-35-27,direct,1,1,0.231545,0.918558,-0.687013,0.150102,1.69368,1.79288,0.00926347,0.281846,56797,28050,0.0561,1,0
22,6,1,103-37-24-22-13-1,direct,1,1,0.16015,0.865212,-0.705062,0.0253614,1.70525,1.72215,0.00152226,0.340219,64443,31894,0.063788,1,0
23,6,1,61-46-35-23-15-1,direct,1,1,0.155484,0.864947,-0.709463,0.020431,1.70959,1.72309,0.00137412,0.423117,43011,21197,0.042394,1,0
23,5,1,91-43-30-13-1,direct,1,1,0.162125,0.864153,-0.702028,0.0262789,1.70223,1.72038,0.00216872,0.412185,58415,28902,0.057804,1,0
23,6,1,110-46-37-35-15-1,direct,1,1,0.17222,0.865873,-0.693653,0.0380933,1.69408,1.72051,0.00356656,0.371319,74257,36757,0.073514,1,0
23,6,8,121-24-22-17-15-8,direct,1,1,0.319213,0.899372,-0.580158,0.218585,1.59521,1.7467,0.0255623,0.3594,70976,35157,0.070314,1,0
23,6,15,95-88-58-46-37-15,direct,1,1,0.234094,0.917593,-0.683499,0.151686,1.69032,1.78795,0.00721017,0.383647,86337,42709,0.085418,1,0
23,6,1,51-35-26-17-2-1,direct,1,1,0.14887,0.863228,-0.714358,0.0120972,1.7144,1.72427,0.00257524,0.428439,32977,16229,0.032458,1,0
23,5,1,81-23-22-17-1,direct,1,1,0.153083,0.863757,-0.710674,0.0168392,1.71076,1.7218,0.00128233,0.312616,47535,23496,0.046992,1,0
23,2,34,106-34,direct,1,1,0.258079,0.926906,-0.668828,0.184985,1.67905,1.79135,0.00288611,0.220328,61982,30740,0.06148,1,0
23,6,1,127-122-81-63-35-1,direct,1,1,0.156595,0.864286,-0.70769,0.0208812,1.70782,1.72166,0.00208554,0.292856,131575,65231,0.130462,1,0
23,2,3,95-3,direct,1,1,0.23121,0.90366,-0.672449,0.13487,1.67788,1.7939,0.0273032,0.32647,49659,24605,0.04921,1,0
23,5,1,115-55-26-8-1,direct,1,1,0.16956,0.864021,-0.694461,0.0335809,1.69479,1.71848,0.00287986,0.343188,75487,37411,0.074822,1,0
23,4,1,127-124-55-1,direct,1,1,0.165818,0.865079,-0.699261,0.0308976,1.69954,1.71937,0.00146531,0.261008,111139,55135,0.11027,1,0
23,4,1,74-40-22-1,direct,1,1,0.161608,0.865212,-0.703603,0.02682,1.70381,1.72317,0.0030379,0.307067,46141,22806,0.045612,1,0
23,5,1,75-55-26-22-1,direct,1,1,0.161664,0.86336,-0.701696,0.0250239,1.70188,1.71931,0.00224313,0.314616,51311,25349,0.050698,1,0
23,5,15,110-83-37-35-15,direct,1,1,0.235095,0.916111,-0.681016,0.151206,1.6878,1.7903,0.0101762,0.322521,85163,42181,0.084362,1,0
23,4,15,75-55-26-15,direct,1,1,0.27306,0.918016,-0.644956,0.191076,1.65602,1.79787,0.0220124,0.2724,50873,25145,0.05029,1,0
23,6,1,95-61-35-23-15-1,direct,1,1,0.15756,0.864153,-0.706594,0.0217133,1.70673,1.72122,0.00132047,0.272654,67545,33415,0.06683,1,0
23,6,2,35-31-23-21-8-2,direct,1,1,0.157393,0.86422,-0.706826,0.0216129,1.70696,1.72788,0.00601333,0.383688,23344,11425,0.02285,1,0
23,2,35,55-35,direct,1,1,0.244187,0.92695,-0.682763,0.171137,1.69144,1.79951,0.00671022,0.193448,32411,16005,0.03201,1,0
23,5,1,43-37-30-15-1,direct,1,1,0.154406,0.866005,-0.7116,0.0204108,1.71172,1.72462,0.000666305,0.434965,28855,14174,0.028348,1,0
23,4,1,23-22-8-1,direct,1,1,0.165844,0.862302,-0.696458,0.0281453,1.69669,1.71914,0.00421233,0.5118,13519,6578,0.013156,1,0
24,6,1,110-37-35-24-15-1,direct,1,1,0.158477,0.864815,-0.706338,0.0232918,1.7065,1.72143,0.0014665,0.443031,70179,34740,0.06948,1,0
24,3,8,121-22-8,direct,1,1,0.188595,0.917593,-0.728998,0.106187,1.73226,1.80251,0.0065579,0.340946,68178,33814,0.067628,1,0
24,2,88,95-88,direct,1,1,0.251101,0.927464,-0.676363,0.178564,1.68585,1.79374,0.00255725,0.162759,65894,32680,0.06536,1,0
24,4,1,43-40-23-1,direct,1,1,0.146945,0.864815,-0.717869,0.0117603,1.71791,1.72546,0.000538512,0.390588,27811,13671,0.027342,1,0
24,5,1,43-37-22-15-1,direct,1,1,0.155977,0.865344,-0.709366,0.0213214,1.7095,1.72367,0.00181452,0.441171,28007,13758,0.027516,1,0
24,5,1,110-35-22-2-1,direct,1,1,0.16238,0.864418,-0.702038,0.0267981,1.70225,1.72286,0.00407344,0.670494,66247,32826,0.065652,1,0
24,4,1,110-22-8-1,direct,1,1,0.156351,0.863757,-0.707405,0.020108,1.70752,1.72325,0.00294223,0.444251,62065,30764,0.061528,1,0
24,6,15,110-87-83-35-24-15,direct,1,1,0.243144,0.916085,-0.672941,0.159228,1.6805,1.79348,0.0195808,0.294731,99061,49056,0.098112,1,0
24,6,1,127-81-63-35-15-1,direct,1,1,0.161941,0.86164,-0.699699,0.0235817,1.69986,1.71753,0.00291935,0.256263,102193,50647,0.101294,1,0
24,5,1,35-24-8-2-1,direct,1,1,0.155385,0.863889,-0.708504,0.0192735,1.70861,1.72549,0.0040194,0.612394,20415,10010,0.02002,1,0
24,2,83,88-83,direct,1,1,0.256966,0.926332,-0.669366,0.183298,1.6794,1.79038,0.00257619,0.166455,60179,29832,0.059664,1,0
24,6,1,125-91-75-26-15-1,direct,1,1,0.162255,0.865741,-0.703486,0.0279958,1.70372,1.72079,0.000632002,0.397074,106031,52555,0.10511,1,0
24,4,1,91-35-24-1,direct,1,1,0.155204,0.864286,-0.709081,0.0194902,1.70919,1.72264,0.00176053,0.402688,55247,27345,0.05469,1,0
24,6,1,111-91-63-35-15-1,direct,1,1,0.153831,0.864021,-0.71019,0.017852,1.71028,1.72317,0.00173507,0.190863,94877,46995,0.09399,1,0
24,2,24,80-24,direct,1,1,0.262452,0.921897,-0.659445,0.184349,1.66965,1.7834,0.00406882,0.235067,45240,22400,0.0448,1,0
24,4,2,40-23-5-2,direct,1,1,0.158025,0.865873,-0.707848,0.0238983,1.70801,1.73134,0.00683891,0.359813,22964,11285,0.02257,1,0
24,6,1,124-81-37-30-23-1,direct,1,1,0.16688,0.865079,-0.6982,0.0319591,1.6985,1.72216,0.00357384,0.321558,94063,46608,0.093216,1,0
24,6,1,81-48-37-27-15-1,direct,1,1,0.156562,0.864418,-0.707856,0.0209799,1.70798,1.72413,0.00400407,0.459448,56311,27819,0.055638,1,0
24,4,30,91-46-43-30,direct,1,1,0.221743,0.923576,-0.701833,0.145318,1.70803,1.79823,0.00372619,0.237019,62146,30750,0.0615,1,0
24,3,3,95-63-3,direct,1,1,0.29037,0.911243,-0.620873,0.201614,1.63336,1.79465,0.0323431,0.337895,61563,30494,0.060988,1,0
25,5,1,88-79-24-22-1,direct,1,1,0.154821,0.864418,-0.709597,0.0192394,1.7097,1.7232,0.00176921,0.378425,64535,31926,0.063852,1,0
25,6,18,108-103-38-36-32-18,direct,1,1,0.195661,0.91929,-0.723629,0.114951,1.72746,1.80447,0.00797358,0.264847,92472,45782,0.091564,1,0
25,6,1,110-86-26-22-17-1,direct,1,1,0.168399,0.86455,-0.696151,0.0329495,1.69647,1.72109,0.00507267,0.496256,82417,40819,0.081638,1,0
25,6,1,109-81-63-35-15-1,direct,1,1,0.1644,0.862963,-0.698563,0.0273632,1.69878,1.71858,0.00307577,0.244383,90025,44581,0.089162,1,0
25,2,5,10-5,direct,1,1,0.208201,0.888889,-0.680688,0.0970897,1.68349,1.7532,0.00926906,0.46665,5501,2610,0.00522,1,0
25,5,15,91-46-43-30-15,direct,1,1,0.25823,0.917451,-0.659222,0.175681,1.6685,1.78504,0.0145088,0.219878,63091,31200,0.0624,1,0
25,5,1,75-55-35-15-1,direct,1,1,0.163661,0.86455,-0.70089,0.0282108,1.70112,1.72009,0.00181213,0.32004,52197,25790,0.05158,1,0
25,6,1,91-46-43-30-15-1,direct,1,1,0.167313,0.863757,-0.696444,0.0310695,1.69673,1.71969,0.00361756,0.517493,63137,31215,0.06243,1,0
25,5,1,48-37-17-15-1,direct,1,1,0.154212,0.863624,-0.709412,0.0178363,1.70951,1.72198,0.00147212,0.564074,30417,14963,0.029926,1,0
25,6,1,111-81-35-24-2-1,direct,1,1,0.15772,0.864683,-0.706963,0.0224026,1.70711,1.72408,0.00281403,0.450079,83027,41132,0.082264,1,0
25,6,1,35-24-21-8-2-1,direct,1,1,0.161983,0.866799,-0.704816,0.0287816,1.70506,1.724,0.00265488,0.411238,21417,10490,0.02098,1,0
25,6,1,110-35-21-15-8-1,direct,1,1,0.161255,0.864815,-0.70356,0.0260701,1.70376,1.72504,0.00427104,0.859697,67011,33188,0.066376,1,0
25,5,13,91-30-24-23-13,direct,1,1,0.274303,0.918244,-0.64394,0.192547,1.65518,1.7841,0.0225021,0.316158,55799,27597,0.055194,1,0
25,6,1,110-81-17-8-2-1,direct,1,1,0.16272,0.866402,-0.703682,0.029122,1.70393,1.72512,0.00305404,0.247098,77895,38601,0.077202,1,0
25,2,20,95-20,direct,1,1,0.21897,0.923102,-0.704132,0.142072,1.71004,1.80257,0.0067967,0.263264,52906,26220,0.05244,1,0
25,5,1,48-37-24-16-1,direct,1,1,0.160071,0.864815,-0.704744,0.0248858,1.70493,1.72129,0.00131085,0.620719,31211,15352,0.030704,1,0
25,4,8,26-23-17-8,direct,1,1,0.293935,0.904778,-0.610844,0.198713,1.62305,1.77105,0.0227506,0.2256,15958,7781,0.015562,1,0
25,6,1,127-63-55-35-22-1,direct,1,1,0.161399,0.864683,-0.703283,0.026082,1.70348,1.7228,0.00302201,0.391061,94251,46695,0.09339,1,0
25,6,1,111-35-24-21-2-1,direct,1,1,0.156363,0.864947,-0.708585,0.0213096,1.70872,1.72466,0.00270147,0.286331,68021,33689,0.067378,1,0
25,4,8,111-48-15-8,direct,1,1,0.230713,0.910235,-0.679522,0.140947,1.68543,1.80506,0.026392,0.335653,69780,34584,0.069168,1,0
25,6,1,26-23-17-8-2-1,direct,1,1,0.156492,0.863228,-0.706735,0.0197195,1.70685,1.72284,0.00314803,0.383131,16007,7799,0.015598,1,0
25,1,108,108,direct,1,1,0.284354,0.933428,-0.649074,0.217781,1.66339,1.79339,0.00235382,0.215352,55660,27648,0.055296,1,0
25,5,13,59-46-43-22-13,direct,1,1,0.232426,0.913757,-0.681331,0.146183,1.68767,1.77983,0.00561653,0.269715,42665,21028,0.042056,1,0
25,6,1,109-81-63-24-22-1,direct,1,1,0.163055,0.863757,-0.700702,0.0268115,1.70091,1.71883,0.00234964,0.203148,88651,43898,0.087796,1,0
26,5,1,96-22-17-8-1,direct,1,1,0.160452,0.863889,-0.703437,0.0243404,1.70361,1.72355,0.00525058,0.843634,54955,27206,0.054412,1,0
26,6,1,111-81-35-24-15-1,direct,1,1,0.160496,0.864418,-0.703922,0.0249139,1.7041,1.71976,0.00148998,0.423824,83703,41457,0.082914,1,0
26,5,15,111-81-35-27-15,direct,1,1,0.199393,0.918739,-0.719346,0.118132,1.7234,1.8033,0.0139804,0.214555,83963,41592,0.083184,1,0
26,6,1,110-26-22-17-2-1,direct,1,1,0.159106,0.866402,-0.707296,0.0255084,1.70749,1.724,0.00113497,0.363191,64615,32002,0.064004,1,0
26,5,1,109-24-8-2-1,direct,1,1,0.153524,0.864286,-0.710762,0.0178095,1.71085,1.72413,0.00216308,0.348292,62003,30730,0.06146,1,0
26,2,6,65-6,direct,1,1,0.224423,0.916578,-0.692156,0.141001,1.69802,1.78547,0.0039183,0.269395,34452,17030,0.03406,1,0
26,4,1,75-26-15-1,direct,1,1,0.158502,0.866005,-0.707504,0.024507,1.70768,1.72273,0.000825299,0.333665,43599,21555,0.04311,1,0
26,6,15,95-88-46-37-35-15,direct,1,1,0.151429,0.90784,-0.756411,0.0592684,1.75741,1.79591,0.00310673,0.242727,81373,40250,0.0805,1,0
26,4,15,75-55-48-15,direct,1,1,0.251769,0.92306,-0.671291,0.174829,1.68041,1.79159,0.0101823,0.333732,53997,26685,0.05337,1,0
26,1,3,3,direct,1,1,0.176471,0.885582,-0.709111,0.0620531,1.71024,1.76322,0.0124768,0.357493,1795,768,0.001536,1,0
26,6,1,127-35-34-22-20-1,direct,1,1,0.159664,0.864815,-0.705151,0.0244788,1.70533,1.72125,0.00180747,0.419804,79443,39355,0.07871,1,0
26,6,1,118-48-26-17-2-1,direct,1,1,0.152631,0.864683,-0.712051,0.0173138,1.71214,1.72529,0.00247513,0.365656,75875,37598,0.075196,1,0
26,4,1,82-22-17-1,direct,1,1,0.165054,0.864947,-0.699893,0.0300007,1.70016,1.72386,0.00435577,0.490731,46873,23187,0.046374,1,0
26,6,1,110-17-14-8-2-1,direct,1,1,0.153417,0.865212,-0.711795,0.0186285,1.7119,1.72964,0.00802812,0.298899,61355,30398,0.060796,1,0
26,5,1,73-22-8-2-1,direct,1,1,0.160186,0.863889,-0.703703,0.0240746,1.70387,1.72106,0.00320143,0.602551,41443,20488,0.040976,1,0
26,4,1,17-8-2-1,direct,1,1,0.162686,0.866799,-0.704113,0.0294849,1.70437,1.72512,0.00281595,0.153456,9323,4506,0.009012,1,0
26,5,1,111-81-27-26-1,direct,1,1,0.168029,0.86455,-0.696521,0.0325791,1.69683,1.71838,0.00273712,0.473349,81391,40322,0.080644,1,0
26,5,1,55-35-30-24-1,direct,1,1,0.158412,0.864286,-0.705873,0.022698,1.70602,1.72561,0.00447527,0.531944,36143,17799,0.035598,1,0
26,5,1,126-108-55-22-1,direct,1,1,0.167203,0.863889,-0.696686,0.0310919,1.69697,1.71996,0.00338227,0.203453,106951,53036,0.106072,1,0
26,4,1,110-26-8-1,direct,1,1,0.157204,0.865873,-0.708669,0.0230771,1.70882,1.72364,0.00105423,0.467558,63017,31236,0.062472,1,0
27,1,95,95,direct,1,1,0.287127,0.933445,-0.646318,0.220572,1.66103,1.79209,0.00198813,0.220253,48991,24320,0.04864,1,0
27,4,1,26-23-8-1,direct,1,1,0.161742,0.865476,-0.703734,0.027218,1.70395,1.7286,0.00908318,0.734426,15263,7446,0.014892,1,0
27,6,1,46-43-37-32-30-1,direct,1,1,0.163425,0.865608,-0.702183,0.0290337,1.70243,1.72276,0.00261431,0.61727,35671,17519,0.035038,1,0
27,5,1,110-22-8-2-1,direct,1,1,0.154028,0.864683,-0.710654,0.0187109,1.71076,1.72379,0.00230139,0.304849,62089,30774,0.061548,1,0
27,5,1,27-24-23-17-1,direct,1,1,0.162626,0.864815,-0.702188,0.0274413,1.70241,1.72309,0.00377735,0.511704,17479,8520,0.01704,1,0
27,3,1,56-37-1,direct,1,1,0.157665,0.866667,-0.709001,0.0243321,1.70917,1.72548,0.00255422,0.472881,33333,16445,0.03289,1,0
27,6,1,127-63-55-35-15-1,direct,1,1,0.154623,0.863757,-0.709133,0.0183801,1.70923,1.72083,0.00093863,0.264039,93733,46443,0.092886,1,0
27,5,1,122-8-7-3-1,direct,1,1,0.15943,0.865741,-0.706311,0.0251708,1.7065,1.72321,0.0018335,0.567456,65113,32288,0.064576,1,0
27,4,1,43-32-23-1,direct,1,1,0.167278,0.864815,-0.697537,0.0320926,1.69784,1.72422,0.00538448,0.433353,26739,13143,0.026286,1,0
27,6,1,35-34-24-21-15-1,direct,1,1,0.168002,0.863889,-0.695887,0.0318906,1.69619,1.72107,0.00447881,0.40855,24115,11800,0.0236,1,0
27,6,1,121-96-26-13-8-1,direct,1,1,0.15976,0.865079,-0.705319,0.0248398,1.7055,1.72202,0.00202358,0.332411,91861,45538,0.091076,1,0
27,2,4,95-4,direct,1,1,0.23261,0.919279,-0.686669,0.15189,1.69349,1.8029,0.0144724,0.357337,49850,24700,0.0494,1,0
27,6,1,111-110-109-35-21-1,direct,1,1,0.157311,0.863757,-0.706446,0.0210672,1.70658,1.72108,0.00160012,0.297776,115403,57187,0.114374,1,0
27,5,14,127-63-55-24-14,direct,1,1,0.213576,0.919803,-0.706228,0.133379,1.71143,1.80114,0.00920355,0.311838,92076,45634,0.091268,1,0
27,4,1,40-23-22-1,direct,1,1,0.17317,0.866534,-0.693364,0.0397049,1.69383,1.72228,0.00408498,0.476493,23803,11688,0.023376,1,0
27,6,3,46-37-35-24-15-3,direct,1,1,0.146727,0.871296,-0.724569,0.0180232,1.72466,1.75959,0.0227727,0.381101,32609,16018,0.032036,1,0
27,5,1,127-81-27-24-1,direct,1,1,0.156555,0.863228,-0.706673,0.0197824,1.70679,1.72186,0.00246718,0.260098,92091,45658,0.091316,1,0
27,5,1,81-27-24-15-1,direct,1,1,0.168958,0.865079,-0.696122,0.0340369,1.69646,1.72158,0.00416573,0.33935,48443,23946,0.047892,1,0
27,6,15,88-46-37-35-24-15,direct,1,1,0.272156,0.912743,-0.640587,0.184898,1.65097,1.77802,0.021958,0.303632,62277,30773,0.061546,1,0
27,2,115,127-115,direct,1,1,0.270914,0.927805,-0.656891,0.198719,1.66877,1.78801,0.00249732,0.162063,94859,47117,0.094234,1,0
27,5,1,46-43-37-30-1,direct,1,1,0.154596,0.863624,-0.709029,0.01822,1.70913,1.72097,0.0011818,0.371038,33539,16485,0.03297,1,0
27,4,1,46-8-2-1,direct,1,1,0.14054,0.865608,-0.725068,0.00614871,1.72508,1.72944,0.000579512,0.771724,24693,12162,0.024324,1,0
28,5,15,81-75-27-26-15,direct,1,1,0.216277,0.924612,-0.708335,0.140889,1.71413,1.80482,0.00775928,0.323276,60545,29928,0.059856,1,0
28,6,1,35-34-24-21-2-1,direct,1,1,0.155268,0.865212,-0.709943,0.02048,1.71007,1.72514,0.00273813,0.439196,23517,11514,0.023028,1,0
28,6,1,127-63-55-24-15-1,direct,1,1,0.157405,0.865079,-0.707674,0.0224848,1.70782,1.72277,0.00128421,0.263999,92171,45673,0.091346,1,0
28,5,1,79-48-46-30-1,direct,1,1,0.155124,0.865476,-0.710352,0.0206001,1.71048,1.72456,0.00253861,0.237113,55931,27634,0.055268,1,0
28,1,56,56,direct,1,1,0.287728,0.931933,-0.644205,0.21966,1.65881,1.78857,0.00110589,0.236905,28984,14336,0.028672,1,0
28,6,1,111-35-30-27-15-1,direct,1,1,0.15763,0.864286,-0.706656,0.0219154,1.7068,1.72158,0.00146446,0.453484,69855,34581,0.069162,1,0
28,5,1,34-26-8-7-1,direct,1,1,0.14707,0.864286,-0.717216,0.0113554,1.71725,1.72581,0.00193294,0.452118,20125,9859,0.019718,1,0
28,6,1,62-55-35-27-15-1,direct,1,1,0.163895,0.867857,-0.703962,0.0317524,1.70426,1.72427,0.00161284,0.496068,45789,22572,0.045144,1,0
28,6,1,126-37-24-17-15-1,direct,1,1,0.161146,0.864418,-0.703272,0.025564,1.70346,1.72131,0.00203271,0.458245,77663,38484,0.076968,1,0
28,5,1,111-81-35-26-1,direct,1,1,0.15628,0.865741,-0.70946,0.0220211,1.7096,1.72319,0.000649403,0.290115,83119,41178,0.082356,1,0
28,4,1,37-35-17-1,direct,1,1,0.163026,0.86336,-0.700334,0.026386,1.70054,1.72327,0.00670823,0.605639,23193,11379,0.022758,1,0
28,5,1,43-37-30-24-1,direct,1,1,0.159584,0.864021,-0.704437,0.0236052,1.7046,1.72166,0.00305727,0.330225,29431,14453,0.028906,1,0
28,2,95,112-95,direct,1,1,0.26923,0.927743,-0.658513,0.196973,1.67017,1.78741,0.00169364,0.183083,79199,39312,0.078624,1,0
28,2,6,10-6,direct,1,1,0.281622,0.905049,-0.623426,0.186671,1.63412,1.77463,0.0221021,0.181743,5522,2620,0.00524,1,0
28,4,1,43-23-5-1,direct,1,1,0.148261,0.864418,-0.716157,0.0126785,1.7162,1.72489,0.00103611,0.448365,24633,12117,0.024234,1,0
28,6,1,77-24-21-8-2-1,direct,1,1,0.154448,0.864153,-0.709705,0.0186015,1.70981,1.7223,0.00197564,0.624561,45021,22250,0.0445,1,0
28,6,1,111-110-21-15-8-1,direct,1,1,0.161232,0.865212,-0.70398,0.0264433,1.70419,1.72147,0.00189159,0.544072,87545,43379,0.086758,1,0
28,3,1,91-17-1,direct,1,1,0.167316,0.864153,-0.696838,0.0314692,1.69713,1.72073,0.00523559,0.379434,50193,24860,0.04972,1,0
28,6,1,107-37-30-24-23-1,direct,1,1,0.154324,0.862963,-0.708639,0.017287,1.70873,1.72294,0.00310976,0.338132,68211,33756,0.067512,1,0
28,6,1,111-110-35-21-15-1,direct,1,1,0.159049,0.864815,-0.705766,0.0238639,1.70593,1.72228,0.00169901,0.571729,91923,45541,0.091082,1,0
28,5,35,95-88-46-37-35,direct,1,1,0.22538,0.918141,-0.69276,0.143521,1.69883,1.78562,0.00368501,0.230708,80273,39725,0.07945,1,0
28,5,1,55-35-24-15-1,direct,1,1,0.155615,0.864418,-0.708803,0.0200325,1.70892,1.7272,0.00761757,0.437439,34955,17220,0.03444,1,0
28,3,8,22-17-8,direct,1,1,0.29488,0.912202,-0.617322,0.207082,1.63053,1.77168,0.0145152,0.268655,12626,6142,0.012284,1,0
29,6,1,91-79-57-46-30-1,direct,1,1,0.156572,0.864418,-0.707846,0.0209901,1.70797,1.7222,0.00258784,0.265567,78903,39020,0.07804,1,0
29,6,1,127-81-63-24-15-1,direct,1,1,0.165565,0.864947,-0.699382,0.0305122,1.69966,1.72158,0.00303855,0.271695,100455,49789,0.099578,1,0
29,6,13,114-91-43-30-24-13,direct,1,1,0.213224,0.910613,-0.697389,0.123836,1.7019,1.79041,0.0201073,0.280682,92459,45793,0.091586,1,0
29,2,91,111-91,direct,1,1,0.265491,0.92785,-0.66236,0.193341,1.67357,1.78858,0.00227494,0.181436,77603,38517,0.077034,1,0
29,4,15,91-43-24-15,direct,1,1,0.269098,0.923157,-0.654059,0.192255,1.66519,1.7895,0.00840052,0.310196,57789,28601,0.057202,1,0
29,6,1,127-81-35-34-22-1,direct,1,1,0.163271,0.863624,-0.700353,0.0268958,1.70057,1.71765,0.00180565,0.328893,96043,47594,0.095188,1,0
29,6,1,37-30-24-23-15-1,direct,1,1,0.158441,0.865212,-0.70677,0.0236529,1.70693,1.72256,0.00244959,0.5961,24943,12214,0.024428,1,0
29,5,22,81-63-47-35-22,direct,1,1,0.255185,0.919138,-0.663953,0.174323,1.67306,1.78708,0.0142106,0.239645,63160,31215,0.06243,1,0
29,5,1,84-46-30-5-1,direct,1,1,0.163749,0.862434,-0.698685,0.0261831,1.69889,1.72093,0.00493784,0.524018,54393,26903,0.053806,1,0
29,3,17,37-35-17,direct,1,1,0.313636,0.92507,-0.611434,0.238706,1.62902,1.78738,0.0167335,0.249297,23141,11362,0.022724,1,0
29,3,5,16-10-5,direct,1,1,0.145317,0.869418,-0.724101,0.014735,1.72416,1.74872,0.0215865,0.385092,8925,4306,0.008612,1,0
29,2,1,91-1,direct,1,1,0.151578,0.864815,-0.713237,0.0163927,1.71332,1.72538,0.00293386,0.425221,47213,23387,0.046774,1,0
29,5,1,111-81-35-16-1,direct,1,1,0.166713,0.864683,-0.69797,0.0313955,1.69826,1.72001,0.00259659,0.278495,82379,40818,0.081636,1,0
29,5,1,26-24-17-8-1,direct,1,1,0.160725,0.864153,-0.703428,0.0248786,1.70361,1.72011,0.00228164,0.40749,16071,7832,0.015664,1,0
29,6,1,111-38-27-17-15-1,direct,1,1,0.167323,0.865212,-0.697889,0.0325347,1.6982,1.72008,0.00200399,0.365631,69451,34389,0.068778,1,0
29,4,1,55-26-22-1,direct,1,1,0.173026,0.866138,-0.693111,0.0391638,1.69356,1.72462,0.00576944,0.357447,32671,16104,0.032208,1,0
30,6,1,109-52-35-24-22-1,direct,1,1,0.159373,0.86455,-0.705177,0.0239231,1.70535,1.72157,0.00163336,0.189852,74305,36782,0.073564,1,0
30,6,1,109-55-35-34-15-1,direct,1,1,0.164859,0.865476,-0.700618,0.0303347,1.70089,1.72241,0.00281533,0.553877,75831,37539,0.075078,1,0
30,1,102,102,direct,1,1,0.282179,0.933711,-0.651532,0.21589,1.66558,1.79348,0.00123357,0.217085,52582,26112,0.052224,1,0
30,6,3,35-24-17-15-8-3,direct,1,1,0.175574,0.866402,-0.690828,0.0419758,1.69135,1.72664,0.0113872,0.431755,21671,10607,0.021214,1,0
30,1,115,115,direct,1,1,0.292501,0.934516,-0.642015,0.227017,1.65763,1.79221,0.00167622,0.213771,59251,29440,0.05888,1,0
30,5,1,37-30-24-3-1,direct,1,1,0.15516,0.864418,-0.709258,0.0195775,1.70937,1.72453,0.00396162,0.475033,23199,11377,0.022754,1,0
30,6,1,81-63-35-15-8-1,direct,1,1,0.162499,0.865608,-0.70311,0.0281072,1.70334,1.72367,0.00340127,0.750496,58055,28697,0.057394,1,0
30,5,1,109-55-54-22-1,direct,1,1,0.166373,0.864815,-0.698442,0.0311881,1.69873,1.72154,0.00362573,0.3913,76895,38079,0.076158,1,0
30,4,1,76-55-22-1,direct,1,1,0.159448,0.865212,-0.705763,0.02466,1.70594,1.72231,0.00153932,0.285116,50299,24868,0.049736,1,0
30,5,1,34-24-21-15-1,direct,1,1,0.146624,0.866005,-0.719381,0.0126295,1.71943,1.7279,0.00124045,0.405648,21153,10354,0.020708,1,0
30,6,12,111-81-27-24-15-12,direct,1,1,0.296443,0.911254,-0.614812,0.207697,1.62811,1.77235,0.0159597,0.275388,82348,40782,0.081564,1,0
30,4,1,115-55-26-1,direct,1,1,0.169522,0.86455,-0.695029,0.034072,1.69537,1.72106,0.00439183,0.402662,75091,37221,0.074442,1,0
30,4,1,48-30-17-1,direct,1,1,0.150277,0.864947,-0.71467,0.015224,1.71474,1.72424,0.000438931,0.500964,28957,14255,0.02851,1,0
30,6,1,108-91-46-23-13-1,direct,1,1,0.159645,0.864021,-0.704376,0.023666,1.70454,1.72226,0.00273134,0.263361,86883,43032,0.086064,1,0
30,2,34,40-34,direct,1,1,0.233194,0.92309,-0.689896,0.156284,1.69711,1.79514,0.00845092,0.17354,23570,11600,0.0232,1,0
30,1,96,96,direct,1,1,0.291351,0.934805,-0.643454,0.226156,1.65894,1.79256,0.00154158,0.22157,49504,24576,0.049152,1,0
31,5,1,110-35-21-15-1,direct,1,1,0.167479,0.864153,-0.696675,0.0316322,1.69697,1.72009,0.00343009,0.582535,66769,33075,0.06615,1,0
31,6,13,46-37-30-23-22-13,direct,1,1,0.237644,0.916565,-0.678921,0.154209,1.68599,1.78949,0.017523,0.198562,32725,16070,0.03214,1,0
31,1,18,18,direct,1,1,0.253584,0.927954,-0.674371,0.181538,1.68418,1.79434,0.00431954,0.245911,9490,4608,0.009216,1,0
31,4,1,23-22-21-1,direct,1,1,0.162114,0.864947,-0.702833,0.0270614,1.70305,1.72204,0.00222445,0.529525,14143,6877,0.013754,1,0
31,2,59,122-59,direct,1,1,0.301952,0.929392,-0.62744,0.231344,1.6438,1.78607,0.0058371,0.20824,77419,38430,0.07686,1,0
31,3,1,27-12-1,direct,1,1,0.161792,0.864947,-0.703155,0.0267396,1.70336,1.72227,0.00229939,0.538782,14831,7248,0.014496,1,0
31,5,13,124-24-23-22-13,direct,1,1,0.261388,0.911874,-0.650487,0.173262,1.65956,1.78459,0.0184232,0.242416,72783,36064,0.072128,1,0
31,3,1,37-17-1,direct,1,1,0.158275,0.865079,-0.706804,0.0233544,1.70696,1.72491,0.00360754,0.362445,20601,10118,0.020236,1,0
31,5,1,107-91-43-30-1,direct,1,1,0.148731,0.862831,-0.7141,0.0115618,1.71414,1.72283,0.00135575,0.291785,85523,42362,0.084724,1,0
31,6,1,46-35-15-8-3-1,direct,1,1,0.161049,0.864815,-0.703765,0.0258642,1.70396,1.72607,0.00588023,0.747158,28587,14058,0.028116,1,0
31,6,1,91-46-37-30-10-1,direct,1,1,0.162052,0.864286,-0.702233,0.026338,1.70244,1.72049,0.00306212,0.406087,61893,30604,0.061208,1,0
31,6,1,92-75-55-26-22-1,direct,1,1,0.153018,0.863757,-0.710739,0.0167742,1.71082,1.72398,0.00235521,0.370153,73999,36601,0.073202,1,0
31,4,1,46-43-30-1,direct,1,1,0.162896,0.863757,-0.70086,0.0266528,1.70107,1.72261,0.00503799,0.522195,30643,15074,0.030148,1,0
31,5,30,91-59-46-37-30,direct,1,1,0.194744,0.920256,-0.725512,0.115,1.72934,1.80235,0.00423319,0.20677,69134,34191,0.068382,1,0
31,4,1,46-35-8-1,direct,1,1,0.1493,0.864418,-0.715118,0.0137178,1.71517,1.72522,0.00270752,0.481069,27783,13674,0.027348,1,0
31,6,1,116-106-74-37-17-1,direct,1,1,0.153238,0.86336,-0.710122,0.016598,1.7102,1.72053,0.000479892,0.212572,107397,53220,0.10644,1,0
31,6,1,109-81-35-24-15-1,direct,1,1,0.165785,0.864418,-0.698633,0.0302028,1.6989,1.71907,0.00177567,0.301786,82351,40783,0.081566,1,0
31,2,5,16-5,direct,1,1,0.322587,0.913439,-0.590852,0.236026,1.60827,1.7689,0.0277769,0.241587,8645,4176,0.008352,1,0
31,3,5,61-16-5,direct,1,1,0.236088,0.916243,-0.680155,0.152332,1.68705,1.7941,0.0132547,0.253912,33759,16672,0.033344,1,0
31,6,1,127-81-35-34-15-1,direct,1,1,0.156954,0.864683,-0.707729,0.0216364,1.70787,1.72171,0.000826056,0.276374,95539,47349,0.094698,1,0
31,4,5,59-41-16-5,direct,1,1,0.211203,0.904868,-0.693665,0.116071,1.69764,1.79882,0.0247203,0.351499,37011,18259,0.036518,1,0
31,5,10,46-37-30-16-10,direct,1,1,0.258852,0.904246,-0.645394,0.163098,1.65346,1.76466,0.0221261,0.232816,30980,15228,0.030456,1,0
32,6,1,127-55-35-24-15-1,direct,1,1,0.158107,0.864418,-0.706311,0.022525,1.70646,1.72002,0.000409781,0.527247,86043,42637,0.085274,1,0
32,6,1,46-43-37-30-13-1,direct,1,1,0.167412,0.86336,-0.695948,0.030772,1.69623,1.72038,0.00482579,0.489728,34311,16858,0.033716,1,0
32,3,1,48-38-1,direct,1,1,0.163528,0.865212,-0.701683,0.0287401,1.70193,1.7238,0.00379677,0.407762,28729,14150,0.0283,1,0
32,5,1,26-8-7-3-1,direct,1,1,0.152075,0.864815,-0.71274,0.0168894,1.71282,1.72627,0.00301974,1.01771,14233,6944,0.013888,1,0
32,6,21,127-109-81-35-22-21,direct,1,1,0.175355,0.911262,-0.735907,0.0866176,1.73807,1.80116,0.0105033,0.250897,119527,59251,0.118502,1,0
32,2,27,92-27,direct,1,1,0.228024,0.9238,-0.695776,0.151824,1.70256,1.79538,0.00303902,0.235179,52539,26036,0.052072,1,0
32,2,19,37-19,direct,1,1,0.273494,0.922348,-0.648853,0.195842,1.66044,1.78213,0.00732067,0.209589,20699,10175,0.02035,1,0
32,5,1,43-37-24-15-1,direct,1,1,0.162104,0.864153,-0.702049,0.0262578,1.70225,1.7201,0.0026056,0.402293,28219,13862,0.027724,1,0
32,1,32,32,direct,1,1,0.248943,0.927468,-0.678525,0.176411,1.68777,1.79433,0.00422211,0.249399,16672,8192,0.016384,1,0
32,3,16,59-46-16,direct,1,1,0.259037,0.919816,-0.660779,0.178854,1.67038,1.78374,0.00611888,0.267394,37590,18554,0.037108,1,0
32,6,1,120-83-46-43-30-1,direct,1,1,0.163348,0.864683,-0.701334,0.0280308,1.70157,1.72144,0.00309781,0.435272,96493,47796,0.095592,1,0
32,2,16,35-16,direct,1,1,0.214799,0.917816,-0.703017,0.132614,1.70817,1.7931,0.00796897,0.276369,19382,9520,0.01904,1,0
32,5,22,127-95-35-34-22,direct,1,1,0.216432,0.920791,-0.70436,0.137223,1.70987,1.79537,0.00382682,0.299782,100540,49840,0.09968,1,0
32,6,1,81-59-30-16-5-1,direct,1,1,0.161916,0.86746,-0.705544,0.0293763,1.7058,1.72641,0.00256156,0.632756,56339,27850,0.0557,1,0
32,3,1,55-26-1,direct,1,1,0.154416,0.864815,-0.710399,0.0192304,1.71051,1.72434,0.00282138,0.477318,31491,15536,0.031072,1,0
32,6,1,81-75-35-34-22-1,direct,1,1,0.160659,0.862566,-0.701907,0.023225,1.70207,1.71892,0.00420577,0.259717,63543,31396,0.062792,1,0
32,3,5,91-59-5,direct,1,1,0.256321,0.920582,-0.664261,0.176903,1.67364,1.7997,0.0266444,0.300101,58481,28960,0.05792,1,0
32,5,1,81-35-34-22-1,direct,1,1,0.159166,0.864153,-0.704988,0.0233193,1.70515,1.72019,0.000984653,0.281598,51663,25531,0.051062,1,0
32,3,5,59-10-5,direct,1,1,0.225418,0.916799,-0.691381,0.142217,1.69735,1.80464,0.0209237,0.214523,31887,15744,0.031488,1,0
32,6,1,37-24-23-22-15-1,direct,1,1,0.155381,0.865608,-0.710227,0.0209899,1.71036,1.72522,0.00184423,0.37568,24025,11763,0.023526,1,0
32,5,1,91-24-22-15-1,direct,1,1,0.151304,0.863492,-0.712188,0.0147964,1.71225,1.7244,0.00247198,0.404975,53267,26353,0.052706,1,0
32,6,1,109-35-34-15-10-1,direct,1,1,0.161269,0.864021,-0.702753,0.0252897,1.70294,1.72213,0.00426212,0.593587,67821,33579,0.067158,1,0
32,5,1,118-46-43-30-1,direct,1,1,0.150752,0.862831,-0.712079,0.0135824,1.71213,1.72148,0.00114974,0.438524,78599,38934,0.077868,1,0
32,3,21,23-22-21,direct,1,1,0.303365,0.908592,-0.605226,0.211957,1.61916,1.75591,0.00992678,0.180495,14079,6856,0.013712,1,0
33,2,3,23-3,direct,1,1,0.273265,0.907451,-0.634187,0.180716,1.64415,1.76389,0.0148754,0.258597,12219,5957,0.011914,1,0
33,2,9,35-9,direct,1,1,0.265323,0.91746,-0.652137,0.182783,1.66222,1.78192,0.00920463,0.268804,18885,9275,0.01855,1,0
33,5,1,91-30-10-5-1,direct,1,1,0.157581,0.865476,-0.707895,0.0230574,1.70805,1.72289,0.000946417,0.757123,53291,26381,0.052762,1,0
33,6,15,112-91-46-30-23-15,direct,1,1,0.225976,0.921825,-0.695849,0.147802,1.70228,1.79271,0.00282495,0.165916,91805,45465,0.09093,1,0
33,6,1,46-37-30-16-10-1,direct,1,1,0.152362,0.865212,-0.71285,0.0175735,1.71294,1.72413,0.000656553,0.405102,31011,15238,0.030476,1,0
33,4,17,95-23-22-17,direct,1,1,0.254015,0.918176,-0.664161,0.172191,1.67305,1.78467,0.0115266,0.271311,55323,27385,0.05477,1,0
33,5,1,91-63-43-30-1,direct,1,1,0.161912,0.864153,-0.702242,0.0260652,1.70244,1.72301,0.00375147,0.312195,66827,33058,0.066116,1,0
33,5,7,81-34-26-22-7,direct,1,1,0.262863,0.913549,-0.650685,0.176412,1.66009,1.78442,0.0220527,0.253519,50789,25100,0.0502,1,0
33,2,1,68-1,direct,1,1,0.163794,0.863624,-0.699831,0.0274182,1.70005,1.72392,0.00552413,0.300626,35345,17476,0.034952,1,0
33,5,1,127-81-34-7-1,direct,1,1,0.151769,0.863492,-0.711723,0.0152609,1.71179,1.722,0.00100861,0.251353,92351,45798,0.091596,1,0
33,2,8,21-8,direct,1,1,0.3535,0.906729,-0.55323,0.260229,1.57488,1.74829,0.0149211,0.228249,11394,5544,0.011088,1,0
33,5,3,127-81-35-17-3,direct,1,1,0.180196,0.909039,-0.728843,0.0892348,1.73114,1.81309,0.0210109,0.438386,93339,46280,0.09256,1,0
33,3,10,91-46-10,direct,1,1,0.270935,0.918029,-0.647094,0.188964,1.6579,1.78133,0.00905223,0.324211,56424,27942,0.055884,1,0
33,5,1,81-63-35-15-1,direct,1,1,0.162207,0.863624,-0.701417,0.0258316,1.70161,1.71874,0.00214848,0.250712,57813,28584,0.057168,1,0
33,3,1,32-8-1,direct,1,1,0.163369,0.865873,-0.702504,0.0292423,1.70275,1.7232,0.00280395,0.483543,17249,8456,0.016912,1,0
33,5,15,46-43-37-30-15,direct,1,1,0.312426,0.920132,-0.607706,0.232559,1.62444,1.77749,0.0139269,0.261408,34393,16905,0.03381,1,0
33,5,1,114-46-43-15-1,direct,1,1,0.161906,0.865741,-0.703835,0.0276469,1.70406,1.72334,0.00218971,0.266672,74825,37066,0.074132,1,0
34,5,1,128-63-35-21-1,direct,1,1,0.162505,0.865873,-0.703368,0.0283781,1.7036,1.722,0.00165841,0.358313,88337,43793,0.087586,1,0
34,4,26,127-47-34-26,direct,1,1,0.243769,0.920579,-0.67681,0.164348,1.68485,1.787,0.00676125,0.270218,82624,40963,0.081926,1,0
34,5,22,127-81-34-26-22,direct,1,1,0.259278,0.922204,-0.662926,0.181482,1.6728,1.79415,0.0122156,0.226932,94832,47009,0.094018,1,0
34,6,1,109-81-63-35-22-1,direct,1,1,0.174858,0.863624,-0.688767,0.0384821,1.6892,1.71896,0.00510278,0.417861,90543,44833,0.089666,1,0
34,4,1,46-37-35-1,direct,1,1,0.152397,0.864947,-0.71255,0.017344,1.71264,1.72534,0.00269624,0.285108,30109,14808,0.029616,1,0
34,3,1,63-27-1,direct,1,1,0.175541,0.865079,-0.689538,0.0406202,1.69003,1.71871,0.00362137,0.382732,36149,17856,0.035712,1,0
34,4,16,81-66-39-16,direct,1,1,0.230966,0.921718,-0.690752,0.152684,1.69763,1.7977,0.00760135,0.265218,59204,29280,0.05856,1,0
34,5,3,37-35-17-15-3,direct,1,1,0.158568,0.872178,-0.71361,0.0307465,1.71389,1.76731,0.0489111,0.219142,23791,11662,0.023324,1,0
34,5,1,46-43-30-8-1,direct,1,1,0.156461,0.865741,-0.70928,0.022202,1.70942,1.72378,0.00109008,0.403975,31095,15292,0.030584,1,0
34,6,13,91-30-24-23-21-13,direct,1,1,0.244596,0.90001,-0.655414,0.144606,1.66172,1.7803,0.0239602,0.156881,56755,28054,0.056108,1,0
34,3,1,29-19-1,direct,1,1,0.153758,0.861772,-0.708015,0.0155302,1.70809,1.72146,0.00392789,0.506498,16341,7994,0.015988,1,0
34,4,15,128-63-35-15,direct,1,1,0.22899,0.915882,-0.686892,0.144871,1.6931,1.78996,0.0109855,0.321756,87847,43562,0.087124,1,0
34,4,22,46-42-23-22,direct,1,1,0.284644,0.92482,-0.640175,0.209464,1.6535,1.78346,0.00750228,0.249832,30860,15180,0.03036,1,0
34,5,8,78-48-26-17-8,direct,1,1,0.229712,0.910632,-0.680919,0.140344,1.68677,1.78002,0.00961954,0.282186,51678,25538,0.051076,1,0
34,5,1,127-81-35-34-1,direct,1,1,0.157037,0.864021,-0.706985,0.0210577,1.70711,1.7217,0.00162857,0.2043,94527,46858,0.093716,1,0
34,6,1,127-81-35-24-15-1,direct,1,1,0.161041,0.863624,-0.702584,0.0246649,1.70276,1.71817,0.000678841,0.29542,94519,46849,0.093698,1,0
34,3,22,82-23-22,direct,1,1,0.224787,0.915176,-0.690388,0.139963,1.69617,1.78194,0.0041806,0.221394,47256,23384,0.046768,1,0
34,5,1,91-46-23-13-1,direct,1,1,0.167595,0.864815,-0.69722,0.03241,1.69753,1.72124,0.00336966,0.485627,58307,28852,0.057704,1,0
34,6,1,43-37-25-24-14-1,direct,1,1,0.15969,0.863228,-0.703537,0.0229179,1.70369,1.7236,0.00458632,0.491898,29491,14474,0.028948,1,0
34,6,1,91-46-43-42-30-1,direct,1,1,0.165339,0.864286,-0.698947,0.0296248,1.6992,1.71797,0.00145423,0.494832,65873,32556,0.065112,1,0
34,6,1,127-122-81-35-22-1,direct,1,1,0.156922,0.862698,-0.705777,0.0196199,1.70589,1.72084,0.00247321,0.226073,124061,61515,0.12303,1,0
35,2,1,23-1,direct,1,1,0.147732,0.865344,-0.717611,0.0130764,1.71766,1.72909,0.00431787,0.460186,12125,5911,0.011822,1,0
35,6,1,127-55-35-34-22-1,direct,1,1,0.161075,0.863492,-0.702417,0.0245672,1.70259,1.71855,0.00134954,0.281536,87567,43382,0.086764,1,0
35,6,1,37-30-16-10-5-1,direct,1,1,0.167068,0.864286,-0.697217,0.0313541,1.69751,1.72406,0.005799,0.942896,23007,11277,0.022554,1,0
35,5,1,112-35-34-22-1,direct,1,1,0.163447,0.864815,-0.701367,0.0282623,1.7016,1.72082,0.00195789,0.338754,69767,34552,0.069104,1,0
35,6,1,127-126-47-26-22-1,direct,1,1,0.158784,0.863889,-0.705105,0.0226728,1.70526,1.72066,0.00157057,0.332179,113457,56252,0.112504,1,0
35,4,1,32-22-8-1,direct,1,1,0.163924,0.86336,-0.699436,0.027284,1.69965,1.72014,0.00573581,0.421502,18541,9080,0.01816,1,0
35,3,1,35-17-1,direct,1,1,0.153113,0.86455,-0.711437,0.017663,1.71153,1.72323,0.00183976,0.423762,19505,9572,0.019144,1,0
35,1,82,82,direct,1,1,0.29281,0.933196,-0.640386,0.226006,1.65588,1.79289,0.00470972,0.226053,42322,20992,0.041984,1,0
35,6,1,46-37-15-3-2-1,direct,1,1,0.150256,0.866005,-0.715749,0.0162614,1.71583,1.72689,0.00150208,0.158272,28635,14086,0.028172,1,0
35,1,116,116,direct,1,1,0.28633,0.933872,-0.647542,0.220201,1.66219,1.79656,0.00385186,0.212564,59764,29696,0.059392,1,0
35,5,1,91-59-37-5-1,direct,1,1,0.155932,0.864286,-0.708353,0.0202181,1.70847,1.72221,0.00137691,0.301047,62717,31038,0.062076,1,0
35,6,1,127-81-26-22-21-1,direct,1,1,0.163219,0.866138,-0.702919,0.0293562,1.70317,1.72224,0.00132827,0.171936,92731,45960,0.09192,1,0
35,6,1,109-55-35-34-22-1,direct,1,1,0.159672,0.864683,-0.705011,0.0243543,1.70518,1.723,0.00396298,0.345681,76335,37784,0.075568,1,0
35,3,1,17-8-1,direct,1,1,0.138314,0.866402,-0.728089,0.00471569,1.72809,1.73297,0.00150722,0.497835,9299,4496,0.008992,1,0
35,3,22,88-26-22,direct,1,1,0.258404,0.918482,-0.660079,0.176886,1.66948,1.78543,0.0105605,0.228358,51282,25388,0.050776,1,0
35,5,2,81-35-34-24-2,direct,1,1,0.338799,0.894907,-0.556109,0.233706,1.57356,1.73018,0.0150651,0.411083,51856,25625,0.05125,1,0
35,6,1,81-38-26-22-21-1,direct,1,1,0.157257,0.862963,-0.705706,0.0202202,1.70583,1.72149,0.00306321,0.218781,52347,25857,0.051714,1,0
35,3,1,31-23-1,direct,1,1,0.164599,0.864815,-0.700215,0.0294142,1.70047,1.7201,0.00254855,0.297556,17709,8672,0.017344,1,0
35,6,1,126-91-46-43-30-1,direct,1,1,0.160844,0.865608,-0.704764,0.0264525,1.70497,1.72076,0.00021343,0.284515,103341,51206,0.102412,1,0
35,6,1,91-59-46-37-30-1,direct,1,1,0.162933,0.865476,-0.702543,0.0284094,1.70278,1.72096,0.00121946,0.407932,69225,34221,0.068442,1,0
35,6,1,101-81-55-35-22-1,direct,1,1,0.155378,0.865079,-0.709701,0.0204578,1.70982,1.72326,0.00103102,0.320622,83263,41209,0.082418,1,0
35,6,1,26-23-22-17-2-1,direct,1,1,0.166898,0.86336,-0.696462,0.0302576,1.69673,1.71957,0.00572635,0.584177,16777,8170,0.01634,1,0
35,4,1,62-26-23-1,direct,1,1,0.153816,0.863228,-0.709411,0.0170437,1.7095,1.72135,0.00148355,0.448346,36689,18105,0.03621,1,0
36,3,22,26-23-22,direct,1,1,0.321647,0.910516,-0.588869,0.232163,1.60574,1.75607,0.013558,0.166236,15896,7760,0.01552,1,0
36,5,13,91-43-24-22-13,direct,1,1,0.279401,0.913573,-0.634172,0.192975,1.64553,1.77216,0.018298,0.268906,58739,29055,0.05811,1,0
36,6,1,35-34-16-15-10-1,direct,1,1,0.159767,0.863757,-0.703989,0.0235238,1.70415,1.72432,0.00461679,0.483638,22665,11094,0.022188,1,0
36,2,12,83-12,direct,1,1,0.230849,0.917482,-0.686633,0.148331,1.69314,1.78245,0.00172203,0.284487,44922,22244,0.044488,1,0
36,5,1,117-63-34-2-1,direct,1,1,0.161229,0.86336,-0.70213,0.0245892,1.70231,1.72035,0.00259784,0.458467,79759,39535,0.07907,1,0
36,3,24,35-27-24,direct,1,1,0.283632,0.92538,-0.641749,0.209012,1.655,1.78319,0.00766481,0.290898,21510,10553,0.021106,1,0
36,2,1,27-1,direct,1,1,0.150926,0.865079,-0.714153,0.0160058,1.71423,1.73049,0.00500945,0.386034,14189,6939,0.013878,1,0
36,3,1,26-23-1,direct,1,1,0.161775,0.864947,-0.703172,0.0267225,1.70338,1.72373,0.00333614,0.559387,14909,7277,0.014554,1,0
36,2,16,122-16,direct,1,1,0.217966,0.921528,-0.703562,0.139494,1.70926,1.79285,0.00133327,0.270548,66884,33184,0.066368,1,0
36,4,21,70-23-22-21,direct,1,1,0.328895,0.914651,-0.585756,0.243546,1.60435,1.7878,0.0312729,0.240386,41503,20498,0.040996,1,0
36,3,1,35-34-1,direct,1,1,0.159884,0.865212,-0.705328,0.0250958,1.70551,1.72247,0.00179228,0.533167,20763,10184,0.020368,1,0
36,5,1,63-55-29-22-1,direct,1,1,0.154939,0.864153,-0.709214,0.0190925,1.70932,1.72255,0.00161169,0.223351,44291,21848,0.043696,1,0
36,6,1,127-81-43-35-30-1,direct,1,1,0.158467,0.865741,-0.707274,0.0242079,1.70745,1.72336,0.00219795,0.224815,98623,48867,0.097734,1,0
36,2,5,55-5,direct,1,1,0.264471,0.915688,-0.651217,0.180159,1.66102,1.77763,0.0132963,0.32722,29081,14355,0.02871,1,0
36,5,5,46-43-35-15-5,direct,1,1,0.261662,0.909259,-0.647598,0.170921,1.65644,1.77578,0.0183726,0.296938,32257,15859,0.031718,1,0
36,3,1,81-34-1,direct,1,1,0.168693,0.863757,-0.695063,0.03245,1.69537,1.7165,0.0016395,0.219245,47535,23524,0.047048,1,0
36,6,1,63-54-34-24-2-1,direct,1,1,0.148842,0.863757,-0.714915,0.0125987,1.71496,1.72523,0.00232049,0.337505,45075,22232,0.044464,1,0
36,6,1,35-17-15-8-3-1,direct,1,1,0.163269,0.865079,-0.70181,0.0283487,1.70205,1.72343,0.00345785,0.372988,20327,9957,0.019914,1,0
36,4,1,76-8-2-1,direct,1,1,0.148463,0.865741,-0.717277,0.014204,1.71734,1.72684,0.000872196,0.666105,40593,20082,0.040164,1,0
36,3,24,63-27-24,direct,1,1,0.26021,0.91983,-0.65962,0.18004,1.66936,1.78417,0.00783422,0.24646,37414,18477,0.036954,1,0
37,5,1,34-16-15-5-1,direct,1,1,0.146324,0.864947,-0.718623,0.011271,1.71866,1.72695,0.00151365,0.952539,19533,9568,0.019136,1,0
37,1,121,121,direct,1,1,0.283252,0.93362,-0.650367,0.216872,1.66456,1.79506,0.00302961,0.211373,62329,30976,0.061952,1,0
37,2,84,127-84,direct,1,1,0.276878,0.928028,-0.65115,0.204907,1.66382,1.78809,0.00330394,0.188982,86954,43180,0.08636,1,0
37,6,1,81-80-63-15-14-1,direct,1,1,0.170658,0.865476,-0.694819,0.0361338,1.6952,1.72191,0.00403435,0.284548,67613,33425,0.06685,1,0
37,5,1,81-34-15-14-1,direct,1,1,0.169011,0.863889,-0.694878,0.0328996,1.6952,1.72,0.00402584,0.374094,48993,24224,0.048448,1,0
37,6,1,127-107-81-34-26-1,direct,1,1,0.165206,0.864947,-0.699741,0.0301529,1.70001,1.72026,0.00207689,0.350787,117871,58432,0.116864,1,0
37,5,1,81-64-34-26-1,direct,1,1,0.15486,0.86455,-0.70969,0.0194105,1.7098,1.72426,0.00227669,0.455181,58679,29006,0.058012,1,0
37,6,1,63-23-22-17-2-1,direct,1,1,0.160647,0.86627,-0.705623,0.0269164,1.70584,1.72488,0.0023188,0.4724,37497,18493,0.036986,1,0
37,6,1,127-69-63-35-15-1,direct,1,1,0.155695,0.863757,-0.708062,0.0194516,1.70817,1.72154,0.00261647,0.277164,97609,48367,0.096734,1,0
37,2,13,117-13,direct,1,1,0.223766,0.925265,-0.701498,0.149031,1.70801,1.79866,0.00297638,0.292188,63449,31473,0.062946,1,0
37,3,1,111-27-1,direct,1,1,0.180555,0.865212,-0.684656,0.045767,1.68528,1.72065,0.00605834,0.324503,63413,31440,0.06288,1,0
37,2,59,91-59,direct,1,1,0.27149,0.928692,-0.657202,0.200183,1.66925,1.79525,0.00620956,0.199691,57827,28665,0.05733,1,0
37,6,1,81-63-62-35-8-1,direct,1,1,0.161422,0.863492,-0.70207,0.0249137,1.70225,1.72082,0.00311305,0.227145,65161,32203,0.064406,1,0
37,3,5,109-10-5,direct,1,1,0.266382,0.906429,-0.640047,0.17281,1.64913,1.78608,0.0432017,0.279914,58587,29044,0.058088,1,0
37,6,1,81-63-35-15-2-1,direct,1,1,0.156641,0.863889,-0.707248,0.0205298,1.70737,1.72222,0.00256174,0.231885,57851,28601,0.057202,1,0
37,1,7,7,direct,1,1,0.267364,0.914626,-0.647262,0.18199,1.65728,1.77305,0.00838403,0.262329,3847,1792,0.003584,1,0
37,2,26,27-26,direct,1,1,0.284134,0.926343,-0.642209,0.210477,1.65564,1.7832,0.00316953,0.194391,15564,7614,0.015228,1,0
37,6,1,109-81-34-15-5-1,direct,1,1,0.15932,0.864418,-0.705098,0.0237381,1.70526,1.72276,0.00313439,0.54923,80899,40077,0.080154,1,0
37,5,2,63-23-22-17-2,direct,1,1,0.179733,0.871362,-0.69163,0.051095,1.6924,1.75899,0.0342048,0.455646,37490,18491,0.036982,1,0
37,4,22,80-63-23-22,direct,1,1,0.223427,0.922168,-0.698741,0.145595,1.70497,1.79164,0.00126524,0.236306,55560,27475,0.05495,1,0
37,2,1,98-1,direct,1,1,0.151817,0.864418,-0.712601,0.0162352,1.71268,1.72616,0.00298351,0.408759,50825,25186,0.050372,1,0
38,6,1,127-120-63-24-15-1,direct,1,1,0.161532,0.863228,-0.701695,0.0247597,1.70188,1.72052,0.0029374,0.258225,115353,57199,0.114398,1,0
38,3,1,62-22-1,direct,1,1,0.160074,0.865212,-0.705137,0.0252858,1.70532,1.72415,0.00338726,0.400074,34941,17258,0.034516,1,0
38,4,24,46-37-35-24,direct,1,1,0.275871,0.92322,-0.647348,0.199091,1.65934,1.78725,0.00866965,0.181226,31742,15613,0.031226,1,0
38,5,1,35-34-24-2-1,direct,1,1,0.148825,0.863228,-0.714402,0.0120528,1.71444,1.7263,0.00395264,0.682439,22479,11016,0.022032,1,0
38,4,1,110-26-22-1,direct,1,1,0.155878,0.864683,-0.708805,0.0205601,1.70893,1.72337,0.00178612,0.245893,63801,31614,0.063228,1,0
38,3,1,21-13-1,direct,1,1,0.158094,0.865212,-0.707117,0.023306,1.70728,1.72784,0.00792999,0.584769,11649,5662,0.011324,1,0
38,4,1,56-23-8-1,direct,1,1,0.150737,0.865212,-0.714475,0.0159482,1.71455,1.72578,0.00138828,0.482738,32063,15816,0.031632,1,0
38,3,1,120-21-1,direct,1,1,0.16203,0.863492,-0.701462,0.0255217,1.70165,1.71917,0.00190393,0.300126,67061,33261,0.066522,1,0
38,4,2,97-46-8-2,direct,1,1,0.147273,0.863029,-0.715756,0.0103025,1.71579,1.77752,0.0403302,0.174,59916,29678,0.059356,1,0
38,5,22,81-34-32-26-22,direct,1,1,0.233285,0.914658,-0.681373,0.147944,1.68787,1.79438,0.0193479,0.180962,52588,25982,0.051964,1,0
38,2,1,111-1,direct,1,1,0.171808,0.86627,-0.694462,0.0380777,1.69489,1.7235,0.00536751,0.239479,57533,28527,0.057054,1,0
38,6,1,43-37-30-25-24-1,direct,1,1,0.170543,0.86336,-0.692816,0.0339031,1.69316,1.7222,0.00649375,0.56101,30741,15083,0.030166,1,0
38,5,15,81-35-34-16-15,direct,1,1,0.312146,0.912778,-0.600632,0.224924,1.61636,1.76338,0.0122199,0.25809,51693,25545,0.05109,1,0
38,6,1,109-81-35-34-15-1,direct,1,1,0.153865,0.863889,-0.710024,0.017754,1.71012,1.72232,0.00248919,0.257191,83371,41283,0.082566,1,0
38,1,107,107,direct,1,1,0.29112,0.933039,-0.641919,0.224159,1.65715,1.79417,0.00434112,0.216595,55147,27392,0.054784,1,0
38,1,21,21,direct,1,1,0.248916,0.928975,-0.680059,0.17789,1.68945,1.80018,0.00854975,0.251461,11029,5376,0.010752,1,0
38,6,1,55-43-37-30-25-1,direct,1,1,0.147134,0.863757,-0.716622,0.0108908,1.71666,1.72473,0.00168326,0.394816,40479,19921,0.039842,1,0
38,2,5,91-5,direct,1,1,0.185023,0.91754,-0.732517,0.102563,1.73555,1.81987,0.0263854,0.355049,47945,23751,0.047502,1,0
38,2,34,35-34,direct,1,1,0.24597,0.92342,-0.677451,0.16939,1.68598,1.78686,0.00164326,0.193552,20660,10150,0.0203,1,0
38,3,1,58-27-1,direct,1,1,0.166378,0.865873,-0.699495,0.0322513,1.6998,1.72422,0.00401596,0.404285,33309,16441,0.032882,1,0
38,2,1,12-1,direct,1,1,0.153049,0.865873,-0.712824,0.0189225,1.71293,1.73149,0.00615298,0.714213,6449,3084,0.006168,1,0
38,3,4,51-21-4,direct,1,1,0.250682,0.900066,-0.649384,0.150748,1.65626,1.7781,0.0243398,0.438868,28826,14211,0.028422,1,0
38,5,16,118-86-35-24-16,direct,1,1,0.248353,0.921701,-0.673348,0.170055,1.68197,1.78578,0.00440787,0.283825,89978,44590,0.08918,1,0
39,4,8,23-22-14-8,direct,1,1,0.259412,0.906118,-0.646706,0.165529,1.655,1.77246,0.0145111,0.317943,14010,6814,0.013628,1,0
39,4,22,63-50-27-22,direct,1,1,0.252962,0.923304,-0.670342,0.176267,1.67962,1.78845,0.00569567,0.20619,43002,21222,0.042444,1,0
39,3,27,83-40-27,direct,1,1,0.222995,0.918337,-0.695342,0.141332,1.70122,1.78994,0.00721746,0.215235,51825,25648,0.051296,1,0
39,2,1,9-1,direct,1,1,0.16133,0.86455,-0.70322,0.0258803,1.70342,1.72587,0.00522766,0.771361,4901,2313,0.004626,1,0
39,2,92,98-92,direct,1,1,0.272635,0.928262,-0.655627,0.200898,1.66777,1.78756,0.00251684,0.172851,68752,34104,0.068208,1,0
39,4,1,128-81-14-1,direct,1,1,0.150577,0.864286,-0.713709,0.0148628,1.71377,1.72649,0.00335033,0.563687,89271,44284,0.088568,1,0
39,2,51,63-51,direct,1,1,0.23477,0.923369,-0.688598,0.158139,1.69599,1.79089,0.00292108,0.202129,39115,19341,0.038682,1,0
39,3,1,27-21-1,direct,1,1,0.154434,0.864815,-0.710381,0.0192487,1.71049,1.72363,0.00185589,0.254684,15353,7500,0.015,1,0
39,6,1,37-17-15-3-2-1,direct,1,1,0.142527,0.862831,-0.720304,0.00535757,1.72031,1.72536,0.00227238,0.29338,21223,10409,0.020818,1,0
39,6,1,81-76-47-35-15-1,direct,1,1,0.148137,0.863095,-0.714958,0.0112322,1.715,1.72305,0.00141606,0.280825,66063,32649,0.065298,1,0
39,5,1,81-80-15-14-1,direct,1,1,0.161097,0.864021,-0.702924,0.0251179,1.70311,1.72161,0.00289096,0.46181,57917,28640,0.05728,1,0
39,2,1,63-1,direct,1,1,0.149113,0.865212,-0.716099,0.0143243,1.71616,1.73127,0.00476686,0.513183,32765,16191,0.032382,1,0
39,6,1,37-33-21-10-5-1,direct,1,1,0.158788,0.864153,-0.705365,0.0229417,1.70552,1.72301,0.00289354,0.210346,23771,11651,0.023302,1,0
39,2,1,110-1,direct,1,1,0.167213,0.865212,-0.697999,0.0324244,1.69831,1.72282,0.0040177,0.235922,57017,28270,0.05654,1,0
39,3,22,110-107-22,direct,1,1,0.285514,0.924465,-0.638951,0.209979,1.65235,1.78395,0.00764012,0.283416,85280,42284,0.084568,1,0
39,4,5,98-16-10-5,direct,1,1,0.273787,0.90582,-0.632033,0.179607,1.64189,1.76313,0.0171033,0.319382,54241,26866,0.053732,1,0
39,2,1,21-1,direct,1,1,0.145982,0.863095,-0.717113,0.0090775,1.71714,1.73571,0.0136218,0.446635,11093,5397,0.010794,1,0
39,1,20,20,direct,1,1,0.252039,0.92756,-0.67552,0.179599,1.68512,1.80261,0.0138152,0.250718,10516,5120,0.01024,1,0
40,4,1,63-27-22-1,direct,1,1,0.158111,0.865344,-0.707233,0.0234553,1.70739,1.72303,0.00236342,0.397676,37371,18445,0.03689,1,0
40,2,54,73-54,direct,1,1,0.261839,0.927739,-0.665899,0.189578,1.67665,1.7955,0.00555346,0.1968,45716,22630,0.04526,1,0
40,4,1,35-24-2-1,direct,1,1,0.160887,0.863624,-0.702737,0.0245118,1.70291,1.72113,0.00450984,0.273744,20079,9850,0.0197,1,0
40,3,1,107-40-1,direct,1,1,0.154358,0.863757,-0.709399,0.0181145,1.70949,1.72168,0.00156496,0.312709,63975,31712,0.063424,1,0
40,4,1,116-63-27-1,direct,1,1,0.150668,0.863889,-0.713221,0.0145569,1.71328,1.72352,0.00144063,0.187776,78133,38732,0.077464,1,0
40,5,8,95-23-22-17-8,direct,1,1,0.193176,0.916204,-0.723028,0.10938,1.7265,1.79157,0.000708264,0.252258,55620,27521,0.055042,1,0
40,3,4,63-9-4,direct,1,1,0.286393,0.89871,-0.612317,0.185103,1.62291,1.75983,0.0208426,0.437899,33866,16731,0.033462,1,0
40,3,2,24-17-2,direct,1,1,0.210129,0.881217,-0.671088,0.0913462,1.67358,1.74938,0.029994,0.561275,13512,6586,0.013172,1,0
40,5,1,98-37-25-24-1,direct,1,1,0.14631,0.863492,-0.717182,0.00980212,1.71721,1.7246,0.00128775,0.258781,61151,30263,0.060526,1,0
40,2,27,63-27,direct,1,1,0.230558,0.923158,-0.6926,0.153716,1.69957,1.79061,0.000738484,0.233909,36067,17829,0.035658,1,0
40,3,5,98-10-5,direct,1,1,0.258494,0.916402,-0.657908,0.174896,1.66711,1.78166,0.0163152,0.339654,52713,26118,0.052236,1,0
40,2,9,74-9,direct,1,1,0.246793,0.920076,-0.673283,0.16687,1.68158,1.79341,0.00995539,0.263677,39633,19610,0.03922,1,0
40,5,1,127-35-34-2-1,direct,1,1,0.157597,0.865608,-0.708012,0.023205,1.70817,1.72298,0.00108132,0.364622,77087,38217,0.076434,1,0
40,1,98,98,direct,1,1,0.292174,0.933166,-0.640992,0.22534,1.65639,1.78943,0.00118027,0.221069,50530,25088,0.050176,1,0
40,3,1,22-21-1,direct,1,1,0.141796,0.863095,-0.7213,0.00489085,1.72131,1.72843,0.00310421,0.268444,12573,6115,0.01223,1,0
40,4,1,25-24-9-1,direct,1,1,0.156969,0.866667,-0.709697,0.0236359,1.70986,1.7265,0.00241114,0.519935,14823,7225,0.01445,1,0
40,4,2,46-24-8-2,direct,1,1,0.180857,0.884193,-0.703336,0.06505,1.70458,1.75007,0.00617096,0.371521,26590,13088,0.026176,1,0
40,5,1,24-23-22-15-1,direct,1,1,0.153367,0.863889,-0.710522,0.0172555,1.71061,1.72475,0.00334568,0.92046,15519,7547,0.015094,1,0
40,2,1,88-1,direct,1,1,0.153038,0.865212,-0.712174,0.0182498,1.71227,1.72616,0.0038744,0.416936,45665,22616,0.045232,1,0
41,2,1,81-1,direct,1,1,0.175171,0.86627,-0.691099,0.0414404,1.69161,1.7233,0.00558364,0.275628,42053,20817,0.041634,1,0
41,5,1,63-59-34-2-1,direct,1,1,0.156597,0.866667,-0.71007,0.0232636,1.71023,1.72545,0.00210824,0.232114,44415,21921,0.043842,1,0
41,5,1,63-34-24-2-1,direct,1,1,0.156662,0.864153,-0.707491,0.0208156,1.70762,1.72532,0.00390817,0.624305,38775,19136,0.038272,1,0
41,2,9,37-9,direct,1,1,0.264927,0.922428,-0.657501,0.187355,1.66806,1.7843,0.00731697,0.266291,19949,9805,0.01961,1,0
41,3,1,63-34-1,direct,1,1,0.169635,0.865741,-0.696105,0.0353761,1.69647,1.72377,0.00476812,0.344061,37059,18304,0.036608,1,0
41,4,1,55-17-8-1,direct,1,1,0.155919,0.866005,-0.710086,0.0219244,1.71023,1.7262,0.00286107,0.579101,30735,15159,0.030318,1,0
41,2,12,27-12,direct,1,1,0.233005,0.920106,-0.687101,0.153111,1.69403,1.79732,0.0138644,0.252864,14794,7236,0.014472,1,0
41,4,38,81-80-63-38,direct,1,1,0.242882,0.92814,-0.685258,0.171022,1.69391,1.79975,0.00586409,0.225581,70042,34650,0.0693,1,0
41,6,1,81-63-34-15-14-1,direct,1,1,0.15937,0.866138,-0.706768,0.0255071,1.70696,1.72271,0.00108014,0.267128,58101,28715,0.05743,1,0
41,5,1,23-22-17-2-1,direct,1,1,0.157871,0.863757,-0.705886,0.0216275,1.70602,1.72511,0.00454007,0.576913,13993,6804,0.013608,1,0
41,5,1,81-63-15-14-1,direct,1,1,0.160606,0.864947,-0.704341,0.0255528,1.70453,1.72168,0.00175091,0.343388,54619,27008,0.054016,1,0
41,2,1,15-1,direct,1,1,0.155379,0.864947,-0.709568,0.0203257,1.70969,1.72298,0.00177696,0.460388,7997,3855,0.00771,1,0
41,2,37,124-37,direct,1,1,0.286222,0.928082,-0.64186,0.214303,1.65579,1.78779,0.00469128,0.239595,73205,36332,0.072664,1,0
41,5,1,110-31-16-5-1,direct,1,1,0.156112,0.864286,-0.708174,0.0203976,1.7083,1.72373,0.00284316,0.295036,64883,32151,0.064302,1,0
41,1,84,84,direct,1,1,0.272582,0.932566,-0.659984,0.205149,1.67261,1.79532,0.00224392,0.224318,43348,21504,0.043008,1,0
41,4,5,104-16-10-5,direct,1,1,0.315404,0.88955,-0.574147,0.204954,1.58743,1.76201,0.0387042,0.429786,57517,28498,0.056996,1,0
41,5,1,110-22-21-17-1,direct,1,1,0.157757,0.866402,-0.708645,0.0241588,1.70882,1.72343,0.000477632,0.282598,63429,31416,0.062832,1,0
41,5,3,35-17-15-8-3,direct,1,1,0.143342,0.866578,-0.723236,0.00992093,1.72326,1.73225,0.00225049,0.540546,20317,9954,0.019908,1,0
41,6,1,110-22-17-8-2-1,direct,1,1,0.152635,0.865212,-0.712577,0.0178464,1.71267,1.7252,0.00152787,0.0719718,62791,31108,0.062216,1,0
42,3,1,81-80-1,direct,1,1,0.159806,0.864683,-0.704877,0.0244886,1.70505,1.72191,0.00259956,0.179592,55171,27296,0.054592,1,0
42,4,1,21-12-8-1,direct,1,1,0.163237,0.862302,-0.699064,0.0255388,1.69926,1.72713,0.00949533,0.593013,11803,5732,0.011464,1,0
42,4,1,37-30-25-1,direct,1,1,0.147939,0.864815,-0.716876,0.0127534,1.71692,1.72551,0.00084486,0.639851,23155,11357,0.022714,1,0
42,3,24,110-27-24,direct,1,1,0.265147,0.919709,-0.654562,0.184856,1.66486,1.78896,0.0117124,0.252887,64110,31778,0.063556,1,0
42,1,13,13,direct,1,1,0.243421,0.924451,-0.68103,0.167871,1.68939,1.79617,0.00863316,0.253217,6925,3328,0.006656,1,0
42,5,1,81-80-63-15-1,direct,1,1,0.172365,0.864153,-0.691788,0.0365185,1.69218,1.71833,0.00543861,0.37105,67167,33216,0.066432,1,0
42,4,1,81-61-26-1,direct,1,1,0.155559,0.863757,-0.708197,0.019316,1.70831,1.72164,0.00210704,0.308279,55171,27289,0.054578,1,0
42,2,1,66-1,direct,1,1,0.148564,0.865079,-0.716515,0.0136434,1.71657,1.72967,0.00459432,0.483418,34313,16962,0.033924,1,0
42,3,1,23-15-1,direct,1,1,0.161757,0.864286,-0.702528,0.026043,1.70273,1.727,0.0100874,0.297342,12829,6248,0.012496,1,0
42,5,1,37-30-25-24-1,direct,1,1,0.151796,0.864815,-0.713019,0.016611,1.7131,1.72515,0.00183452,0.322435,24401,11956,0.023912,1,0
42,3,34,81-63-34,direct,1,1,0.243264,0.924506,-0.681242,0.167769,1.68959,1.78825,0.000269612,0.207302,56540,27981,0.055962,1,0
42,2,1,36-1,direct,1,1,0.136734,0.864947,-0.728214,0.0016806,1.72821,1.73052,0.00149489,0.358408,18833,9252,0.018504,1,0
42,2,1,32-1,direct,1,1,0.146353,0.866799,-0.720446,0.0131515,1.7205,1.73067,0.00183263,0.557754,16769,8224,0.016448,1,0
42,5,1,67-24-23-22-1,direct,1,1,0.16475,0.866534,-0.701784,0.0312848,1.70207,1.72332,0.00207156,0.402965,40209,19840,0.03968,1,0
42,2,24,27-24,direct,1,1,0.312227,0.913988,-0.601761,0.226215,1.61766,1.77096,0.0180455,0.205613,15454,7560,0.01512,1,0
43,4,1,63-34-2-1,direct,1,1,0.155386,0.86627,-0.710884,0.0216554,1.71102,1.72417,0.000470945,0.411555,37135,18340,0.03668,1,0
43,3,1,23-22-1,direct,1,1,0.159192,0.863757,-0.704564,0.022949,1.70472,1.72248,0.00312463,0.66952,13179,6416,0.012832,1,0
43,4,22,65-55-26-22,direct,1,1,0.235314,0.922354,-0.687041,0.157668,1.69439,1.79479,0.0101034,0.250559,45004,22217,0.044434,1,0
43,2,1,121-1,direct,1,1,0.157419,0.866667,-0.709248,0.0240857,1.70942,1.72613,0.00285015,0.337835,62693,31097,0.062194,1,0
43,5,1,127-81-34-26-1,direct,1,1,0.157662,0.864947,-0.707285,0.0226095,1.70743,1.72183,0.000812375,0.221165,93719,46463,0.092926,1,0
43,1,64,64,direct,1,1,0.280577,0.930446,-0.649869,0.211023,1.66331,1.78917,0.00163519,0.234957,33088,16384,0.032768,1,0
43,5,1,63-27-24-2-1,direct,1,1,0.159816,0.863492,-0.703676,0.023308,1.70384,1.72221,0.00363307,0.58021,37543,18527,0.037054,1,0
43,2,9,97-9,direct,1,1,0.216738,0.922898,-0.70616,0.139636,1.71186,1.81394,0.0148136,0.342949,51869,25705,0.05141,1,0
43,6,1,75-37-25-24-9-1,direct,1,1,0.166022,0.864418,-0.698396,0.0304398,1.69867,1.72017,0.00272452,0.433429,48047,23725,0.04745,1,0
43,3,1,112-27-1,direct,1,1,0.16715,0.864683,-0.697532,0.0318328,1.69783,1.72065,0.00303547,0.334071,63981,31723,0.063446,1,0
43,2,6,64-6,direct,1,1,0.190594,0.912147,-0.721553,0.102741,1.72462,1.7997,0.0107071,0.324815,33926,16768,0.033536,1,0
43,4,17,110-26-22-17,direct,1,1,0.20831,0.91497,-0.706661,0.12328,1.71111,1.79833,0.0107996,0.324084,64521,31966,0.063932,1,0
43,1,14,14,direct,1,1,0.239758,0.92723,-0.687472,0.166988,1.69571,1.79931,0.00777154,0.25594,7438,3584,0.007168,1,0
43,5,24,43-37-30-25-24,direct,1,1,0.283429,0.906729,-0.623301,0.190158,1.6344,1.78622,0.0286146,0.192873,30668,15059,0.030118,1,0
43,3,5,98-16-5,direct,1,1,0.183926,0.910979,-0.727052,0.0949053,1.72966,1.79669,0.00993327,0.319213,53961,26736,0.053472,1,0
43,5,1,24-22-15-12-1,direct,1,1,0.164545,0.865079,-0.700535,0.0296241,1.70079,1.72251,0.00310031,0.632234,14791,7194,0.014388,1,0
43,2,1,53-1,direct,1,1,0.148211,0.864683,-0.716472,0.0128934,1.71652,1.72894,0.00551518,0.329633,27605,13621,0.027242,1,0
43,3,34,106-63-34,direct,1,1,0.278946,0.924179,-0.645233,0.203125,1.65772,1.78376,0.00555462,0.248026,72540,35956,0.071912,1,0
43,3,1,63-2-1,direct,1,1,0.151094,0.862698,-0.711604,0.0137924,1.71166,1.7255,0.00586379,0.600145,32899,16256,0.032512,1,0
43,2,1,35-1,direct,1,1,0.147816,0.865873,-0.718057,0.0136891,1.71811,1.72796,0.00140681,0.395022,18317,8995,0.01799,1,0
43,2,22,23-22,direct,1,1,0.295187,0.906584,-0.611397,0.20177,1.62398,1.77248,0.0234748,0.176551,13112,6394,0.012788,1,0
43,4,2,35-27-24-2,direct,1,1,0.241431,0.900331,-0.658899,0.141762,1.66495,1.78024,0.0397351,0.508124,21632,10601,0.021202,1,0
43,4,1,27-24-8-1,direct,1,1,0.165848,0.864418,-0.69857,0.0302661,1.69884,1.72272,0.00590461,0.445273,15895,7760,0.01552,1,0
43,4,1,34-24-2-1,direct,1,1,0.152916,0.863228,-0.710311,0.0161436,1.71039,1.72404,0.00362596,1.08359,19517,9570,0.01914,1,0
44,6,1,122-81-64-15-14-1,direct,1,1,0.160369,0.864418,-0.704049,0.0247873,1.70423,1.72185,0.00231129,0.41922,95813,47482,0.094964,1,0
44,3,1,80-27-1,direct,1,1,0.170572,0.865212,-0.69464,0.0357836,1.69502,1.72386,0.00593878,0.460705,45805,22667,0.045334,1,0
44,4,9,60-25-24-9,direct,1,1,0.297792,0.917872,-0.620079,0.215664,1.63437,1.77403,0.013385,0.324437,35835,17676,0.035352,1,0
44,3,1,110-26-1,direct,1,1,0.163402,0.864021,-0.700619,0.027423,1.70084,1.71787,0.00075243,0.218145,62621,31046,0.062092,1,0
44,1,53,53,direct,1,1,0.287667,0.931155,-0.643488,0.218821,1.65799,1.78968,0.00262311,0.238702,27445,13568,0.027136,1,0
44,5,1,37-25-24-9-1,direct,1,1,0.151135,0.86746,-0.716325,0.0185957,1.71643,1.73127,0.00428968,0.390556,22891,11222,0.022444,1,0
44,5,1,37-36-30-25-1,direct,1,1,0.16772,0.864286,-0.696566,0.0320053,1.69687,1.72059,0.00544599,0.368444,25831,12659,0.025318,1,0
44,5,1,43-37-25-24-1,direct,1,1,0.159785,0.864683,-0.704897,0.0244677,1.70507,1.7236,0.00324769,0.572004,28811,14148,0.028296,1,0
44,2,8,59-8,direct,1,1,0.232069,0.921577,-0.689508,0.153647,1.69648,1.79475,0.00818953,0.383113,31534,15576,0.031152,1,0
44,4,1,60-23-22-1,direct,1,1,0.155685,0.866931,-0.711246,0.0226164,1.7114,1.72694,0.00163422,0.270588,35003,17268,0.034536,1,0
44,3,34,124-63-34,direct,1,1,0.269517,0.923249,-0.653732,0.192766,1.66493,1.78463,0.00754866,0.251924,84060,41698,0.083396,1,0
44,2,1,109-1,direct,1,1,0.142494,0.863228,-0.720733,0.00572186,1.72074,1.72614,0.0024778,0.284267,56501,28013,0.056026,1,0
44,2,34,63-34,direct,1,1,0.222392,0.924354,-0.701962,0.146746,1.70828,1.79967,0.00757119,0.196494,36956,18270,0.03654,1,0
44,5,1,109-27-24-8-1,direct,1,1,0.156691,0.865873,-0.709182,0.0225637,1.70933,1.72384,0.00139137,0.391128,63983,31695,0.06339,1,0
44,3,1,16-10-1,direct,1,1,0.157585,0.862037,-0.704452,0.0196216,1.70457,1.72371,0.00592945,0.361777,8841,4266,0.008532,1,0
44,2,38,55-38,direct,1,1,0.257519,0.927914,-0.670395,0.185432,1.68066,1.8021,0.00938819,0.217892,32744,16170,0.03234,1,0
45,4,1,16-10-5-1,direct,1,1,0.171991,0.863889,-0.691898,0.0358802,1.69228,1.7223,0.00679114,0.591913,8941,4311,0.008622,1,0
45,1,28,28,direct,1,1,0.268437,0.926639,-0.658202,0.195077,1.66964,1.78988,0.00442077,0.246206,14620,7168,0.014336,1,0
45,3,1,63-35-1,direct,1,1,0.170815,0.865079,-0.694265,0.0358942,1.69464,1.72028,0.00325836,0.350743,37189,18368,0.036736,1,0
45,4,1,24-15-8-1,direct,1,1,0.158404,0.864418,-0.706014,0.0228222,1.70617,1.72558,0.00475434,1.08953,13615,6632,0.013264,1,0
45,1,15,15,direct,1,1,0.229241,0.924356,-0.695115,0.153598,1.70206,1.79385,0.00253663,0.252372,7951,3840,0.00768,1,0
45,5,2,101-63-35-24-2,direct,1,1,0.195192,0.915939,-0.720747,0.111131,1.72433,1.82174,0.0234647,0.463524,71328,35312,0.070624,1,0
45,1,99,99,direct,1,1,0.278007,0.932815,-0.654808,0.210822,1.66818,1.79214,0.000409616,0.220726,51043,25344,0.050688,1,0
45,3,21,110-22-21,direct,1,1,0.21626,0.915898,-0.699638,0.132159,1.70477,1.79304,0.00874684,0.275949,62625,31042,0.062084,1,0
45,5,1,81-27-24-2-1,direct,1,1,0.163622,0.865079,-0.701458,0.0287011,1.7017,1.72162,0.00236341,0.463183,47767,23621,0.047242,1,0
45,1,114,114,direct,1,1,0.288221,0.933057,-0.644836,0.221278,1.65965,1.79228,0.00223262,0.214833,58738,29184,0.058368,1,0
45,3,1,26-8-1,direct,1,1,0.164162,0.865476,-0.701314,0.0296385,1.70157,1.72231,0.00293712,0.454571,14069,6872,0.013744,1,0
45,5,4,104-16-10-5-4,direct,1,1,0.202039,0.876984,-0.674945,0.0790232,1.67681,1.72855,0.00520098,0.452554,57566,28518,0.057036,1,0
45,5,1,110-97-22-8-1,direct,1,1,0.161096,0.864683,-0.703586,0.0257788,1.70378,1.7218,0.0020635,0.377423,83027,41148,0.082296,1,0
45,1,123,123,direct,1,1,0.296023,0.934997,-0.638974,0.23102,1.65518,1.7913,0.000603151,0.2099,63355,31488,0.062976,1,0
45,4,10,23-22-21-10,direct,1,1,0.339389,0.899378,-0.55999,0.238767,1.57816,1.75068,0.0231126,0.226835,14530,7066,0.014132,1,0
45,3,1,24-8-1,direct,1,1,0.154064,0.864153,-0.710089,0.0182177,1.71019,1.72192,0.0010307,0.498257,13009,6344,0.012688,1,0
46,1,10,10,direct,1,1,0.322862,0.918161,-0.595299,0.241024,1.6134,1.77075,0.012141,0.271238,5386,2560,0.00512,1,0
46,2,8,38-8,direct,1,1,0.257183,0.926389,-0.669206,0.183572,1.67927,1.79313,0.00478611,0.28094,20404,10032,0.020064,1,0
46,4,53,117-114-78-53,direct,1,1,0.279403,0.9233,-0.643898,0.202703,1.65635,1.78298,0.00558801,0.242409,113559,56316,0.112632,1,0
46,4,15,24-23-22-15,direct,1,1,0.271036,0.911975,-0.640939,0.183011,1.65111,1.76767,0.0109902,0.212537,15473,7532,0.015064,1,0
46,2,109,125-109,direct,1,1,0.278314,0.929507,-0.651193,0.207821,1.66422,1.78911,0.00228587,0.166742,91865,45625,0.09125,1,0
46,2,27,91-27,direct,1,1,0.276677,0.925563,-0.648886,0.20224,1.66124,1.792,0.00886615,0.225593,51971,25753,0.051506,1,0
46,3,1,81-79-1,direct,1,1,0.1599,0.863095,-0.703195,0.0229953,1.70335,1.7216,0.00364195,0.302948,55005,27214,0.054428,1,0
46,5,17,110-78-55-22-17,direct,1,1,0.15746,0.918884,-0.761424,0.0763441,1.76308,1.81324,0.00497455,0.280026,86031,42614,0.085228,1,0
46,2,21,27-21,direct,1,1,0.285437,0.917227,-0.63179,0.202664,1.64433,1.76874,0.00424725,0.189956,15289,7479,0.014958,1,0
47,5,1,110-17-8-2-1,direct,1,1,0.154717,0.865741,-0.711024,0.0204573,1.71115,1.72538,0.00177889,0.674607,60899,30184,0.060368,1,0
47,2,12,50-12,direct,1,1,0.214343,0.919279,-0.704937,0.133622,1.71016,1.79869,0.00732967,0.275134,27168,13400,0.0268,1,0
47,2,1,82-1,direct,1,1,0.17473,0.867857,-0.693127,0.0425869,1.69366,1.7243,0.00411725,0.27653,42569,21074,0.042148,1,0
47,4,1,37-25-24-1,direct,1,1,0.172013,0.863757,-0.691744,0.0357695,1.69212,1.71682,0.00321468,0.554441,22471,11021,0.022042,1,0
47,3,1,81-35-1,direct,1,1,0.162907,0.863889,-0.700982,0.0267958,1.70119,1.72174,0.00489087,0.399109,47701,23606,0.047212,1,0
47,5,1,103-25-24-9-1,direct,1,1,0.162647,0.865344,-0.702697,0.027991,1.70293,1.72133,0.00149511,0.522216,60115,29768,0.059536,1,0
47,4,1,40-10-5-1,direct,1,1,0.143733,0.863889,-0.720156,0.00762196,1.72017,1.72568,0.000771734,0.597235,21757,10695,0.02139,1,0
47,5,14,89-81-80-15-14,direct,1,1,0.238457,0.911697,-0.67324,0.150154,1.67996,1.78647,0.0132382,0.249774,76566,37883,0.075766,1,0
47,5,1,81-63-34-15-1,direct,1,1,0.168357,0.865212,-0.696855,0.0335683,1.69719,1.72012,0.00271815,0.377439,57655,28506,0.057012,1,0
47,4,5,98-82-10-5,direct,1,1,0.291975,0.896799,-0.604824,0.188774,1.61589,1.80276,0.0596992,0.347049,68629,33994,0.067988,1,0
47,2,62,78-62,direct,1,1,0.249571,0.925725,-0.676154,0.175297,1.6853,1.79149,0.00484645,0.184424,50082,24804,0.049608,1,0
47,3,63,81-80-63,direct,1,1,0.252527,0.928691,-0.676164,0.181218,1.68593,1.79393,0.00236848,0.18644,65153,32256,0.064512,1,0
47,1,86,86,direct,1,1,0.288452,0.93326,-0.644807,0.221712,1.65968,1.79418,0.00382125,0.227104,44374,22016,0.044032,1,0
47,4,5,98-40-10-5,direct,1,1,0.176145,0.910635,-0.73449,0.08678,1.73666,1.79537,0.00591198,0.339279,59473,29458,0.058916,1,0
47,3,9,87-24-9,direct,1,1,0.23611,0.914888,-0.678779,0.150998,1.68556,1.79127,0.0213613,0.328876,49639,24576,0.049152,1,0
47,2,9,24-9,direct,1,1,0.291438,0.916035,-0.624597,0.207473,1.63779,1.77404,0.0104061,0.318269,13033,6360,0.01272,1,0
47,5,14,81-34-21-15-14,direct,1,1,0.217003,0.91182,-0.694817,0.128823,1.69971,1.79375,0.0153417,0.247146,50030,24729,0.049458,1,0
47,4,1,47-27-21-1,direct,1,1,0.153668,0.865476,-0.711808,0.019144,1.71192,1.7249,0.00149018,0.400396,28225,13889,0.027778,1,0
47,5,1,81-72-15-14-1,direct,1,1,0.16195,0.865608,-0.703658,0.0275588,1.70388,1.72352,0.00337082,0.415505,56365,27872,0.055744,1,0
48,6,1,76-35-27-24-2-1,direct,1,1,0.157752,0.866005,-0.708253,0.0237573,1.70842,1.72378,0.00151642,0.783903,48103,23759,0.047518,1,0
48,4,1,124-25-24-1,direct,1,1,0.153363,0.864286,-0.710922,0.0176492,1.71101,1.7234,0.0024586,0.329329,71539,35468,0.070936,1,0
48,1,54,54,direct,1,1,0.27124,0.928412,-0.657172,0.199653,1.66916,1.79356,0.00530012,0.237195,27958,13824,0.027648,1,0
48,2,44,124-44,direct,1,1,0.252195,0.926371,-0.674176,0.178566,1.68367,1.79071,0.00252849,0.219415,74948,37200,0.0744,1,0
48,5,1,110-22-21-2-1,direct,1,1,0.152765,0.863624,-0.71086,0.0163889,1.71094,1.72828,0.0104753,0.318603,62739,31086,0.062172,1,0
48,2,1,33-1,direct,1,1,0.152732,0.865476,-0.712744,0.018208,1.71284,1.72617,0.00215761,0.528209,17285,8481,0.016962,1,0
48,1,62,62,direct,1,1,0.281993,0.93235,-0.650357,0.214342,1.66422,1.79147,0.00167972,0.237254,32062,15872,0.031744,1,0
48,1,27,27,direct,1,1,0.262326,0.929326,-0.667,0.191652,1.67798,1.80157,0.0115649,0.243967,14107,6912,0.013824,1,0
48,5,1,63-35-24-2-1,direct,1,1,0.166762,0.864947,-0.698185,0.0317092,1.69848,1.72401,0.00541886,0.551785,38951,19223,0.038446,1,0
48,3,1,120-9-1,direct,1,1,0.153504,0.865608,-0.712104,0.0191126,1.71221,1.72564,0.00306396,0.330207,64133,31809,0.063618,1,0
48,1,101,101,direct,1,1,0.288371,0.933659,-0.645288,0.222031,1.6602,1.79573,0.00394139,0.218468,52069,25856,0.051712,1,0
48,3,1,128-81-1,direct,1,1,0.163803,0.864947,-0.701144,0.0287499,1.70139,1.72249,0.00401793,0.273668,87109,43217,0.086434,1,0
48,2,83,114-83,direct,1,1,0.268916,0.92883,-0.659914,0.197745,1.67165,1.78925,0.00176731,0.180402,77859,38646,0.077292,1,0
48,2,1,124-1,direct,1,1,0.146897,0.865344,-0.718447,0.0122412,1.71849,1.72913,0.00285351,0.357829,64241,31868,0.063736,1,0
48,3,1,10-5-1,direct,1,1,0.169686,0.866138,-0.696451,0.035824,1.69683,1.72277,0.00409451,0.869146,5517,2615,0.00523,1,0
48,3,37,124-123-37,direct,1,1,0.250756,0.928228,-0.677472,0.178985,1.68699,1.79494,0.00348661,0.245086,103881,51547,0.103094,1,0
48,4,1,8-5-2-1,direct,1,1,0.150123,0.862434,-0.712311,0.0125565,1.71236,1.72626,0.00645042,1.07668,4487,2100,0.0042,1,0
48,6,1,81-35-34-24-2-1,direct,1,1,0.154033,0.862698,-0.708666,0.016731,1.70875,1.73019,0.014176,0.440117,51863,25627,0.051254,1,0
49,5,1,34-16-10-5-1,direct,1,1,0.160429,0.866138,-0.705709,0.0265661,1.70592,1.72751,0.0042674,1.12541,19313,9463,0.018926,1,0
49,5,1,23-22-3-2-1,direct,1,1,0.155205,0.864418,-0.709213,0.0196232,1.70933,1.72381,0.00213502,0.583126,13293,6468,0.012936,1,0
49,2,72,83-72,direct,1,1,0.273338,0.924746,-0.651408,0.198085,1.66325,1.78735,0.00959907,0.172827,54942,27224,0.054448,1,0
49,3,1,63-25-1,direct,1,1,0.173986,0.866799,-0.692813,0.0407846,1.6933,1.72139,0.00408428,0.363334,35889,17728,0.035456,1,0
49,5,24,124-110-105-25-24,direct,1,1,0.216554,0.924355,-0.707801,0.140909,1.7136,1.79804,0.0013927,0.278098,121326,60159,0.120318,1,0
49,1,73,73,direct,1,1,0.277529,0.931375,-0.653846,0.208904,1.66699,1.79015,0.000733285,0.230278,37705,18688,0.037376,1,0
49,1,124,124,direct,1,1,0.290789,0.934159,-0.64337,0.224948,1.65869,1.79231,0.00173123,0.210387,63868,31744,0.063488,1,0
49,2,1,10-1,direct,1,1,0.166965,0.86627,-0.699305,0.0332345,1.69963,1.73108,0.0108804,0.49627,5417,2570,0.00514,1,0
49,4,25,127-63-35-25,direct,1,1,0.255279,0.923434,-0.668155,0.178713,1.6777,1.7916,0.0102663,0.254896,87917,43593,0.087186,1,0
49,3,5,48-40-5,direct,1,1,0.311417,0.916164,-0.604747,0.227581,1.6208,1.76496,0.00861449,0.303786,29253,14408,0.028816,1,0
49,2,21,103-21,direct,1,1,0.275216,0.923079,-0.647863,0.198295,1.65975,1.78356,0.00570209,0.25422,57545,28531,0.057062,1,0
49,5,1,124-110-25-24-1,direct,1,1,0.161654,0.865608,-0.703955,0.0272621,1.70417,1.72263,0.00200356,0.388329,98339,48758,0.097516,1,0
49,3,1,25-9-1,direct,1,1,0.164513,0.864683,-0.700169,0.0291956,1.70042,1.72512,0.00537527,0.494618,13593,6634,0.013268,1,0
49,3,24,128-63-24,direct,1,1,0.267078,0.925661,-0.658583,0.192739,1.66974,1.78918,0.0046173,0.269855,85350,42344,0.084688,1,0
49,2,1,87-1,direct,1,1,0.166152,0.865079,-0.698928,0.0312312,1.69921,1.72381,0.00514802,0.256757,45149,22359,0.044718,1,0
49,1,16,16,direct,1,1,0.287604,0.929646,-0.642042,0.21725,1.65635,1.79349,0.00714385,0.246064,8464,4096,0.008192,1,0
49,1,39,39,direct,1,1,0.28513,0.930885,-0.645755,0.216014,1.65987,1.78893,0.00199119,0.241408,20263,9984,0.019968,1,0
49,2,80,122-80,direct,1,1,0.278848,0.926667,-0.647818,0.205515,1.66058,1.78597,0.00461242,0.185951,82564,40992,0.081984,1,0
50,3,1,16-5-1,direct,1,1,0.161541,0.864286,-0.702745,0.0258265,1.70294,1.72807,0.0111046,0.790036,8661,4181,0.008362,1,0
50,4,1,27-22-14-1,direct,1,1,0.157867,0.864418,-0.706551,0.0222849,1.7067,1.72427,0.00627642,0.682387,16039,7828,0.015656,1,0
50,4,5,119-16-10-5,direct,1,1,0.198145,0.906667,-0.708522,0.104812,1.71173,1.77998,0.0048834,0.357969,65707,32578,0.065156,1,0
50,6,1,46-23-22-21-2-1,direct,1,1,0.159222,0.864683,-0.705461,0.0239042,1.70563,1.72327,0.00423651,0.500493,28177,13846,0.027692,1,0
50,3,2,81-34-2,direct,1,1,0.245136,0.888823,-0.643687,0.133958,1.64914,1.82005,0.0930842,0.406525,47604,23558,0.047116,1,0
50,2,1,8-1,direct,1,1,0.151481,0.864286,-0.712804,0.0157671,1.71288,1.73116,0.0122196,0.670102,4385,2056,0.004112,1,0
50,3,5,40-10-5,direct,1,1,0.206536,0.898228,-0.691691,0.104764,1.69493,1.76828,0.0141602,0.316053,21741,10690,0.02138,1,0
50,6,1,37-25-24-13-2-1,direct,1,1,0.156321,0.864683,-0.708362,0.0210032,1.70849,1.72328,0.0019232,0.56832,23133,11337,0.022674,1,0
50,5,2,63-37-25-24-2,direct,1,1,0.238866,0.905556,-0.666689,0.144422,1.67293,1.77859,0.0177226,0.550552,40620,20032,0.040064,1,0
50,4,1,48-35-34-1,direct,1,1,0.164752,0.864683,-0.699931,0.0294343,1.70019,1.72246,0.00380172,0.341569,30875,15192,0.030384,1,0
50,3,1,63-37-1,direct,1,1,0.180538,0.867328,-0.68679,0.0478659,1.68747,1.72164,0.00443106,0.417976,37449,18496,0.036992,1,0
50,5,1,114-27-22-8-1,direct,1,1,0.156662,0.864683,-0.70802,0.0213447,1.70815,1.72299,0.00284069,0.345025,66679,33040,0.06608,1,0
50,6,1,108-35-34-24-2-1,direct,1,1,0.154002,0.865212,-0.711209,0.019214,1.71132,1.7251,0.00222072,0.370133,67631,33484,0.066968,1,0
50,4,9,32-25-24-9,direct,1,1,0.300603,0.89784,-0.597236,0.198443,1.60952,1.7508,0.017707,0.289495,20043,9808,0.019616,1,0
50,4,8,110-25-24-8,direct,1,1,0.212357,0.916898,-0.704542,0.129255,1.70944,1.79712,0.0142585,0.277962,63986,31702,0.063404,1,0
50,2,63,81-63,direct,1,1,0.256799,0.926325,-0.669526,0.183124,1.67954,1.79031,0.00264427,0.200324,52159,25839,0.051678,1,0
50,3,9,37-34-9,direct,1,1,0.221691,0.920062,-0.69837,0.141753,1.70428,1.79747,0.00744836,0.321001,22479,11036,0.022072,1,0
50,5,1,119-25-24-9-1,direct,1,1,0.153771,0.864947,-0.711176,0.0187186,1.71128,1.72367,0.00101044,0.299452,69139,34264,0.068528,1,0
50,5,1,124-88-25-24-1,direct,1,1,0.154181,0.863095,-0.708915,0.0172759,1.709,1.7227,0.0026237,0.436657,91739,45480,0.09096,1,0
50,3,1,23-14-1,direct,1,1,0.143938,0.859656,-0.715718,0.00359425,1.71572,1.72291,0.00539666,0.264977,12779,6224,0.012448,1,0
51,2,1,80-1,direct,1,1,0.153102,0.864815,-0.711713,0.0179167,1.71181,1.7287,0.00464921,0.407324,41537,20560,0.04112,1,0
51,4,1,34-25-9-1,direct,1,1,0.159464,0.864418,-0.704954,0.023882,1.70512,1.72128,0.00276667,0.376864,19969,9788,0.019576,1,0
51,4,24,124-110-54-24,direct,1,1,0.243392,0.923154,-0.679762,0.166545,1.688,1.79721,0.0158721,0.304377,106096,52620,0.10524,1,0
51,2,97,98-97,direct,1,1,0.265322,0.927911,-0.66259,0.193233,1.67378,1.78966,0.00193223,0.163498,69737,34594,0.069188,1,0
51,4,1,37-35-24-1,direct,1,1,0.155095,0.864947,-0.709852,0.0200421,1.70997,1.72571,0.00501268,0.328587,23711,11631,0.023262,1,0
51,4,5,43-16-10-5,direct,1,1,0.331666,0.901138,-0.569471,0.232804,1.58664,1.74319,0.0283727,0.45159,24211,11906,0.023812,1,0
51,3,1,80-24-1,direct,1,1,0.160676,0.865608,-0.704932,0.0262845,1.70514,1.72161,0.00104767,0.328077,45313,22424,0.044848,1,0
51,2,37,127-37,direct,1,1,0.279394,0.926394,-0.647,0.205789,1.65981,1.78638,0.00482092,0.234386,74969,37211,0.074422,1,0
51,3,8,63-24-8,direct,1,1,0.284377,0.923975,-0.639598,0.208352,1.65278,1.77607,0.0015033,0.274966,36102,17832,0.035664,1,0
51,4,2,63-35-24-2,direct,1,1,0.325357,0.89332,-0.567963,0.218677,1.58314,1.77209,0.0514576,0.404319,38944,19221,0.038442,1,0
51,2,1,90-1,direct,1,1,0.172174,0.866799,-0.694624,0.0389734,1.69507,1.72337,0.00396925,0.254751,46697,23130,0.04626,1,0
51,3,1,73-25-1,direct,1,1,0.157808,0.863228,-0.70542,0.0210351,1.70555,1.71991,0.00161935,0.348401,41529,20538,0.041076,1,0
51,3,10,34-21-10,direct,1,1,0.238586,0.916825,-0.678239,0.155412,1.68542,1.78026,0.00473069,0.283546,19632,9628,0.019256,1,0
51,5,1,84-38-25-24-1,direct,1,1,0.164326,0.864153,-0.699827,0.0284795,1.70007,1.7208,0.00314295,0.438463,53139,26270,0.05254,1,0
51,3,8,92-81-8,direct,1,1,0.1961,0.915493,-0.719393,0.111593,1.72301,1.80641,0.0169082,0.31525,63914,31652,0.063304,1,0
51,4,1,24-12-9-1,direct,1,1,0.152761,0.863095,-0.710334,0.0158567,1.71041,1.7226,0.00298667,0.365132,13445,6549,0.013098,1,0
51,4,2,63-25-24-2,direct,1,1,0.259524,0.881283,-0.621759,0.140807,1.62786,1.74507,0.0317411,0.570215,37184,18351,0.036702,1,0
52,2,9,39-9,direct,1,1,0.237645,0.929424,-0.691779,0.167068,1.70001,1.79976,0.00150298,0.26357,21013,10335,0.02067,1,0
52,5,1,59-37-24-10-1,direct,1,1,0.156049,0.866138,-0.710088,0.022187,1.71023,1.7249,0.00136552,0.293995,37367,18425,0.03685,1,0
52,3,1,81-63-1,direct,1,1,0.157369,0.864021,-0.706652,0.0213905,1.70679,1.72202,0.00218075,0.209272,52349,25902,0.051804,1,0
52,5,1,81-40-10-5-1,direct,1,1,0.155935,0.865608,-0.709674,0.0215434,1.70981,1.72415,0.00138641,0.800491,49391,24431,0.048862,1,0
52,4,9,81-75-34-9,direct,1,1,0.287916,0.918092,-0.630177,0.206008,1.64314,1.79055,0.0192109,0.330071,59979,29667,0.059334,1,0
52,5,1,65-40-37-5-1,direct,1,1,0.149976,0.863624,-0.713648,0.0136006,1.7137,1.72754,0.00419874,0.420932,42371,20910,0.04182,1,0
52,5,1,118-25-24-9-1,direct,1,1,0.157557,0.863492,-0.705935,0.0210495,1.70606,1.72212,0.00349824,0.625298,68575,33983,0.067966,1,0
52,4,2,63-38-25-2,direct,1,1,0.261029,0.89332,-0.632291,0.15435,1.63957,1.75703,0.0307538,0.413766,39554,19522,0.039044,1,0
52,4,1,24-16-2-1,direct,1,1,0.153927,0.863624,-0.709698,0.017551,1.70979,1.72547,0.00402417,0.516867,13465,6562,0.013124,1,0
52,2,1,114-1,direct,1,1,0.166978,0.866005,-0.699028,0.032983,1.69935,1.72576,0.00503425,0.244281,59081,29298,0.058596,1,0
52,3,1,109-10-1,direct,1,1,0.163283,0.866138,-0.702854,0.0294208,1.70311,1.72182,0.0013791,0.37964,58503,29004,0.058008,1,0
52,4,2,67-35-24-2,direct,1,1,0.297151,0.889021,-0.591871,0.186172,1.60272,1.76743,0.039429,0.356608,41280,20385,0.04077,1,0
52,4,17,23-22-21-17,direct,1,1,0.273071,0.914885,-0.641814,0.187956,1.65254,1.77012,0.00863007,0.17048,14831,7213,0.014426,1,0
53,3,1,24-14-1,direct,1,1,0.16584,0.866005,-0.700166,0.031845,1.70046,1.72315,0.00296104,0.29131,13321,6494,0.012988,1,0
53,3,1,81-8-1,direct,1,1,0.165419,0.864815,-0.699396,0.0302334,1.69967,1.72175,0.00311866,0.433552,43219,21392,0.042784,1,0
53,4,1,25-24-16-1,direct,1,1,0.159371,0.86336,-0.703989,0.0227305,1.70414,1.7204,0.00208174,0.427868,15187,7400,0.0148,1,0
53,4,53,81-80-63-53,direct,1,1,0.249077,0.923473,-0.674396,0.172549,1.68326,1.78603,0.00153722,0.200774,71947,35595,0.07119,1,0
53,2,29,65-29,direct,1,1,0.257806,0.926523,-0.668718,0.184329,1.67887,1.7922,0.00379066,0.209436,37465,18525,0.03705,1,0
53,5,1,23-22-21-2-1,direct,1,1,0.152206,0.864286,-0.712079,0.0164921,1.71216,1.73713,0.0181476,0.562719,14193,6900,0.0138,1,0
53,2,8,16-8,direct,1,1,0.27632,0.899173,-0.622853,0.175494,1.63231,1.75333,0.0147441,0.25428,8744,4224,0.008448,1,0
53,2,1,17-1,direct,1,1,0.148154,0.867328,-0.719174,0.0154821,1.71924,1.74357,0.016046,0.443075,9029,4369,0.008738,1,0
53,5,2,99-37-25-24-2,direct,1,1,0.158573,0.894378,-0.735805,0.0529516,1.73661,1.78693,0.0157684,0.499161,61788,30580,0.06116,1,0
53,4,1,126-16-10-1,direct,1,1,0.162768,0.865212,-0.702444,0.0279792,1.70267,1.72361,0.00345842,0.324731,69445,34442,0.068884,1,0
53,3,9,25-24-9,direct,1,1,0.301491,0.914844,-0.613353,0.216335,1.62779,1.76947,0.0132344,0.306561,14795,7216,0.014432,1,0
53,4,1,37-25-5-1,direct,1,1,0.145244,0.864683,-0.719439,0.00992654,1.71947,1.72663,0.00113708,0.683382,21445,10527,0.021054,1,0
53,4,1,81-37-24-1,direct,1,1,0.161803,0.863095,-0.701292,0.0248987,1.70147,1.72051,0.00372475,0.230657,49831,24645,0.04929,1,0
53,5,1,110-81-24-9-1,direct,1,1,0.162857,0.864683,-0.701826,0.0275395,1.70205,1.72274,0.00411543,0.637743,79183,39239,0.078478,1,0
53,6,5,63-50-15-14-10-5,direct,1,1,0.153323,0.86881,-0.715487,0.0221323,1.71563,1.75234,0.0184359,0.231065,41421,20428,0.040856,1,0
53,3,5,69-10-5,direct,1,1,0.259941,0.904947,-0.645006,0.164888,1.65325,1.78278,0.0289546,0.305987,37227,18404,0.036808,1,0
53,5,1,124-64-25-5-1,direct,1,1,0.157165,0.863095,-0.70593,0.0202602,1.70605,1.72081,0.00216486,0.247911,83513,41410,0.08282,1,0
53,5,1,127-25-24-15-1,direct,1,1,0.157943,0.863889,-0.705946,0.0218316,1.70609,1.72097,0.0015418,0.405203,73963,36662,0.073324,1,0
53,4,1,16-10-9-1,direct,1,1,0.147212,0.864947,-0.717735,0.0121595,1.71778,1.73324,0.00602508,0.937966,9037,4355,0.00871,1,0
53,2,25,34-25,direct,1,1,0.252477,0.924286,-0.671809,0.176763,1.68113,1.79052,0.00695559,0.174636,19457,9554,0.019108,1,0
54,2,8,51-8,direct,1,1,0.241227,0.919825,-0.678597,0.161052,1.68631,1.80424,0.0173355,0.2569,27294,13464,0.026928,1,0
54,4,1,108-22-8-1,direct,1,1,0.157191,0.864947,-0.707756,0.0221386,1.7079,1.72474,0.00442303,0.362415,60949,30208,0.060416,1,0
54,2,34,81-34,direct,1,1,0.265842,0.92761,-0.661769,0.193452,1.67299,1.78804,0.00185512,0.230952,47432,23490,0.04698,1,0
54,2,21,89-21,direct,1,1,0.236985,0.923243,-0.686258,0.160228,1.69385,1.79652,0.010531,0.252011,49761,24653,0.049306,1,0
54,4,1,63-37-25-1,direct,1,1,0.175589,0.866667,-0.691078,0.0422557,1.69161,1.72189,0.00391202,0.310224,39325,19409,0.038818,1,0
54,4,1,110-25-24-1,direct,1,1,0.155318,0.865079,-0.709762,0.0203972,1.70988,1.72435,0.00184177,0.323667,63643,31534,0.063068,1,0
54,3,24,80-63-24,direct,1,1,0.235363,0.918937,-0.683575,0.1543,1.69063,1.79058,0.00684807,0.236998,54630,27032,0.054064,1,0
54,4,1,87-24-9-1,direct,1,1,0.155847,0.864815,-0.708967,0.0206623,1.70909,1.72413,0.00355605,0.559417,49667,24585,0.04917,1,0
54,4,14,81-34-15-14,direct,1,1,0.202438,0.918065,-0.715627,0.120503,1.71985,1.81336,0.0162086,0.242515,48950,24210,0.04842,1,0
54,3,1,108-8-1,direct,1,1,0.167639,0.864947,-0.697308,0.0325865,1.69762,1.72241,0.00520511,0.376431,57529,28520,0.05704,1,0
54,5,2,118-37-34-24-2,direct,1,1,0.272977,0.911905,-0.638928,0.184881,1.64932,1.77106,0.0161488,0.385328,74076,36696,0.073392,1,0
54,3,9,81-34-9,direct,1,1,0.317943,0.922163,-0.604221,0.240106,1.62209,1.78702,0.0307372,0.316225,48087,23796,0.047592,1,0
54,4,1,110-25-8-1,direct,1,1,0.161147,0.863095,-0.701948,0.0242424,1.70212,1.71936,0.00237697,0.488921,62779,31118,0.062236,1,0
54,5,1,29-16-10-5-1,direct,1,1,0.168496,0.860979,-0.692483,0.0294744,1.69274,1.71757,0.00616758,1.01865,16583,8103,0.016206,1,0
54,3,80,111-81-80,direct,1,1,0.24352,0.925187,-0.681667,0.168706,1.69011,1.79312,0.00302912,0.190494,88494,43887,0.087774,1,0
54,2,4,17-4,direct,1,1,0.205255,0.896792,-0.691538,0.102047,1.69461,1.76624,0.0102921,0.372243,9134,4420,0.00884,1,0
54,5,1,124-25-10-9-1,direct,1,1,0.160556,0.86336,-0.702804,0.0239156,1.70297,1.72012,0.0022215,0.2268,70979,35193,0.070386,1,0
54,4,1,117-15-14-1,direct,1,1,0.156567,0.863757,-0.70719,0.0203233,1.70731,1.72109,0.0018266,0.420597,64411,31931,0.063862,1,0
55,4,8,45-24-23-8,direct,1,1,0.252142,0.906763,-0.65462,0.158905,1.66223,1.7723,0.0120426,0.446826,27120,13336,0.026672,1,0
55,4,8,110-99-25-8,direct,1,1,0.219715,0.919081,-0.699366,0.138796,1.70502,1.81012,0.0190569,0.389205,84182,41725,0.08345,1,0
55,3,5,124-110-5,direct,1,1,0.185956,0.912963,-0.727007,0.0989191,1.72984,1.80431,0.0166652,0.501285,92597,45934,0.091868,1,0
55,3,1,63-8-1,direct,1,1,0.159833,0.864815,-0.704982,0.0246475,1.70516,1.72396,0.00340505,0.413095,33679,16640,0.03328,1,0
55,3,14,27-22-14,direct,1,1,0.278711,0.918065,-0.639354,0.196776,1.65112,1.7702,0.00334055,0.260052,15996,7814,0.015628,1,0
55,4,1,81-34-29-1,direct,1,1,0.165969,0.865608,-0.69964,0.0315772,1.69993,1.72225,0.00276661,0.43323,49555,24505,0.04901,1,0
55,4,1,29-20-10-1,direct,1,1,0.176919,0.865212,-0.688293,0.0421307,1.68882,1.72088,0.00559197,0.750326,16803,8214,0.016428,1,0
55,2,1,41-1,direct,1,1,0.159899,0.865476,-0.705577,0.0253754,1.70577,1.72911,0.00621706,0.404344,21413,10537,0.021074,1,0
55,5,1,110-26-18-2-1,direct,1,1,0.151825,0.865212,-0.713387,0.0170368,1.71347,1.7243,0.000727139,0.105236,63621,31526,0.063052,1,0
55,2,1,3-1,direct,1,1,0.151998,0.865608,-0.71361,0.0176067,1.7137,1.73235,0.00641593,0.104415,1805,771,0.001542,1,0
55,2,26,93-26,direct,1,1,0.239554,0.924415,-0.684861,0.163969,1.69282,1.79252,0.00384002,0.253047,52920,26226,0.052452,1,0
55,2,80,81-80,direct,1,1,0.250997,0.927692,-0.676695,0.178688,1.68619,1.79554,0.00570919,0.180418,54930,27216,0.054432,1,0
55,3,1,37-10-1,direct,1,1,0.143833,0.865079,-0.721246,0.00891235,1.72127,1.72678,0.000205016,0.291912,20055,9852,0.019704,1,0
55,3,1,25-24-1,direct,1,1,0.148329,0.862566,-0.714237,0.0108952,1.71427,1.7235,0.00268961,0.530749,14403,7024,0.014048,1,0
55,6,1,57-34-16-15-5-1,direct,1,1,0.148668,0.864683,-0.716015,0.0133502,1.71607,1.7267,0.00391744,0.403843,35299,17394,0.034788,1,0
55,4,5,52-34-29-5,direct,1,1,0.192039,0.916984,-0.724945,0.109023,1.72839,1.80417,0.0150153,0.346534,32913,16211,0.032422,1,0
55,3,1,39-9-1,direct,1,1,0.15598,0.865079,-0.709099,0.0210598,1.70923,1.72501,0.00448292,0.267999,21041,10344,0.020688,1,0
55,4,5,81-29-10-5,direct,1,1,0.167995,0.864841,-0.696846,0.0328361,1.69716,1.73785,0.0159946,0.2401,47351,23425,0.04685,1,0
55,2,1,58-1,direct,1,1,0.15238,0.865608,-0.713229,0.0179884,1.71332,1.72643,0.00182133,0.50889,30185,14906,0.029812,1,0
55,3,1,91-81-1,direct,1,1,0.161828,0.863889,-0.702061,0.0257164,1.70226,1.72234,0.00458146,0.230526,62097,30748,0.061496,1,0
56,3,16,41-29-16,direct,1,1,0.221129,0.917874,-0.696744,0.139003,1.70243,1.79839,0.0110764,0.242811,24710,12149,0.024298,1,0
56,5,1,58-27-22-14-1,direct,1,1,0.157615,0.863757,-0.706142,0.0213716,1.70628,1.72242,0.00256738,0.489258,35159,17330,0.03466,1,0
56,3,5,57-10-5,direct,1,1,0.336123,0.906111,-0.569989,0.242234,1.58857,1.76592,0.027366,0.360288,30819,15212,0.030424,1,0
56,5,1,124-27-25-24-1,direct,1,1,0.158705,0.865212,-0.706507,0.0239166,1.70667,1.72315,0.00191071,0.234468,73439,36391,0.072782,1,0
56,2,110,124-110,direct,1,1,0.297134,0.92806,-0.630926,0.225194,1.6464,1.78328,0.00356003,0.167156,91382,45384,0.090768,1,0
56,4,23,37-25-24-23,direct,1,1,0.284041,0.91723,-0.63319,0.201271,1.64555,1.76918,0.00623117,0.266141,23549,11549,0.023098,1,0
56,3,9,34-25-9,direct,1,1,0.352199,0.911082,-0.558883,0.263281,1.58096,1.77266,0.0270112,0.257583,19941,9779,0.019558,1,0
56,4,1,81-34-5-1,direct,1,1,0.166433,0.865344,-0.698911,0.0317766,1.69921,1.72448,0.00566563,0.52066,47827,23665,0.04733,1,0
56,4,1,124-110-2-1,direct,1,1,0.144737,0.86336,-0.718623,0.00809655,1.71864,1.72375,0.000388845,0.244435,91941,45606,0.091212,1,0
56,3,5,121-8-5,direct,1,1,0.377596,0.90119,-0.523594,0.278787,1.54889,1.74877,0.0321747,0.210442,64487,31984,0.063968,1,0
56,2,1,34-1,direct,1,1,0.148105,0.866138,-0.718033,0.0142426,1.71809,1.72873,0.00271668,0.380189,17801,8738,0.017476,1,0
56,4,1,81-34-9-1,direct,1,1,0.170386,0.864418,-0.694032,0.0348035,1.69439,1.71904,0.00301475,0.425114,48115,23805,0.04761,1,0
56,2,1,5-1,direct,1,1,0.15655,0.864286,-0.707736,0.0208358,1.70786,1.73087,0.0095143,0.788142,2837,1285,0.00257,1,0
56,3,1,22-14-1,direct,1,1,0.171313,0.865079,-0.693766,0.0363927,1.69416,1.72003,0.00525937,0.589869,12237,5954,0.011908,1,0
56,5,5,91-66-16-10-5,direct,1,1,0.158584,0.865847,-0.707263,0.0244302,1.70744,1.76721,0.0384431,0.227823,61763,30568,0.061136,1,0
56,2,9,81-9,direct,1,1,0.260757,0.920076,-0.65932,0.180833,1.66914,1.79204,0.0132461,0.270612,43357,21465,0.04293,1,0
56,3,1,81-24-1,direct,1,1,0.170603,0.866534,-0.695931,0.0371379,1.69634,1.72206,0.00341907,0.32248,45875,22704,0.045408,1,0
57,3,1,48-9-1,direct,1,1,0.162697,0.863492,-0.700795,0.0261894,1.701,1.72035,0.00398625,0.526841,25829,12729,0.025458,1,0
57,3,24,63-62-24,direct,1,1,0.257432,0.920602,-0.66317,0.178034,1.67267,1.79066,0.0122949,0.222566,43574,21522,0.043044,1,0
57,3,1,91-16-1,direct,1,1,0.162769,0.86455,-0.701781,0.0273194,1.702,1.72229,0.00322234,0.455047,50007,24768,0.049536,1,0
57,2,34,119-34,direct,1,1,0.248109,0.92328,-0.675172,0.171389,1.68392,1.78618,0.00135561,0.232276,69548,34510,0.06902,1,0
57,4,8,38-23-22-8,direct,1,1,0.29744,0.914997,-0.617557,0.212437,1.63145,1.76936,0.0119613,0.340565,22998,11284,0.022568,1,0
57,2,1,22-1,direct,1,1,0.14445,0.865344,-0.720894,0.00979409,1.72092,1.74018,0.0136387,0.455364,11609,5654,0.011308,1,0
57,4,63,95-81-80-63,direct,1,1,0.27428,0.92601,-0.65173,0.20029,1.66383,1.78256,0.00117403,0.210897,87901,43535,0.08707,1,0
57,3,5,29-16-5,direct,1,1,0.3152,0.905265,-0.590065,0.220464,1.60528,1.76638,0.0296032,0.323577,16287,7968,0.015936,1,0
57,5,1,66-16-10-5-1,direct,1,1,0.153849,0.864418,-0.710569,0.0182666,1.71067,1.72448,0.00228552,0.461352,36785,18167,0.036334,1,0
57,4,1,80-25-24-1,direct,1,1,0.16124,0.86455,-0.70331,0.0257906,1.70351,1.72511,0.00484699,0.407053,46723,23104,0.046208,1,0
57,4,1,80-75-63-1,direct,1,1,0.164741,0.863889,-0.699147,0.0286303,1.69939,1.72179,0.00400537,0.42985,63229,31268,0.062536,1,0
57,2,10,20-10,direct,1,1,0.32909,0.909881,-0.580791,0.238971,1.59875,1.76876,0.0212311,0.222373,10946,5320,0.01064,1,0
57,5,1,34-15-14-3-1,direct,1,1,0.161806,0.866799,-0.704993,0.0286047,1.70523,1.72679,0.00550634,0.616794,19327,9469,0.018938,1,0
57,5,1,24-16-5-4-1,direct,1,1,0.149167,0.861376,-0.712209,0.0105423,1.71224,1.7272,0.00623147,0.409954,13619,6632,0.013264,1,0
57,3,3,105-48-3,direct,1,1,0.232512,0.900794,-0.668282,0.133306,1.6736,1.78218,0.0277348,0.374357,64693,32064,0.064128,1,0
57,6,1,81-34-15-14-4-1,direct,1,1,0.153184,0.864418,-0.711234,0.0176023,1.71132,1.72453,0.00301413,0.545042,49093,24270,0.04854,1,0
57,2,64,124-64,direct,1,1,0.272821,0.928788,-0.655968,0.201609,1.6682,1.79086,0.00322994,0.220999,79928,39680,0.07936,1,0
57,5,1,63-18-10-5-1,direct,1,1,0.158287,0.864286,-0.705999,0.0225724,1.70615,1.72466,0.00565305,0.535963,35443,17497,0.034994,1,0
58,6,1,111-34-15-14-3-1,direct,1,1,0.158966,0.864021,-0.705055,0.0229872,1.70521,1.73198,0.0165469,0.607612,66521,32955,0.06591,1,0
58,4,1,99-42-14-1,direct,1,1,0.160571,0.864286,-0.703714,0.0248569,1.7039,1.72357,0.00361639,0.375571,60775,30104,0.060208,1,0
58,4,5,81-34-29-5,direct,1,1,0.281458,0.911402,-0.629944,0.19286,1.64131,1.79328,0.0283276,0.33342,49791,24621,0.049242,1,0
58,3,5,115-10-5,direct,1,1,0.326584,0.897354,-0.570771,0.223938,1.58665,1.75393,0.0343748,0.36124,61791,30640,0.06128,1,0
58,3,1,24-9-1,direct,1,1,0.160413,0.866799,-0.706386,0.0272116,1.7066,1.72357,0.000808185,0.506097,13061,6369,0.012738,1,0
58,5,1,26-24-8-5-1,direct,1,1,0.16664,0.863228,-0.696587,0.0298678,1.69685,1.72146,0.00757951,0.738852,15417,7517,0.015034,1,0
58,4,1,80-63-25-1,direct,1,1,0.168609,0.864815,-0.696206,0.0334235,1.69654,1.71897,0.0020641,0.367648,54833,27120,0.05424,1,0
58,1,22,22,direct,1,1,0.219514,0.929491,-0.709977,0.149006,1.71646,1.80512,0.0018081,0.245648,11542,5632,0.011264,1,0
58,4,1,15-9-5-1,direct,1,1,0.18379,0.865079,-0.68129,0.0488689,1.682,1.72067,0.00925566,0.903642,8365,4025,0.00805,1,0
58,5,1,25-8-5-4-1,direct,1,1,0.148951,0.86455,-0.7156,0.0135008,1.71565,1.72507,0.00195068,0.340633,13669,6664,0.013328,1,0
58,5,14,81-80-63-15-14,direct,1,1,0.2874,0.917857,-0.630457,0.205257,1.64333,1.79634,0.0247115,0.208304,67570,33411,0.066822,1,0
58,5,1,81-66-29-10-1,direct,1,1,0.151909,0.863889,-0.711979,0.0157984,1.71205,1.72349,0.00166857,0.370427,57221,28296,0.056592,1,0
58,4,1,63-8-2-1,direct,1,1,0.147555,0.864683,-0.717128,0.0122374,1.71717,1.72572,0.00104853,2.405,33703,16650,0.0333,1,0
58,5,1,115-63-24-2-1,direct,1,1,0.159267,0.864021,-0.704754,0.0232882,1.70491,1.72118,0.0020433,0.310911,77159,38247,0.076494,1,0
58,2,24,25-24,direct,1,1,0.254273,0.921429,-0.667156,0.175701,1.67639,1.78395,0.00353051,0.177786,14330,7000,0.014,1,0
58,3,24,87-63-24,direct,1,1,0.234407,0.921087,-0.68668,0.155494,1.69383,1.79485,0.00758712,0.28451,59110,29265,0.05853,1,0
59,3,5,10-9-5,direct,1,1,0.305135,0.904392,-0.599257,0.209526,1.61292,1.75576,0.0146875,0.227217,5689,2695,0.00539,1,0
59,2,81,109-81,direct,1,1,0.278178,0.928555,-0.650377,0.206733,1.66327,1.78553,0.00120795,0.191324,74021,36733,0.073466,1,0
59,3,9,40-34-9,direct,1,1,0.225799,0.919533,-0.693733,0.145332,1.69996,1.80263,0.0126438,0.281107,24225,11906,0.023812,1,0
59,2,51,124-51,direct,1,1,0.297299,0.928009,-0.63071,0.225307,1.6462,1.78462,0.00556705,0.215345,76691,38068,0.076136,1,0
59,5,1,63-34-15-3-1,direct,1,1,0.155562,0.865608,-0.710047,0.02117,1.71018,1.72433,0.0020119,0.573087,38143,18828,0.037656,1,0
59,3,5,25-9-5,direct,1,1,0.23602,0.892884,-0.656864,0.128903,1.66187,1.75054,0.0139609,0.474886,13669,6670,0.01334,1,0
59,5,1,110-26-8-2-1,direct,1,1,0.153766,0.863889,-0.710123,0.0176548,1.71021,1.72366,0.00221388,0.311842,63041,31246,0.062492,1,0
59,5,1,114-37-24-9-1,direct,1,1,0.149941,0.864418,-0.714477,0.0143593,1.71454,1.72357,0.000743623,0.657066,69655,34515,0.06903,1,0
59,4,1,124-110-25-1,direct,1,1,0.173966,0.863228,-0.689261,0.037194,1.68967,1.71851,0.00518974,0.199883,97093,48159,0.096318,1,0
59,4,9,74-37-24-9,direct,1,1,0.281903,0.918313,-0.63641,0.200216,1.64861,1.77929,0.0103435,0.346182,46107,22786,0.045572,1,0
59,3,1,24-10-1,direct,1,1,0.157794,0.865741,-0.707947,0.023535,1.70811,1.72515,0.00231549,0.37027,13113,6394,0.012788,1,0
59,4,1,75-24-9-1,direct,1,1,0.165942,0.86336,-0.697418,0.0293015,1.69767,1.7192,0.00378218,0.538414,42923,21225,0.04245,1,0
59,4,1,32-8-2-1,direct,1,1,0.161569,0.867063,-0.705494,0.0286329,1.70573,1.72629,0.0032699,0.452014,17273,8466,0.016932,1,0
59,6,1,110-72-17-8-2-1,direct,1,1,0.171654,0.865079,-0.693425,0.0367338,1.69382,1.71923,0.00329907,0.297858,75591,37458,0.074916,1,0
59,3,5,15-9-5,direct,1,1,0.188548,0.878862,-0.690314,0.0674108,1.69166,1.73974,0.00897193,0.242946,8349,4020,0.00804,1,0
59,2,1,13-1,direct,1,1,0.155185,0.864683,-0.709497,0.0198679,1.70961,1.72454,0.00310141,0.517902,6965,3341,0.006682,1,0
59,2,9,91-9,direct,1,1,0.28756,0.917446,-0.629886,0.205005,1.64273,1.78563,0.0169718,0.305956,48677,24115,0.04823,1,0
59,3,1,34-5-1,direct,1,1,0.159866,0.86455,-0.704684,0.0244164,1.70486,1.7265,0.0082812,0.690622,18093,8879,0.017758,1,0
59,3,24,63-25-24,direct,1,1,0.228981,0.920211,-0.69123,0.149191,1.6978,1.79845,0.017813,0.251356,37062,18303,0.036606,1,0
59,3,5,63-30-5,direct,1,1,0.191959,0.910106,-0.718147,0.102064,1.72118,1.80424,0.0221353,0.335512,36783,18168,0.036336,1,0
59,5,3,98-34-15-14-3,direct,1,1,0.301386,0.905115,-0.603729,0.2065,1.61697,1.74452,0.00795516,0.300123,58945,29182,0.058364,1,0
59,3,10,91-16-10,direct,1,1,0.210187,0.916243,-0.706057,0.12643,1.71073,1.79781,0.0098164,0.264629,50304,24912,0.049824,1,0
59,4,1,105-91-16-1,direct,1,1,0.160443,0.864021,-0.703579,0.0244638,1.70375,1.72143,0.00237297,0.467994,76495,37907,0.075814,1,0
60,4,2,124-110-24-2,direct,1,1,0.338079,0.882143,-0.544064,0.220222,1.55969,1.75977,0.0534994,0.342418,96918,48072,0.096144,1,0
60,4,1,81-34-15-1,direct,1,1,0.157153,0.865079,-0.707927,0.0222319,1.70807,1.7233,0.00197215,0.385585,48547,24015,0.04803,1,0
60,4,1,81-72-5-1,direct,1,1,0.158659,0.864021,-0.705362,0.0226805,1.70551,1.72112,0.00265811,0.335505,54439,26933,0.053866,1,0
60,4,1,124-25-5-1,direct,1,1,0.15489,0.865212,-0.710322,0.0201017,1.71044,1.72352,0.00113633,0.333242,70513,34974,0.069948,1,0
60,4,1,63-25-2-1,direct,1,1,0.166362,0.864418,-0.698056,0.0307798,1.69834,1.72058,0.00523593,0.537926,35947,17755,0.03551,1,0
60,5,1,96-23-22-2-1,direct,1,1,0.149134,0.86455,-0.715416,0.0136845,1.71547,1.72685,0.00328311,2.47695,55215,27336,0.054672,1,0
60,3,5,16-9-5,direct,1,1,0.211426,0.888624,-0.677198,0.10005,1.68018,1.75277,0.0151907,0.468001,8881,4285,0.00857,1,0
60,4,1,35-29-24-1,direct,1,1,0.156212,0.863757,-0.707545,0.0199683,1.70766,1.72262,0.00304881,0.534156,21823,10695,0.02139,1,0
60,3,88,119-90-88,direct,1,1,0.275979,0.928071,-0.652092,0.20405,1.66465,1.78689,0.00192288,0.187482,98950,49094,0.098188,1,0
60,3,1,81-5-1,direct,1,1,0.168964,0.864286,-0.695322,0.0332493,1.69565,1.7207,0.00398396,0.464893,42721,21146,0.042292,1,0
60,6,1,110-70-26-8-2-1,direct,1,1,0.153637,0.86455,-0.710913,0.0181871,1.71101,1.72374,0.0021007,0.334628,76501,37906,0.075812,1,0
60,4,1,91-34-16-1,direct,1,1,0.153745,0.863757,-0.710011,0.0175019,1.7101,1.72286,0.00233942,0.372723,54439,26950,0.0539,1,0
60,1,74,74,direct,1,1,0.285339,0.931655,-0.646316,0.216994,1.66055,1.79021,0.00204398,0.230588,38218,18944,0.037888,1,0
60,2,85,98-85,direct,1,1,0.277521,0.929082,-0.651561,0.206603,1.66443,1.78732,0.00178712,0.16969,67373,33418,0.066836,1,0
60,6,1,110-26-17-8-2-1,direct,1,1,0.154747,0.863889,-0.709142,0.0186359,1.70924,1.72318,0.00253638,0.136476,63815,31616,0.063232,1,0
60,2,1,24-1,direct,1,1,0.139721,0.86746,-0.727739,0.00718153,1.72775,1.73405,0.00179867,0.372864,12641,6168,0.012336,1,0
60,2,1,112-1,direct,1,1,0.173895,0.864286,-0.690391,0.0381803,1.69082,1.72116,0.00643514,0.235074,58049,28784,0.057568,1,0
60,4,1,81-29-10-1,direct,1,1,0.165845,0.865344,-0.699499,0.031189,1.69979,1.72133,0.00274434,0.600606,47267,23385,0.04677,1,0
60,4,1,63-25-24-1,direct,1,1,0.152611,0.864683,-0.712072,0.0172934,1.71216,1.72638,0.00289526,0.426726,37135,18327,0.036654,1,0
60,2,5,9-5,direct,1,1,0.343866,0.906772,-0.562907,0.250638,1.58288,1.74774,0.0148836,0.186889,4977,2349,0.004698,1,0
60,3,1,80-15-1,direct,1,1,0.17031,0.864683,-0.694373,0.0349922,1.69473,1.72251,0.00635383,0.303255,43837,21695,0.04339,1,0
60,4,1,86-15-9-1,direct,1,1,0.152386,0.864153,-0.711767,0.0165399,1.71185,1.72363,0.00221221,0.325264,47377,23450,0.0469,1,0
60,4,2,117-25-24-2,direct,1,1,0.296114,0.890212,-0.594098,0.186326,1.60495,1.74112,0.0192676,0.437971,67640,33525,0.06705,1,0
60,4,9,81-51-34-9,direct,1,1,0.257955,0.914624,-0.656668,0.172579,1.66563,1.79431,0.0201961,0.298913,54411,26907,0.053814,1,0
61,4,1,23-22-14-1,direct,1,1,0.154274,0.862698,-0.708424,0.0169728,1.70851,1.72099,0.00297698,0.456365,13807,6716,0.013432,1,0
61,4,2,81-35-34-2,direct,1,1,0.285146,0.879762,-0.594616,0.164908,1.60312,1.71986,0.0233552,0.381261,50216,24829,0.049658,1,0
61,5,1,110-26-17-8-1,direct,1,1,0.16267,0.863492,-0.700822,0.0261623,1.70102,1.72028,0.00378893,0.435814,63791,31606,0.063212,1,0
61,3,1,80-77-1,direct,1,1,0.160363,0.865212,-0.704848,0.0255751,1.70504,1.72237,0.00167141,0.285895,54005,26717,0.053434,1,0
61,5,1,81-63-34-14-1,direct,1,1,0.166137,0.864815,-0.698677,0.0309522,1.69896,1.71794,0.000714577,0.383975,57583,28471,0.056942,1,0
61,4,1,80-75-24-1,direct,1,1,0.172666,0.866402,-0.693736,0.0390678,1.69419,1.72022,0.00226254,0.350644,57223,28304,0.056608,1,0
61,2,14,88-14,direct,1,1,0.234391,0.919426,-0.685034,0.153817,1.69204,1.79591,0.0136667,0.271564,47966,23760,0.04752,1,0
61,3,5,113-10-5,direct,1,1,0.33649,0.893889,-0.557399,0.230379,1.57435,1.78038,0.0506554,0.423033,60723,30108,0.060216,1,0
61,4,1,126-25-24-1,direct,1,1,0.164139,0.864153,-0.700015,0.028292,1.70025,1.72129,0.00343575,0.416496,72667,36030,0.07206,1,0
61,4,5,34-29-16-5,direct,1,1,0.22591,0.906561,-0.680651,0.132471,1.68586,1.77707,0.00975742,0.327003,20887,10234,0.020468,1,0
61,5,1,17-8-3-2-1,direct,1,1,0.170399,0.866005,-0.695606,0.0364047,1.696,1.72188,0.00521537,0.100968,9357,4520,0.00904,1,0
61,3,1,25-7-1,direct,1,1,0.158559,0.862698,-0.704139,0.0212578,1.70427,1.72947,0.0138947,0.446089,13485,6582,0.013164,1,0
61,4,10,124-81-80-10,direct,1,1,0.219279,0.919815,-0.700536,0.139094,1.70622,1.79703,0.00997586,0.427481,98972,49068,0.098136,1,0
61,3,3,63-47-3,direct,1,1,0.173343,0.904409,-0.731066,0.0777523,1.73281,1.79412,0.021649,0.415404,38939,19230,0.03846,1,0
61,5,1,81-25-24-9-1,direct,1,1,0.166244,0.864947,-0.698703,0.0311913,1.69899,1.72301,0.00443643,0.706439,47707,23586,0.047172,1,0
61,4,1,45-10-5-1,direct,1,1,0.16244,0.863889,-0.701448,0.0263293,1.70165,1.72028,0.00321269,0.404522,24427,12025,0.02405,1,0
61,6,1,81-38-34-15-14-1,direct,1,1,0.162287,0.863889,-0.701602,0.0261761,1.7018,1.72166,0.00362855,0.305407,52301,25840,0.05168,1,0
61,4,1,44-25-9-1,direct,1,1,0.157283,0.863889,-0.706606,0.0211714,1.70674,1.7237,0.00332258,0.46262,25609,12598,0.025196,1,0
61,3,1,88-14-1,direct,1,1,0.166797,0.864286,-0.697489,0.0310824,1.69777,1.72321,0.0053202,0.368127,48009,23774,0.047548,1,0
61,4,5,10-8-7-5,direct,1,1,0.172584,0.869788,-0.697204,0.0423725,1.69773,1.73079,0.00583148,0.705258,5773,2731,0.005462,1,0
62,3,24,78-25-24,direct,1,1,0.223518,0.921809,-0.698291,0.145327,1.7045,1.79498,0.00392293,0.253359,45522,22518,0.045036,1,0
62,3,9,81-24-9,direct,1,1,0.193616,0.915594,-0.721977,0.10921,1.72544,1.8025,0.0106993,0.299223,46267,22896,0.045792,1,0
62,5,1,120-91-37-24-1,direct,1,1,0.156478,0.865873,-0.709395,0.0223513,1.70954,1.7237,0.000835396,0.193881,92639,45919,0.091838,1,0
62,4,1,98-26-10-1,direct,1,1,0.144233,0.863624,-0.719391,0.00785766,1.71941,1.72513,0.00129011,0.330643,56337,27906,0.055812,1,0
62,4,8,111-23-17-8,direct,1,1,0.186273,0.908929,-0.722655,0.095202,1.72528,1.8048,0.0197186,0.260266,63558,31496,0.062992,1,0
62,3,1,8-5-1,direct,1,1,0.170098,0.865476,-0.695378,0.0355745,1.69575,1.71982,0.00271289,1.11828,4469,2093,0.004186,1,0
62,2,22,81-22,direct,1,1,0.221263,0.923689,-0.702427,0.144952,1.70859,1.79968,0.00452485,0.267032,45476,22518,0.045036,1,0
62,3,1,78-5-1,direct,1,1,0.155572,0.863624,-0.708052,0.0191964,1.70816,1.72374,0.00343645,0.498461,41149,20363,0.040726,1,0
62,2,14,81-14,direct,1,1,0.227029,0.919851,-0.692822,0.14688,1.69918,1.79049,0.00408774,0.286162,44172,21870,0.04374,1,0
62,4,5,119-25-9-5,direct,1,1,0.246499,0.895397,-0.648898,0.141896,1.65499,1.76828,0.026105,0.272187,67985,33709,0.067418,1,0
62,3,1,25-5-1,direct,1,1,0.157269,0.863228,-0.705959,0.0204965,1.70608,1.72319,0.00361292,0.623411,13377,6530,0.01306,1,0
62,2,5,63-5,direct,1,1,0.187368,0.910079,-0.722712,0.0974471,1.72547,1.79764,0.0109724,0.285113,33273,16443,0.032886,1,0
62,4,1,80-25-5-1,direct,1,1,0.164165,0.864815,-0.70065,0.0289796,1.7009,1.72118,0.00315012,0.384536,45697,22610,0.04522,1,0
63,4,1,91-81-34-1,direct,1,1,0.161217,0.864683,-0.703465,0.0258997,1.70366,1.72203,0.00230305,0.377637,67579,33455,0.06691,1,0
63,2,1,37-1,direct,1,1,0.147957,0.86746,-0.719503,0.0154174,1.71957,1.7356,0.00521026,0.538742,19349,9509,0.019018,1,0
63,2,26,110-26,direct,1,1,0.267719,0.925407,-0.657688,0.193126,1.6689,1.7931,0.00797812,0.230907,62542,31020,0.06204,1,0
63,3,1,110-36-1,direct,1,1,0.157929,0.862963,-0.705034,0.0208922,1.70516,1.72273,0.0042066,0.329697,64861,32156,0.064312,1,0
63,4,1,112-25-24-1,direct,1,1,0.164868,0.864021,-0.699153,0.0288895,1.6994,1.71952,0.00242097,0.387353,64771,32096,0.064192,1,0
63,3,1,88-5-1,direct,1,1,0.152389,0.865212,-0.712823,0.0176003,1.71291,1.72395,0.000694991,0.452866,46389,22973,0.045946,1,0
63,5,1,81-75-34-24-1,direct,1,1,0.171297,0.866799,-0.695502,0.0380959,1.69593,1.72275,0.00374347,0.3425,61087,30201,0.060402,1,0
63,3,1,34-9-1,direct,1,1,0.15532,0.864286,-0.708965,0.019606,1.70908,1.72792,0.00546374,0.552472,18381,9019,0.018038,1,0
63,2,3,53-3,direct,1,1,0.158125,0.912302,-0.754176,0.070427,1.75559,1.82209,0.030671,0.343741,27819,13727,0.027454,1,0
63,3,5,81-9-5,direct,1,1,0.253528,0.919259,-0.665731,0.172787,1.67467,1.79088,0.018744,0.304694,43461,21510,0.04302,1,0
63,5,1,91-81-34-5-1,direct,1,1,0.159267,0.865476,-0.706209,0.0247431,1.70639,1.72134,0.000330474,0.276928,67871,33596,0.067192,1,0
63,3,1,120-81-1,direct,1,1,0.146165,0.86336,-0.717195,0.00952455,1.71722,1.72383,0.0008952,0.270623,81701,40521,0.081042,1,0
63,3,1,34-22-1,direct,1,1,0.173685,0.862037,-0.688352,0.0357223,1.68873,1.72003,0.0073437,0.410768,19317,9474,0.018948,1,0
63,5,1,59-25-8-5-1,direct,1,1,0.145413,0.863492,-0.71808,0.00890458,1.7181,1.72513,0.00182838,0.313712,34099,16824,0.033648,1,0
63,2,25,39-25,direct,1,1,0.254964,0.924995,-0.67003,0.179959,1.6797,1.79162,0.00536015,0.207358,22277,10959,0.021918,1,0
64,6,1,63-34-15-14-3-1,direct,1,1,0.155588,0.864418,-0.70883,0.0200056,1.70895,1.72334,0.00281497,0.561707,38585,19035,0.03807,1,0
64,5,24,117-80-63-25-24,direct,1,1,0.231959,0.917609,-0.685651,0.149568,1.69227,1.78541,0.0072938,0.214488,93904,46527,0.093054,1,0
64,5,14,81-63-34-15-14,direct,1,1,0.277894,0.912434,-0.63454,0.190327,1.64558,1.78218,0.0177679,0.239221,58058,28701,0.057402,1,0
64,6,1,26-17-8-3-2-1,direct,1,1,0.164348,0.865476,-0.701128,0.0298246,1.70139,1.72559,0.00491741,0.0663758,14901,7266,0.014532,1,0
64,3,7,124-16-7,direct,1,1,0.237232,0.910601,-0.673369,0.147833,1.67989,1.77063,0.00528022,0.268427,68223,33840,0.06768,1,0
64,5,1,16-10-5-4-1,direct,1,1,0.171848,0.86336,-0.691512,0.0352078,1.69188,1.72458,0.0086805,0.812701,8987,4330,0.00866,1,0
64,3,1,25-14-1,direct,1,1,0.159945,0.864286,-0.704341,0.0242306,1.70451,1.72477,0.00514248,0.504414,13863,6764,0.013528,1,0
64,2,25,77-25,direct,1,1,0.235548,0.92418,-0.688632,0.159728,1.69617,1.79748,0.00584373,0.237127,43709,21637,0.043274,1,0
64,5,1,51-27-24-14-1,direct,1,1,0.164031,0.86455,-0.700519,0.0285812,1.70076,1.72288,0.00384652,0.539702,31351,15431,0.030862,1,0
64,6,1,105-80-63-15-14-1,direct,1,1,0.158074,0.864683,-0.706609,0.0227566,1.70676,1.72222,0.00167717,0.390593,83789,41489,0.082978,1,0
64,2,22,34-22,direct,1,1,0.304185,0.921789,-0.617604,0.225975,1.63331,1.7808,0.0108614,0.200838,19250,9452,0.018904,1,0
64,3,1,74-6-1,direct,1,1,0.152254,0.865476,-0.713223,0.0177298,1.71331,1.72646,0.00195621,0.846831,39205,19394,0.038788,1,0
64,3,1,40-8-1,direct,1,1,0.164931,0.86627,-0.701339,0.031201,1.70162,1.72266,0.002229,0.440271,21489,10568,0.021136,1,0
