Rank,Profile,Modality,Loss Type,LR,BS,HS,LS,Final Train Loss,Final Val Loss,Mean Val Loss,Best Val Loss,Epochs,Status,Error
1,20260413_025835_audio-window-snn_grid_257_lr0_0010_bs32_hs32_ls64_mae,audio-window,mae,0.0010,32,32,64,0.706658,0.704623,0.704623,0.704623,8,Success,
2,20260413_030044_audio-window-snn_grid_263_lr0_0010_bs32_hs64_ls64_mae,audio-window,mae,0.0010,32,64,64,0.706658,0.704623,0.704623,0.704623,8,Success,
3,20260413_030311_audio-window-snn_grid_269_lr0_0010_bs32_hs128_ls64_mae,audio-window,mae,0.0010,32,128,64,0.706658,0.704623,0.704623,0.704623,8,Success,
4,20260413_030603_audio-window-snn_grid_275_lr0_0010_bs64_hs32_ls64_mae,audio-window,mae,0.0010,64,32,64,0.706658,0.704623,0.704623,0.704623,8,Success,
5,20260413_030819_audio-window-snn_grid_281_lr0_0010_bs64_hs64_ls64_mae,audio-window,mae,0.0010,64,64,64,0.706658,0.704623,0.704623,0.704623,8,Success,
6,20260413_030953_audio-window-snn_grid_287_lr0_0010_bs64_hs128_ls64_mae,audio-window,mae,0.0010,64,128,64,0.706658,0.704623,0.704623,0.704623,8,Success,
7,20260413_072710_audio-window-snn_grid_257_lr0_0010_bs32_hs32_ls64_mae,audio-window,mae,0.0010,32,32,64,0.706658,0.704623,0.704623,0.704623,8,Success,
8,20260413_073715_audio-window-snn_grid_263_lr0_0010_bs32_hs64_ls64_mae,audio-window,mae,0.0010,32,64,64,0.706658,0.704623,0.704623,0.704623,8,Success,
9,20260413_074719_audio-window-snn_grid_269_lr0_0010_bs32_hs128_ls64_mae,audio-window,mae,0.0010,32,128,64,0.706658,0.704623,0.704623,0.704623,8,Success,
10,20260413_075722_audio-window-snn_grid_275_lr0_0010_bs64_hs32_ls64_mae,audio-window,mae,0.0010,64,32,64,0.706658,0.704623,0.704623,0.704623,8,Success,
11,20260413_080724_audio-window-snn_grid_281_lr0_0010_bs64_hs64_ls64_mae,audio-window,mae,0.0010,64,64,64,0.706658,0.704623,0.704623,0.704623,8,Success,
12,20260413_081726_audio-window-snn_grid_287_lr0_0010_bs64_hs128_ls64_mae,audio-window,mae,0.0010,64,128,64,0.706658,0.704623,0.704623,0.704623,8,Success,
13,20260413_025103_audio-window-snn_grid_235_lr0_0010_bs16_hs32_ls16_mae,audio-window,mae,0.0010,16,32,16,0.703800,0.705212,0.705212,0.705212,8,Success,
14,20260413_025239_audio-window-snn_grid_241_lr0_0010_bs16_hs64_ls16_mae,audio-window,mae,0.0010,16,64,16,0.703800,0.705212,0.705212,0.705212,8,Success,
15,20260413_025419_audio-window-snn_grid_247_lr0_0010_bs16_hs128_ls16_mae,audio-window,mae,0.0010,16,128,16,0.703800,0.705212,0.705212,0.705212,8,Success,
16,20260413_065732_audio-window-snn_grid_235_lr0_0010_bs16_hs32_ls16_mae,audio-window,mae,0.0010,16,32,16,0.703800,0.705212,0.705212,0.705212,8,Success,
17,20260413_070451_audio-window-snn_grid_241_lr0_0010_bs16_hs64_ls16_mae,audio-window,mae,0.0010,16,64,16,0.703800,0.705212,0.705212,0.705212,8,Success,
18,20260413_071211_audio-window-snn_grid_247_lr0_0010_bs16_hs128_ls16_mae,audio-window,mae,0.0010,16,128,16,0.703800,0.705212,0.705212,0.705212,8,Success,
19,20260413_022705_audio-window-snn_grid_163_lr0_0005_bs16_hs32_ls16_mae,audio-window,mae,0.0005,16,32,16,0.710034,0.706852,0.706852,0.706852,8,Success,
20,20260413_022828_audio-window-snn_grid_169_lr0_0005_bs16_hs64_ls16_mae,audio-window,mae,0.0005,16,64,16,0.710034,0.706852,0.706852,0.706852,8,Success,
21,20260413_023032_audio-window-snn_grid_175_lr0_0005_bs16_hs128_ls16_mae,audio-window,mae,0.0005,16,128,16,0.710034,0.706852,0.706852,0.706852,8,Success,
22,20260413_051734_audio-window-snn_grid_163_lr0_0005_bs16_hs32_ls16_mae,audio-window,mae,0.0005,16,32,16,0.710034,0.706852,0.706852,0.706852,8,Success,
23,20260413_052453_audio-window-snn_grid_169_lr0_0005_bs16_hs64_ls16_mae,audio-window,mae,0.0005,16,64,16,0.710034,0.706852,0.706852,0.706852,8,Success,
24,20260413_053210_audio-window-snn_grid_175_lr0_0005_bs16_hs128_ls16_mae,audio-window,mae,0.0005,16,128,16,0.710034,0.706852,0.706852,0.706852,8,Success,
25,20260413_020859_audio-window-snn_grid_109_lr0_0003_bs32_hs32_ls16_mae,audio-window,mae,0.0003,32,32,16,0.708088,0.707069,0.707069,0.707069,8,Success,
26,20260413_021120_audio-window-snn_grid_115_lr0_0003_bs32_hs64_ls16_mae,audio-window,mae,0.0003,32,64,16,0.708088,0.707069,0.707069,0.707069,8,Success,
27,20260413_021342_audio-window-snn_grid_121_lr0_0003_bs32_hs128_ls16_mae,audio-window,mae,0.0003,32,128,16,0.708088,0.707069,0.707069,0.707069,8,Success,
28,20260413_021557_audio-window-snn_grid_127_lr0_0003_bs64_hs32_ls16_mae,audio-window,mae,0.0003,64,32,16,0.708088,0.707069,0.707069,0.707069,8,Success,
29,20260413_021842_audio-window-snn_grid_133_lr0_0003_bs64_hs64_ls16_mae,audio-window,mae,0.0003,64,64,16,0.708088,0.707069,0.707069,0.707069,8,Success,
30,20260413_022106_audio-window-snn_grid_139_lr0_0003_bs64_hs128_ls16_mae,audio-window,mae,0.0003,64,128,16,0.708088,0.707069,0.707069,0.707069,8,Success,
31,20260413_040030_audio-window-snn_grid_109_lr0_0003_bs32_hs32_ls16_mae,audio-window,mae,0.0003,32,32,16,0.708088,0.707069,0.707069,0.707069,8,Success,
32,20260413_041031_audio-window-snn_grid_115_lr0_0003_bs32_hs64_ls16_mae,audio-window,mae,0.0003,32,64,16,0.708088,0.707069,0.707069,0.707069,8,Success,
33,20260413_042033_audio-window-snn_grid_121_lr0_0003_bs32_hs128_ls16_mae,audio-window,mae,0.0003,32,128,16,0.708088,0.707069,0.707069,0.707069,8,Success,
34,20260413_043036_audio-window-snn_grid_127_lr0_0003_bs64_hs32_ls16_mae,audio-window,mae,0.0003,64,32,16,0.708088,0.707069,0.707069,0.707069,8,Success,
35,20260413_044040_audio-window-snn_grid_133_lr0_0003_bs64_hs64_ls16_mae,audio-window,mae,0.0003,64,64,16,0.708088,0.707069,0.707069,0.707069,8,Success,
36,20260413_045043_audio-window-snn_grid_139_lr0_0003_bs64_hs128_ls16_mae,audio-window,mae,0.0003,64,128,16,0.708088,0.707069,0.707069,0.707069,8,Success,
37,20260413_025757_audio-window-snn_grid_255_lr0_0010_bs32_hs32_ls32_mae,audio-window,mae,0.0010,32,32,32,0.713884,0.707113,0.707113,0.707113,8,Success,
38,20260413_030006_audio-window-snn_grid_261_lr0_0010_bs32_hs64_ls32_mae,audio-window,mae,0.0010,32,64,32,0.713884,0.707113,0.707113,0.707113,8,Success,
39,20260413_030258_audio-window-snn_grid_267_lr0_0010_bs32_hs128_ls32_mae,audio-window,mae,0.0010,32,128,32,0.713884,0.707113,0.707113,0.707113,8,Success,
40,20260413_030458_audio-window-snn_grid_273_lr0_0010_bs64_hs32_ls32_mae,audio-window,mae,0.0010,64,32,32,0.713884,0.707113,0.707113,0.707113,8,Success,
41,20260413_030736_audio-window-snn_grid_279_lr0_0010_bs64_hs64_ls32_mae,audio-window,mae,0.0010,64,64,32,0.713884,0.707113,0.707113,0.707113,8,Success,
42,20260413_030938_audio-window-snn_grid_285_lr0_0010_bs64_hs128_ls32_mae,audio-window,mae,0.0010,64,128,32,0.713884,0.707113,0.707113,0.707113,8,Success,
43,20260413_072348_audio-window-snn_grid_255_lr0_0010_bs32_hs32_ls32_mae,audio-window,mae,0.0010,32,32,32,0.713884,0.707113,0.707113,0.707113,8,Success,
44,20260413_073353_audio-window-snn_grid_261_lr0_0010_bs32_hs64_ls32_mae,audio-window,mae,0.0010,32,64,32,0.713884,0.707113,0.707113,0.707113,8,Success,
45,20260413_074357_audio-window-snn_grid_267_lr0_0010_bs32_hs128_ls32_mae,audio-window,mae,0.0010,32,128,32,0.713884,0.707113,0.707113,0.707113,8,Success,
46,20260413_075402_audio-window-snn_grid_273_lr0_0010_bs64_hs32_ls32_mae,audio-window,mae,0.0010,64,32,32,0.713884,0.707113,0.707113,0.707113,8,Success,
47,20260413_080403_audio-window-snn_grid_279_lr0_0010_bs64_hs64_ls32_mae,audio-window,mae,0.0010,64,64,32,0.713884,0.707113,0.707113,0.707113,8,Success,
48,20260413_081405_audio-window-snn_grid_285_lr0_0010_bs64_hs128_ls32_mae,audio-window,mae,0.0010,64,128,32,0.713884,0.707113,0.707113,0.707113,8,Success,
49,20260413_022743_audio-window-snn_grid_165_lr0_0005_bs16_hs32_ls32_mae,audio-window,mae,0.0005,16,32,32,0.712821,0.707847,0.707847,0.707847,8,Success,
50,20260413_022846_audio-window-snn_grid_171_lr0_0005_bs16_hs64_ls32_mae,audio-window,mae,0.0005,16,64,32,0.712821,0.707847,0.707847,0.707847,8,Success,
51,20260413_023108_audio-window-snn_grid_177_lr0_0005_bs16_hs128_ls32_mae,audio-window,mae,0.0005,16,128,32,0.712821,0.707847,0.707847,0.707847,8,Success,
52,20260413_052001_audio-window-snn_grid_165_lr0_0005_bs16_hs32_ls32_mae,audio-window,mae,0.0005,16,32,32,0.712821,0.707847,0.707847,0.707847,8,Success,
53,20260413_052718_audio-window-snn_grid_171_lr0_0005_bs16_hs64_ls32_mae,audio-window,mae,0.0005,16,64,32,0.712821,0.707847,0.707847,0.707847,8,Success,
54,20260413_053437_audio-window-snn_grid_177_lr0_0005_bs16_hs128_ls32_mae,audio-window,mae,0.0005,16,128,32,0.712821,0.707847,0.707847,0.707847,8,Success,
55,20260413_020921_audio-window-snn_grid_111_lr0_0003_bs32_hs32_ls32_mae,audio-window,mae,0.0003,32,32,32,0.710367,0.708554,0.708554,0.708554,8,Success,
56,20260413_021155_audio-window-snn_grid_117_lr0_0003_bs32_hs64_ls32_mae,audio-window,mae,0.0003,32,64,32,0.710367,0.708554,0.708554,0.708554,8,Success,
57,20260413_021419_audio-window-snn_grid_123_lr0_0003_bs32_hs128_ls32_mae,audio-window,mae,0.0003,32,128,32,0.710367,0.708554,0.708554,0.708554,8,Success,
58,20260413_021637_audio-window-snn_grid_129_lr0_0003_bs64_hs32_ls32_mae,audio-window,mae,0.0003,64,32,32,0.710367,0.708554,0.708554,0.708554,8,Success,
59,20260413_021909_audio-window-snn_grid_135_lr0_0003_bs64_hs64_ls32_mae,audio-window,mae,0.0003,64,64,32,0.710367,0.708554,0.708554,0.708554,8,Success,
60,20260413_022209_audio-window-snn_grid_141_lr0_0003_bs64_hs128_ls32_mae,audio-window,mae,0.0003,64,128,32,0.710367,0.708554,0.708554,0.708554,8,Success,
61,20260413_040351_audio-window-snn_grid_111_lr0_0003_bs32_hs32_ls32_mae,audio-window,mae,0.0003,32,32,32,0.710367,0.708554,0.708554,0.708554,8,Success,
62,20260413_041352_audio-window-snn_grid_117_lr0_0003_bs32_hs64_ls32_mae,audio-window,mae,0.0003,32,64,32,0.710367,0.708554,0.708554,0.708554,8,Success,
63,20260413_042354_audio-window-snn_grid_123_lr0_0003_bs32_hs128_ls32_mae,audio-window,mae,0.0003,32,128,32,0.710367,0.708554,0.708554,0.708554,8,Success,
64,20260413_043358_audio-window-snn_grid_129_lr0_0003_bs64_hs32_ls32_mae,audio-window,mae,0.0003,64,32,32,0.710367,0.708554,0.708554,0.708554,8,Success,
65,20260413_044401_audio-window-snn_grid_135_lr0_0003_bs64_hs64_ls32_mae,audio-window,mae,0.0003,64,64,32,0.710367,0.708554,0.708554,0.708554,8,Success,
66,20260413_045403_audio-window-snn_grid_141_lr0_0003_bs64_hs128_ls32_mae,audio-window,mae,0.0003,64,128,32,0.710367,0.708554,0.708554,0.708554,8,Success,
67,20260413_013103_audio-window-snn_grid_041_lr0_0001_bs32_hs32_ls64_mae,audio-window,mae,0.0001,32,32,64,0.710900,0.709470,0.709470,0.709470,8,Success,
68,20260413_014106_audio-window-snn_grid_047_lr0_0001_bs32_hs64_ls64_mae,audio-window,mae,0.0001,32,64,64,0.710900,0.709470,0.709470,0.709470,8,Success,
69,20260413_015217_audio-window-snn_grid_053_lr0_0001_bs32_hs128_ls64_mae,audio-window,mae,0.0001,32,128,64,0.710900,0.709470,0.709470,0.709470,8,Success,
70,20260413_015236_audio-window-snn_grid_059_lr0_0001_bs64_hs32_ls64_mae,audio-window,mae,0.0001,64,32,64,0.710900,0.709470,0.709470,0.709470,8,Success,
71,20260413_015657_audio-window-snn_grid_065_lr0_0001_bs64_hs64_ls64_mae,audio-window,mae,0.0001,64,64,64,0.710900,0.709470,0.709470,0.709470,8,Success,
72,20260413_015800_audio-window-snn_grid_071_lr0_0001_bs64_hs128_ls64_mae,audio-window,mae,0.0001,64,128,64,0.710900,0.709470,0.709470,0.709470,8,Success,
73,20260413_020338_audio-window-snn_grid_053_lr0_0001_bs32_hs128_ls64_mae,audio-window,mae,0.0001,32,128,64,0.710900,0.709470,0.709470,0.709470,8,Success,
74,20260413_023351_audio-window-snn_grid_059_lr0_0001_bs64_hs32_ls64_mae,audio-window,mae,0.0001,64,32,64,0.710900,0.709470,0.709470,0.709470,8,Success,
75,20260413_030326_audio-window-snn_grid_065_lr0_0001_bs64_hs64_ls64_mae,audio-window,mae,0.0001,64,64,64,0.710900,0.709470,0.709470,0.709470,8,Success,
76,20260413_031727_audio-window-snn_grid_071_lr0_0001_bs64_hs128_ls64_mae,audio-window,mae,0.0001,64,128,64,0.710900,0.709470,0.709470,0.709470,8,Success,
77,20260413_012741_audio-window-snn_grid_039_lr0_0001_bs32_hs32_ls32_mae,audio-window,mae,0.0001,32,32,32,0.709831,0.709476,0.709476,0.709476,8,Success,
78,20260413_013745_audio-window-snn_grid_045_lr0_0001_bs32_hs64_ls32_mae,audio-window,mae,0.0001,32,64,32,0.709831,0.709476,0.709476,0.709476,8,Success,
79,20260413_014953_audio-window-snn_grid_051_lr0_0001_bs32_hs128_ls32_mae,audio-window,mae,0.0001,32,128,32,0.709831,0.709476,0.709476,0.709476,8,Success,
80,20260413_015234_audio-window-snn_grid_057_lr0_0001_bs64_hs32_ls32_mae,audio-window,mae,0.0001,64,32,32,0.709831,0.709476,0.709476,0.709476,8,Success,
81,20260413_015333_audio-window-snn_grid_051_lr0_0001_bs32_hs128_ls32_mae,audio-window,mae,0.0001,32,128,32,0.709831,0.709476,0.709476,0.709476,8,Success,
82,20260413_015510_audio-window-snn_grid_063_lr0_0001_bs64_hs64_ls32_mae,audio-window,mae,0.0001,64,64,32,0.709831,0.709476,0.709476,0.709476,8,Success,
83,20260413_015735_audio-window-snn_grid_069_lr0_0001_bs64_hs128_ls32_mae,audio-window,mae,0.0001,64,128,32,0.709831,0.709476,0.709476,0.709476,8,Success,
84,20260413_022349_audio-window-snn_grid_057_lr0_0001_bs64_hs32_ls32_mae,audio-window,mae,0.0001,64,32,32,0.709831,0.709476,0.709476,0.709476,8,Success,
85,20260413_025333_audio-window-snn_grid_063_lr0_0001_bs64_hs64_ls32_mae,audio-window,mae,0.0001,64,64,32,0.709831,0.709476,0.709476,0.709476,8,Success,
86,20260413_031406_audio-window-snn_grid_069_lr0_0001_bs64_hs128_ls32_mae,audio-window,mae,0.0001,64,128,32,0.709831,0.709476,0.709476,0.709476,8,Success,
87,20260413_025736_audio-window-snn_grid_253_lr0_0010_bs32_hs32_ls16_mae,audio-window,mae,0.0010,32,32,16,0.713299,0.709691,0.709691,0.709691,8,Success,
88,20260413_025936_audio-window-snn_grid_259_lr0_0010_bs32_hs64_ls16_mae,audio-window,mae,0.0010,32,64,16,0.713299,0.709691,0.709691,0.709691,8,Success,
89,20260413_030217_audio-window-snn_grid_265_lr0_0010_bs32_hs128_ls16_mae,audio-window,mae,0.0010,32,128,16,0.713299,0.709691,0.709691,0.709691,8,Success,
90,20260413_030405_audio-window-snn_grid_271_lr0_0010_bs64_hs32_ls16_mae,audio-window,mae,0.0010,64,32,16,0.713299,0.709691,0.709691,0.709691,8,Success,
91,20260413_030705_audio-window-snn_grid_277_lr0_0010_bs64_hs64_ls16_mae,audio-window,mae,0.0010,64,64,16,0.713299,0.709691,0.709691,0.709691,8,Success,
92,20260413_030915_audio-window-snn_grid_283_lr0_0010_bs64_hs128_ls16_mae,audio-window,mae,0.0010,64,128,16,0.713299,0.709691,0.709691,0.709691,8,Success,
93,20260413_072026_audio-window-snn_grid_253_lr0_0010_bs32_hs32_ls16_mae,audio-window,mae,0.0010,32,32,16,0.713299,0.709691,0.709691,0.709691,8,Success,
94,20260413_073031_audio-window-snn_grid_259_lr0_0010_bs32_hs64_ls16_mae,audio-window,mae,0.0010,32,64,16,0.713299,0.709691,0.709691,0.709691,8,Success,
95,20260413_074036_audio-window-snn_grid_265_lr0_0010_bs32_hs128_ls16_mae,audio-window,mae,0.0010,32,128,16,0.713299,0.709691,0.709691,0.709691,8,Success,
96,20260413_075040_audio-window-snn_grid_271_lr0_0010_bs64_hs32_ls16_mae,audio-window,mae,0.0010,64,32,16,0.713299,0.709691,0.709691,0.709691,8,Success,
97,20260413_080043_audio-window-snn_grid_277_lr0_0010_bs64_hs64_ls16_mae,audio-window,mae,0.0010,64,64,16,0.713299,0.709691,0.709691,0.709691,8,Success,
98,20260413_081044_audio-window-snn_grid_283_lr0_0010_bs64_hs128_ls16_mae,audio-window,mae,0.0010,64,128,16,0.713299,0.709691,0.709691,0.709691,8,Success,
99,20260413_020246_audio-window-snn_grid_091_lr0_0003_bs16_hs32_ls16_mae,audio-window,mae,0.0003,16,32,16,0.710585,0.709903,0.709903,0.709903,8,Success,
100,20260413_020350_audio-window-snn_grid_097_lr0_0003_bs16_hs64_ls16_mae,audio-window,mae,0.0003,16,64,16,0.710585,0.709903,0.709903,0.709903,8,Success,
101,20260413_020607_audio-window-snn_grid_103_lr0_0003_bs16_hs128_ls16_mae,audio-window,mae,0.0003,16,128,16,0.710585,0.709903,0.709903,0.709903,8,Success,
102,20260413_033739_audio-window-snn_grid_091_lr0_0003_bs16_hs32_ls16_mae,audio-window,mae,0.0003,16,32,16,0.710585,0.709903,0.709903,0.709903,8,Success,
103,20260413_034458_audio-window-snn_grid_097_lr0_0003_bs16_hs64_ls16_mae,audio-window,mae,0.0003,16,64,16,0.710585,0.709903,0.709903,0.709903,8,Success,
104,20260413_035218_audio-window-snn_grid_103_lr0_0003_bs16_hs128_ls16_mae,audio-window,mae,0.0003,16,128,16,0.710585,0.709903,0.709903,0.709903,8,Success,
105,20260413_023401_audio-window-snn_grid_183_lr0_0005_bs32_hs32_ls32_mae,audio-window,mae,0.0005,32,32,32,0.709459,0.710406,0.710406,0.710406,8,Success,
106,20260413_023621_audio-window-snn_grid_189_lr0_0005_bs32_hs64_ls32_mae,audio-window,mae,0.0005,32,64,32,0.709459,0.710406,0.710406,0.710406,8,Success,
107,20260413_023859_audio-window-snn_grid_195_lr0_0005_bs32_hs128_ls32_mae,audio-window,mae,0.0005,32,128,32,0.709459,0.710406,0.710406,0.710406,8,Success,
108,20260413_024100_audio-window-snn_grid_201_lr0_0005_bs64_hs32_ls32_mae,audio-window,mae,0.0005,64,32,32,0.709459,0.710406,0.710406,0.710406,8,Success,
109,20260413_024339_audio-window-snn_grid_207_lr0_0005_bs64_hs64_ls32_mae,audio-window,mae,0.0005,64,64,32,0.709459,0.710406,0.710406,0.710406,8,Success,
110,20260413_024607_audio-window-snn_grid_213_lr0_0005_bs64_hs128_ls32_mae,audio-window,mae,0.0005,64,128,32,0.709459,0.710406,0.710406,0.710406,8,Success,
111,20260413_054346_audio-window-snn_grid_183_lr0_0005_bs32_hs32_ls32_mae,audio-window,mae,0.0005,32,32,32,0.709459,0.710406,0.710406,0.710406,8,Success,
112,20260413_055348_audio-window-snn_grid_189_lr0_0005_bs32_hs64_ls32_mae,audio-window,mae,0.0005,32,64,32,0.709459,0.710406,0.710406,0.710406,8,Success,
113,20260413_060351_audio-window-snn_grid_195_lr0_0005_bs32_hs128_ls32_mae,audio-window,mae,0.0005,32,128,32,0.709459,0.710406,0.710406,0.710406,8,Success,
114,20260413_061352_audio-window-snn_grid_201_lr0_0005_bs64_hs32_ls32_mae,audio-window,mae,0.0005,64,32,32,0.709459,0.710406,0.710406,0.710406,8,Success,
115,20260413_062355_audio-window-snn_grid_207_lr0_0005_bs64_hs64_ls32_mae,audio-window,mae,0.0005,64,64,32,0.709459,0.710406,0.710406,0.710406,8,Success,
116,20260413_063357_audio-window-snn_grid_213_lr0_0005_bs64_hs128_ls32_mae,audio-window,mae,0.0005,64,128,32,0.709459,0.710406,0.710406,0.710406,8,Success,
117,20260413_025146_audio-window-snn_grid_237_lr0_0010_bs16_hs32_ls32_mae,audio-window,mae,0.0010,16,32,32,0.705786,0.710476,0.710476,0.710476,8,Success,
118,20260413_025251_audio-window-snn_grid_243_lr0_0010_bs16_hs64_ls32_mae,audio-window,mae,0.0010,16,64,32,0.705786,0.710476,0.710476,0.710476,8,Success,
119,20260413_025509_audio-window-snn_grid_249_lr0_0010_bs16_hs128_ls32_mae,audio-window,mae,0.0010,16,128,32,0.705786,0.710476,0.710476,0.710476,8,Success,
120,20260413_065958_audio-window-snn_grid_237_lr0_0010_bs16_hs32_ls32_mae,audio-window,mae,0.0010,16,32,32,0.705786,0.710476,0.710476,0.710476,8,Success,
121,20260413_070718_audio-window-snn_grid_243_lr0_0010_bs16_hs64_ls32_mae,audio-window,mae,0.0010,16,64,32,0.705786,0.710476,0.710476,0.710476,8,Success,
122,20260413_071438_audio-window-snn_grid_249_lr0_0010_bs16_hs128_ls32_mae,audio-window,mae,0.0010,16,128,32,0.705786,0.710476,0.710476,0.710476,8,Success,
123,20260413_012419_audio-window-snn_grid_037_lr0_0001_bs32_hs32_ls16_mae,audio-window,mae,0.0001,32,32,16,0.710071,0.710961,0.710961,0.710961,8,Success,
124,20260413_013425_audio-window-snn_grid_043_lr0_0001_bs32_hs64_ls16_mae,audio-window,mae,0.0001,32,64,16,0.710071,0.710961,0.710961,0.710961,8,Success,
125,20260413_014950_audio-window-snn_grid_049_lr0_0001_bs32_hs128_ls16_mae,audio-window,mae,0.0001,32,128,16,0.710071,0.710961,0.710961,0.710961,8,Success,
126,20260413_015230_audio-window-snn_grid_055_lr0_0001_bs64_hs32_ls16_mae,audio-window,mae,0.0001,64,32,16,0.710071,0.710961,0.710961,0.710961,8,Success,
127,20260413_015421_audio-window-snn_grid_061_lr0_0001_bs64_hs64_ls16_mae,audio-window,mae,0.0001,64,64,16,0.710071,0.710961,0.710961,0.710961,8,Success,
128,20260413_015709_audio-window-snn_grid_067_lr0_0001_bs64_hs128_ls16_mae,audio-window,mae,0.0001,64,128,16,0.710071,0.710961,0.710961,0.710961,8,Success,
129,20260413_021333_audio-window-snn_grid_055_lr0_0001_bs64_hs32_ls16_mae,audio-window,mae,0.0001,64,32,16,0.710071,0.710961,0.710961,0.710961,8,Success,
130,20260413_024337_audio-window-snn_grid_061_lr0_0001_bs64_hs64_ls16_mae,audio-window,mae,0.0001,64,64,16,0.710071,0.710961,0.710961,0.710961,8,Success,
131,20260413_031045_audio-window-snn_grid_067_lr0_0001_bs64_hs128_ls16_mae,audio-window,mae,0.0001,64,128,16,0.710071,0.710961,0.710961,0.710961,8,Success,
132,20260413_020320_audio-window-snn_grid_093_lr0_0003_bs16_hs32_ls32_mae,audio-window,mae,0.0003,16,32,32,0.711859,0.711173,0.711173,0.711173,8,Success,
133,20260413_020420_audio-window-snn_grid_099_lr0_0003_bs16_hs64_ls32_mae,audio-window,mae,0.0003,16,64,32,0.711859,0.711173,0.711173,0.711173,8,Success,
134,20260413_020641_audio-window-snn_grid_105_lr0_0003_bs16_hs128_ls32_mae,audio-window,mae,0.0003,16,128,32,0.711859,0.711173,0.711173,0.711173,8,Success,
135,20260413_034006_audio-window-snn_grid_093_lr0_0003_bs16_hs32_ls32_mae,audio-window,mae,0.0003,16,32,32,0.711859,0.711173,0.711173,0.711173,8,Success,
136,20260413_034724_audio-window-snn_grid_099_lr0_0003_bs16_hs64_ls32_mae,audio-window,mae,0.0003,16,64,32,0.711859,0.711173,0.711173,0.711173,8,Success,
137,20260413_035444_audio-window-snn_grid_105_lr0_0003_bs16_hs128_ls32_mae,audio-window,mae,0.0003,16,128,32,0.711859,0.711173,0.711173,0.711173,8,Success,
138,20260413_025159_audio-window-snn_grid_239_lr0_0010_bs16_hs32_ls64_mae,audio-window,mae,0.0010,16,32,64,0.716401,0.713198,0.713198,0.713198,8,Success,
139,20260413_025316_audio-window-snn_grid_245_lr0_0010_bs16_hs64_ls64_mae,audio-window,mae,0.0010,16,64,64,0.716401,0.713198,0.713198,0.713198,8,Success,
140,20260413_025527_audio-window-snn_grid_251_lr0_0010_bs16_hs128_ls64_mae,audio-window,mae,0.0010,16,128,64,0.716401,0.713198,0.713198,0.713198,8,Success,
141,20260413_070225_audio-window-snn_grid_239_lr0_0010_bs16_hs32_ls64_mae,audio-window,mae,0.0010,16,32,64,0.716401,0.713198,0.713198,0.713198,8,Success,
142,20260413_070945_audio-window-snn_grid_245_lr0_0010_bs16_hs64_ls64_mae,audio-window,mae,0.0010,16,64,64,0.716401,0.713198,0.713198,0.713198,8,Success,
143,20260413_071704_audio-window-snn_grid_251_lr0_0010_bs16_hs128_ls64_mae,audio-window,mae,0.0010,16,128,64,0.716401,0.713198,0.713198,0.713198,8,Success,
144,20260413_010127_audio-window-snn_grid_019_lr0_0001_bs16_hs32_ls16_mae,audio-window,mae,0.0001,16,32,16,0.713725,0.713596,0.713596,0.713596,8,Success,
145,20260413_010353_audio-window-snn_grid_021_lr0_0001_bs16_hs32_ls32_mae,audio-window,mae,0.0001,16,32,32,0.713725,0.713596,0.713596,0.713596,8,Success,
146,20260413_010846_audio-window-snn_grid_025_lr0_0001_bs16_hs64_ls16_mae,audio-window,mae,0.0001,16,64,16,0.713725,0.713596,0.713596,0.713596,8,Success,
147,20260413_011112_audio-window-snn_grid_027_lr0_0001_bs16_hs64_ls32_mae,audio-window,mae,0.0001,16,64,32,0.713725,0.713596,0.713596,0.713596,8,Success,
148,20260413_011605_audio-window-snn_grid_031_lr0_0001_bs16_hs128_ls16_mae,audio-window,mae,0.0001,16,128,16,0.713725,0.713596,0.713596,0.713596,8,Success,
149,20260413_011831_audio-window-snn_grid_033_lr0_0001_bs16_hs128_ls32_mae,audio-window,mae,0.0001,16,128,32,0.713725,0.713596,0.713596,0.713596,8,Success,
150,20260413_010620_audio-window-snn_grid_023_lr0_0001_bs16_hs32_ls64_mae,audio-window,mae,0.0001,16,32,64,0.716761,0.714128,0.714128,0.714128,8,Success,
151,20260413_011339_audio-window-snn_grid_029_lr0_0001_bs16_hs64_ls64_mae,audio-window,mae,0.0001,16,64,64,0.716761,0.714128,0.714128,0.714128,8,Success,
152,20260413_012057_audio-window-snn_grid_035_lr0_0001_bs16_hs128_ls64_mae,audio-window,mae,0.0001,16,128,64,0.716761,0.714128,0.714128,0.714128,8,Success,
153,20260413_022804_audio-window-snn_grid_167_lr0_0005_bs16_hs32_ls64_mae,audio-window,mae,0.0005,16,32,64,0.713921,0.715054,0.715054,0.715054,8,Success,
154,20260413_022928_audio-window-snn_grid_173_lr0_0005_bs16_hs64_ls64_mae,audio-window,mae,0.0005,16,64,64,0.713921,0.715054,0.715054,0.715054,8,Success,
155,20260413_023122_audio-window-snn_grid_179_lr0_0005_bs16_hs128_ls64_mae,audio-window,mae,0.0005,16,128,64,0.713921,0.715054,0.715054,0.715054,8,Success,
156,20260413_052227_audio-window-snn_grid_167_lr0_0005_bs16_hs32_ls64_mae,audio-window,mae,0.0005,16,32,64,0.713921,0.715054,0.715054,0.715054,8,Success,
157,20260413_052944_audio-window-snn_grid_173_lr0_0005_bs16_hs64_ls64_mae,audio-window,mae,0.0005,16,64,64,0.713921,0.715054,0.715054,0.715054,8,Success,
158,20260413_053704_audio-window-snn_grid_179_lr0_0005_bs16_hs128_ls64_mae,audio-window,mae,0.0005,16,128,64,0.713921,0.715054,0.715054,0.715054,8,Success,
159,20260413_023339_audio-window-snn_grid_181_lr0_0005_bs32_hs32_ls16_mae,audio-window,mae,0.0005,32,32,16,0.705480,0.715500,0.715500,0.715500,8,Success,
160,20260413_023543_audio-window-snn_grid_187_lr0_0005_bs32_hs64_ls16_mae,audio-window,mae,0.0005,32,64,16,0.705480,0.715500,0.715500,0.715500,8,Success,
161,20260413_023820_audio-window-snn_grid_193_lr0_0005_bs32_hs128_ls16_mae,audio-window,mae,0.0005,32,128,16,0.705480,0.715500,0.715500,0.715500,8,Success,
162,20260413_024016_audio-window-snn_grid_199_lr0_0005_bs64_hs32_ls16_mae,audio-window,mae,0.0005,64,32,16,0.705480,0.715500,0.715500,0.715500,8,Success,
163,20260413_024306_audio-window-snn_grid_205_lr0_0005_bs64_hs64_ls16_mae,audio-window,mae,0.0005,64,64,16,0.705480,0.715500,0.715500,0.715500,8,Success,
164,20260413_024522_audio-window-snn_grid_211_lr0_0005_bs64_hs128_ls16_mae,audio-window,mae,0.0005,64,128,16,0.705480,0.715500,0.715500,0.715500,8,Success,
165,20260413_054025_audio-window-snn_grid_181_lr0_0005_bs32_hs32_ls16_mae,audio-window,mae,0.0005,32,32,16,0.705480,0.715500,0.715500,0.715500,8,Success,
166,20260413_055028_audio-window-snn_grid_187_lr0_0005_bs32_hs64_ls16_mae,audio-window,mae,0.0005,32,64,16,0.705480,0.715500,0.715500,0.715500,8,Success,
167,20260413_060030_audio-window-snn_grid_193_lr0_0005_bs32_hs128_ls16_mae,audio-window,mae,0.0005,32,128,16,0.705480,0.715500,0.715500,0.715500,8,Success,
168,20260413_061032_audio-window-snn_grid_199_lr0_0005_bs64_hs32_ls16_mae,audio-window,mae,0.0005,64,32,16,0.705480,0.715500,0.715500,0.715500,8,Success,
169,20260413_062033_audio-window-snn_grid_205_lr0_0005_bs64_hs64_ls16_mae,audio-window,mae,0.0005,64,64,16,0.705480,0.715500,0.715500,0.715500,8,Success,
170,20260413_063037_audio-window-snn_grid_211_lr0_0005_bs64_hs128_ls16_mae,audio-window,mae,0.0005,64,128,16,0.705480,0.715500,0.715500,0.715500,8,Success,
171,20260413_021006_audio-window-snn_grid_113_lr0_0003_bs32_hs32_ls64_mae,audio-window,mae,0.0003,32,32,64,0.710808,0.715608,0.715608,0.715608,8,Success,
172,20260413_021216_audio-window-snn_grid_119_lr0_0003_bs32_hs64_ls64_mae,audio-window,mae,0.0003,32,64,64,0.710808,0.715608,0.715608,0.715608,8,Success,
173,20260413_021501_audio-window-snn_grid_125_lr0_0003_bs32_hs128_ls64_mae,audio-window,mae,0.0003,32,128,64,0.710808,0.715608,0.715608,0.715608,8,Success,
174,20260413_021737_audio-window-snn_grid_131_lr0_0003_bs64_hs32_ls64_mae,audio-window,mae,0.0003,64,32,64,0.710808,0.715608,0.715608,0.715608,8,Success,
175,20260413_021959_audio-window-snn_grid_137_lr0_0003_bs64_hs64_ls64_mae,audio-window,mae,0.0003,64,64,64,0.710808,0.715608,0.715608,0.715608,8,Success,
176,20260413_022247_audio-window-snn_grid_143_lr0_0003_bs64_hs128_ls64_mae,audio-window,mae,0.0003,64,128,64,0.710808,0.715608,0.715608,0.715608,8,Success,
177,20260413_040712_audio-window-snn_grid_113_lr0_0003_bs32_hs32_ls64_mae,audio-window,mae,0.0003,32,32,64,0.710808,0.715608,0.715608,0.715608,8,Success,
178,20260413_041714_audio-window-snn_grid_119_lr0_0003_bs32_hs64_ls64_mae,audio-window,mae,0.0003,32,64,64,0.710808,0.715608,0.715608,0.715608,8,Success,
179,20260413_042715_audio-window-snn_grid_125_lr0_0003_bs32_hs128_ls64_mae,audio-window,mae,0.0003,32,128,64,0.710808,0.715608,0.715608,0.715608,8,Success,
180,20260413_043720_audio-window-snn_grid_131_lr0_0003_bs64_hs32_ls64_mae,audio-window,mae,0.0003,64,32,64,0.710808,0.715608,0.715608,0.715608,8,Success,
181,20260413_044723_audio-window-snn_grid_137_lr0_0003_bs64_hs64_ls64_mae,audio-window,mae,0.0003,64,64,64,0.710808,0.715608,0.715608,0.715608,8,Success,
182,20260413_045723_audio-window-snn_grid_143_lr0_0003_bs64_hs128_ls64_mae,audio-window,mae,0.0003,64,128,64,0.710808,0.715608,0.715608,0.715608,8,Success,
183,20260413_023446_audio-window-snn_grid_185_lr0_0005_bs32_hs32_ls64_mae,audio-window,mae,0.0005,32,32,64,0.706671,0.715827,0.715827,0.715827,8,Success,
184,20260413_023637_audio-window-snn_grid_191_lr0_0005_bs32_hs64_ls64_mae,audio-window,mae,0.0005,32,64,64,0.706671,0.715827,0.715827,0.715827,8,Success,
185,20260413_023920_audio-window-snn_grid_197_lr0_0005_bs32_hs128_ls64_mae,audio-window,mae,0.0005,32,128,64,0.706671,0.715827,0.715827,0.715827,8,Success,
186,20260413_024157_audio-window-snn_grid_203_lr0_0005_bs64_hs32_ls64_mae,audio-window,mae,0.0005,64,32,64,0.706671,0.715827,0.715827,0.715827,8,Success,
187,20260413_024428_audio-window-snn_grid_209_lr0_0005_bs64_hs64_ls64_mae,audio-window,mae,0.0005,64,64,64,0.706671,0.715827,0.715827,0.715827,8,Success,
188,20260413_024646_audio-window-snn_grid_215_lr0_0005_bs64_hs128_ls64_mae,audio-window,mae,0.0005,64,128,64,0.706671,0.715827,0.715827,0.715827,8,Success,
189,20260413_054707_audio-window-snn_grid_185_lr0_0005_bs32_hs32_ls64_mae,audio-window,mae,0.0005,32,32,64,0.706671,0.715827,0.715827,0.715827,8,Success,
190,20260413_055710_audio-window-snn_grid_191_lr0_0005_bs32_hs64_ls64_mae,audio-window,mae,0.0005,32,64,64,0.706671,0.715827,0.715827,0.715827,8,Success,
191,20260413_060711_audio-window-snn_grid_197_lr0_0005_bs32_hs128_ls64_mae,audio-window,mae,0.0005,32,128,64,0.706671,0.715827,0.715827,0.715827,8,Success,
192,20260413_061713_audio-window-snn_grid_203_lr0_0005_bs64_hs32_ls64_mae,audio-window,mae,0.0005,64,32,64,0.706671,0.715827,0.715827,0.715827,8,Success,
193,20260413_062716_audio-window-snn_grid_209_lr0_0005_bs64_hs64_ls64_mae,audio-window,mae,0.0005,64,64,64,0.706671,0.715827,0.715827,0.715827,8,Success,
194,20260413_063719_audio-window-snn_grid_215_lr0_0005_bs64_hs128_ls64_mae,audio-window,mae,0.0005,64,128,64,0.706671,0.715827,0.715827,0.715827,8,Success,
195,20260413_020330_audio-window-snn_grid_095_lr0_0003_bs16_hs32_ls64_mae,audio-window,mae,0.0003,16,32,64,0.717536,0.716703,0.716703,0.716703,8,Success,
196,20260413_020443_audio-window-snn_grid_101_lr0_0003_bs16_hs64_ls64_mae,audio-window,mae,0.0003,16,64,64,0.717536,0.716703,0.716703,0.716703,8,Success,
197,20260413_020659_audio-window-snn_grid_107_lr0_0003_bs16_hs128_ls64_mae,audio-window,mae,0.0003,16,128,64,0.717536,0.716703,0.716703,0.716703,8,Success,
198,20260413_034232_audio-window-snn_grid_095_lr0_0003_bs16_hs32_ls64_mae,audio-window,mae,0.0003,16,32,64,0.717536,0.716703,0.716703,0.716703,8,Success,
199,20260413_034951_audio-window-snn_grid_101_lr0_0003_bs16_hs64_ls64_mae,audio-window,mae,0.0003,16,64,64,0.717536,0.716703,0.716703,0.716703,8,Success,
200,20260413_035710_audio-window-snn_grid_107_lr0_0003_bs16_hs128_ls64_mae,audio-window,mae,0.0003,16,128,64,0.717536,0.716703,0.716703,0.716703,8,Success,
201,20260413_030756_eeg-window-snn_grid_005_lr0_0001_bs32_mae,eeg-window,mae,0.0001,32,32,16,0.753283,0.753174,0.753174,0.753174,8,Success,
202,20260413_081838_eeg-window-snn_grid_005_lr0_0001_bs32_mae,eeg-window,mae,0.0001,32,32,16,0.753283,0.753174,0.753174,0.753174,8,Success,
203,20260413_030830_eeg-window-snn_grid_011_lr0_0003_bs32_mae,eeg-window,mae,0.0003,32,32,16,0.753828,0.754291,0.754291,0.754291,8,Success,
204,20260413_081948_eeg-window-snn_grid_011_lr0_0003_bs32_mae,eeg-window,mae,0.0003,32,32,16,0.753828,0.754291,0.754291,0.754291,8,Success,
205,20260413_030903_eeg-window-snn_grid_017_lr0_0005_bs32_mae,eeg-window,mae,0.0005,32,32,16,0.755071,0.755298,0.755298,0.755298,8,Success,
206,20260413_082100_eeg-window-snn_grid_017_lr0_0005_bs32_mae,eeg-window,mae,0.0005,32,32,16,0.755071,0.755298,0.755298,0.755298,8,Success,
207,20260413_030724_eeg-window-snn_grid_003_lr0_0001_bs16_mae,eeg-window,mae,0.0001,16,32,16,0.755593,0.755511,0.755511,0.755511,8,Success,
208,20260413_081807_eeg-window-snn_grid_003_lr0_0001_bs16_mae,eeg-window,mae,0.0001,16,32,16,0.755593,0.755511,0.755511,0.755511,8,Success,
209,20260413_030840_eeg-window-snn_grid_015_lr0_0005_bs16_mae,eeg-window,mae,0.0005,16,32,16,0.756214,0.757218,0.757218,0.757218,8,Success,
210,20260413_082029_eeg-window-snn_grid_015_lr0_0005_bs16_mae,eeg-window,mae,0.0005,16,32,16,0.756214,0.757218,0.757218,0.757218,8,Success,
211,20260413_030808_eeg-window-snn_grid_009_lr0_0003_bs16_mae,eeg-window,mae,0.0003,16,32,16,0.755863,0.758917,0.758917,0.758917,8,Success,
212,20260413_081918_eeg-window-snn_grid_009_lr0_0003_bs16_mae,eeg-window,mae,0.0003,16,32,16,0.755863,0.758917,0.758917,0.758917,8,Success,
213,20260413_030653_eeg-window-snn_grid_001_lr0_0001_bs8_mae,eeg-window,mae,0.0001,8,32,16,0.767122,0.767068,0.767068,0.767068,8,Success,
214,20260413_081745_eeg-window-snn_grid_001_lr0_0001_bs8_mae,eeg-window,mae,0.0001,8,32,16,0.767122,0.767068,0.767068,0.767068,8,Success,
215,20260413_030749_eeg-window-snn_grid_007_lr0_0003_bs8_mae,eeg-window,mae,0.0003,8,32,16,0.768649,0.767943,0.767943,0.767943,8,Success,
216,20260413_081856_eeg-window-snn_grid_007_lr0_0003_bs8_mae,eeg-window,mae,0.0003,8,32,16,0.768649,0.767943,0.767943,0.767943,8,Success,
217,20260413_030820_eeg-window-snn_grid_013_lr0_0005_bs8_mae,eeg-window,mae,0.0005,8,32,16,0.772685,0.768809,0.768809,0.768809,8,Success,
218,20260413_082007_eeg-window-snn_grid_013_lr0_0005_bs8_mae,eeg-window,mae,0.0005,8,32,16,0.772685,0.768809,0.768809,0.768809,8,Success,
219,20260413_024618_audio-window-snn_grid_219_lr0_0010_bs8_hs32_ls32_mae,audio-window,mae,0.0010,8,32,32,0.775781,0.775442,0.775442,0.775442,8,Success,
220,20260413_024814_audio-window-snn_grid_225_lr0_0010_bs8_hs64_ls32_mae,audio-window,mae,0.0010,8,64,32,0.775781,0.775442,0.775442,0.775442,8,Success,
221,20260413_024912_audio-window-snn_grid_231_lr0_0010_bs8_hs128_ls32_mae,audio-window,mae,0.0010,8,128,32,0.775781,0.775442,0.775442,0.775442,8,Success,
222,20260413_064116_audio-window-snn_grid_219_lr0_0010_bs8_hs32_ls32_mae,audio-window,mae,0.0010,8,32,32,0.775781,0.775442,0.775442,0.775442,8,Success,
223,20260413_064711_audio-window-snn_grid_225_lr0_0010_bs8_hs64_ls32_mae,audio-window,mae,0.0010,8,64,32,0.775781,0.775442,0.775442,0.775442,8,Success,
224,20260413_065307_audio-window-snn_grid_231_lr0_0010_bs8_hs128_ls32_mae,audio-window,mae,0.0010,8,128,32,0.775781,0.775442,0.775442,0.775442,8,Success,
225,20260413_024527_audio-window-snn_grid_217_lr0_0010_bs8_hs32_ls16_mae,audio-window,mae,0.0010,8,32,16,0.778541,0.775477,0.775477,0.775477,8,Success,
226,20260413_024725_audio-window-snn_grid_223_lr0_0010_bs8_hs64_ls16_mae,audio-window,mae,0.0010,8,64,16,0.778541,0.775477,0.775477,0.775477,8,Success,
227,20260413_024904_audio-window-snn_grid_229_lr0_0010_bs8_hs128_ls16_mae,audio-window,mae,0.0010,8,128,16,0.778541,0.775477,0.775477,0.775477,8,Success,
228,20260413_063917_audio-window-snn_grid_217_lr0_0010_bs8_hs32_ls16_mae,audio-window,mae,0.0010,8,32,16,0.778541,0.775477,0.775477,0.775477,8,Success,
229,20260413_064513_audio-window-snn_grid_223_lr0_0010_bs8_hs64_ls16_mae,audio-window,mae,0.0010,8,64,16,0.778541,0.775477,0.775477,0.775477,8,Success,
230,20260413_065109_audio-window-snn_grid_229_lr0_0010_bs8_hs128_ls16_mae,audio-window,mae,0.0010,8,128,16,0.778541,0.775477,0.775477,0.775477,8,Success,
231,20260413_015622_audio-window-snn_grid_073_lr0_0003_bs8_hs32_ls16_mae,audio-window,mae,0.0003,8,32,16,0.778320,0.777306,0.777306,0.777306,8,Success,
232,20260413_015910_audio-window-snn_grid_079_lr0_0003_bs8_hs64_ls16_mae,audio-window,mae,0.0003,8,64,16,0.778320,0.777306,0.777306,0.777306,8,Success,
233,20260413_020009_audio-window-snn_grid_085_lr0_0003_bs8_hs128_ls16_mae,audio-window,mae,0.0003,8,128,16,0.778320,0.777306,0.777306,0.777306,8,Success,
234,20260413_031925_audio-window-snn_grid_073_lr0_0003_bs8_hs32_ls16_mae,audio-window,mae,0.0003,8,32,16,0.778320,0.777306,0.777306,0.777306,8,Success,
235,20260413_032521_audio-window-snn_grid_079_lr0_0003_bs8_hs64_ls16_mae,audio-window,mae,0.0003,8,64,16,0.778320,0.777306,0.777306,0.777306,8,Success,
236,20260413_033116_audio-window-snn_grid_085_lr0_0003_bs8_hs128_ls16_mae,audio-window,mae,0.0003,8,128,16,0.778320,0.777306,0.777306,0.777306,8,Success,
237,20260413_022242_audio-window-snn_grid_149_lr0_0005_bs8_hs32_ls64_mae,audio-window,mae,0.0005,8,32,64,0.782283,0.777369,0.777369,0.777369,8,Success,
238,20260413_022424_audio-window-snn_grid_155_lr0_0005_bs8_hs64_ls64_mae,audio-window,mae,0.0005,8,64,64,0.782283,0.777369,0.777369,0.777369,8,Success,
239,20260413_022541_audio-window-snn_grid_161_lr0_0005_bs8_hs128_ls64_mae,audio-window,mae,0.0005,8,128,64,0.782283,0.777369,0.777369,0.777369,8,Success,
240,20260413_050319_audio-window-snn_grid_149_lr0_0005_bs8_hs32_ls64_mae,audio-window,mae,0.0005,8,32,64,0.782283,0.777369,0.777369,0.777369,8,Success,
241,20260413_050913_audio-window-snn_grid_155_lr0_0005_bs8_hs64_ls64_mae,audio-window,mae,0.0005,8,64,64,0.782283,0.777369,0.777369,0.777369,8,Success,
242,20260413_051509_audio-window-snn_grid_161_lr0_0005_bs8_hs128_ls64_mae,audio-window,mae,0.0005,8,128,64,0.782283,0.777369,0.777369,0.777369,8,Success,
243,20260413_022202_audio-window-snn_grid_147_lr0_0005_bs8_hs32_ls32_mae,audio-window,mae,0.0005,8,32,32,0.779519,0.777447,0.777447,0.777447,8,Success,
244,20260413_022409_audio-window-snn_grid_153_lr0_0005_bs8_hs64_ls32_mae,audio-window,mae,0.0005,8,64,32,0.779519,0.777447,0.777447,0.777447,8,Success,
245,20260413_022504_audio-window-snn_grid_159_lr0_0005_bs8_hs128_ls32_mae,audio-window,mae,0.0005,8,128,32,0.779519,0.777447,0.777447,0.777447,8,Success,
246,20260413_050120_audio-window-snn_grid_147_lr0_0005_bs8_hs32_ls32_mae,audio-window,mae,0.0005,8,32,32,0.779519,0.777447,0.777447,0.777447,8,Success,
247,20260413_050715_audio-window-snn_grid_153_lr0_0005_bs8_hs64_ls32_mae,audio-window,mae,0.0005,8,64,32,0.779519,0.777447,0.777447,0.777447,8,Success,
248,20260413_051310_audio-window-snn_grid_159_lr0_0005_bs8_hs128_ls32_mae,audio-window,mae,0.0005,8,128,32,0.779519,0.777447,0.777447,0.777447,8,Success,
249,20260413_015713_audio-window-snn_grid_075_lr0_0003_bs8_hs32_ls32_mae,audio-window,mae,0.0003,8,32,32,0.778467,0.778089,0.778089,0.778089,8,Success,
250,20260413_015949_audio-window-snn_grid_081_lr0_0003_bs8_hs64_ls32_mae,audio-window,mae,0.0003,8,64,32,0.778467,0.778089,0.778089,0.778089,8,Success,
251,20260413_020039_audio-window-snn_grid_087_lr0_0003_bs8_hs128_ls32_mae,audio-window,mae,0.0003,8,128,32,0.778467,0.778089,0.778089,0.778089,8,Success,
252,20260413_032124_audio-window-snn_grid_075_lr0_0003_bs8_hs32_ls32_mae,audio-window,mae,0.0003,8,32,32,0.778467,0.778089,0.778089,0.778089,8,Success,
253,20260413_032719_audio-window-snn_grid_081_lr0_0003_bs8_hs64_ls32_mae,audio-window,mae,0.0003,8,64,32,0.778467,0.778089,0.778089,0.778089,8,Success,
254,20260413_033315_audio-window-snn_grid_087_lr0_0003_bs8_hs128_ls32_mae,audio-window,mae,0.0003,8,128,32,0.778467,0.778089,0.778089,0.778089,8,Success,
255,20260413_005305_audio-window-snn_grid_011_lr0_0001_bs8_hs64_ls64_mae,audio-window,mae,0.0001,8,64,64,0.779666,0.778640,0.778640,0.778640,8,Success,
256,20260413_005901_audio-window-snn_grid_017_lr0_0001_bs8_hs128_ls64_mae,audio-window,mae,0.0001,8,128,64,0.779666,0.778640,0.778640,0.778640,8,Success,
257,20260413_014720_audio-window-snn_grid_005_lr0_0001_bs8_hs32_ls64_mae,audio-window,mae,0.0001,8,32,64,0.779666,0.778640,0.778640,0.778640,8,Success,
258,20260413_005106_audio-window-snn_grid_009_lr0_0001_bs8_hs64_ls32_mae,audio-window,mae,0.0001,8,64,32,0.778735,0.778847,0.778847,0.778847,8,Success,
259,20260413_005702_audio-window-snn_grid_015_lr0_0001_bs8_hs128_ls32_mae,audio-window,mae,0.0001,8,128,32,0.778735,0.778847,0.778847,0.778847,8,Success,
260,20260413_014718_audio-window-snn_grid_003_lr0_0001_bs8_hs32_ls32_mae,audio-window,mae,0.0001,8,32,32,0.778735,0.778847,0.778847,0.778847,8,Success,
261,20260413_015809_audio-window-snn_grid_077_lr0_0003_bs8_hs32_ls64_mae,audio-window,mae,0.0003,8,32,64,0.780269,0.779355,0.779355,0.779355,8,Success,
262,20260413_020001_audio-window-snn_grid_083_lr0_0003_bs8_hs64_ls64_mae,audio-window,mae,0.0003,8,64,64,0.780269,0.779355,0.779355,0.779355,8,Success,
263,20260413_020102_audio-window-snn_grid_089_lr0_0003_bs8_hs128_ls64_mae,audio-window,mae,0.0003,8,128,64,0.780269,0.779355,0.779355,0.779355,8,Success,
264,20260413_032322_audio-window-snn_grid_077_lr0_0003_bs8_hs32_ls64_mae,audio-window,mae,0.0003,8,32,64,0.780269,0.779355,0.779355,0.779355,8,Success,
265,20260413_032918_audio-window-snn_grid_083_lr0_0003_bs8_hs64_ls64_mae,audio-window,mae,0.0003,8,64,64,0.780269,0.779355,0.779355,0.779355,8,Success,
266,20260413_033513_audio-window-snn_grid_089_lr0_0003_bs8_hs128_ls64_mae,audio-window,mae,0.0003,8,128,64,0.780269,0.779355,0.779355,0.779355,8,Success,
267,20260413_005504_audio-window-snn_grid_013_lr0_0001_bs8_hs128_ls16_mae,audio-window,mae,0.0001,8,128,16,0.778705,0.779579,0.779579,0.779579,8,Success,
268,20260413_014710_audio-window-snn_grid_007_lr0_0001_bs8_hs64_ls16_mae,audio-window,mae,0.0001,8,64,16,0.778705,0.779579,0.779579,0.779579,8,Success,
269,20260413_014721_audio-window-snn_grid_001_lr0_0001_bs8_hs32_ls16_mae,audio-window,mae,0.0001,8,32,16,0.778705,0.779579,0.779579,0.779579,8,Success,
270,20260413_024635_audio-window-snn_grid_221_lr0_0010_bs8_hs32_ls64_mae,audio-window,mae,0.0010,8,32,64,0.781903,0.780374,0.780374,0.780374,8,Success,
271,20260413_024823_audio-window-snn_grid_227_lr0_0010_bs8_hs64_ls64_mae,audio-window,mae,0.0010,8,64,64,0.781903,0.780374,0.780374,0.780374,8,Success,
272,20260413_024937_audio-window-snn_grid_233_lr0_0010_bs8_hs128_ls64_mae,audio-window,mae,0.0010,8,128,64,0.781903,0.780374,0.780374,0.780374,8,Success,
273,20260413_064315_audio-window-snn_grid_221_lr0_0010_bs8_hs32_ls64_mae,audio-window,mae,0.0010,8,32,64,0.781903,0.780374,0.780374,0.780374,8,Success,
274,20260413_064910_audio-window-snn_grid_227_lr0_0010_bs8_hs64_ls64_mae,audio-window,mae,0.0010,8,64,64,0.781903,0.780374,0.780374,0.780374,8,Success,
275,20260413_065506_audio-window-snn_grid_233_lr0_0010_bs8_hs128_ls64_mae,audio-window,mae,0.0010,8,128,64,0.781903,0.780374,0.780374,0.780374,8,Success,
276,20260413_022112_audio-window-snn_grid_145_lr0_0005_bs8_hs32_ls16_mae,audio-window,mae,0.0005,8,32,16,0.776961,0.781300,0.781300,0.781300,8,Success,
277,20260413_022324_audio-window-snn_grid_151_lr0_0005_bs8_hs64_ls16_mae,audio-window,mae,0.0005,8,64,16,0.776961,0.781300,0.781300,0.781300,8,Success,
278,20260413_022456_audio-window-snn_grid_157_lr0_0005_bs8_hs128_ls16_mae,audio-window,mae,0.0005,8,128,16,0.776961,0.781300,0.781300,0.781300,8,Success,
279,20260413_045922_audio-window-snn_grid_145_lr0_0005_bs8_hs32_ls16_mae,audio-window,mae,0.0005,8,32,16,0.776961,0.781300,0.781300,0.781300,8,Success,
280,20260413_050517_audio-window-snn_grid_151_lr0_0005_bs8_hs64_ls16_mae,audio-window,mae,0.0005,8,64,16,0.776961,0.781300,0.781300,0.781300,8,Success,
281,20260413_051112_audio-window-snn_grid_157_lr0_0005_bs8_hs128_ls16_mae,audio-window,mae,0.0005,8,128,16,0.776961,0.781300,0.781300,0.781300,8,Success,
282,20260413_012552_audio-window-snn_grid_038_lr0_0001_bs32_hs32_ls32_mse,audio-window,mse,0.0001,32,32,32,0.955355,0.954851,0.954851,0.954851,8,Success,
283,20260413_013557_audio-window-snn_grid_044_lr0_0001_bs32_hs64_ls32_mse,audio-window,mse,0.0001,32,64,32,0.955355,0.954851,0.954851,0.954851,8,Success,
284,20260413_014813_audio-window-snn_grid_050_lr0_0001_bs32_hs128_ls32_mse,audio-window,mse,0.0001,32,128,32,0.955355,0.954851,0.954851,0.954851,8,Success,
285,20260413_014901_audio-window-snn_grid_050_lr0_0001_bs32_hs128_ls32_mse,audio-window,mse,0.0001,32,128,32,0.955355,0.954851,0.954851,0.954851,8,Success,
286,20260413_015137_audio-window-snn_grid_056_lr0_0001_bs64_hs32_ls32_mse,audio-window,mse,0.0001,64,32,32,0.955355,0.954851,0.954851,0.954851,8,Success,
287,20260413_015333_audio-window-snn_grid_062_lr0_0001_bs64_hs64_ls32_mse,audio-window,mse,0.0001,64,64,32,0.955355,0.954851,0.954851,0.954851,8,Success,
288,20260413_015620_audio-window-snn_grid_068_lr0_0001_bs64_hs128_ls32_mse,audio-window,mse,0.0001,64,128,32,0.955355,0.954851,0.954851,0.954851,8,Success,
289,20260413_021803_audio-window-snn_grid_056_lr0_0001_bs64_hs32_ls32_mse,audio-window,mse,0.0001,64,32,32,0.955355,0.954851,0.954851,0.954851,8,Success,
290,20260413_024807_audio-window-snn_grid_062_lr0_0001_bs64_hs64_ls32_mse,audio-window,mse,0.0001,64,64,32,0.955355,0.954851,0.954851,0.954851,8,Success,
291,20260413_031218_audio-window-snn_grid_068_lr0_0001_bs64_hs128_ls32_mse,audio-window,mse,0.0001,64,128,32,0.955355,0.954851,0.954851,0.954851,8,Success,
292,20260413_012230_audio-window-snn_grid_036_lr0_0001_bs32_hs32_ls16_mse,audio-window,mse,0.0001,32,32,16,0.955268,0.954894,0.954894,0.954894,8,Success,
293,20260413_013236_audio-window-snn_grid_042_lr0_0001_bs32_hs64_ls16_mse,audio-window,mse,0.0001,32,64,16,0.955268,0.954894,0.954894,0.954894,8,Success,
294,20260413_014239_audio-window-snn_grid_048_lr0_0001_bs32_hs128_ls16_mse,audio-window,mse,0.0001,32,128,16,0.955268,0.954894,0.954894,0.954894,8,Success,
295,20260413_015136_audio-window-snn_grid_054_lr0_0001_bs64_hs32_ls16_mse,audio-window,mse,0.0001,64,32,16,0.955268,0.954894,0.954894,0.954894,8,Success,
296,20260413_015148_audio-window-snn_grid_060_lr0_0001_bs64_hs64_ls16_mse,audio-window,mse,0.0001,64,64,16,0.955268,0.954894,0.954894,0.954894,8,Success,
297,20260413_015608_audio-window-snn_grid_066_lr0_0001_bs64_hs128_ls16_mse,audio-window,mse,0.0001,64,128,16,0.955268,0.954894,0.954894,0.954894,8,Success,
298,20260413_020809_audio-window-snn_grid_054_lr0_0001_bs64_hs32_ls16_mse,audio-window,mse,0.0001,64,32,16,0.955268,0.954894,0.954894,0.954894,8,Success,
299,20260413_023816_audio-window-snn_grid_060_lr0_0001_bs64_hs64_ls16_mse,audio-window,mse,0.0001,64,64,16,0.955268,0.954894,0.954894,0.954894,8,Success,
300,20260413_030754_audio-window-snn_grid_066_lr0_0001_bs64_hs128_ls16_mse,audio-window,mse,0.0001,64,128,16,0.955268,0.954894,0.954894,0.954894,8,Success,
301,20260413_023235_audio-window-snn_grid_180_lr0_0005_bs32_hs32_ls16_mse,audio-window,mse,0.0005,32,32,16,0.955587,0.955223,0.955223,0.955223,8,Success,
302,20260413_023351_audio-window-snn_grid_186_lr0_0005_bs32_hs64_ls16_mse,audio-window,mse,0.0005,32,64,16,0.955587,0.955223,0.955223,0.955223,8,Success,
303,20260413_023700_audio-window-snn_grid_192_lr0_0005_bs32_hs128_ls16_mse,audio-window,mse,0.0005,32,128,16,0.955587,0.955223,0.955223,0.955223,8,Success,
304,20260413_023908_audio-window-snn_grid_198_lr0_0005_bs64_hs32_ls16_mse,audio-window,mse,0.0005,64,32,16,0.955587,0.955223,0.955223,0.955223,8,Success,
305,20260413_024127_audio-window-snn_grid_204_lr0_0005_bs64_hs64_ls16_mse,audio-window,mse,0.0005,64,64,16,0.955587,0.955223,0.955223,0.955223,8,Success,
306,20260413_024342_audio-window-snn_grid_210_lr0_0005_bs64_hs128_ls16_mse,audio-window,mse,0.0005,64,128,16,0.955587,0.955223,0.955223,0.955223,8,Success,
307,20260413_053836_audio-window-snn_grid_180_lr0_0005_bs32_hs32_ls16_mse,audio-window,mse,0.0005,32,32,16,0.955587,0.955223,0.955223,0.955223,8,Success,
308,20260413_054839_audio-window-snn_grid_186_lr0_0005_bs32_hs64_ls16_mse,audio-window,mse,0.0005,32,64,16,0.955587,0.955223,0.955223,0.955223,8,Success,
309,20260413_055842_audio-window-snn_grid_192_lr0_0005_bs32_hs128_ls16_mse,audio-window,mse,0.0005,32,128,16,0.955587,0.955223,0.955223,0.955223,8,Success,
310,20260413_060844_audio-window-snn_grid_198_lr0_0005_bs64_hs32_ls16_mse,audio-window,mse,0.0005,64,32,16,0.955587,0.955223,0.955223,0.955223,8,Success,
311,20260413_061846_audio-window-snn_grid_204_lr0_0005_bs64_hs64_ls16_mse,audio-window,mse,0.0005,64,64,16,0.955587,0.955223,0.955223,0.955223,8,Success,
312,20260413_062849_audio-window-snn_grid_210_lr0_0005_bs64_hs128_ls16_mse,audio-window,mse,0.0005,64,128,16,0.955587,0.955223,0.955223,0.955223,8,Success,
313,20260413_020822_audio-window-snn_grid_110_lr0_0003_bs32_hs32_ls32_mse,audio-window,mse,0.0003,32,32,32,0.958458,0.955240,0.955240,0.955240,8,Success,
314,20260413_021037_audio-window-snn_grid_116_lr0_0003_bs32_hs64_ls32_mse,audio-window,mse,0.0003,32,64,32,0.958458,0.955240,0.955240,0.955240,8,Success,
315,20260413_021321_audio-window-snn_grid_122_lr0_0003_bs32_hs128_ls32_mse,audio-window,mse,0.0003,32,128,32,0.958458,0.955240,0.955240,0.955240,8,Success,
316,20260413_021531_audio-window-snn_grid_128_lr0_0003_bs64_hs32_ls32_mse,audio-window,mse,0.0003,64,32,32,0.958458,0.955240,0.955240,0.955240,8,Success,
317,20260413_021809_audio-window-snn_grid_134_lr0_0003_bs64_hs64_ls32_mse,audio-window,mse,0.0003,64,64,32,0.958458,0.955240,0.955240,0.955240,8,Success,
318,20260413_022042_audio-window-snn_grid_140_lr0_0003_bs64_hs128_ls32_mse,audio-window,mse,0.0003,64,128,32,0.958458,0.955240,0.955240,0.955240,8,Success,
319,20260413_040203_audio-window-snn_grid_110_lr0_0003_bs32_hs32_ls32_mse,audio-window,mse,0.0003,32,32,32,0.958458,0.955240,0.955240,0.955240,8,Success,
320,20260413_041204_audio-window-snn_grid_116_lr0_0003_bs32_hs64_ls32_mse,audio-window,mse,0.0003,32,64,32,0.958458,0.955240,0.955240,0.955240,8,Success,
321,20260413_042206_audio-window-snn_grid_122_lr0_0003_bs32_hs128_ls32_mse,audio-window,mse,0.0003,32,128,32,0.958458,0.955240,0.955240,0.955240,8,Success,
322,20260413_043208_audio-window-snn_grid_128_lr0_0003_bs64_hs32_ls32_mse,audio-window,mse,0.0003,64,32,32,0.958458,0.955240,0.955240,0.955240,8,Success,
323,20260413_044213_audio-window-snn_grid_134_lr0_0003_bs64_hs64_ls32_mse,audio-window,mse,0.0003,64,64,32,0.958458,0.955240,0.955240,0.955240,8,Success,
324,20260413_045215_audio-window-snn_grid_140_lr0_0003_bs64_hs128_ls32_mse,audio-window,mse,0.0003,64,128,32,0.958458,0.955240,0.955240,0.955240,8,Success,
325,20260413_023257_audio-window-snn_grid_182_lr0_0005_bs32_hs32_ls32_mse,audio-window,mse,0.0005,32,32,32,0.955580,0.955535,0.955535,0.955535,8,Success,
326,20260413_023459_audio-window-snn_grid_188_lr0_0005_bs32_hs64_ls32_mse,audio-window,mse,0.0005,32,64,32,0.955580,0.955535,0.955535,0.955535,8,Success,
327,20260413_023742_audio-window-snn_grid_194_lr0_0005_bs32_hs128_ls32_mse,audio-window,mse,0.0005,32,128,32,0.955580,0.955535,0.955535,0.955535,8,Success,
328,20260413_023956_audio-window-snn_grid_200_lr0_0005_bs64_hs32_ls32_mse,audio-window,mse,0.0005,64,32,32,0.955580,0.955535,0.955535,0.955535,8,Success,
329,20260413_024240_audio-window-snn_grid_206_lr0_0005_bs64_hs64_ls32_mse,audio-window,mse,0.0005,64,64,32,0.955580,0.955535,0.955535,0.955535,8,Success,
330,20260413_024442_audio-window-snn_grid_212_lr0_0005_bs64_hs128_ls32_mse,audio-window,mse,0.0005,64,128,32,0.955580,0.955535,0.955535,0.955535,8,Success,
331,20260413_054158_audio-window-snn_grid_182_lr0_0005_bs32_hs32_ls32_mse,audio-window,mse,0.0005,32,32,32,0.955580,0.955535,0.955535,0.955535,8,Success,
332,20260413_055200_audio-window-snn_grid_188_lr0_0005_bs32_hs64_ls32_mse,audio-window,mse,0.0005,32,64,32,0.955580,0.955535,0.955535,0.955535,8,Success,
333,20260413_060202_audio-window-snn_grid_194_lr0_0005_bs32_hs128_ls32_mse,audio-window,mse,0.0005,32,128,32,0.955580,0.955535,0.955535,0.955535,8,Success,
334,20260413_061204_audio-window-snn_grid_200_lr0_0005_bs64_hs32_ls32_mse,audio-window,mse,0.0005,64,32,32,0.955580,0.955535,0.955535,0.955535,8,Success,
335,20260413_062206_audio-window-snn_grid_206_lr0_0005_bs64_hs64_ls32_mse,audio-window,mse,0.0005,64,64,32,0.955580,0.955535,0.955535,0.955535,8,Success,
336,20260413_063209_audio-window-snn_grid_212_lr0_0005_bs64_hs128_ls32_mse,audio-window,mse,0.0005,64,128,32,0.955580,0.955535,0.955535,0.955535,8,Success,
337,20260413_025629_audio-window-snn_grid_252_lr0_0010_bs32_hs32_ls16_mse,audio-window,mse,0.0010,32,32,16,0.954957,0.955740,0.955740,0.955740,8,Success,
338,20260413_025756_audio-window-snn_grid_258_lr0_0010_bs32_hs64_ls16_mse,audio-window,mse,0.0010,32,64,16,0.954957,0.955740,0.955740,0.955740,8,Success,
339,20260413_030056_audio-window-snn_grid_264_lr0_0010_bs32_hs128_ls16_mse,audio-window,mse,0.0010,32,128,16,0.954957,0.955740,0.955740,0.955740,8,Success,
340,20260413_030255_audio-window-snn_grid_270_lr0_0010_bs64_hs32_ls16_mse,audio-window,mse,0.0010,64,32,16,0.954957,0.955740,0.955740,0.955740,8,Success,
341,20260413_030524_audio-window-snn_grid_276_lr0_0010_bs64_hs64_ls16_mse,audio-window,mse,0.0010,64,64,16,0.954957,0.955740,0.955740,0.955740,8,Success,
342,20260413_030737_audio-window-snn_grid_282_lr0_0010_bs64_hs128_ls16_mse,audio-window,mse,0.0010,64,128,16,0.954957,0.955740,0.955740,0.955740,8,Success,
343,20260413_071836_audio-window-snn_grid_252_lr0_0010_bs32_hs32_ls16_mse,audio-window,mse,0.0010,32,32,16,0.954957,0.955740,0.955740,0.955740,8,Success,
344,20260413_072843_audio-window-snn_grid_258_lr0_0010_bs32_hs64_ls16_mse,audio-window,mse,0.0010,32,64,16,0.954957,0.955740,0.955740,0.955740,8,Success,
345,20260413_073848_audio-window-snn_grid_264_lr0_0010_bs32_hs128_ls16_mse,audio-window,mse,0.0010,32,128,16,0.954957,0.955740,0.955740,0.955740,8,Success,
346,20260413_074851_audio-window-snn_grid_270_lr0_0010_bs64_hs32_ls16_mse,audio-window,mse,0.0010,64,32,16,0.954957,0.955740,0.955740,0.955740,8,Success,
347,20260413_075855_audio-window-snn_grid_276_lr0_0010_bs64_hs64_ls16_mse,audio-window,mse,0.0010,64,64,16,0.954957,0.955740,0.955740,0.955740,8,Success,
348,20260413_080856_audio-window-snn_grid_282_lr0_0010_bs64_hs128_ls16_mse,audio-window,mse,0.0010,64,128,16,0.954957,0.955740,0.955740,0.955740,8,Success,
349,20260413_012914_audio-window-snn_grid_040_lr0_0001_bs32_hs32_ls64_mse,audio-window,mse,0.0001,32,32,64,0.956027,0.955838,0.955838,0.955838,8,Success,
350,20260413_013918_audio-window-snn_grid_046_lr0_0001_bs32_hs64_ls64_mse,audio-window,mse,0.0001,32,64,64,0.956027,0.955838,0.955838,0.955838,8,Success,
351,20260413_014904_audio-window-snn_grid_052_lr0_0001_bs32_hs128_ls64_mse,audio-window,mse,0.0001,32,128,64,0.956027,0.955838,0.955838,0.955838,8,Success,
352,20260413_015147_audio-window-snn_grid_058_lr0_0001_bs64_hs32_ls64_mse,audio-window,mse,0.0001,64,32,64,0.956027,0.955838,0.955838,0.955838,8,Success,
353,20260413_015421_audio-window-snn_grid_064_lr0_0001_bs64_hs64_ls64_mse,audio-window,mse,0.0001,64,64,64,0.956027,0.955838,0.955838,0.955838,8,Success,
354,20260413_015705_audio-window-snn_grid_070_lr0_0001_bs64_hs128_ls64_mse,audio-window,mse,0.0001,64,128,64,0.956027,0.955838,0.955838,0.955838,8,Success,
355,20260413_015807_audio-window-snn_grid_052_lr0_0001_bs32_hs128_ls64_mse,audio-window,mse,0.0001,32,128,64,0.956027,0.955838,0.955838,0.955838,8,Success,
356,20260413_022829_audio-window-snn_grid_058_lr0_0001_bs64_hs32_ls64_mse,audio-window,mse,0.0001,64,32,64,0.956027,0.955838,0.955838,0.955838,8,Success,
357,20260413_025804_audio-window-snn_grid_064_lr0_0001_bs64_hs64_ls64_mse,audio-window,mse,0.0001,64,64,64,0.956027,0.955838,0.955838,0.955838,8,Success,
358,20260413_031539_audio-window-snn_grid_070_lr0_0001_bs64_hs128_ls64_mse,audio-window,mse,0.0001,64,128,64,0.956027,0.955838,0.955838,0.955838,8,Success,
359,20260413_025657_audio-window-snn_grid_254_lr0_0010_bs32_hs32_ls32_mse,audio-window,mse,0.0010,32,32,32,0.956193,0.956602,0.956602,0.956602,8,Success,
360,20260413_025847_audio-window-snn_grid_260_lr0_0010_bs32_hs64_ls32_mse,audio-window,mse,0.0010,32,64,32,0.956193,0.956602,0.956602,0.956602,8,Success,
361,20260413_030146_audio-window-snn_grid_266_lr0_0010_bs32_hs128_ls32_mse,audio-window,mse,0.0010,32,128,32,0.956193,0.956602,0.956602,0.956602,8,Success,
362,20260413_030400_audio-window-snn_grid_272_lr0_0010_bs64_hs32_ls32_mse,audio-window,mse,0.0010,64,32,32,0.956193,0.956602,0.956602,0.956602,8,Success,
363,20260413_030642_audio-window-snn_grid_278_lr0_0010_bs64_hs64_ls32_mse,audio-window,mse,0.0010,64,64,32,0.956193,0.956602,0.956602,0.956602,8,Success,
364,20260413_030831_audio-window-snn_grid_284_lr0_0010_bs64_hs128_ls32_mse,audio-window,mse,0.0010,64,128,32,0.956193,0.956602,0.956602,0.956602,8,Success,
365,20260413_072159_audio-window-snn_grid_254_lr0_0010_bs32_hs32_ls32_mse,audio-window,mse,0.0010,32,32,32,0.956193,0.956602,0.956602,0.956602,8,Success,
366,20260413_073204_audio-window-snn_grid_260_lr0_0010_bs32_hs64_ls32_mse,audio-window,mse,0.0010,32,64,32,0.956193,0.956602,0.956602,0.956602,8,Success,
367,20260413_074209_audio-window-snn_grid_266_lr0_0010_bs32_hs128_ls32_mse,audio-window,mse,0.0010,32,128,32,0.956193,0.956602,0.956602,0.956602,8,Success,
368,20260413_075212_audio-window-snn_grid_272_lr0_0010_bs64_hs32_ls32_mse,audio-window,mse,0.0010,64,32,32,0.956193,0.956602,0.956602,0.956602,8,Success,
369,20260413_080215_audio-window-snn_grid_278_lr0_0010_bs64_hs64_ls32_mse,audio-window,mse,0.0010,64,64,32,0.956193,0.956602,0.956602,0.956602,8,Success,
370,20260413_081217_audio-window-snn_grid_284_lr0_0010_bs64_hs128_ls32_mse,audio-window,mse,0.0010,64,128,32,0.956193,0.956602,0.956602,0.956602,8,Success,
371,20260413_025720_audio-window-snn_grid_256_lr0_0010_bs32_hs32_ls64_mse,audio-window,mse,0.0010,32,32,64,0.956908,0.957292,0.957292,0.957292,8,Success,
372,20260413_025938_audio-window-snn_grid_262_lr0_0010_bs32_hs64_ls64_mse,audio-window,mse,0.0010,32,64,64,0.956908,0.957292,0.957292,0.957292,8,Success,
373,20260413_030222_audio-window-snn_grid_268_lr0_0010_bs32_hs128_ls64_mse,audio-window,mse,0.0010,32,128,64,0.956908,0.957292,0.957292,0.957292,8,Success,
374,20260413_030436_audio-window-snn_grid_274_lr0_0010_bs64_hs32_ls64_mse,audio-window,mse,0.0010,64,32,64,0.956908,0.957292,0.957292,0.957292,8,Success,
375,20260413_030716_audio-window-snn_grid_280_lr0_0010_bs64_hs64_ls64_mse,audio-window,mse,0.0010,64,64,64,0.956908,0.957292,0.957292,0.957292,8,Success,
376,20260413_030919_audio-window-snn_grid_286_lr0_0010_bs64_hs128_ls64_mse,audio-window,mse,0.0010,64,128,64,0.956908,0.957292,0.957292,0.957292,8,Success,
377,20260413_072521_audio-window-snn_grid_256_lr0_0010_bs32_hs32_ls64_mse,audio-window,mse,0.0010,32,32,64,0.956908,0.957292,0.957292,0.957292,8,Success,
378,20260413_073526_audio-window-snn_grid_262_lr0_0010_bs32_hs64_ls64_mse,audio-window,mse,0.0010,32,64,64,0.956908,0.957292,0.957292,0.957292,8,Success,
379,20260413_074530_audio-window-snn_grid_268_lr0_0010_bs32_hs128_ls64_mse,audio-window,mse,0.0010,32,128,64,0.956908,0.957292,0.957292,0.957292,8,Success,
380,20260413_075534_audio-window-snn_grid_274_lr0_0010_bs64_hs32_ls64_mse,audio-window,mse,0.0010,64,32,64,0.956908,0.957292,0.957292,0.957292,8,Success,
381,20260413_080536_audio-window-snn_grid_280_lr0_0010_bs64_hs64_ls64_mse,audio-window,mse,0.0010,64,64,64,0.956908,0.957292,0.957292,0.957292,8,Success,
382,20260413_081538_audio-window-snn_grid_286_lr0_0010_bs64_hs128_ls64_mse,audio-window,mse,0.0010,64,128,64,0.956908,0.957292,0.957292,0.957292,8,Success,
383,20260413_020806_audio-window-snn_grid_108_lr0_0003_bs32_hs32_ls16_mse,audio-window,mse,0.0003,32,32,16,0.956830,0.957860,0.957860,0.957860,8,Success,
384,20260413_020943_audio-window-snn_grid_114_lr0_0003_bs32_hs64_ls16_mse,audio-window,mse,0.0003,32,64,16,0.956830,0.957860,0.957860,0.957860,8,Success,
385,20260413_021233_audio-window-snn_grid_120_lr0_0003_bs32_hs128_ls16_mse,audio-window,mse,0.0003,32,128,16,0.956830,0.957860,0.957860,0.957860,8,Success,
386,20260413_021433_audio-window-snn_grid_126_lr0_0003_bs64_hs32_ls16_mse,audio-window,mse,0.0003,64,32,16,0.956830,0.957860,0.957860,0.957860,8,Success,
387,20260413_021702_audio-window-snn_grid_132_lr0_0003_bs64_hs64_ls16_mse,audio-window,mse,0.0003,64,64,16,0.956830,0.957860,0.957860,0.957860,8,Success,
388,20260413_021930_audio-window-snn_grid_138_lr0_0003_bs64_hs128_ls16_mse,audio-window,mse,0.0003,64,128,16,0.956830,0.957860,0.957860,0.957860,8,Success,
389,20260413_035842_audio-window-snn_grid_108_lr0_0003_bs32_hs32_ls16_mse,audio-window,mse,0.0003,32,32,16,0.956830,0.957860,0.957860,0.957860,8,Success,
390,20260413_040843_audio-window-snn_grid_114_lr0_0003_bs32_hs64_ls16_mse,audio-window,mse,0.0003,32,64,16,0.956830,0.957860,0.957860,0.957860,8,Success,
391,20260413_041846_audio-window-snn_grid_120_lr0_0003_bs32_hs128_ls16_mse,audio-window,mse,0.0003,32,128,16,0.956830,0.957860,0.957860,0.957860,8,Success,
392,20260413_042848_audio-window-snn_grid_126_lr0_0003_bs64_hs32_ls16_mse,audio-window,mse,0.0003,64,32,16,0.956830,0.957860,0.957860,0.957860,8,Success,
393,20260413_043852_audio-window-snn_grid_132_lr0_0003_bs64_hs64_ls16_mse,audio-window,mse,0.0003,64,64,16,0.956830,0.957860,0.957860,0.957860,8,Success,
394,20260413_044855_audio-window-snn_grid_138_lr0_0003_bs64_hs128_ls16_mse,audio-window,mse,0.0003,64,128,16,0.956830,0.957860,0.957860,0.957860,8,Success,
395,20260413_023316_audio-window-snn_grid_184_lr0_0005_bs32_hs32_ls64_mse,audio-window,mse,0.0005,32,32,64,0.956406,0.959598,0.959598,0.959598,8,Success,
396,20260413_023531_audio-window-snn_grid_190_lr0_0005_bs32_hs64_ls64_mse,audio-window,mse,0.0005,32,64,64,0.956406,0.959598,0.959598,0.959598,8,Success,
397,20260413_023819_audio-window-snn_grid_196_lr0_0005_bs32_hs128_ls64_mse,audio-window,mse,0.0005,32,128,64,0.956406,0.959598,0.959598,0.959598,8,Success,
398,20260413_024047_audio-window-snn_grid_202_lr0_0005_bs64_hs32_ls64_mse,audio-window,mse,0.0005,64,32,64,0.956406,0.959598,0.959598,0.959598,8,Success,
399,20260413_024328_audio-window-snn_grid_208_lr0_0005_bs64_hs64_ls64_mse,audio-window,mse,0.0005,64,64,64,0.956406,0.959598,0.959598,0.959598,8,Success,
400,20260413_024525_audio-window-snn_grid_214_lr0_0005_bs64_hs128_ls64_mse,audio-window,mse,0.0005,64,128,64,0.956406,0.959598,0.959598,0.959598,8,Success,
401,20260413_054519_audio-window-snn_grid_184_lr0_0005_bs32_hs32_ls64_mse,audio-window,mse,0.0005,32,32,64,0.956406,0.959598,0.959598,0.959598,8,Success,
402,20260413_055521_audio-window-snn_grid_190_lr0_0005_bs32_hs64_ls64_mse,audio-window,mse,0.0005,32,64,64,0.956406,0.959598,0.959598,0.959598,8,Success,
403,20260413_060523_audio-window-snn_grid_196_lr0_0005_bs32_hs128_ls64_mse,audio-window,mse,0.0005,32,128,64,0.956406,0.959598,0.959598,0.959598,8,Success,
404,20260413_061525_audio-window-snn_grid_202_lr0_0005_bs64_hs32_ls64_mse,audio-window,mse,0.0005,64,32,64,0.956406,0.959598,0.959598,0.959598,8,Success,
405,20260413_062527_audio-window-snn_grid_208_lr0_0005_bs64_hs64_ls64_mse,audio-window,mse,0.0005,64,64,64,0.956406,0.959598,0.959598,0.959598,8,Success,
406,20260413_063530_audio-window-snn_grid_214_lr0_0005_bs64_hs128_ls64_mse,audio-window,mse,0.0005,64,128,64,0.956406,0.959598,0.959598,0.959598,8,Success,
407,20260413_020851_audio-window-snn_grid_112_lr0_0003_bs32_hs32_ls64_mse,audio-window,mse,0.0003,32,32,64,0.957470,0.962261,0.962261,0.962261,8,Success,
408,20260413_021107_audio-window-snn_grid_118_lr0_0003_bs32_hs64_ls64_mse,audio-window,mse,0.0003,32,64,64,0.957470,0.962261,0.962261,0.962261,8,Success,
409,20260413_021348_audio-window-snn_grid_124_lr0_0003_bs32_hs128_ls64_mse,audio-window,mse,0.0003,32,128,64,0.957470,0.962261,0.962261,0.962261,8,Success,
410,20260413_021628_audio-window-snn_grid_130_lr0_0003_bs64_hs32_ls64_mse,audio-window,mse,0.0003,64,32,64,0.957470,0.962261,0.962261,0.962261,8,Success,
411,20260413_021851_audio-window-snn_grid_136_lr0_0003_bs64_hs64_ls64_mse,audio-window,mse,0.0003,64,64,64,0.957470,0.962261,0.962261,0.962261,8,Success,
412,20260413_022123_audio-window-snn_grid_142_lr0_0003_bs64_hs128_ls64_mse,audio-window,mse,0.0003,64,128,64,0.957470,0.962261,0.962261,0.962261,8,Success,
413,20260413_040523_audio-window-snn_grid_112_lr0_0003_bs32_hs32_ls64_mse,audio-window,mse,0.0003,32,32,64,0.957470,0.962261,0.962261,0.962261,8,Success,
414,20260413_041524_audio-window-snn_grid_118_lr0_0003_bs32_hs64_ls64_mse,audio-window,mse,0.0003,32,64,64,0.957470,0.962261,0.962261,0.962261,8,Success,
415,20260413_042526_audio-window-snn_grid_124_lr0_0003_bs32_hs128_ls64_mse,audio-window,mse,0.0003,32,128,64,0.957470,0.962261,0.962261,0.962261,8,Success,
416,20260413_043530_audio-window-snn_grid_130_lr0_0003_bs64_hs32_ls64_mse,audio-window,mse,0.0003,64,32,64,0.957470,0.962261,0.962261,0.962261,8,Success,
417,20260413_044533_audio-window-snn_grid_136_lr0_0003_bs64_hs64_ls64_mse,audio-window,mse,0.0003,64,64,64,0.957470,0.962261,0.962261,0.962261,8,Success,
418,20260413_045536_audio-window-snn_grid_142_lr0_0003_bs64_hs128_ls64_mse,audio-window,mse,0.0003,64,128,64,0.957470,0.962261,0.962261,0.962261,8,Success,
419,20260413_015514_audio-window-snn_grid_072_lr0_0003_bs8_hs32_ls16_mse,audio-window,mse,0.0003,8,32,16,1.000280,0.996440,0.996440,0.996440,8,Success,
420,20260413_015847_audio-window-snn_grid_078_lr0_0003_bs8_hs64_ls16_mse,audio-window,mse,0.0003,8,64,16,1.000280,0.996440,0.996440,0.996440,8,Success,
421,20260413_015950_audio-window-snn_grid_084_lr0_0003_bs8_hs128_ls16_mse,audio-window,mse,0.0003,8,128,16,1.000280,0.996440,0.996440,0.996440,8,Success,
422,20260413_031825_audio-window-snn_grid_072_lr0_0003_bs8_hs32_ls16_mse,audio-window,mse,0.0003,8,32,16,1.000280,0.996440,0.996440,0.996440,8,Success,
423,20260413_032420_audio-window-snn_grid_078_lr0_0003_bs8_hs64_ls16_mse,audio-window,mse,0.0003,8,64,16,1.000280,0.996440,0.996440,0.996440,8,Success,
424,20260413_033015_audio-window-snn_grid_084_lr0_0003_bs8_hs128_ls16_mse,audio-window,mse,0.0003,8,128,16,1.000280,0.996440,0.996440,0.996440,8,Success,
425,20260413_022135_audio-window-snn_grid_146_lr0_0005_bs8_hs32_ls32_mse,audio-window,mse,0.0005,8,32,32,0.998492,0.996443,0.996443,0.996443,8,Success,
426,20260413_022332_audio-window-snn_grid_152_lr0_0005_bs8_hs64_ls32_mse,audio-window,mse,0.0005,8,64,32,0.998492,0.996443,0.996443,0.996443,8,Success,
427,20260413_022448_audio-window-snn_grid_158_lr0_0005_bs8_hs128_ls32_mse,audio-window,mse,0.0005,8,128,32,0.998492,0.996443,0.996443,0.996443,8,Success,
428,20260413_050019_audio-window-snn_grid_146_lr0_0005_bs8_hs32_ls32_mse,audio-window,mse,0.0005,8,32,32,0.998492,0.996443,0.996443,0.996443,8,Success,
429,20260413_050614_audio-window-snn_grid_152_lr0_0005_bs8_hs64_ls32_mse,audio-window,mse,0.0005,8,64,32,0.998492,0.996443,0.996443,0.996443,8,Success,
430,20260413_051209_audio-window-snn_grid_158_lr0_0005_bs8_hs128_ls32_mse,audio-window,mse,0.0005,8,128,32,0.998492,0.996443,0.996443,0.996443,8,Success,
431,20260413_005402_audio-window-snn_grid_012_lr0_0001_bs8_hs128_ls16_mse,audio-window,mse,0.0001,8,128,16,0.996779,0.996448,0.996448,0.996448,8,Success,
432,20260413_014704_audio-window-snn_grid_000_lr0_0001_bs8_hs32_ls16_mse,audio-window,mse,0.0001,8,32,16,0.996779,0.996448,0.996448,0.996448,8,Success,
433,20260413_014706_audio-window-snn_grid_006_lr0_0001_bs8_hs64_ls16_mse,audio-window,mse,0.0001,8,64,16,0.996779,0.996448,0.996448,0.996448,8,Success,
434,20260413_022018_audio-window-snn_grid_144_lr0_0005_bs8_hs32_ls16_mse,audio-window,mse,0.0005,8,32,16,0.997649,0.997169,0.997169,0.997169,8,Success,
435,20260413_022251_audio-window-snn_grid_150_lr0_0005_bs8_hs64_ls16_mse,audio-window,mse,0.0005,8,64,16,0.997649,0.997169,0.997169,0.997169,8,Success,
436,20260413_022422_audio-window-snn_grid_156_lr0_0005_bs8_hs128_ls16_mse,audio-window,mse,0.0005,8,128,16,0.997649,0.997169,0.997169,0.997169,8,Success,
437,20260413_045821_audio-window-snn_grid_144_lr0_0005_bs8_hs32_ls16_mse,audio-window,mse,0.0005,8,32,16,0.997649,0.997169,0.997169,0.997169,8,Success,
438,20260413_050416_audio-window-snn_grid_150_lr0_0005_bs8_hs64_ls16_mse,audio-window,mse,0.0005,8,64,16,0.997649,0.997169,0.997169,0.997169,8,Success,
439,20260413_051011_audio-window-snn_grid_156_lr0_0005_bs8_hs128_ls16_mse,audio-window,mse,0.0005,8,128,16,0.997649,0.997169,0.997169,0.997169,8,Success,
440,20260413_005005_audio-window-snn_grid_008_lr0_0001_bs8_hs64_ls32_mse,audio-window,mse,0.0001,8,64,32,0.996495,0.997307,0.997307,0.997307,8,Success,
441,20260413_005601_audio-window-snn_grid_014_lr0_0001_bs8_hs128_ls32_mse,audio-window,mse,0.0001,8,128,32,0.996495,0.997307,0.997307,0.997307,8,Success,
442,20260413_014657_audio-window-snn_grid_002_lr0_0001_bs8_hs32_ls32_mse,audio-window,mse,0.0001,8,32,32,0.996495,0.997307,0.997307,0.997307,8,Success,
443,20260413_024621_audio-window-snn_grid_220_lr0_0010_bs8_hs32_ls64_mse,audio-window,mse,0.0010,8,32,64,0.998978,0.997369,0.997369,0.997369,8,Success,
444,20260413_024804_audio-window-snn_grid_226_lr0_0010_bs8_hs64_ls64_mse,audio-window,mse,0.0010,8,64,64,0.998978,0.997369,0.997369,0.997369,8,Success,
445,20260413_024914_audio-window-snn_grid_232_lr0_0010_bs8_hs128_ls64_mse,audio-window,mse,0.0010,8,128,64,0.998978,0.997369,0.997369,0.997369,8,Success,
446,20260413_064213_audio-window-snn_grid_220_lr0_0010_bs8_hs32_ls64_mse,audio-window,mse,0.0010,8,32,64,0.998978,0.997369,0.997369,0.997369,8,Success,
447,20260413_064809_audio-window-snn_grid_226_lr0_0010_bs8_hs64_ls64_mse,audio-window,mse,0.0010,8,64,64,0.998978,0.997369,0.997369,0.997369,8,Success,
448,20260413_065405_audio-window-snn_grid_232_lr0_0010_bs8_hs128_ls64_mse,audio-window,mse,0.0010,8,128,64,0.998978,0.997369,0.997369,0.997369,8,Success,
449,20260413_005204_audio-window-snn_grid_010_lr0_0001_bs8_hs64_ls64_mse,audio-window,mse,0.0001,8,64,64,0.996496,0.997534,0.997534,0.997534,8,Success,
450,20260413_005800_audio-window-snn_grid_016_lr0_0001_bs8_hs128_ls64_mse,audio-window,mse,0.0001,8,128,64,0.996496,0.997534,0.997534,0.997534,8,Success,
451,20260413_014707_audio-window-snn_grid_004_lr0_0001_bs8_hs32_ls64_mse,audio-window,mse,0.0001,8,32,64,0.996496,0.997534,0.997534,0.997534,8,Success,
452,20260413_030710_eeg-window-snn_grid_002_lr0_0001_bs16_mse,eeg-window,mse,0.0001,16,32,16,0.998190,0.998010,0.998010,0.998010,8,Success,
453,20260413_081756_eeg-window-snn_grid_002_lr0_0001_bs16_mse,eeg-window,mse,0.0001,16,32,16,0.998190,0.998010,0.998010,0.998010,8,Success,
454,20260413_030744_eeg-window-snn_grid_004_lr0_0001_bs32_mse,eeg-window,mse,0.0001,32,32,16,0.998618,0.998873,0.998873,0.998873,8,Success,
455,20260413_081821_eeg-window-snn_grid_004_lr0_0001_bs32_mse,eeg-window,mse,0.0001,32,32,16,0.998618,0.998873,0.998873,0.998873,8,Success,
456,20260413_015656_audio-window-snn_grid_074_lr0_0003_bs8_hs32_ls32_mse,audio-window,mse,0.0003,8,32,32,0.997631,0.999106,0.999106,0.999106,8,Success,
457,20260413_015903_audio-window-snn_grid_080_lr0_0003_bs8_hs64_ls32_mse,audio-window,mse,0.0003,8,64,32,0.997631,0.999106,0.999106,0.999106,8,Success,
458,20260413_020017_audio-window-snn_grid_086_lr0_0003_bs8_hs128_ls32_mse,audio-window,mse,0.0003,8,128,32,0.997631,0.999106,0.999106,0.999106,8,Success,
459,20260413_032022_audio-window-snn_grid_074_lr0_0003_bs8_hs32_ls32_mse,audio-window,mse,0.0003,8,32,32,0.997631,0.999106,0.999106,0.999106,8,Success,
460,20260413_032618_audio-window-snn_grid_080_lr0_0003_bs8_hs64_ls32_mse,audio-window,mse,0.0003,8,64,32,0.997631,0.999106,0.999106,0.999106,8,Success,
461,20260413_033214_audio-window-snn_grid_086_lr0_0003_bs8_hs128_ls32_mse,audio-window,mse,0.0003,8,128,32,0.997631,0.999106,0.999106,0.999106,8,Success,
462,20260413_030626_eeg-window-snn_grid_000_lr0_0001_bs8_mse,eeg-window,mse,0.0001,8,32,16,0.998025,0.999958,0.999958,0.999958,8,Success,
463,20260413_081735_eeg-window-snn_grid_000_lr0_0001_bs8_mse,eeg-window,mse,0.0001,8,32,16,0.998025,0.999958,0.999958,0.999958,8,Success,
464,20260413_015749_audio-window-snn_grid_076_lr0_0003_bs8_hs32_ls64_mse,audio-window,mse,0.0003,8,32,64,0.999960,1.000380,1.000380,1.000380,8,Success,
465,20260413_015937_audio-window-snn_grid_082_lr0_0003_bs8_hs64_ls64_mse,audio-window,mse,0.0003,8,64,64,0.999960,1.000380,1.000380,1.000380,8,Success,
466,20260413_020045_audio-window-snn_grid_088_lr0_0003_bs8_hs128_ls64_mse,audio-window,mse,0.0003,8,128,64,0.999960,1.000380,1.000380,1.000380,8,Success,
467,20260413_032221_audio-window-snn_grid_076_lr0_0003_bs8_hs32_ls64_mse,audio-window,mse,0.0003,8,32,64,0.999960,1.000380,1.000380,1.000380,8,Success,
468,20260413_032816_audio-window-snn_grid_082_lr0_0003_bs8_hs64_ls64_mse,audio-window,mse,0.0003,8,64,64,0.999960,1.000380,1.000380,1.000380,8,Success,
469,20260413_033412_audio-window-snn_grid_088_lr0_0003_bs8_hs128_ls64_mse,audio-window,mse,0.0003,8,128,64,0.999960,1.000380,1.000380,1.000380,8,Success,
470,20260413_024434_audio-window-snn_grid_216_lr0_0010_bs8_hs32_ls16_mse,audio-window,mse,0.0010,8,32,16,0.999946,1.001110,1.001110,1.001110,8,Success,
471,20260413_024706_audio-window-snn_grid_222_lr0_0010_bs8_hs64_ls16_mse,audio-window,mse,0.0010,8,64,16,0.999946,1.001110,1.001110,1.001110,8,Success,
472,20260413_024821_audio-window-snn_grid_228_lr0_0010_bs8_hs128_ls16_mse,audio-window,mse,0.0010,8,128,16,0.999946,1.001110,1.001110,1.001110,8,Success,
473,20260413_063816_audio-window-snn_grid_216_lr0_0010_bs8_hs32_ls16_mse,audio-window,mse,0.0010,8,32,16,0.999946,1.001110,1.001110,1.001110,8,Success,
474,20260413_064412_audio-window-snn_grid_222_lr0_0010_bs8_hs64_ls16_mse,audio-window,mse,0.0010,8,64,16,0.999946,1.001110,1.001110,1.001110,8,Success,
475,20260413_065007_audio-window-snn_grid_228_lr0_0010_bs8_hs128_ls16_mse,audio-window,mse,0.0010,8,128,16,0.999946,1.001110,1.001110,1.001110,8,Success,
476,20260413_030819_eeg-window-snn_grid_010_lr0_0003_bs32_mse,eeg-window,mse,0.0003,32,32,16,1.001250,1.001530,1.001530,1.001530,8,Success,
477,20260413_081932_eeg-window-snn_grid_010_lr0_0003_bs32_mse,eeg-window,mse,0.0003,32,32,16,1.001250,1.001530,1.001530,1.001530,8,Success,
478,20260413_024545_audio-window-snn_grid_218_lr0_0010_bs8_hs32_ls32_mse,audio-window,mse,0.0010,8,32,32,0.997041,1.002590,1.002590,1.002590,8,Success,
479,20260413_024722_audio-window-snn_grid_224_lr0_0010_bs8_hs64_ls32_mse,audio-window,mse,0.0010,8,64,32,0.997041,1.002590,1.002590,1.002590,8,Success,
480,20260413_024858_audio-window-snn_grid_230_lr0_0010_bs8_hs128_ls32_mse,audio-window,mse,0.0010,8,128,32,0.997041,1.002590,1.002590,1.002590,8,Success,
481,20260413_064015_audio-window-snn_grid_218_lr0_0010_bs8_hs32_ls32_mse,audio-window,mse,0.0010,8,32,32,0.997041,1.002590,1.002590,1.002590,8,Success,
482,20260413_064610_audio-window-snn_grid_224_lr0_0010_bs8_hs64_ls32_mse,audio-window,mse,0.0010,8,64,32,0.997041,1.002590,1.002590,1.002590,8,Success,
483,20260413_065206_audio-window-snn_grid_230_lr0_0010_bs8_hs128_ls32_mse,audio-window,mse,0.0010,8,128,32,0.997041,1.002590,1.002590,1.002590,8,Success,
484,20260413_030739_eeg-window-snn_grid_006_lr0_0003_bs8_mse,eeg-window,mse,0.0003,8,32,16,1.001940,1.003000,1.003000,1.003000,8,Success,
485,20260413_081846_eeg-window-snn_grid_006_lr0_0003_bs8_mse,eeg-window,mse,0.0003,8,32,16,1.001940,1.003000,1.003000,1.003000,8,Success,
486,20260413_030850_eeg-window-snn_grid_016_lr0_0005_bs32_mse,eeg-window,mse,0.0005,32,32,16,1.002180,1.003110,1.003110,1.003110,8,Success,
487,20260413_082044_eeg-window-snn_grid_016_lr0_0005_bs32_mse,eeg-window,mse,0.0005,32,32,16,1.002180,1.003110,1.003110,1.003110,8,Success,
488,20260413_030813_eeg-window-snn_grid_012_lr0_0005_bs8_mse,eeg-window,mse,0.0005,8,32,16,1.004340,1.003190,1.003190,1.003190,8,Success,
489,20260413_081957_eeg-window-snn_grid_012_lr0_0005_bs8_mse,eeg-window,mse,0.0005,8,32,16,1.004340,1.003190,1.003190,1.003190,8,Success,
490,20260413_022204_audio-window-snn_grid_148_lr0_0005_bs8_hs32_ls64_mse,audio-window,mse,0.0005,8,32,64,0.997808,1.003480,1.003480,1.003480,8,Success,
491,20260413_022358_audio-window-snn_grid_154_lr0_0005_bs8_hs64_ls64_mse,audio-window,mse,0.0005,8,64,64,0.997808,1.003480,1.003480,1.003480,8,Success,
492,20260413_022524_audio-window-snn_grid_160_lr0_0005_bs8_hs128_ls64_mse,audio-window,mse,0.0005,8,128,64,0.997808,1.003480,1.003480,1.003480,8,Success,
493,20260413_050218_audio-window-snn_grid_148_lr0_0005_bs8_hs32_ls64_mse,audio-window,mse,0.0005,8,32,64,0.997808,1.003480,1.003480,1.003480,8,Success,
494,20260413_050812_audio-window-snn_grid_154_lr0_0005_bs8_hs64_ls64_mse,audio-window,mse,0.0005,8,64,64,0.997808,1.003480,1.003480,1.003480,8,Success,
495,20260413_051407_audio-window-snn_grid_160_lr0_0005_bs8_hs128_ls64_mse,audio-window,mse,0.0005,8,128,64,0.997808,1.003480,1.003480,1.003480,8,Success,
496,20260413_010011_audio-window-snn_grid_018_lr0_0001_bs16_hs32_ls16_mse,audio-window,mse,0.0001,16,32,16,1.005450,1.005400,1.005400,1.005400,8,Success,
497,20260413_010236_audio-window-snn_grid_020_lr0_0001_bs16_hs32_ls32_mse,audio-window,mse,0.0001,16,32,32,1.005770,1.005400,1.005400,1.005400,8,Success,
498,20260413_010729_audio-window-snn_grid_024_lr0_0001_bs16_hs64_ls16_mse,audio-window,mse,0.0001,16,64,16,1.005450,1.005400,1.005400,1.005400,8,Success,
499,20260413_010956_audio-window-snn_grid_026_lr0_0001_bs16_hs64_ls32_mse,audio-window,mse,0.0001,16,64,32,1.005770,1.005400,1.005400,1.005400,8,Success,
500,20260413_011448_audio-window-snn_grid_030_lr0_0001_bs16_hs128_ls16_mse,audio-window,mse,0.0001,16,128,16,1.005450,1.005400,1.005400,1.005400,8,Success,
501,20260413_011714_audio-window-snn_grid_032_lr0_0001_bs16_hs128_ls32_mse,audio-window,mse,0.0001,16,128,32,1.005770,1.005400,1.005400,1.005400,8,Success,
502,20260413_022725_audio-window-snn_grid_166_lr0_0005_bs16_hs32_ls64_mse,audio-window,mse,0.0005,16,32,64,1.006480,1.005400,1.005400,1.005400,8,Success,
503,20260413_022840_audio-window-snn_grid_172_lr0_0005_bs16_hs64_ls64_mse,audio-window,mse,0.0005,16,64,64,1.006480,1.005400,1.005400,1.005400,8,Success,
504,20260413_023057_audio-window-snn_grid_178_lr0_0005_bs16_hs128_ls64_mse,audio-window,mse,0.0005,16,128,64,1.006480,1.005400,1.005400,1.005400,8,Success,
505,20260413_025041_audio-window-snn_grid_236_lr0_0010_bs16_hs32_ls32_mse,audio-window,mse,0.0010,16,32,32,1.007100,1.005400,1.005400,1.005400,8,Success,
506,20260413_025216_audio-window-snn_grid_242_lr0_0010_bs16_hs64_ls32_mse,audio-window,mse,0.0010,16,64,32,1.007100,1.005400,1.005400,1.005400,8,Success,
507,20260413_025416_audio-window-snn_grid_248_lr0_0010_bs16_hs128_ls32_mse,audio-window,mse,0.0010,16,128,32,1.007100,1.005400,1.005400,1.005400,8,Success,
508,20260413_052110_audio-window-snn_grid_166_lr0_0005_bs16_hs32_ls64_mse,audio-window,mse,0.0005,16,32,64,1.006480,1.005400,1.005400,1.005400,8,Success,
509,20260413_052828_audio-window-snn_grid_172_lr0_0005_bs16_hs64_ls64_mse,audio-window,mse,0.0005,16,64,64,1.006480,1.005400,1.005400,1.005400,8,Success,
510,20260413_053546_audio-window-snn_grid_178_lr0_0005_bs16_hs128_ls64_mse,audio-window,mse,0.0005,16,128,64,1.006480,1.005400,1.005400,1.005400,8,Success,
511,20260413_065841_audio-window-snn_grid_236_lr0_0010_bs16_hs32_ls32_mse,audio-window,mse,0.0010,16,32,32,1.007100,1.005400,1.005400,1.005400,8,Success,
512,20260413_070600_audio-window-snn_grid_242_lr0_0010_bs16_hs64_ls32_mse,audio-window,mse,0.0010,16,64,32,1.007100,1.005400,1.005400,1.005400,8,Success,
513,20260413_071320_audio-window-snn_grid_248_lr0_0010_bs16_hs128_ls32_mse,audio-window,mse,0.0010,16,128,32,1.007100,1.005400,1.005400,1.005400,8,Success,
514,20260413_022648_audio-window-snn_grid_164_lr0_0005_bs16_hs32_ls32_mse,audio-window,mse,0.0005,16,32,32,1.007210,1.006170,1.006170,1.006170,8,Success,
515,20260413_022815_audio-window-snn_grid_170_lr0_0005_bs16_hs64_ls32_mse,audio-window,mse,0.0005,16,64,32,1.007210,1.006170,1.006170,1.006170,8,Success,
516,20260413_023023_audio-window-snn_grid_176_lr0_0005_bs16_hs128_ls32_mse,audio-window,mse,0.0005,16,128,32,1.007210,1.006170,1.006170,1.006170,8,Success,
517,20260413_051843_audio-window-snn_grid_164_lr0_0005_bs16_hs32_ls32_mse,audio-window,mse,0.0005,16,32,32,1.007210,1.006170,1.006170,1.006170,8,Success,
518,20260413_052602_audio-window-snn_grid_170_lr0_0005_bs16_hs64_ls32_mse,audio-window,mse,0.0005,16,64,32,1.007210,1.006170,1.006170,1.006170,8,Success,
519,20260413_053320_audio-window-snn_grid_176_lr0_0005_bs16_hs128_ls32_mse,audio-window,mse,0.0005,16,128,32,1.007210,1.006170,1.006170,1.006170,8,Success,
520,20260413_010503_audio-window-snn_grid_022_lr0_0001_bs16_hs32_ls64_mse,audio-window,mse,0.0001,16,32,64,1.005850,1.006380,1.006380,1.006380,8,Success,
521,20260413_011221_audio-window-snn_grid_028_lr0_0001_bs16_hs64_ls64_mse,audio-window,mse,0.0001,16,64,64,1.005850,1.006380,1.006380,1.006380,8,Success,
522,20260413_011940_audio-window-snn_grid_034_lr0_0001_bs16_hs128_ls64_mse,audio-window,mse,0.0001,16,128,64,1.005850,1.006380,1.006380,1.006380,8,Success,
523,20260413_022603_audio-window-snn_grid_162_lr0_0005_bs16_hs32_ls16_mse,audio-window,mse,0.0005,16,32,16,1.005520,1.007420,1.007420,1.007420,8,Success,
524,20260413_022744_audio-window-snn_grid_168_lr0_0005_bs16_hs64_ls16_mse,audio-window,mse,0.0005,16,64,16,1.005520,1.007420,1.007420,1.007420,8,Success,
525,20260413_022922_audio-window-snn_grid_174_lr0_0005_bs16_hs128_ls16_mse,audio-window,mse,0.0005,16,128,16,1.005520,1.007420,1.007420,1.007420,8,Success,
526,20260413_051617_audio-window-snn_grid_162_lr0_0005_bs16_hs32_ls16_mse,audio-window,mse,0.0005,16,32,16,1.005520,1.007420,1.007420,1.007420,8,Success,
527,20260413_052336_audio-window-snn_grid_168_lr0_0005_bs16_hs64_ls16_mse,audio-window,mse,0.0005,16,64,16,1.005520,1.007420,1.007420,1.007420,8,Success,
528,20260413_053054_audio-window-snn_grid_174_lr0_0005_bs16_hs128_ls16_mse,audio-window,mse,0.0005,16,128,16,1.005520,1.007420,1.007420,1.007420,8,Success,
529,20260413_030806_eeg-window-snn_grid_008_lr0_0003_bs16_mse,eeg-window,mse,0.0003,16,32,16,1.004040,1.008050,1.008050,1.008050,8,Success,
530,20260413_081907_eeg-window-snn_grid_008_lr0_0003_bs16_mse,eeg-window,mse,0.0003,16,32,16,1.004040,1.008050,1.008050,1.008050,8,Success,
531,20260413_030834_eeg-window-snn_grid_014_lr0_0005_bs16_mse,eeg-window,mse,0.0005,16,32,16,1.017740,1.008220,1.008220,1.008220,8,Success,
532,20260413_082018_eeg-window-snn_grid_014_lr0_0005_bs16_mse,eeg-window,mse,0.0005,16,32,16,1.017740,1.008220,1.008220,1.008220,8,Success,
533,20260413_020225_audio-window-snn_grid_092_lr0_0003_bs16_hs32_ls32_mse,audio-window,mse,0.0003,16,32,32,1.009350,1.011040,1.011040,1.011040,8,Success,
534,20260413_020332_audio-window-snn_grid_098_lr0_0003_bs16_hs64_ls32_mse,audio-window,mse,0.0003,16,64,32,1.009350,1.011040,1.011040,1.011040,8,Success,
535,20260413_020604_audio-window-snn_grid_104_lr0_0003_bs16_hs128_ls32_mse,audio-window,mse,0.0003,16,128,32,1.009350,1.011040,1.011040,1.011040,8,Success,
536,20260413_033848_audio-window-snn_grid_092_lr0_0003_bs16_hs32_ls32_mse,audio-window,mse,0.0003,16,32,32,1.009350,1.011040,1.011040,1.011040,8,Success,
537,20260413_034608_audio-window-snn_grid_098_lr0_0003_bs16_hs64_ls32_mse,audio-window,mse,0.0003,16,64,32,1.009350,1.011040,1.011040,1.011040,8,Success,
538,20260413_035327_audio-window-snn_grid_104_lr0_0003_bs16_hs128_ls32_mse,audio-window,mse,0.0003,16,128,32,1.009350,1.011040,1.011040,1.011040,8,Success,
539,20260413_025020_audio-window-snn_grid_234_lr0_0010_bs16_hs32_ls16_mse,audio-window,mse,0.0010,16,32,16,1.009070,1.011130,1.011130,1.011130,8,Success,
540,20260413_025134_audio-window-snn_grid_240_lr0_0010_bs16_hs64_ls16_mse,audio-window,mse,0.0010,16,64,16,1.009070,1.011130,1.011130,1.011130,8,Success,
541,20260413_025333_audio-window-snn_grid_246_lr0_0010_bs16_hs128_ls16_mse,audio-window,mse,0.0010,16,128,16,1.009070,1.011130,1.011130,1.011130,8,Success,
542,20260413_065615_audio-window-snn_grid_234_lr0_0010_bs16_hs32_ls16_mse,audio-window,mse,0.0010,16,32,16,1.009070,1.011130,1.011130,1.011130,8,Success,
543,20260413_070334_audio-window-snn_grid_240_lr0_0010_bs16_hs64_ls16_mse,audio-window,mse,0.0010,16,64,16,1.009070,1.011130,1.011130,1.011130,8,Success,
544,20260413_071054_audio-window-snn_grid_246_lr0_0010_bs16_hs128_ls16_mse,audio-window,mse,0.0010,16,128,16,1.009070,1.011130,1.011130,1.011130,8,Success,
545,20260413_020202_audio-window-snn_grid_090_lr0_0003_bs16_hs32_ls16_mse,audio-window,mse,0.0003,16,32,16,1.007940,1.011460,1.011460,1.011460,8,Success,
546,20260413_020319_audio-window-snn_grid_096_lr0_0003_bs16_hs64_ls16_mse,audio-window,mse,0.0003,16,64,16,1.007940,1.011460,1.011460,1.011460,8,Success,
547,20260413_020515_audio-window-snn_grid_102_lr0_0003_bs16_hs128_ls16_mse,audio-window,mse,0.0003,16,128,16,1.007940,1.011460,1.011460,1.011460,8,Success,
548,20260413_033622_audio-window-snn_grid_090_lr0_0003_bs16_hs32_ls16_mse,audio-window,mse,0.0003,16,32,16,1.007940,1.011460,1.011460,1.011460,8,Success,
549,20260413_034341_audio-window-snn_grid_096_lr0_0003_bs16_hs64_ls16_mse,audio-window,mse,0.0003,16,64,16,1.007940,1.011460,1.011460,1.011460,8,Success,
550,20260413_035101_audio-window-snn_grid_102_lr0_0003_bs16_hs128_ls16_mse,audio-window,mse,0.0003,16,128,16,1.007940,1.011460,1.011460,1.011460,8,Success,
551,20260413_020302_audio-window-snn_grid_094_lr0_0003_bs16_hs32_ls64_mse,audio-window,mse,0.0003,16,32,64,1.007650,1.014480,1.014480,1.014480,8,Success,
552,20260413_020400_audio-window-snn_grid_100_lr0_0003_bs16_hs64_ls64_mse,audio-window,mse,0.0003,16,64,64,1.007650,1.014480,1.014480,1.014480,8,Success,
553,20260413_020634_audio-window-snn_grid_106_lr0_0003_bs16_hs128_ls64_mse,audio-window,mse,0.0003,16,128,64,1.007650,1.014480,1.014480,1.014480,8,Success,
554,20260413_034115_audio-window-snn_grid_094_lr0_0003_bs16_hs32_ls64_mse,audio-window,mse,0.0003,16,32,64,1.007650,1.014480,1.014480,1.014480,8,Success,
555,20260413_034834_audio-window-snn_grid_100_lr0_0003_bs16_hs64_ls64_mse,audio-window,mse,0.0003,16,64,64,1.007650,1.014480,1.014480,1.014480,8,Success,
556,20260413_035553_audio-window-snn_grid_106_lr0_0003_bs16_hs128_ls64_mse,audio-window,mse,0.0003,16,128,64,1.007650,1.014480,1.014480,1.014480,8,Success,
557,20260413_025131_audio-window-snn_grid_238_lr0_0010_bs16_hs32_ls64_mse,audio-window,mse,0.0010,16,32,64,1.011420,1.015340,1.015340,1.015340,8,Success,
558,20260413_025231_audio-window-snn_grid_244_lr0_0010_bs16_hs64_ls64_mse,audio-window,mse,0.0010,16,64,64,1.011420,1.015340,1.015340,1.015340,8,Success,
559,20260413_025447_audio-window-snn_grid_250_lr0_0010_bs16_hs128_ls64_mse,audio-window,mse,0.0010,16,128,64,1.011420,1.015340,1.015340,1.015340,8,Success,
560,20260413_070107_audio-window-snn_grid_238_lr0_0010_bs16_hs32_ls64_mse,audio-window,mse,0.0010,16,32,64,1.011420,1.015340,1.015340,1.015340,8,Success,
561,20260413_070827_audio-window-snn_grid_244_lr0_0010_bs16_hs64_ls64_mse,audio-window,mse,0.0010,16,64,64,1.011420,1.015340,1.015340,1.015340,8,Success,
562,20260413_071547_audio-window-snn_grid_250_lr0_0010_bs16_hs128_ls64_mse,audio-window,mse,0.0010,16,128,64,1.011420,1.015340,1.015340,1.015340,8,Success,
563,20260413_030824_fused-window-snn_grid_000_lr0_0001_bs4_hs64_ls32_mse,fused-window,mse,0.0001,4,64,32,N/A,N/A,N/A,N/A,0,Failed (1),Shape mismatch for mean_squared_error
564,20260413_030825_fused-window-snn_grid_001_lr0_0001_bs4_hs64_ls32_mae,fused-window,mae,0.0001,4,64,32,N/A,N/A,N/A,N/A,0,Failed (1),Shape mismatch for subtract_inplace
565,20260413_030829_fused-window-snn_grid_002_lr0_0001_bs4_hs64_ls64_mse,fused-window,mse,0.0001,4,64,64,N/A,N/A,N/A,N/A,0,Failed (1),Shape mismatch for mean_squared_error
566,20260413_030829_fused-window-snn_grid_003_lr0_0001_bs4_hs64_ls64_mae,fused-window,mae,0.0001,4,64,64,N/A,N/A,N/A,N/A,0,Failed (1),Shape mismatch for subtract_inplace
567,20260413_030833_fused-window-snn_grid_004_lr0_0001_bs4_hs128_ls32_mse,fused-window,mse,0.0001,4,128,32,N/A,N/A,N/A,N/A,0,Failed (1),Shape mismatch for mean_squared_error
568,20260413_030833_fused-window-snn_grid_005_lr0_0001_bs4_hs128_ls32_mae,fused-window,mae,0.0001,4,128,32,N/A,N/A,N/A,N/A,0,Failed (1),Shape mismatch for subtract_inplace
569,20260413_030835_fused-window-snn_grid_006_lr0_0001_bs4_hs128_ls64_mse,fused-window,mse,0.0001,4,128,64,N/A,N/A,N/A,N/A,0,Failed (1),Shape mismatch for mean_squared_error
570,20260413_030836_fused-window-snn_grid_007_lr0_0001_bs4_hs128_ls64_mae,fused-window,mae,0.0001,4,128,64,N/A,N/A,N/A,N/A,0,Failed (1),Shape mismatch for subtract_inplace
571,20260413_030838_fused-window-snn_grid_008_lr0_0001_bs8_hs64_ls32_mse,fused-window,mse,0.0001,8,64,32,N/A,N/A,N/A,N/A,0,Failed (1),Shape mismatch for mean_squared_error
572,20260413_030839_fused-window-snn_grid_009_lr0_0001_bs8_hs64_ls32_mae,fused-window,mae,0.0001,8,64,32,N/A,N/A,N/A,N/A,0,Failed (1),Shape mismatch for subtract_inplace
573,20260413_030839_fused-window-snn_grid_010_lr0_0001_bs8_hs64_ls64_mse,fused-window,mse,0.0001,8,64,64,N/A,N/A,N/A,N/A,0,Failed (1),Shape mismatch for mean_squared_error
574,20260413_030839_fused-window-snn_grid_011_lr0_0001_bs8_hs64_ls64_mae,fused-window,mae,0.0001,8,64,64,N/A,N/A,N/A,N/A,0,Failed (1),Shape mismatch for subtract_inplace
575,20260413_030841_fused-window-snn_grid_012_lr0_0001_bs8_hs128_ls32_mse,fused-window,mse,0.0001,8,128,32,N/A,N/A,N/A,N/A,0,Failed (1),Shape mismatch for mean_squared_error
576,20260413_030843_fused-window-snn_grid_013_lr0_0001_bs8_hs128_ls32_mae,fused-window,mae,0.0001,8,128,32,N/A,N/A,N/A,N/A,0,Failed (1),Shape mismatch for subtract_inplace
577,20260413_030843_fused-window-snn_grid_014_lr0_0001_bs8_hs128_ls64_mse,fused-window,mse,0.0001,8,128,64,N/A,N/A,N/A,N/A,0,Failed (1),Shape mismatch for mean_squared_error
578,20260413_030844_fused-window-snn_grid_015_lr0_0001_bs8_hs128_ls64_mae,fused-window,mae,0.0001,8,128,64,N/A,N/A,N/A,N/A,0,Failed (1),Shape mismatch for subtract_inplace
579,20260413_030844_fused-window-snn_grid_016_lr0_0001_bs16_hs64_ls32_mse,fused-window,mse,0.0001,16,64,32,N/A,N/A,N/A,N/A,0,Failed (1),Shape mismatch for mean_squared_error
580,20260413_030845_fused-window-snn_grid_017_lr0_0001_bs16_hs64_ls32_mae,fused-window,mae,0.0001,16,64,32,N/A,N/A,N/A,N/A,0,Failed (1),Shape mismatch for subtract_inplace
581,20260413_030846_fused-window-snn_grid_018_lr0_0001_bs16_hs64_ls64_mse,fused-window,mse,0.0001,16,64,64,N/A,N/A,N/A,N/A,0,Failed (1),Shape mismatch for mean_squared_error
582,20260413_030847_fused-window-snn_grid_019_lr0_0001_bs16_hs64_ls64_mae,fused-window,mae,0.0001,16,64,64,N/A,N/A,N/A,N/A,0,Failed (1),Shape mismatch for subtract_inplace
583,20260413_030848_fused-window-snn_grid_020_lr0_0001_bs16_hs128_ls32_mse,fused-window,mse,0.0001,16,128,32,N/A,N/A,N/A,N/A,0,Failed (1),Shape mismatch for mean_squared_error
584,20260413_030849_fused-window-snn_grid_021_lr0_0001_bs16_hs128_ls32_mae,fused-window,mae,0.0001,16,128,32,N/A,N/A,N/A,N/A,0,Failed (1),Shape mismatch for subtract_inplace
585,20260413_030849_fused-window-snn_grid_022_lr0_0001_bs16_hs128_ls64_mse,fused-window,mse,0.0001,16,128,64,N/A,N/A,N/A,N/A,0,Failed (1),Shape mismatch for mean_squared_error
586,20260413_030849_fused-window-snn_grid_023_lr0_0001_bs16_hs128_ls64_mae,fused-window,mae,0.0001,16,128,64,N/A,N/A,N/A,N/A,0,Failed (1),Shape mismatch for subtract_inplace
587,20260413_030851_fused-window-snn_grid_024_lr0_0001_bs32_hs64_ls32_mse,fused-window,mse,0.0001,32,64,32,N/A,N/A,N/A,N/A,0,Failed (1),Shape mismatch for mean_squared_error
588,20260413_030853_fused-window-snn_grid_025_lr0_0001_bs32_hs64_ls32_mae,fused-window,mae,0.0001,32,64,32,N/A,N/A,N/A,N/A,0,Failed (1),Shape mismatch for subtract_inplace
589,20260413_030854_fused-window-snn_grid_026_lr0_0001_bs32_hs64_ls64_mse,fused-window,mse,0.0001,32,64,64,N/A,N/A,N/A,N/A,0,Failed (1),Shape mismatch for mean_squared_error
590,20260413_030854_fused-window-snn_grid_027_lr0_0001_bs32_hs64_ls64_mae,fused-window,mae,0.0001,32,64,64,N/A,N/A,N/A,N/A,0,Failed (1),Shape mismatch for subtract_inplace
591,20260413_030854_fused-window-snn_grid_028_lr0_0001_bs32_hs128_ls32_mse,fused-window,mse,0.0001,32,128,32,N/A,N/A,N/A,N/A,0,Failed (1),Shape mismatch for mean_squared_error
592,20260413_030855_fused-window-snn_grid_029_lr0_0001_bs32_hs128_ls32_mae,fused-window,mae,0.0001,32,128,32,N/A,N/A,N/A,N/A,0,Failed (1),Shape mismatch for subtract_inplace
593,20260413_030856_fused-window-snn_grid_030_lr0_0001_bs32_hs128_ls64_mse,fused-window,mse,0.0001,32,128,64,N/A,N/A,N/A,N/A,0,Failed (1),Shape mismatch for mean_squared_error
594,20260413_030857_fused-window-snn_grid_031_lr0_0001_bs32_hs128_ls64_mae,fused-window,mae,0.0001,32,128,64,N/A,N/A,N/A,N/A,0,Failed (1),Shape mismatch for subtract_inplace
595,20260413_030857_fused-window-snn_grid_032_lr0_0003_bs4_hs64_ls32_mse,fused-window,mse,0.0003,4,64,32,N/A,N/A,N/A,N/A,0,Failed (1),Shape mismatch for mean_squared_error
596,20260413_030858_fused-window-snn_grid_033_lr0_0003_bs4_hs64_ls32_mae,fused-window,mae,0.0003,4,64,32,N/A,N/A,N/A,N/A,0,Failed (1),Shape mismatch for subtract_inplace
597,20260413_030859_fused-window-snn_grid_034_lr0_0003_bs4_hs64_ls64_mse,fused-window,mse,0.0003,4,64,64,N/A,N/A,N/A,N/A,0,Failed (1),Shape mismatch for mean_squared_error
598,20260413_030859_fused-window-snn_grid_035_lr0_0003_bs4_hs64_ls64_mae,fused-window,mae,0.0003,4,64,64,N/A,N/A,N/A,N/A,0,Failed (1),Shape mismatch for subtract_inplace
599,20260413_030859_fused-window-snn_grid_036_lr0_0003_bs4_hs128_ls32_mse,fused-window,mse,0.0003,4,128,32,N/A,N/A,N/A,N/A,0,Failed (1),Shape mismatch for mean_squared_error
600,20260413_030900_fused-window-snn_grid_037_lr0_0003_bs4_hs128_ls32_mae,fused-window,mae,0.0003,4,128,32,N/A,N/A,N/A,N/A,0,Failed (1),Shape mismatch for subtract_inplace
601,20260413_030901_fused-window-snn_grid_038_lr0_0003_bs4_hs128_ls64_mse,fused-window,mse,0.0003,4,128,64,N/A,N/A,N/A,N/A,0,Failed (1),Shape mismatch for mean_squared_error
602,20260413_030902_fused-window-snn_grid_039_lr0_0003_bs4_hs128_ls64_mae,fused-window,mae,0.0003,4,128,64,N/A,N/A,N/A,N/A,0,Failed (1),Shape mismatch for subtract_inplace
603,20260413_030903_fused-window-snn_grid_040_lr0_0003_bs8_hs64_ls32_mse,fused-window,mse,0.0003,8,64,32,N/A,N/A,N/A,N/A,0,Failed (1),Shape mismatch for mean_squared_error
604,20260413_030903_fused-window-snn_grid_041_lr0_0003_bs8_hs64_ls32_mae,fused-window,mae,0.0003,8,64,32,N/A,N/A,N/A,N/A,0,Failed (1),Shape mismatch for subtract_inplace
605,20260413_030903_fused-window-snn_grid_042_lr0_0003_bs8_hs64_ls64_mse,fused-window,mse,0.0003,8,64,64,N/A,N/A,N/A,N/A,0,Failed (1),Shape mismatch for mean_squared_error
606,20260413_030904_fused-window-snn_grid_043_lr0_0003_bs8_hs64_ls64_mae,fused-window,mae,0.0003,8,64,64,N/A,N/A,N/A,N/A,0,Failed (1),Shape mismatch for subtract_inplace
607,20260413_030905_fused-window-snn_grid_044_lr0_0003_bs8_hs128_ls32_mse,fused-window,mse,0.0003,8,128,32,N/A,N/A,N/A,N/A,0,Failed (1),Shape mismatch for mean_squared_error
608,20260413_030906_fused-window-snn_grid_045_lr0_0003_bs8_hs128_ls32_mae,fused-window,mae,0.0003,8,128,32,N/A,N/A,N/A,N/A,0,Failed (1),Shape mismatch for subtract_inplace
609,20260413_030907_fused-window-snn_grid_046_lr0_0003_bs8_hs128_ls64_mse,fused-window,mse,0.0003,8,128,64,N/A,N/A,N/A,N/A,0,Failed (1),Shape mismatch for mean_squared_error
610,20260413_030908_fused-window-snn_grid_047_lr0_0003_bs8_hs128_ls64_mae,fused-window,mae,0.0003,8,128,64,N/A,N/A,N/A,N/A,0,Failed (1),Shape mismatch for subtract_inplace
611,20260413_030908_fused-window-snn_grid_048_lr0_0003_bs16_hs64_ls32_mse,fused-window,mse,0.0003,16,64,32,N/A,N/A,N/A,N/A,0,Failed (1),Shape mismatch for mean_squared_error
612,20260413_030908_fused-window-snn_grid_049_lr0_0003_bs16_hs64_ls32_mae,fused-window,mae,0.0003,16,64,32,N/A,N/A,N/A,N/A,0,Failed (1),Shape mismatch for subtract_inplace
613,20260413_030908_fused-window-snn_grid_050_lr0_0003_bs16_hs64_ls64_mse,fused-window,mse,0.0003,16,64,64,N/A,N/A,N/A,N/A,0,Failed (1),Shape mismatch for mean_squared_error
614,20260413_030908_fused-window-snn_grid_051_lr0_0003_bs16_hs64_ls64_mae,fused-window,mae,0.0003,16,64,64,N/A,N/A,N/A,N/A,0,Failed (1),Shape mismatch for subtract_inplace
615,20260413_030909_fused-window-snn_grid_052_lr0_0003_bs16_hs128_ls32_mse,fused-window,mse,0.0003,16,128,32,N/A,N/A,N/A,N/A,0,Failed (1),Shape mismatch for mean_squared_error
616,20260413_030910_fused-window-snn_grid_053_lr0_0003_bs16_hs128_ls32_mae,fused-window,mae,0.0003,16,128,32,N/A,N/A,N/A,N/A,0,Failed (1),Shape mismatch for subtract_inplace
617,20260413_030911_fused-window-snn_grid_054_lr0_0003_bs16_hs128_ls64_mse,fused-window,mse,0.0003,16,128,64,N/A,N/A,N/A,N/A,0,Failed (1),Shape mismatch for mean_squared_error
618,20260413_030912_fused-window-snn_grid_055_lr0_0003_bs16_hs128_ls64_mae,fused-window,mae,0.0003,16,128,64,N/A,N/A,N/A,N/A,0,Failed (1),Shape mismatch for subtract_inplace
619,20260413_030913_fused-window-snn_grid_056_lr0_0003_bs32_hs64_ls32_mse,fused-window,mse,0.0003,32,64,32,N/A,N/A,N/A,N/A,0,Failed (1),Shape mismatch for mean_squared_error
620,20260413_030913_fused-window-snn_grid_057_lr0_0003_bs32_hs64_ls32_mae,fused-window,mae,0.0003,32,64,32,N/A,N/A,N/A,N/A,0,Failed (1),Shape mismatch for subtract_inplace
621,20260413_030913_fused-window-snn_grid_058_lr0_0003_bs32_hs64_ls64_mse,fused-window,mse,0.0003,32,64,64,N/A,N/A,N/A,N/A,0,Failed (1),Shape mismatch for mean_squared_error
622,20260413_030914_fused-window-snn_grid_059_lr0_0003_bs32_hs64_ls64_mae,fused-window,mae,0.0003,32,64,64,N/A,N/A,N/A,N/A,0,Failed (1),Shape mismatch for subtract_inplace
623,20260413_030915_fused-window-snn_grid_060_lr0_0003_bs32_hs128_ls32_mse,fused-window,mse,0.0003,32,128,32,N/A,N/A,N/A,N/A,0,Failed (1),Shape mismatch for mean_squared_error
624,20260413_030915_fused-window-snn_grid_061_lr0_0003_bs32_hs128_ls32_mae,fused-window,mae,0.0003,32,128,32,N/A,N/A,N/A,N/A,0,Failed (1),Shape mismatch for subtract_inplace
625,20260413_030917_fused-window-snn_grid_062_lr0_0003_bs32_hs128_ls64_mse,fused-window,mse,0.0003,32,128,64,N/A,N/A,N/A,N/A,0,Failed (1),Shape mismatch for mean_squared_error
626,20260413_030917_fused-window-snn_grid_064_lr0_0005_bs4_hs64_ls32_mse,fused-window,mse,0.0005,4,64,32,N/A,N/A,N/A,N/A,0,Failed (1),Shape mismatch for mean_squared_error
627,20260413_030917_fused-window-snn_grid_065_lr0_0005_bs4_hs64_ls32_mae,fused-window,mae,0.0005,4,64,32,N/A,N/A,N/A,N/A,0,Failed (1),Shape mismatch for subtract_inplace
628,20260413_030918_fused-window-snn_grid_063_lr0_0003_bs32_hs128_ls64_mae,fused-window,mae,0.0003,32,128,64,N/A,N/A,N/A,N/A,0,Failed (1),Shape mismatch for subtract_inplace
629,20260413_030918_fused-window-snn_grid_066_lr0_0005_bs4_hs64_ls64_mse,fused-window,mse,0.0005,4,64,64,N/A,N/A,N/A,N/A,0,Failed (1),Shape mismatch for mean_squared_error
630,20260413_030918_fused-window-snn_grid_067_lr0_0005_bs4_hs64_ls64_mae,fused-window,mae,0.0005,4,64,64,N/A,N/A,N/A,N/A,0,Failed (1),Shape mismatch for subtract_inplace
631,20260413_030919_fused-window-snn_grid_068_lr0_0005_bs4_hs128_ls32_mse,fused-window,mse,0.0005,4,128,32,N/A,N/A,N/A,N/A,0,Failed (1),Shape mismatch for mean_squared_error
632,20260413_030919_fused-window-snn_grid_069_lr0_0005_bs4_hs128_ls32_mae,fused-window,mae,0.0005,4,128,32,N/A,N/A,N/A,N/A,0,Failed (1),Shape mismatch for subtract_inplace
633,20260413_030920_fused-window-snn_grid_070_lr0_0005_bs4_hs128_ls64_mse,fused-window,mse,0.0005,4,128,64,N/A,N/A,N/A,N/A,0,Failed (1),Shape mismatch for mean_squared_error
634,20260413_030921_fused-window-snn_grid_071_lr0_0005_bs4_hs128_ls64_mae,fused-window,mae,0.0005,4,128,64,N/A,N/A,N/A,N/A,0,Failed (1),Shape mismatch for subtract_inplace
635,20260413_030922_fused-window-snn_grid_072_lr0_0005_bs8_hs64_ls32_mse,fused-window,mse,0.0005,8,64,32,N/A,N/A,N/A,N/A,0,Failed (1),Shape mismatch for mean_squared_error
636,20260413_030922_fused-window-snn_grid_073_lr0_0005_bs8_hs64_ls32_mae,fused-window,mae,0.0005,8,64,32,N/A,N/A,N/A,N/A,0,Failed (1),Shape mismatch for subtract_inplace
637,20260413_030922_fused-window-snn_grid_074_lr0_0005_bs8_hs64_ls64_mse,fused-window,mse,0.0005,8,64,64,N/A,N/A,N/A,N/A,0,Failed (1),Shape mismatch for mean_squared_error
638,20260413_030922_fused-window-snn_grid_075_lr0_0005_bs8_hs64_ls64_mae,fused-window,mae,0.0005,8,64,64,N/A,N/A,N/A,N/A,0,Failed (1),Shape mismatch for subtract_inplace
639,20260413_030922_fused-window-snn_grid_076_lr0_0005_bs8_hs128_ls32_mse,fused-window,mse,0.0005,8,128,32,N/A,N/A,N/A,N/A,0,Failed (1),Shape mismatch for mean_squared_error
640,20260413_030923_fused-window-snn_grid_077_lr0_0005_bs8_hs128_ls32_mae,fused-window,mae,0.0005,8,128,32,N/A,N/A,N/A,N/A,0,Failed (1),Shape mismatch for subtract_inplace
641,20260413_030924_fused-window-snn_grid_078_lr0_0005_bs8_hs128_ls64_mse,fused-window,mse,0.0005,8,128,64,N/A,N/A,N/A,N/A,0,Failed (1),Shape mismatch for mean_squared_error
642,20260413_030924_fused-window-snn_grid_079_lr0_0005_bs8_hs128_ls64_mae,fused-window,mae,0.0005,8,128,64,N/A,N/A,N/A,N/A,0,Failed (1),Shape mismatch for subtract_inplace
643,20260413_030925_fused-window-snn_grid_080_lr0_0005_bs16_hs64_ls32_mse,fused-window,mse,0.0005,16,64,32,N/A,N/A,N/A,N/A,0,Failed (1),Shape mismatch for mean_squared_error
644,20260413_030926_fused-window-snn_grid_081_lr0_0005_bs16_hs64_ls32_mae,fused-window,mae,0.0005,16,64,32,N/A,N/A,N/A,N/A,0,Failed (1),Shape mismatch for subtract_inplace
645,20260413_030926_fused-window-snn_grid_082_lr0_0005_bs16_hs64_ls64_mse,fused-window,mse,0.0005,16,64,64,N/A,N/A,N/A,N/A,0,Failed (1),Shape mismatch for mean_squared_error
646,20260413_030927_fused-window-snn_grid_083_lr0_0005_bs16_hs64_ls64_mae,fused-window,mae,0.0005,16,64,64,N/A,N/A,N/A,N/A,0,Failed (1),Shape mismatch for subtract_inplace
647,20260413_030927_fused-window-snn_grid_084_lr0_0005_bs16_hs128_ls32_mse,fused-window,mse,0.0005,16,128,32,N/A,N/A,N/A,N/A,0,Failed (1),Shape mismatch for mean_squared_error
648,20260413_030927_fused-window-snn_grid_085_lr0_0005_bs16_hs128_ls32_mae,fused-window,mae,0.0005,16,128,32,N/A,N/A,N/A,N/A,0,Failed (1),Shape mismatch for subtract_inplace
649,20260413_030927_fused-window-snn_grid_086_lr0_0005_bs16_hs128_ls64_mse,fused-window,mse,0.0005,16,128,64,N/A,N/A,N/A,N/A,0,Failed (1),Shape mismatch for mean_squared_error
650,20260413_030928_fused-window-snn_grid_087_lr0_0005_bs16_hs128_ls64_mae,fused-window,mae,0.0005,16,128,64,N/A,N/A,N/A,N/A,0,Failed (1),Shape mismatch for subtract_inplace
651,20260413_030928_fused-window-snn_grid_088_lr0_0005_bs32_hs64_ls32_mse,fused-window,mse,0.0005,32,64,32,N/A,N/A,N/A,N/A,0,Failed (1),Shape mismatch for mean_squared_error
652,20260413_030929_fused-window-snn_grid_089_lr0_0005_bs32_hs64_ls32_mae,fused-window,mae,0.0005,32,64,32,N/A,N/A,N/A,N/A,0,Failed (1),Shape mismatch for subtract_inplace
653,20260413_030929_fused-window-snn_grid_090_lr0_0005_bs32_hs64_ls64_mse,fused-window,mse,0.0005,32,64,64,N/A,N/A,N/A,N/A,0,Failed (1),Shape mismatch for mean_squared_error
654,20260413_030930_fused-window-snn_grid_091_lr0_0005_bs32_hs64_ls64_mae,fused-window,mae,0.0005,32,64,64,N/A,N/A,N/A,N/A,0,Failed (1),Shape mismatch for subtract_inplace
655,20260413_030930_fused-window-snn_grid_092_lr0_0005_bs32_hs128_ls32_mse,fused-window,mse,0.0005,32,128,32,N/A,N/A,N/A,N/A,0,Failed (1),Shape mismatch for mean_squared_error
656,20260413_030931_fused-window-snn_grid_093_lr0_0005_bs32_hs128_ls32_mae,fused-window,mae,0.0005,32,128,32,N/A,N/A,N/A,N/A,0,Failed (1),Shape mismatch for subtract_inplace
657,20260413_030931_fused-window-snn_grid_094_lr0_0005_bs32_hs128_ls64_mse,fused-window,mse,0.0005,32,128,64,N/A,N/A,N/A,N/A,0,Failed (1),Shape mismatch for mean_squared_error
658,20260413_030931_fused-window-snn_grid_095_lr0_0005_bs32_hs128_ls64_mae,fused-window,mae,0.0005,32,128,64,N/A,N/A,N/A,N/A,0,Failed (1),Shape mismatch for subtract_inplace
659,20260413_082102_fused-window-snn_grid_000_lr0_0001_bs4_hs64_ls32_mse,fused-window,mse,0.0001,4,64,32,N/A,N/A,N/A,N/A,0,Failed (1),Shape mismatch for mean_squared_error
660,20260413_082104_fused-window-snn_grid_001_lr0_0001_bs4_hs64_ls32_mae,fused-window,mae,0.0001,4,64,32,N/A,N/A,N/A,N/A,0,Failed (1),Shape mismatch for subtract_inplace
661,20260413_082106_fused-window-snn_grid_002_lr0_0001_bs4_hs64_ls64_mse,fused-window,mse,0.0001,4,64,64,N/A,N/A,N/A,N/A,0,Failed (1),Shape mismatch for mean_squared_error
662,20260413_082108_fused-window-snn_grid_003_lr0_0001_bs4_hs64_ls64_mae,fused-window,mae,0.0001,4,64,64,N/A,N/A,N/A,N/A,0,Failed (1),Shape mismatch for subtract_inplace
663,20260413_082110_fused-window-snn_grid_004_lr0_0001_bs4_hs128_ls32_mse,fused-window,mse,0.0001,4,128,32,N/A,N/A,N/A,N/A,0,Failed (1),Shape mismatch for mean_squared_error
664,20260413_082112_fused-window-snn_grid_005_lr0_0001_bs4_hs128_ls32_mae,fused-window,mae,0.0001,4,128,32,N/A,N/A,N/A,N/A,0,Failed (1),Shape mismatch for subtract_inplace
665,20260413_082114_fused-window-snn_grid_006_lr0_0001_bs4_hs128_ls64_mse,fused-window,mse,0.0001,4,128,64,N/A,N/A,N/A,N/A,0,Failed (1),Shape mismatch for mean_squared_error
666,20260413_082116_fused-window-snn_grid_007_lr0_0001_bs4_hs128_ls64_mae,fused-window,mae,0.0001,4,128,64,N/A,N/A,N/A,N/A,0,Failed (1),Shape mismatch for subtract_inplace
667,20260413_082118_fused-window-snn_grid_008_lr0_0001_bs8_hs64_ls32_mse,fused-window,mse,0.0001,8,64,32,N/A,N/A,N/A,N/A,0,Failed (1),Shape mismatch for mean_squared_error
668,20260413_082120_fused-window-snn_grid_009_lr0_0001_bs8_hs64_ls32_mae,fused-window,mae,0.0001,8,64,32,N/A,N/A,N/A,N/A,0,Failed (1),Shape mismatch for subtract_inplace
669,20260413_082122_fused-window-snn_grid_010_lr0_0001_bs8_hs64_ls64_mse,fused-window,mse,0.0001,8,64,64,N/A,N/A,N/A,N/A,0,Failed (1),Shape mismatch for mean_squared_error
670,20260413_082124_fused-window-snn_grid_011_lr0_0001_bs8_hs64_ls64_mae,fused-window,mae,0.0001,8,64,64,N/A,N/A,N/A,N/A,0,Failed (1),Shape mismatch for subtract_inplace
671,20260413_082126_fused-window-snn_grid_012_lr0_0001_bs8_hs128_ls32_mse,fused-window,mse,0.0001,8,128,32,N/A,N/A,N/A,N/A,0,Failed (1),Shape mismatch for mean_squared_error
672,20260413_082128_fused-window-snn_grid_013_lr0_0001_bs8_hs128_ls32_mae,fused-window,mae,0.0001,8,128,32,N/A,N/A,N/A,N/A,0,Failed (1),Shape mismatch for subtract_inplace
673,20260413_082130_fused-window-snn_grid_014_lr0_0001_bs8_hs128_ls64_mse,fused-window,mse,0.0001,8,128,64,N/A,N/A,N/A,N/A,0,Failed (1),Shape mismatch for mean_squared_error
674,20260413_082132_fused-window-snn_grid_015_lr0_0001_bs8_hs128_ls64_mae,fused-window,mae,0.0001,8,128,64,N/A,N/A,N/A,N/A,0,Failed (1),Shape mismatch for subtract_inplace
675,20260413_082135_fused-window-snn_grid_016_lr0_0001_bs16_hs64_ls32_mse,fused-window,mse,0.0001,16,64,32,N/A,N/A,N/A,N/A,0,Failed (1),Shape mismatch for mean_squared_error
676,20260413_082137_fused-window-snn_grid_017_lr0_0001_bs16_hs64_ls32_mae,fused-window,mae,0.0001,16,64,32,N/A,N/A,N/A,N/A,0,Failed (1),Shape mismatch for subtract_inplace
677,20260413_082139_fused-window-snn_grid_018_lr0_0001_bs16_hs64_ls64_mse,fused-window,mse,0.0001,16,64,64,N/A,N/A,N/A,N/A,0,Failed (1),Shape mismatch for mean_squared_error
678,20260413_082141_fused-window-snn_grid_019_lr0_0001_bs16_hs64_ls64_mae,fused-window,mae,0.0001,16,64,64,N/A,N/A,N/A,N/A,0,Failed (1),Shape mismatch for subtract_inplace
679,20260413_082143_fused-window-snn_grid_020_lr0_0001_bs16_hs128_ls32_mse,fused-window,mse,0.0001,16,128,32,N/A,N/A,N/A,N/A,0,Failed (1),Shape mismatch for mean_squared_error
680,20260413_082145_fused-window-snn_grid_021_lr0_0001_bs16_hs128_ls32_mae,fused-window,mae,0.0001,16,128,32,N/A,N/A,N/A,N/A,0,Failed (1),Shape mismatch for subtract_inplace
681,20260413_082147_fused-window-snn_grid_022_lr0_0001_bs16_hs128_ls64_mse,fused-window,mse,0.0001,16,128,64,N/A,N/A,N/A,N/A,0,Failed (1),Shape mismatch for mean_squared_error
682,20260413_082149_fused-window-snn_grid_023_lr0_0001_bs16_hs128_ls64_mae,fused-window,mae,0.0001,16,128,64,N/A,N/A,N/A,N/A,0,Failed (1),Shape mismatch for subtract_inplace
683,20260413_082152_fused-window-snn_grid_024_lr0_0001_bs32_hs64_ls32_mse,fused-window,mse,0.0001,32,64,32,N/A,N/A,N/A,N/A,0,Failed (1),Shape mismatch for mean_squared_error
684,20260413_082154_fused-window-snn_grid_025_lr0_0001_bs32_hs64_ls32_mae,fused-window,mae,0.0001,32,64,32,N/A,N/A,N/A,N/A,0,Failed (1),Shape mismatch for subtract_inplace
685,20260413_082156_fused-window-snn_grid_026_lr0_0001_bs32_hs64_ls64_mse,fused-window,mse,0.0001,32,64,64,N/A,N/A,N/A,N/A,0,Failed (1),Shape mismatch for mean_squared_error
686,20260413_082158_fused-window-snn_grid_027_lr0_0001_bs32_hs64_ls64_mae,fused-window,mae,0.0001,32,64,64,N/A,N/A,N/A,N/A,0,Failed (1),Shape mismatch for subtract_inplace
687,20260413_082200_fused-window-snn_grid_028_lr0_0001_bs32_hs128_ls32_mse,fused-window,mse,0.0001,32,128,32,N/A,N/A,N/A,N/A,0,Failed (1),Shape mismatch for mean_squared_error
688,20260413_082203_fused-window-snn_grid_029_lr0_0001_bs32_hs128_ls32_mae,fused-window,mae,0.0001,32,128,32,N/A,N/A,N/A,N/A,0,Failed (1),Shape mismatch for subtract_inplace
689,20260413_082205_fused-window-snn_grid_030_lr0_0001_bs32_hs128_ls64_mse,fused-window,mse,0.0001,32,128,64,N/A,N/A,N/A,N/A,0,Failed (1),Shape mismatch for mean_squared_error
690,20260413_082207_fused-window-snn_grid_031_lr0_0001_bs32_hs128_ls64_mae,fused-window,mae,0.0001,32,128,64,N/A,N/A,N/A,N/A,0,Failed (1),Shape mismatch for subtract_inplace
691,20260413_082209_fused-window-snn_grid_032_lr0_0003_bs4_hs64_ls32_mse,fused-window,mse,0.0003,4,64,32,N/A,N/A,N/A,N/A,0,Failed (1),Shape mismatch for mean_squared_error
692,20260413_082211_fused-window-snn_grid_033_lr0_0003_bs4_hs64_ls32_mae,fused-window,mae,0.0003,4,64,32,N/A,N/A,N/A,N/A,0,Failed (1),Shape mismatch for subtract_inplace
693,20260413_082213_fused-window-snn_grid_034_lr0_0003_bs4_hs64_ls64_mse,fused-window,mse,0.0003,4,64,64,N/A,N/A,N/A,N/A,0,Failed (1),Shape mismatch for mean_squared_error
694,20260413_082215_fused-window-snn_grid_035_lr0_0003_bs4_hs64_ls64_mae,fused-window,mae,0.0003,4,64,64,N/A,N/A,N/A,N/A,0,Failed (1),Shape mismatch for subtract_inplace
695,20260413_082217_fused-window-snn_grid_036_lr0_0003_bs4_hs128_ls32_mse,fused-window,mse,0.0003,4,128,32,N/A,N/A,N/A,N/A,0,Failed (1),Shape mismatch for mean_squared_error
696,20260413_082219_fused-window-snn_grid_037_lr0_0003_bs4_hs128_ls32_mae,fused-window,mae,0.0003,4,128,32,N/A,N/A,N/A,N/A,0,Failed (1),Shape mismatch for subtract_inplace
697,20260413_082221_fused-window-snn_grid_038_lr0_0003_bs4_hs128_ls64_mse,fused-window,mse,0.0003,4,128,64,N/A,N/A,N/A,N/A,0,Failed (1),Shape mismatch for mean_squared_error
698,20260413_082223_fused-window-snn_grid_039_lr0_0003_bs4_hs128_ls64_mae,fused-window,mae,0.0003,4,128,64,N/A,N/A,N/A,N/A,0,Failed (1),Shape mismatch for subtract_inplace
699,20260413_082225_fused-window-snn_grid_040_lr0_0003_bs8_hs64_ls32_mse,fused-window,mse,0.0003,8,64,32,N/A,N/A,N/A,N/A,0,Failed (1),Shape mismatch for mean_squared_error
700,20260413_082227_fused-window-snn_grid_041_lr0_0003_bs8_hs64_ls32_mae,fused-window,mae,0.0003,8,64,32,N/A,N/A,N/A,N/A,0,Failed (1),Shape mismatch for subtract_inplace
701,20260413_082229_fused-window-snn_grid_042_lr0_0003_bs8_hs64_ls64_mse,fused-window,mse,0.0003,8,64,64,N/A,N/A,N/A,N/A,0,Failed (1),Shape mismatch for mean_squared_error
702,20260413_082232_fused-window-snn_grid_043_lr0_0003_bs8_hs64_ls64_mae,fused-window,mae,0.0003,8,64,64,N/A,N/A,N/A,N/A,0,Failed (1),Shape mismatch for subtract_inplace
703,20260413_082234_fused-window-snn_grid_044_lr0_0003_bs8_hs128_ls32_mse,fused-window,mse,0.0003,8,128,32,N/A,N/A,N/A,N/A,0,Failed (1),Shape mismatch for mean_squared_error
704,20260413_082236_fused-window-snn_grid_045_lr0_0003_bs8_hs128_ls32_mae,fused-window,mae,0.0003,8,128,32,N/A,N/A,N/A,N/A,0,Failed (1),Shape mismatch for subtract_inplace
705,20260413_082238_fused-window-snn_grid_046_lr0_0003_bs8_hs128_ls64_mse,fused-window,mse,0.0003,8,128,64,N/A,N/A,N/A,N/A,0,Failed (1),Shape mismatch for mean_squared_error
706,20260413_082240_fused-window-snn_grid_047_lr0_0003_bs8_hs128_ls64_mae,fused-window,mae,0.0003,8,128,64,N/A,N/A,N/A,N/A,0,Failed (1),Shape mismatch for subtract_inplace
707,20260413_082242_fused-window-snn_grid_048_lr0_0003_bs16_hs64_ls32_mse,fused-window,mse,0.0003,16,64,32,N/A,N/A,N/A,N/A,0,Failed (1),Shape mismatch for mean_squared_error
708,20260413_082244_fused-window-snn_grid_049_lr0_0003_bs16_hs64_ls32_mae,fused-window,mae,0.0003,16,64,32,N/A,N/A,N/A,N/A,0,Failed (1),Shape mismatch for subtract_inplace
709,20260413_082246_fused-window-snn_grid_050_lr0_0003_bs16_hs64_ls64_mse,fused-window,mse,0.0003,16,64,64,N/A,N/A,N/A,N/A,0,Failed (1),Shape mismatch for mean_squared_error
710,20260413_082248_fused-window-snn_grid_051_lr0_0003_bs16_hs64_ls64_mae,fused-window,mae,0.0003,16,64,64,N/A,N/A,N/A,N/A,0,Failed (1),Shape mismatch for subtract_inplace
711,20260413_082250_fused-window-snn_grid_052_lr0_0003_bs16_hs128_ls32_mse,fused-window,mse,0.0003,16,128,32,N/A,N/A,N/A,N/A,0,Failed (1),Shape mismatch for mean_squared_error
712,20260413_082252_fused-window-snn_grid_053_lr0_0003_bs16_hs128_ls32_mae,fused-window,mae,0.0003,16,128,32,N/A,N/A,N/A,N/A,0,Failed (1),Shape mismatch for subtract_inplace
713,20260413_082254_fused-window-snn_grid_054_lr0_0003_bs16_hs128_ls64_mse,fused-window,mse,0.0003,16,128,64,N/A,N/A,N/A,N/A,0,Failed (1),Shape mismatch for mean_squared_error
714,20260413_082257_fused-window-snn_grid_055_lr0_0003_bs16_hs128_ls64_mae,fused-window,mae,0.0003,16,128,64,N/A,N/A,N/A,N/A,0,Failed (1),Shape mismatch for subtract_inplace
715,20260413_082259_fused-window-snn_grid_056_lr0_0003_bs32_hs64_ls32_mse,fused-window,mse,0.0003,32,64,32,N/A,N/A,N/A,N/A,0,Failed (1),Shape mismatch for mean_squared_error
716,20260413_082301_fused-window-snn_grid_057_lr0_0003_bs32_hs64_ls32_mae,fused-window,mae,0.0003,32,64,32,N/A,N/A,N/A,N/A,0,Failed (1),Shape mismatch for subtract_inplace
717,20260413_082303_fused-window-snn_grid_058_lr0_0003_bs32_hs64_ls64_mse,fused-window,mse,0.0003,32,64,64,N/A,N/A,N/A,N/A,0,Failed (1),Shape mismatch for mean_squared_error
718,20260413_082305_fused-window-snn_grid_059_lr0_0003_bs32_hs64_ls64_mae,fused-window,mae,0.0003,32,64,64,N/A,N/A,N/A,N/A,0,Failed (1),Shape mismatch for subtract_inplace
719,20260413_082308_fused-window-snn_grid_060_lr0_0003_bs32_hs128_ls32_mse,fused-window,mse,0.0003,32,128,32,N/A,N/A,N/A,N/A,0,Failed (1),Shape mismatch for mean_squared_error
720,20260413_082310_fused-window-snn_grid_061_lr0_0003_bs32_hs128_ls32_mae,fused-window,mae,0.0003,32,128,32,N/A,N/A,N/A,N/A,0,Failed (1),Shape mismatch for subtract_inplace
721,20260413_082312_fused-window-snn_grid_062_lr0_0003_bs32_hs128_ls64_mse,fused-window,mse,0.0003,32,128,64,N/A,N/A,N/A,N/A,0,Failed (1),Shape mismatch for mean_squared_error
722,20260413_082314_fused-window-snn_grid_063_lr0_0003_bs32_hs128_ls64_mae,fused-window,mae,0.0003,32,128,64,N/A,N/A,N/A,N/A,0,Failed (1),Shape mismatch for subtract_inplace
723,20260413_082316_fused-window-snn_grid_064_lr0_0005_bs4_hs64_ls32_mse,fused-window,mse,0.0005,4,64,32,N/A,N/A,N/A,N/A,0,Failed (1),Shape mismatch for mean_squared_error
724,20260413_082318_fused-window-snn_grid_065_lr0_0005_bs4_hs64_ls32_mae,fused-window,mae,0.0005,4,64,32,N/A,N/A,N/A,N/A,0,Failed (1),Shape mismatch for subtract_inplace
725,20260413_082320_fused-window-snn_grid_066_lr0_0005_bs4_hs64_ls64_mse,fused-window,mse,0.0005,4,64,64,N/A,N/A,N/A,N/A,0,Failed (1),Shape mismatch for mean_squared_error
726,20260413_082322_fused-window-snn_grid_067_lr0_0005_bs4_hs64_ls64_mae,fused-window,mae,0.0005,4,64,64,N/A,N/A,N/A,N/A,0,Failed (1),Shape mismatch for subtract_inplace
727,20260413_082324_fused-window-snn_grid_068_lr0_0005_bs4_hs128_ls32_mse,fused-window,mse,0.0005,4,128,32,N/A,N/A,N/A,N/A,0,Failed (1),Shape mismatch for mean_squared_error
728,20260413_082326_fused-window-snn_grid_069_lr0_0005_bs4_hs128_ls32_mae,fused-window,mae,0.0005,4,128,32,N/A,N/A,N/A,N/A,0,Failed (1),Shape mismatch for subtract_inplace
729,20260413_082328_fused-window-snn_grid_070_lr0_0005_bs4_hs128_ls64_mse,fused-window,mse,0.0005,4,128,64,N/A,N/A,N/A,N/A,0,Failed (1),Shape mismatch for mean_squared_error
730,20260413_082330_fused-window-snn_grid_071_lr0_0005_bs4_hs128_ls64_mae,fused-window,mae,0.0005,4,128,64,N/A,N/A,N/A,N/A,0,Failed (1),Shape mismatch for subtract_inplace
731,20260413_082333_fused-window-snn_grid_072_lr0_0005_bs8_hs64_ls32_mse,fused-window,mse,0.0005,8,64,32,N/A,N/A,N/A,N/A,0,Failed (1),Shape mismatch for mean_squared_error
732,20260413_082335_fused-window-snn_grid_073_lr0_0005_bs8_hs64_ls32_mae,fused-window,mae,0.0005,8,64,32,N/A,N/A,N/A,N/A,0,Failed (1),Shape mismatch for subtract_inplace
733,20260413_082337_fused-window-snn_grid_074_lr0_0005_bs8_hs64_ls64_mse,fused-window,mse,0.0005,8,64,64,N/A,N/A,N/A,N/A,0,Failed (1),Shape mismatch for mean_squared_error
734,20260413_082339_fused-window-snn_grid_075_lr0_0005_bs8_hs64_ls64_mae,fused-window,mae,0.0005,8,64,64,N/A,N/A,N/A,N/A,0,Failed (1),Shape mismatch for subtract_inplace
735,20260413_082341_fused-window-snn_grid_076_lr0_0005_bs8_hs128_ls32_mse,fused-window,mse,0.0005,8,128,32,N/A,N/A,N/A,N/A,0,Failed (1),Shape mismatch for mean_squared_error
736,20260413_082343_fused-window-snn_grid_077_lr0_0005_bs8_hs128_ls32_mae,fused-window,mae,0.0005,8,128,32,N/A,N/A,N/A,N/A,0,Failed (1),Shape mismatch for subtract_inplace
737,20260413_082345_fused-window-snn_grid_078_lr0_0005_bs8_hs128_ls64_mse,fused-window,mse,0.0005,8,128,64,N/A,N/A,N/A,N/A,0,Failed (1),Shape mismatch for mean_squared_error
738,20260413_082347_fused-window-snn_grid_079_lr0_0005_bs8_hs128_ls64_mae,fused-window,mae,0.0005,8,128,64,N/A,N/A,N/A,N/A,0,Failed (1),Shape mismatch for subtract_inplace
739,20260413_082349_fused-window-snn_grid_080_lr0_0005_bs16_hs64_ls32_mse,fused-window,mse,0.0005,16,64,32,N/A,N/A,N/A,N/A,0,Failed (1),Shape mismatch for mean_squared_error
740,20260413_082351_fused-window-snn_grid_081_lr0_0005_bs16_hs64_ls32_mae,fused-window,mae,0.0005,16,64,32,N/A,N/A,N/A,N/A,0,Failed (1),Shape mismatch for subtract_inplace
741,20260413_082353_fused-window-snn_grid_082_lr0_0005_bs16_hs64_ls64_mse,fused-window,mse,0.0005,16,64,64,N/A,N/A,N/A,N/A,0,Failed (1),Shape mismatch for mean_squared_error
742,20260413_082355_fused-window-snn_grid_083_lr0_0005_bs16_hs64_ls64_mae,fused-window,mae,0.0005,16,64,64,N/A,N/A,N/A,N/A,0,Failed (1),Shape mismatch for subtract_inplace
743,20260413_082358_fused-window-snn_grid_084_lr0_0005_bs16_hs128_ls32_mse,fused-window,mse,0.0005,16,128,32,N/A,N/A,N/A,N/A,0,Failed (1),Shape mismatch for mean_squared_error
744,20260413_082400_fused-window-snn_grid_085_lr0_0005_bs16_hs128_ls32_mae,fused-window,mae,0.0005,16,128,32,N/A,N/A,N/A,N/A,0,Failed (1),Shape mismatch for subtract_inplace
745,20260413_082402_fused-window-snn_grid_086_lr0_0005_bs16_hs128_ls64_mse,fused-window,mse,0.0005,16,128,64,N/A,N/A,N/A,N/A,0,Failed (1),Shape mismatch for mean_squared_error
746,20260413_082404_fused-window-snn_grid_087_lr0_0005_bs16_hs128_ls64_mae,fused-window,mae,0.0005,16,128,64,N/A,N/A,N/A,N/A,0,Failed (1),Shape mismatch for subtract_inplace
747,20260413_082406_fused-window-snn_grid_088_lr0_0005_bs32_hs64_ls32_mse,fused-window,mse,0.0005,32,64,32,N/A,N/A,N/A,N/A,0,Failed (1),Shape mismatch for mean_squared_error
748,20260413_082408_fused-window-snn_grid_089_lr0_0005_bs32_hs64_ls32_mae,fused-window,mae,0.0005,32,64,32,N/A,N/A,N/A,N/A,0,Failed (1),Shape mismatch for subtract_inplace
749,20260413_082410_fused-window-snn_grid_090_lr0_0005_bs32_hs64_ls64_mse,fused-window,mse,0.0005,32,64,64,N/A,N/A,N/A,N/A,0,Failed (1),Shape mismatch for mean_squared_error
750,20260413_082413_fused-window-snn_grid_091_lr0_0005_bs32_hs64_ls64_mae,fused-window,mae,0.0005,32,64,64,N/A,N/A,N/A,N/A,0,Failed (1),Shape mismatch for subtract_inplace
751,20260413_082415_fused-window-snn_grid_092_lr0_0005_bs32_hs128_ls32_mse,fused-window,mse,0.0005,32,128,32,N/A,N/A,N/A,N/A,0,Failed (1),Shape mismatch for mean_squared_error
752,20260413_082417_fused-window-snn_grid_093_lr0_0005_bs32_hs128_ls32_mae,fused-window,mae,0.0005,32,128,32,N/A,N/A,N/A,N/A,0,Failed (1),Shape mismatch for subtract_inplace
753,20260413_082419_fused-window-snn_grid_094_lr0_0005_bs32_hs128_ls64_mse,fused-window,mse,0.0005,32,128,64,N/A,N/A,N/A,N/A,0,Failed (1),Shape mismatch for mean_squared_error
754,20260413_082422_fused-window-snn_grid_095_lr0_0005_bs32_hs128_ls64_mae,fused-window,mae,0.0005,32,128,64,N/A,N/A,N/A,N/A,0,Failed (1),Shape mismatch for subtract_inplace
